user,frase_id_pendente
user04,1004979
user04,1005815
user04,1006490
user04,1013971
user04,1014754
user04,102059
user04,1021278
user04,1027092
user04,1031967
user04,1035298
user04,1036612
user04,104180
user04,1046766
user04,1057981
user04,106185
user04,106273
user04,1064471
user04,1065568
user04,1074374
user04,1074399
user04,108152
user04,1084160
user04,1089350
user04,1092615
user04,1092944
user04,1105979
user04,1111052
user04,1111961
user04,111310
user04,1114097
user04,111506
user04,1115636
user04,1116670
user04,1119601
user04,1119616
user04,1124395
user04,1127177
user04,112916
user04,1131239
user04,1131263
user04,1136275
user04,1137089
user04,1140509
user04,1141870
user04,1149350
user04,1149469
user04,1151397
user04,1152603
user04,1157158
user04,1161257
user04,1162601
user04,1162639
user04,1162773
user04,116484
user04,1165564
user04,116941
user04,117773
user04,1181175
user04,1181983
user04,1183197
user04,118731
user04,1191492
user04,120126
user04,1202513
user04,121016
user04,1214630
user04,1217029
user04,1221546
user04,1224758
user04,1231864
user04,1234547
user04,123730
user04,1239551
user04,1248246
user04,1249624
user04,1249998
user04,1253110
user04,1260309
user04,1260338
user04,1260429
user04,12618
user04,1263464
user04,1266171
user04,1272539
user04,1273953
user04,1275964
user04,1282486
user04,1283446
user04,1285687
user04,1288181
user04,1289004
user04,1290111
user04,129253
user04,1292888
user04,1298914
user04,1298968
user04,1301896
user04,1305021
user04,1306213
user04,1307124
user04,1308993
user04,1309581
user04,1311087
user04,1311318
user04,1311907
user04,1312469
user04,1316640
user04,1316976
user04,1319297
user04,1320565
user04,1322112
user04,1322129
user04,1323648
user04,1324020
user04,1324405
user04,1332042
user04,1332422
user04,1333109
user04,133419
user04,1340159
user04,1343340
user04,1344501
user04,1344630
user04,1349275
user04,1350817
user04,1357975
user04,1364048
user04,1374685
user04,1376420
user04,1377216
user04,1381595
user04,1392231
user04,1396290
user04,1400674
user04,1413222
user04,1416079
user04,1418262
user04,1421679
user04,1422505
user04,1422794
user04,1429196
user04,1430322
user04,1433599
user04,14358
user04,1441672
user04,1441816
user04,1461721
user04,1461922
user04,14647
user04,146563
user04,1471224
user04,1480548
user04,1487702
user04,1488723
user04,1489917
user04,1490036
user04,1493383
user04,1496069
user04,1514176
user04,1514911
user04,1516238
user04,1521077
user04,1524352
user04,1528600
user04,1530145
user04,1531877
user04,1532983
user04,1535863
user04,1538243
user04,1541913
user04,1542674
user04,1543161
user04,154350
user04,1544653
user04,1544890
user04,1545562
user04,1546581
user04,1547205
user04,1547976
user04,1548543
user04,1551227
user04,1560144
user04,1560523
user04,1563480
user04,1564020
user04,1566470
user04,1566847
user04,1567161
user04,1567527
user04,1567664
user04,1572865
user04,1574527
user04,1578873
user04,1585988
user04,1586049
user04,1592672
user04,1598641
user04,1600740
user04,1600747
user04,1605314
user04,1606172
user04,1606734
user04,1606763
user04,1610971
user04,1612474
user04,1619272
user04,1628257
user04,1630438
user04,16340
user04,1636413
user04,1637270
user04,16405
user04,1640923
user04,1643038
user04,1656487
user04,1662979
user04,1663837
user04,1666836
user04,1669336
user04,1674331
user04,1675165
user04,1681016
user04,1683393
user04,1683462
user04,1689604
user04,1692269
user04,169287
user04,169436
user04,1697400
user04,170313
user04,170492
user04,1705211
user04,1706600
user04,1708630
user04,1711415
user04,1711852
user04,1713239
user04,1713972
user04,1716472
user04,1717461
user04,1720304
user04,1723730
user04,1724430
user04,1726501
user04,1728833
user04,1732716
user04,1736016
user04,1738303
user04,1740255
user04,1747305
user04,1747565
user04,1749196
user04,1749262
user04,1752783
user04,1752788
user04,1754192
user04,1756243
user04,1756679
user04,1759033
user04,17600
user04,1761626
user04,1767218
user04,1769634
user04,17709
user04,1773681
user04,1775937
user04,1777131
user04,1786117
user04,1786734
user04,1787089
user04,1792177
user04,1794398
user04,1796045
user04,1797172
user04,1802169
user04,1802600
user04,180532
user04,181115
user04,1819643
user04,1825869
user04,1826345
user04,1830962
user04,1831082
user04,1831293
user04,1838431
user04,1844439
user04,1851544
user04,1853821
user04,1854561
user04,1858108
user04,1863269
user04,1865051
user04,1865757
user04,1867026
user04,1868252
user04,1870036
user04,1870371
user04,1872067
user04,1872702
user04,1877317
user04,1877428
user04,1878163
user04,1881918
user04,1882270
user04,1885158
user04,1885893
user04,1888038
user04,1888674
user04,1889110
user04,1889133
user04,1889265
user04,1890253
user04,1894022
user04,1894197
user04,1895364
user04,1896606
user04,1899233
user04,1899243
user04,190169
user04,1904583
user04,1905201
user04,1908613
user04,1909654
user04,1910627
user04,1912853
user04,192635
user04,1934025
user04,1936452
user04,1938854
user04,1947653
user04,194792
user04,1949588
user04,195169
user04,195275
user04,1955963
user04,196942
user04,1971451
user04,1974097
user04,197933
user04,1981538
user04,1983897
user04,1986637
user04,1987299
user04,1987940
user04,1992204
user04,1993869
user04,1996639
user04,2003293
user04,2005299
user04,2005592
user04,2007315
user04,2007316
user04,2014830
user04,2022408
user04,2024118
user04,2030779
user04,2037016
user04,2039972
user04,2039999
user04,2045725
user04,2048782
user04,2049518
user04,2049906
user04,2052371
user04,2053432
user04,2055497
user04,2056355
user04,2057713
user04,2062350
user04,2064229
user04,2064231
user04,2066904
user04,2068671
user04,2070460
user04,2072017
user04,2072912
user04,2074033
user04,2079489
user04,2082258
user04,2083972
user04,208444
user04,2097697
user04,2099715
user04,2101673
user04,2102317
user04,2103631
user04,211167
user04,2112749
user04,2112890
user04,2115249
user04,2134415
user04,2136295
user04,213839
user04,21395
user04,2140875
user04,2142126
user04,2142194
user04,2142202
user04,2144948
user04,2154273
user04,2168259
user04,2169428
user04,2169558
user04,2169571
user04,2169732
user04,2169806
user04,2171428
user04,2171835
user04,2173400
user04,2174007
user04,2175396
user04,2180292
user04,2181694
user04,219099
user04,2192016
user04,2192627
user04,2193440
user04,2196377
user04,2198655
user04,2199676
user04,2200160
user04,2200814
user04,2201270
user04,2202328
user04,2203885
user04,2204437
user04,2205231
user04,2214942
user04,2215545
user04,2215596
user04,221760
user04,2218028
user04,2223745
user04,222732
user04,2229167
user04,2231145
user04,2236261
user04,2255662
user04,2259522
user04,2261007
user04,2264147
user04,2264373
user04,2264505
user04,2265633
user04,2274760
user04,2278265
user04,2286724
user04,2293696
user04,2294136
user04,2295323
user04,2295639
user04,2297941
user04,2298506
user04,2299055
user04,230579
user04,2307932
user04,2309864
user04,2311241
user04,2311358
user04,2316766
user04,2316999
user04,2321984
user04,2321987
user04,2322512
user04,2325706
user04,2329912
user04,2330794
user04,2330848
user04,2330964
user04,2332502
user04,2332647
user04,2334014
user04,2340600
user04,2343303
user04,2349957
user04,2353005
user04,2356512
user04,2359241
user04,2365952
user04,2368124
user04,236830
user04,2369735
user04,2374851
user04,2378821
user04,2386902
user04,2391993
user04,239844
user04,2400865
user04,2400977
user04,2406166
user04,2414153
user04,2414253
user04,2414904
user04,2414979
user04,2423528
user04,2435462
user04,2436235
user04,2436243
user04,2436377
user04,2437665
user04,2439084
user04,2446256
user04,245919
user04,2462523
user04,24631
user04,2463259
user04,2465829
user04,2467119
user04,2472553
user04,2473577
user04,2474145
user04,2475757
user04,2476863
user04,247807
user04,2483226
user04,2483429
user04,2483796
user04,248504
user04,2489037
user04,2489221
user04,2489247
user04,249078
user04,2492407
user04,2497973
user04,2500790
user04,2505648
user04,250682
user04,2507479
user04,2509882
user04,2511848
user04,2513671
user04,2515895
user04,2525570
user04,252971
user04,253052
user04,2533892
user04,2536847
user04,2546341
user04,2548051
user04,254908
user04,2552590
user04,2555618
user04,2560963
user04,2564528
user04,2566662
user04,2567694
user04,2567893
user04,2576673
user04,2581805
user04,2593947
user04,2600302
user04,2600435
user04,260573
user04,2612293
user04,2612904
user04,2617145
user04,2617872
user04,2624510
user04,2625288
user04,2625571
user04,2626127
user04,2627009
user04,2627408
user04,2632201
user04,2635103
user04,2636883
user04,263839
user04,2639238
user04,2639560
user04,2639944
user04,2643120
user04,2645033
user04,2645226
user04,2645774
user04,2646380
user04,2646562
user04,2647439
user04,2647451
user04,2647653
user04,2647751
user04,265433
user04,2654975
user04,2656731
user04,2666996
user04,2674688
user04,2679833
user04,2685980
user04,268731
user04,269040
user04,269617
user04,2697024
user04,2700373
user04,2709718
user04,2714233
user04,2715201
user04,2715203
user04,2720104
user04,2725881
user04,2726009
user04,2727882
user04,2729849
user04,2731331
user04,2732053
user04,2732323
user04,27420
user04,2746305
user04,2752538
user04,2752592
user04,2754681
user04,2755505
user04,2756492
user04,2757784
user04,2766131
user04,2775107
user04,2777054
user04,2777991
user04,2780720
user04,2782725
user04,2784779
user04,2784954
user04,2785983
user04,278677
user04,2788836
user04,278944
user04,2790867
user04,2791724
user04,2799265
user04,2799932
user04,2800604
user04,2801436
user04,280277
user04,2804238
user04,2811137
user04,2816446
user04,2817177
user04,2819255
user04,2819373
user04,2821261
user04,2829843
user04,2829980
user04,2831494
user04,2834121
user04,2834854
user04,2835450
user04,2835453
user04,2837996
user04,2844928
user04,2849627
user04,2850227
user04,2850477
user04,2852334
user04,2852998
user04,2857167
user04,2859243
user04,2860876
user04,2865879
user04,2866627
user04,2868202
user04,2870366
user04,2884071
user04,289414
user04,2895035
user04,2899199
user04,2901820
user04,2903391
user04,2906602
user04,2912148
user04,2921310
user04,2921312
user04,2922351
user04,2948829
user04,2951217
user04,2951644
user04,2960560
user04,2960876
user04,2965782
user04,2966493
user04,297471
user04,2979324
user04,2981558
user04,2982356
user04,2983552
user04,2986024
user04,2986079
user04,2987367
user04,2988559
user04,2993544
user04,2998078
user04,3009730
user04,3010259
user04,3010342
user04,3011488
user04,3012488
user04,3012526
user04,3015321
user04,3021122
user04,3024107
user04,3026094
user04,3027449
user04,3030926
user04,3040669
user04,3041276
user04,3050853
user04,3053185
user04,3055214
user04,3063118
user04,3065600
user04,3067774
user04,3075110
user04,3081101
user04,3084797
user04,3085450
user04,3087494
user04,3089843
user04,3090531
user04,3094557
user04,3099438
user04,3104646
user04,3108474
user04,3113910
user04,3115326
user04,3116881
user04,3127387
user04,3127581
user04,3129295
user04,3132545
user04,3135043
user04,3135932
user04,3135951
user04,3138857
user04,3142848
user04,3143165
user04,3144372
user04,3146984
user04,3149424
user04,3152197
user04,3157800
user04,3160527
user04,3162001
user04,3165960
user04,3170360
user04,317353
user04,3177816
user04,3181088
user04,3183108
user04,3184566
user04,3187804
user04,3192573
user04,3201150
user04,3207175
user04,3208245
user04,3212064
user04,3212176
user04,3213042
user04,3214219
user04,3217007
user04,3218523
user04,3218622
user04,3220175
user04,3224433
user04,3224900
user04,3235354
user04,3238766
user04,3238906
user04,3241063
user04,3241803
user04,3252654
user04,3253506
user04,3258448
user04,326257
user04,3280500
user04,328942
user04,328948
user04,3290380
user04,3293422
user04,329507
user04,3295850
user04,3299720
user04,330153
user04,330261
user04,3312651
user04,3312738
user04,331402
user04,3319053
user04,332462
user04,3327284
user04,3328939
user04,3331906
user04,3335605
user04,3338414
user04,333884
user04,3340083
user04,3351561
user04,3351957
user04,3352327
user04,3359258
user04,3365637
user04,3371079
user04,3371083
user04,3379838
user04,3381277
user04,3381685
user04,3383418
user04,3384247
user04,3385207
user04,3391186
user04,3393453
user04,3395679
user04,3396112
user04,3397186
user04,3398215
user04,3398216
user04,3400304
user04,3440621
user04,3442188
user04,3442202
user04,3445535
user04,3447174
user04,3447513
user04,3448952
user04,345705
user04,3460297
user04,3464988
user04,346674
user04,3467820
user04,3468485
user04,347006
user04,3470637
user04,3470639
user04,3472588
user04,3474517
user04,3476417
user04,3481369
user04,3483722
user04,3486668
user04,3486972
user04,3487377
user04,3487510
user04,3490596
user04,3490651
user04,3490765
user04,3492257
user04,3492604
user04,3493752
user04,3494478
user04,3494770
user04,3495103
user04,3495626
user04,34983
user04,3501581
user04,3502624
user04,3503189
user04,3504024
user04,3506289
user04,3506639
user04,3506642
user04,3508213
user04,3508361
user04,3511639
user04,351206
user04,3513715
user04,3514110
user04,3515102
user04,3522640
user04,3527087
user04,3531483
user04,3531956
user04,3532887
user04,3533899
user04,3534221
user04,3534237
user04,3538143
user04,354237
user04,3543918
user04,3543945
user04,35450
user04,3545289
user04,3546403
user04,3546955
user04,3547088
user04,3547613
user04,3551014
user04,3551835
user04,3552445
user04,3552968
user04,3554178
user04,3554974
user04,3555725
user04,3555911
user04,3556092
user04,3557191
user04,3559115
user04,3559948
user04,3561154
user04,3562493
user04,3562567
user04,3562602
user04,3564406
user04,3565767
user04,3566765
user04,3568323
user04,3568724
user04,3574250
user04,3580936
user04,3580978
user04,3583589
user04,3586632
user04,3586682
user04,3591807
user04,3591848
user04,3592936
user04,3595398
user04,3599231
user04,3599390
user04,3600076
user04,3602136
user04,3603986
user04,3604625
user04,3606519
user04,3609511
user04,3610029
user04,3610042
user04,3613041
user04,3613165
user04,3613536
user04,3618484
user04,3618719
user04,3618810
user04,3618843
user04,3619813
user04,3623409
user04,3628506
user04,3628872
user04,3629118
user04,3632118
user04,3633323
user04,3635052
user04,3637670
user04,3639126
user04,3640084
user04,3641156
user04,3643324
user04,364526
user04,3647611
user04,3650260
user04,3655973
user04,3658169
user04,3669447
user04,367470
user04,367805
user04,3678295
user04,3683422
user04,3692566
user04,369297
user04,369555
user04,369747
user04,369765
user04,3702583
user04,371558
user04,3717379
user04,3719665
user04,372680
user04,3726856
user04,372938
user04,3732940
user04,3737511
user04,3737525
user04,3740323
user04,3745452
user04,3745995
user04,374655
user04,3749473
user04,375149
user04,3762569
user04,3764852
user04,3770740
user04,3774565
user04,3784878
user04,3792351
user04,379668
user04,379712
user04,3797322
user04,3801280
user04,3805696
user04,380575
user04,380577
user04,380750
user04,3807940
user04,3809355
user04,3811252
user04,3814538
user04,381491
user04,3818392
user04,381853
user04,3819924
user04,3821630
user04,3823164
user04,382790
user04,3834366
user04,3839168
user04,384882
user04,3851740
user04,3852261
user04,3852908
user04,3853932
user04,3854580
user04,3858771
user04,3860134
user04,3861833
user04,3861869
user04,3862291
user04,3862334
user04,3863219
user04,3864671
user04,3870191
user04,38715
user04,3872809
user04,3876271
user04,3876494
user04,3877242
user04,3877324
user04,3877903
user04,3877959
user04,3878310
user04,3881859
user04,38821
user04,3882967
user04,3883333
user04,3883783
user04,3887247
user04,3889714
user04,3890254
user04,3890335
user04,3890723
user04,3892251
user04,3894928
user04,3894929
user04,3896240
user04,3896533
user04,3901271
user04,3902459
user04,3903056
user04,3909182
user04,3909538
user04,3910532
user04,3918025
user04,392124
user04,3922186
user04,3924277
user04,3924913
user04,3925236
user04,392555
user04,3926296
user04,3930384
user04,393522
user04,3936739
user04,3937087
user04,3940391
user04,3943588
user04,3944639
user04,3945375
user04,3949623
user04,3950721
user04,3953652
user04,3953823
user04,3957182
user04,396185
user04,3965365
user04,3968627
user04,397066
user04,397194
user04,3977191
user04,3977238
user04,3981004
user04,39821
user04,3982763
user04,3984542
user04,3984550
user04,3984969
user04,3987487
user04,398780
user04,3990088
user04,3991525
user04,3992652
user04,3994801
user04,3997347
user04,4004054
user04,4004329
user04,4004513
user04,4007663
user04,4007928
user04,400884
user04,400897
user04,4010246
user04,4010671
user04,4012836
user04,4013406
user04,4013769
user04,401653
user04,4024473
user04,4025229
user04,4026261
user04,4027404
user04,4032512
user04,4039448
user04,4053297
user04,4057179
user04,405923
user04,4061509
user04,4062097
user04,4066031
user04,4066745
user04,4067544
user04,4070402
user04,4075909
user04,409005
user04,4095771
user04,409790
user04,4100071
user04,4100078
user04,4103659
user04,410715
user04,4111204
user04,4111359
user04,4116106
user04,4117788
user04,4119756
user04,4121357
user04,4121724
user04,4123067
user04,4123842
user04,4123857
user04,4125056
user04,4127149
user04,4127746
user04,4128872
user04,4129187
user04,4129996
user04,4130147
user04,4131484
user04,413481
user04,4135553
user04,4148889
user04,4149552
user04,4159273
user04,4159588
user04,4159977
user04,4161035
user04,4161328
user04,4161647
user04,4162282
user04,4162640
user04,4162646
user04,4163341
user04,4166713
user04,4168508
user04,4168688
user04,4170969
user04,4179116
user04,4186422
user04,4188234
user04,4188723
user04,418874
user04,4190585
user04,419136
user04,4192254
user04,419300
user04,4202474
user04,4203897
user04,4205879
user04,4206217
user04,4207256
user04,4208227
user04,4209232
user04,4209374
user04,4209399
user04,4209556
user04,4210351
user04,4211064
user04,4213314
user04,4213315
user04,4216822
user04,421706
user04,4217604
user04,4217616
user04,4225120
user04,4230689
user04,4232674
user04,4238685
user04,4243294
user04,4243951
user04,42452
user04,4255241
user04,425880
user04,425884
user04,4262289
user04,4266654
user04,4273840
user04,4274453
user04,4276819
user04,4277694
user04,4278078
user04,4278896
user04,4279636
user04,4292960
user04,4294325
user04,4294334
user04,429673
user04,4296803
user04,4296837
user04,4297175
user04,4297968
user04,429889
user04,4300940
user04,4313228
user04,431423
user04,432075
user04,4338752
user04,4347053
user04,4354786
user04,435657
user04,4372540
user04,4374616
user04,4380241
user04,4381296
user04,4386562
user04,4388504
user04,4388669
user04,4391811
user04,4398802
user04,4400477
user04,4404950
user04,4405205
user04,441063
user04,4416211
user04,441909
user04,441925
user04,441958
user04,4426778
user04,443058
user04,4431312
user04,4432833
user04,4433491
user04,4435764
user04,4439492
user04,4441963
user04,4442035
user04,4447618
user04,4449614
user04,4450739
user04,4455985
user04,4457398
user04,4457839
user04,4458557
user04,4458565
user04,4461232
user04,4465
user04,4465872
user04,4468329
user04,4475884
user04,4478312
user04,4479031
user04,4479644
user04,4480230
user04,4481125
user04,448194
user04,4483510
user04,4485815
user04,4495530
user04,4498874
user04,4499227
user04,450724
user04,4515454
user04,4521153
user04,4542765
user04,4546658
user04,4551403
user04,4554491
user04,4554610
user04,4562893
user04,4563308
user04,456753
user04,4568643
user04,4569417
user04,4569473
user04,4570003
user04,4570193
user04,4571509
user04,465203
user04,470049
user04,470050
user04,47142
user04,472019
user04,472494
user04,472510
user04,475679
user04,475696
user04,475958
user04,477118
user04,477624
user04,478681
user04,478692
user04,479572
user04,479977
user04,480429
user04,480758
user04,481270
user04,482411
user04,483600
user04,483623
user04,483942
user04,484307
user04,49449
user04,495500
user04,496619
user04,496646
user04,498809
user04,504076
user04,504322
user04,508588
user04,51043
user04,522243
user04,528881
user04,533170
user04,537090
user04,538678
user04,539038
user04,543886
user04,551166
user04,552071
user04,553830
user04,555657
user04,557091
user04,559203
user04,559518
user04,566278
user04,566293
user04,567940
user04,572501
user04,572627
user04,574288
user04,577859
user04,580096
user04,584571
user04,585693
user04,589195
user04,589239
user04,592961
user04,595261
user04,595754
user04,59595
user04,598012
user04,599490
user04,600117
user04,600118
user04,600240
user04,601263
user04,609519
user04,611753
user04,612572
user04,613839
user04,61393
user04,616303
user04,621173
user04,625560
user04,627402
user04,638601
user04,639839
user04,640330
user04,643971
user04,646501
user04,647278
user04,648455
user04,648707
user04,649222
user04,650532
user04,654523
user04,658716
user04,66259
user04,673635
user04,675284
user04,675294
user04,677330
user04,678387
user04,684040
user04,693819
user04,694953
user04,696997
user04,697171
user04,700211
user04,706502
user04,707321
user04,707715
user04,707832
user04,710924
user04,714708
user04,717572
user04,721475
user04,722900
user04,7235
user04,724837
user04,727257
user04,728440
user04,732456
user04,733366
user04,734531
user04,736171
user04,739062
user04,740396
user04,742171
user04,748329
user04,751331
user04,757806
user04,759186
user04,760415
user04,76517
user04,769347
user04,776258
user04,776262
user04,776738
user04,777616
user04,780467
user04,78280
user04,783129
user04,783161
user04,785430
user04,787172
user04,792902
user04,79987
user04,802548
user04,804098
user04,805661
user04,80579
user04,809135
user04,81069
user04,811039
user04,811515
user04,812024
user04,813247
user04,818156
user04,823400
user04,824432
user04,831260
user04,833957
user04,8348
user04,835818
user04,839281
user04,84325
user04,843353
user04,845674
user04,84960
user04,85096
user04,852539
user04,86007
user04,861879
user04,865846
user04,865953
user04,87037
user04,875880
user04,87756
user04,886551
user04,896568
user04,89772
user04,897781
user04,897988
user04,901815
user04,902609
user04,903695
user04,905870
user04,906929
user04,911451
user04,915815
user04,916829
user04,918804
user04,921350
user04,921378
user04,921539
user04,921747
user04,92241
user04,925030
user04,925397
user04,928650
user04,92890
user04,933157
user04,935585
user04,940994
user04,941111
user04,943349
user04,945775
user04,947255
user04,948115
user04,953263
user04,955334
user04,955919
user04,959793
user04,962729
user04,964270
user04,965568
user04,966035
user04,966414
user04,966556
user04,966971
user04,967655
user04,969274
user04,969430
user04,970244
user04,972133
user04,973452
user04,97569
user04,980698
user04,994935
user04,997925
user04,999603
user05,1002129
user05,1003802
user05,1005785
user05,1014754
user05,1026971
user05,1030501
user05,1030909
user05,1040806
user05,1046599
user05,1047144
user05,105286
user05,105640
user05,106394
user05,107605
user05,1088547
user05,1105979
user05,1107548
user05,1112142
user05,111254
user05,1121888
user05,1122451
user05,1123903
user05,112929
user05,113114
user05,1131297
user05,1137764
user05,1144839
user05,1147616
user05,1161142
user05,116261
user05,117032
user05,1173493
user05,1175542
user05,1176041
user05,1176748
user05,1185917
user05,120153
user05,1206178
user05,1207491
user05,121003
user05,121361
user05,1214289
user05,1214659
user05,1217029
user05,1217035
user05,122018
user05,1224949
user05,122581
user05,1233959
user05,1238669
user05,1239457
user05,124066
user05,124724
user05,1248370
user05,1249691
user05,1249794
user05,1251281
user05,1261138
user05,1269592
user05,1271667
user05,1276423
user05,1278188
user05,1278913
user05,128013
user05,1283458
user05,1284091
user05,1286780
user05,12887
user05,1289004
user05,1295280
user05,1295296
user05,1297985
user05,1298970
user05,1308173
user05,1308255
user05,1312153
user05,1316038
user05,1322962
user05,1326218
user05,1327994
user05,1329257
user05,1329625
user05,1333439
user05,1334505
user05,1337638
user05,1337690
user05,1339811
user05,1340976
user05,1344501
user05,1344630
user05,1346369
user05,1347633
user05,1350483
user05,1350818
user05,1357975
user05,1365881
user05,1371932
user05,137346
user05,1379096
user05,1381040
user05,1382860
user05,1389167
user05,1391129
user05,1391619
user05,1396290
user05,1396685
user05,1411591
user05,1412840
user05,1418262
user05,1419536
user05,1424908
user05,1424911
user05,1426605
user05,1427620
user05,1434474
user05,1434557
user05,1435074
user05,1435107
user05,1436189
user05,1436734
user05,1436886
user05,1439269
user05,1442596
user05,144397
user05,1444380
user05,1452607
user05,1454734
user05,1456069
user05,1457419
user05,146046
user05,1462519
user05,1468036
user05,1470534
user05,1473327
user05,1481444
user05,1496069
user05,1510254
user05,1512486
user05,1519764
user05,1520602
user05,1528600
user05,1531340
user05,153840
user05,1539730
user05,1542923
user05,1552255
user05,1552423
user05,1553930
user05,1563283
user05,1566297
user05,1570313
user05,1572228
user05,1574527
user05,1577642
user05,15846
user05,1587905
user05,1593409
user05,159725
user05,1598617
user05,1598692
user05,1598723
user05,1598918
user05,1599481
user05,1605314
user05,1610982
user05,1612106
user05,1614663
user05,1615882
user05,1616048
user05,162471
user05,1647123
user05,1662151
user05,1663814
user05,1668406
user05,1670030
user05,16705
user05,1670895
user05,167223
user05,1672500
user05,1674200
user05,1674341
user05,1677195
user05,1677810
user05,1679638
user05,168136
user05,1683393
user05,168726
user05,1688604
user05,1702554
user05,1712491
user05,1713265
user05,1715636
user05,1716896
user05,1719975
user05,1720222
user05,1720304
user05,1720851
user05,1722636
user05,1727438
user05,1731423
user05,1731541
user05,1732718
user05,1733044
user05,1736565
user05,1741601
user05,1746039
user05,1747761
user05,175012
user05,1753372
user05,1754099
user05,1755651
user05,175635
user05,1757360
user05,17578
user05,1761894
user05,176443
user05,17646
user05,1774762
user05,1775718
user05,1775939
user05,1777551
user05,1785954
user05,1786686
user05,1786734
user05,1789541
user05,1792921
user05,1793640
user05,1795551
user05,1795568
user05,1797725
user05,1800997
user05,1807442
user05,181117
user05,1813560
user05,1814771
user05,181862
user05,1820099
user05,1821382
user05,1824254
user05,1824259
user05,1827777
user05,1831413
user05,1831526
user05,1831579
user05,1847167
user05,1849251
user05,1856164
user05,1857206
user05,1858846
user05,1861921
user05,1862014
user05,1862573
user05,1862585
user05,1864155
user05,1864399
user05,1866820
user05,1867286
user05,1867339
user05,1867341
user05,1867672
user05,1872705
user05,1874522
user05,1877142
user05,1878283
user05,1881940
user05,1882249
user05,1882727
user05,1884860
user05,1885027
user05,1886010
user05,1886888
user05,1888038
user05,1888940
user05,188896
user05,1889110
user05,1891095
user05,1893147
user05,1893423
user05,1896552
user05,1896606
user05,190150
user05,1905201
user05,1909623
user05,1922130
user05,1928545
user05,1929640
user05,1933546
user05,1936452
user05,1939196
user05,1941575
user05,195169
user05,1956939
user05,1957719
user05,1961452
user05,1966030
user05,1970067
user05,1971451
user05,1971942
user05,1974659
user05,1978066
user05,1980514
user05,1982336
user05,1982521
user05,1988173
user05,1988877
user05,1993815
user05,1996639
user05,2009230
user05,2013875
user05,20152
user05,2024657
user05,2029440
user05,2032030
user05,2034127
user05,2034478
user05,2037016
user05,2042406
user05,2047559
user05,2048437
user05,2049908
user05,2049978
user05,2051094
user05,2051097
user05,2052271
user05,2054782
user05,2055238
user05,2056355
user05,2057644
user05,2060174
user05,2060543
user05,2066898
user05,2068130
user05,2068352
user05,2068671
user05,2069186
user05,2070460
user05,2078053
user05,2083227
user05,2083244
user05,2089263
user05,2090066
user05,2093494
user05,2099561
user05,2099715
user05,2102048
user05,2103280
user05,2107160
user05,2111331
user05,2112749
user05,2112888
user05,2113761
user05,2129056
user05,213635
user05,2140580
user05,2142092
user05,2142110
user05,2142196
user05,2144948
user05,2148410
user05,2148934
user05,2149235
user05,2157178
user05,2160787
user05,216900
user05,2175332
user05,2181164
user05,2181603
user05,2184733
user05,218749
user05,2188005
user05,2190878
user05,2191282
user05,2192133
user05,2196829
user05,22006
user05,2200814
user05,2210237
user05,2218021
user05,222398
user05,2233117
user05,2255678
user05,2260436
user05,2265633
user05,2267646
user05,2267913
user05,2274760
user05,2275121
user05,2276981
user05,2293956
user05,2296155
user05,2302583
user05,2302640
user05,230565
user05,2307563
user05,2314587
user05,2316274
user05,2316964
user05,2321984
user05,2324368
user05,23266
user05,2326799
user05,232784
user05,2327863
user05,2327940
user05,2330111
user05,233109
user05,2334092
user05,2334242
user05,2335676
user05,2340600
user05,2340749
user05,2342648
user05,2343303
user05,2344222
user05,2346150
user05,2346914
user05,2349736
user05,2350083
user05,2351336
user05,2351733
user05,2352363
user05,2353747
user05,2355626
user05,2355719
user05,2363222
user05,2367978
user05,2371037
user05,2371151
user05,2378120
user05,2378383
user05,2382182
user05,2383656
user05,2384981
user05,2385247
user05,2390891
user05,2397226
user05,2397844
user05,2407605
user05,2412307
user05,2413902
user05,2414253
user05,2415179
user05,2415181
user05,2418105
user05,2426341
user05,243124
user05,2432442
user05,2435118
user05,2436377
user05,2437665
user05,2444207
user05,2445573
user05,2457321
user05,2460632
user05,2461846
user05,2461858
user05,2467469
user05,2471949
user05,2474142
user05,2475553
user05,2475757
user05,2476179
user05,2477930
user05,248052
user05,2480647
user05,2481321
user05,2481573
user05,2486056
user05,2489243
user05,2493762
user05,249570
user05,2496744
user05,2497112
user05,249846
user05,2500757
user05,250860
user05,250878
user05,2516521
user05,2520726
user05,2521624
user05,2525143
user05,2530664
user05,25354
user05,2537000
user05,2538190
user05,2538598
user05,2540922
user05,2544288
user05,2552039
user05,2554356
user05,2554764
user05,2555512
user05,2560901
user05,2564793
user05,2567083
user05,2570974
user05,2587302
user05,2592353
user05,2601825
user05,2606137
user05,261458
user05,2615270
user05,2615643
user05,2617872
user05,2621210
user05,2623778
user05,2624125
user05,2624150
user05,2624533
user05,2626061
user05,2626664
user05,2626718
user05,2627083
user05,2632831
user05,2635907
user05,2636913
user05,2641430
user05,2643188
user05,2645265
user05,2647505
user05,265585
user05,2656634
user05,2659482
user05,2664240
user05,2674713
user05,2674717
user05,2674986
user05,2678522
user05,2685101
user05,268731
user05,2688875
user05,2689600
user05,2702642
user05,2703157
user05,2715201
user05,2716414
user05,2717948
user05,2719619
user05,2720380
user05,2724305
user05,2724831
user05,2729767
user05,2732332
user05,27435
user05,2749362
user05,2752330
user05,2762669
user05,2770495
user05,2776535
user05,2776797
user05,2778367
user05,2778417
user05,2780715
user05,2787195
user05,2787504
user05,2788141
user05,2788554
user05,2790211
user05,279252
user05,2794074
user05,2794108
user05,2794124
user05,2794968
user05,2794997
user05,2797438
user05,2797839
user05,280277
user05,2817679
user05,2819632
user05,2823390
user05,2825449
user05,2831514
user05,2842406
user05,2842670
user05,2850329
user05,2852675
user05,2852708
user05,2854487
user05,2858185
user05,2859510
user05,2860140
user05,2864028
user05,2864121
user05,2866627
user05,2867220
user05,2871918
user05,2895902
user05,2903391
user05,2946343
user05,2949642
user05,2951217
user05,2964346
user05,2967999
user05,2971330
user05,2973527
user05,297471
user05,2978521
user05,2981564
user05,2993471
user05,2997323
user05,299861
user05,2999582
user05,3009407
user05,3013319
user05,3016771
user05,3017109
user05,3020353
user05,3030834
user05,3042352
user05,3060538
user05,3064153
user05,3065600
user05,3066403
user05,3067020
user05,3078517
user05,3079801
user05,3083757
user05,3083933
user05,3087837
user05,3104851
user05,3108113
user05,3108819
user05,3109833
user05,3124409
user05,312683
user05,312687
user05,3129955
user05,3131009
user05,3133548
user05,3135043
user05,3135316
user05,3135318
user05,3140318
user05,3143035
user05,3143036
user05,3145869
user05,3152214
user05,3153596
user05,3157800
user05,3159478
user05,3167295
user05,3170323
user05,3170766
user05,3171515
user05,3171949
user05,3180047
user05,3181088
user05,31814
user05,3184371
user05,3185778
user05,3185995
user05,3187075
user05,3187827
user05,3202573
user05,3203867
user05,3208091
user05,3211817
user05,3212071
user05,3216040
user05,3219786
user05,3220553
user05,3221865
user05,3223208
user05,3225897
user05,3229350
user05,3241567
user05,324256
user05,324686
user05,3252654
user05,3253506
user05,3261784
user05,32675
user05,3269084
user05,327875
user05,3280560
user05,3284126
user05,329369
user05,3298150
user05,3300883
user05,3301830
user05,3301855
user05,3302839
user05,330415
user05,3304852
user05,3305690
user05,3310269
user05,3325122
user05,3326050
user05,3326959
user05,3327285
user05,3328871
user05,3328939
user05,3340012
user05,3348641
user05,3352327
user05,3360245
user05,3363420
user05,3367174
user05,3369919
user05,3370760
user05,3371081
user05,3371332
user05,3371735
user05,3371954
user05,3373971
user05,3375897
user05,3378694
user05,3378967
user05,338098
user05,3383782
user05,33853
user05,3386571
user05,3392166
user05,3396283
user05,3401512
user05,3445535
user05,3447174
user05,3449157
user05,3452076
user05,3456308
user05,3458633
user05,3461580
user05,3470887
user05,3474038
user05,3476417
user05,3476526
user05,3476954
user05,3478951
user05,3479340
user05,3479345
user05,3481380
user05,3481854
user05,3483365
user05,3485339
user05,3487865
user05,3489991
user05,3491430
user05,3491527
user05,3496848
user05,3496942
user05,3501673
user05,3502105
user05,3505300
user05,3508601
user05,3510223
user05,3511619
user05,3512019
user05,3515158
user05,3519349
user05,3521297
user05,3523306
user05,3525725
user05,3530288
user05,3531483
user05,3538143
user05,3539237
user05,3539982
user05,3542194
user05,3544174
user05,3551763
user05,355287
user05,3553813
user05,3553887
user05,3554293
user05,3554533
user05,3556314
user05,3557764
user05,3559087
user05,3559158
user05,3559681
user05,3562612
user05,3563703
user05,3565767
user05,3569816
user05,3576524
user05,3576676
user05,3585407
user05,3586682
user05,3589334
user05,3591856
user05,3599391
user05,3602287
user05,3603986
user05,3607197
user05,3608170
user05,3609966
user05,3610068
user05,3611530
user05,3613320
user05,3615520
user05,3615818
user05,3617020
user05,3617257
user05,3617959
user05,3618037
user05,3618697
user05,3620556
user05,3621988
user05,3622546
user05,3623403
user05,3624915
user05,362686
user05,3627088
user05,3627145
user05,3630663
user05,3633104
user05,3633249
user05,3634925
user05,3637040
user05,3637670
user05,3642903
user05,3646961
user05,364753
user05,364769
user05,3650099
user05,3650295
user05,3650554
user05,3651066
user05,3651488
user05,3658169
user05,3666960
user05,3671916
user05,3675594
user05,3680710
user05,3680908
user05,3681392
user05,3682905
user05,3686301
user05,368727
user05,369395
user05,369574
user05,369679
user05,370167
user05,3709882
user05,3711539
user05,3711645
user05,3719665
user05,373341
user05,3734928
user05,3735897
user05,3745902
user05,3749473
user05,3754289
user05,3756564
user05,3756565
user05,3759764
user05,3760888
user05,3761377
user05,376516
user05,3772510
user05,3773192
user05,3773636
user05,3776763
user05,3780869
user05,3783705
user05,3785264
user05,3785328
user05,379309
user05,379712
user05,3798020
user05,3806651
user05,3811252
user05,3814538
user05,3821636
user05,3829554
user05,3836033
user05,3837545
user05,3846675
user05,3848194
user05,3849479
user05,3849823
user05,3850594
user05,3852908
user05,385347
user05,3853690
user05,3854580
user05,3854624
user05,3855577
user05,3856620
user05,3858079
user05,3863713
user05,3867183
user05,3871823
user05,3872312
user05,3874293
user05,3874550
user05,3877241
user05,3877401
user05,3878310
user05,3878501
user05,3879820
user05,3881467
user05,3883307
user05,3885312
user05,3886186
user05,3888041
user05,3888101
user05,3889864
user05,3891457
user05,3891608
user05,389255
user05,3894093
user05,3894262
user05,3896473
user05,3897480
user05,3899797
user05,3901657
user05,3906394
user05,3908379
user05,391134
user05,3919623
user05,3921059
user05,3921935
user05,3923197
user05,3925534
user05,3927882
user05,3929085
user05,39312
user05,3931946
user05,3933008
user05,3936354
user05,3936739
user05,393936
user05,3942143
user05,3943588
user05,3944639
user05,3945237
user05,3946694
user05,3947753
user05,3950438
user05,3950720
user05,395188
user05,3952622
user05,3956368
user05,3956433
user05,3957598
user05,3957835
user05,395887
user05,3959586
user05,3961518
user05,3968322
user05,3970785
user05,3972270
user05,3975932
user05,3976055
user05,3976543
user05,3979275
user05,3980829
user05,3984014
user05,3984515
user05,3986267
user05,3986553
user05,398780
user05,3989691
user05,3993467
user05,3997471
user05,3998211
user05,400185
user05,4002944
user05,4003571
user05,4004777
user05,4005756
user05,4005888
user05,4010671
user05,4011514
user05,4011531
user05,401827
user05,4020808
user05,4024486
user05,402576
user05,4042419
user05,4043319
user05,4043778
user05,4048641
user05,404887
user05,4049312
user05,4056401
user05,4061363
user05,4062581
user05,4064242
user05,4064379
user05,4064420
user05,4065848
user05,4067099
user05,4069857
user05,4075942
user05,4076082
user05,4080655
user05,408269
user05,4084080
user05,408603
user05,4086630
user05,408754
user05,4087965
user05,4089173
user05,4094251
user05,4094348
user05,4095788
user05,4103659
user05,4106867
user05,4112739
user05,4113632
user05,4119134
user05,4119737
user05,4121801
user05,4121814
user05,4121820
user05,4123949
user05,4125537
user05,4126637
user05,4129118
user05,4129454
user05,4131484
user05,4133536
user05,4133565
user05,413887
user05,4143555
user05,4143965
user05,41470
user05,4148242
user05,4149484
user05,4151999
user05,4152210
user05,4152271
user05,4155512
user05,4158088
user05,4158219
user05,4159032
user05,4162801
user05,4163314
user05,4163411
user05,4164987
user05,4168441
user05,4168670
user05,4168671
user05,4170877
user05,4172136
user05,4172156
user05,418378
user05,4188723
user05,418967
user05,4190497
user05,419246
user05,4194453
user05,4194636
user05,4197909
user05,4198458
user05,4201935
user05,4202934
user05,4207256
user05,4207524
user05,4209307
user05,4209508
user05,4209594
user05,4209811
user05,4210038
user05,4210110
user05,4210347
user05,4212449
user05,4212825
user05,421720
user05,4217601
user05,422021
user05,422227
user05,4223669
user05,422526
user05,4230688
user05,423443
user05,4236868
user05,4244269
user05,4253113
user05,425479
user05,426142
user05,4261483
user05,4261559
user05,4266659
user05,427240
user05,4273645
user05,4273797
user05,4274501
user05,4278896
user05,4279060
user05,428957
user05,4290469
user05,429376
user05,4301048
user05,4301588
user05,4302764
user05,4302869
user05,4303243
user05,4306328
user05,4333567
user05,4333572
user05,4334785
user05,4338701
user05,434013
user05,4342129
user05,4346830
user05,4348583
user05,434908
user05,435062
user05,4352511
user05,4360992
user05,436463
user05,4368441
user05,4370742
user05,4372118
user05,4372389
user05,4376280
user05,437649
user05,4376711
user05,4377672
user05,4380147
user05,438489
user05,4385810
user05,4386206
user05,4394182
user05,4396749
user05,4400477
user05,4400580
user05,4402395
user05,440260
user05,4403066
user05,4411028
user05,4411279
user05,4414607
user05,4416211
user05,4418656
user05,4421101
user05,4422301
user05,4426445
user05,442698
user05,4427974
user05,4428208
user05,442962
user05,4440434
user05,4441963
user05,444454
user05,4451877
user05,4452036
user05,4462344
user05,4464335
user05,4469331
user05,4471320
user05,4473268
user05,4473911
user05,4476394
user05,4477237
user05,4477861
user05,4477968
user05,4479444
user05,4479782
user05,4480080
user05,4483325
user05,4483607
user05,4486908
user05,4494552
user05,4496305
user05,4498698
user05,4499174
user05,4499363
user05,4500280
user05,4512680
user05,4516657
user05,451891
user05,4519980
user05,4523585
user05,4525566
user05,4525971
user05,4540962
user05,4546313
user05,4556560
user05,4567285
user05,4568681
user05,4569564
user05,4570027
user05,4570171
user05,458401
user05,459211
user05,46920
user05,470137
user05,470698
user05,470864
user05,471668
user05,472989
user05,473408
user05,47443
user05,477134
user05,477399
user05,477536
user05,477637
user05,480621
user05,481320
user05,485809
user05,487639
user05,493430
user05,495500
user05,496289
user05,496780
user05,498576
user05,500936
user05,504076
user05,509220
user05,512255
user05,51301
user05,513630
user05,51623
user05,520805
user05,526989
user05,531198
user05,533280
user05,536649
user05,539302
user05,543421
user05,543886
user05,557170
user05,55859
user05,560406
user05,563149
user05,563364
user05,565820
user05,566937
user05,567988
user05,58044
user05,587205
user05,591486
user05,59267
user05,594393
user05,594608
user05,595281
user05,59624
user05,600217
user05,600310
user05,602101
user05,602109
user05,608397
user05,612563
user05,62675
user05,637973
user05,642996
user05,650570
user05,654914
user05,66163
user05,664703
user05,664911
user05,664912
user05,676360
user05,678387
user05,685279
user05,689949
user05,689951
user05,691658
user05,691764
user05,695252
user05,696997
user05,699451
user05,704133
user05,704384
user05,706495
user05,707716
user05,713806
user05,720303
user05,723603
user05,72377
user05,723811
user05,723820
user05,728910
user05,732378
user05,732456
user05,733604
user05,734531
user05,742168
user05,757943
user05,758426
user05,760328
user05,760338
user05,760533
user05,762983
user05,76324
user05,767716
user05,768946
user05,769347
user05,774761
user05,784383
user05,785226
user05,785269
user05,786706
user05,79618
user05,798066
user05,798213
user05,801140
user05,80141
user05,801859
user05,802349
user05,802548
user05,804421
user05,814386
user05,815781
user05,818338
user05,821768
user05,829194
user05,831253
user05,839359
user05,83940
user05,8460
user05,85003
user05,85096
user05,852057
user05,85293
user05,854732
user05,862313
user05,865827
user05,867761
user05,868311
user05,872145
user05,877822
user05,883450
user05,884975
user05,88671
user05,889299
user05,89442
user05,902612
user05,909394
user05,91398
user05,915809
user05,91789
user05,918545
user05,918620
user05,918870
user05,921549
user05,922198
user05,92421
user05,924910
user05,926765
user05,92684
user05,929435
user05,929509
user05,93071
user05,931098
user05,933373
user05,933798
user05,93512
user05,938150
user05,939910
user05,940923
user05,941416
user05,945781
user05,951017
user05,95359
user05,95407
user05,959379
user05,959566
user05,959779
user05,960791
user05,960793
user05,965568
user05,968468
user05,969497
user05,972763
user05,974629
user05,990782
user05,993447
user05,994716
user05,9994
user07,1
user07,1001707
user07,1003038
user07,1005406
user07,1013971
user07,1014754
user07,101650
user07,1021929
user07,102649
user07,1027084
user07,102864
user07,1031636
user07,1033410
user07,1033421
user07,1035775
user07,1037689
user07,104178
user07,104558
user07,105011
user07,1056091
user07,1057484
user07,1061353
user07,1076021
user07,1081374
user07,108209
user07,1083969
user07,1084455
user07,1085421
user07,1088547
user07,1091998
user07,1092543
user07,1092944
user07,1102640
user07,1106518
user07,1107076
user07,1110518
user07,1111648
user07,1112159
user07,111280
user07,1114083
user07,1115116
user07,1115918
user07,1118178
user07,1119879
user07,1121906
user07,1123734
user07,1123981
user07,112521
user07,1130290
user07,113082
user07,1131302
user07,1137085
user07,1137314
user07,1138058
user07,1138060
user07,1139132
user07,1144776
user07,1146348
user07,114687
user07,1149469
user07,1151825
user07,1152098
user07,1157313
user07,1158843
user07,1166247
user07,1168997
user07,117254
user07,1173620
user07,117381
user07,117434
user07,117651
user07,1177062
user07,1177720
user07,1177737
user07,1181983
user07,1182468
user07,1190880
user07,119257
user07,1193084
user07,1194386
user07,1196505
user07,1197401
user07,119812
user07,119900
user07,1200882
user07,1208714
user07,1210832
user07,121179
user07,121352
user07,1213551
user07,121361
user07,1215499
user07,121761
user07,1220228
user07,1222841
user07,1224973
user07,122558
user07,122632
user07,122646
user07,1229107
user07,1231864
user07,1234085
user07,1236192
user07,123728
user07,123974
user07,1243511
user07,1244397
user07,1249871
user07,1250008
user07,1254787
user07,1254993
user07,1257627
user07,125803
user07,1258239
user07,1260305
user07,1260331
user07,1262929
user07,1263670
user07,1264328
user07,1264443
user07,1264527
user07,1264615
user07,1265152
user07,1265530
user07,1266508
user07,1266712
user07,1267024
user07,1268016
user07,1268357
user07,1268633
user07,1269562
user07,1269566
user07,1273737
user07,1273975
user07,1285696
user07,1285733
user07,1288181
user07,12887
user07,1291250
user07,129253
user07,1295296
user07,1295300
user07,1295732
user07,1299761
user07,1301258
user07,1302270
user07,1302819
user07,1306180
user07,1308999
user07,1309769
user07,1310422
user07,1311087
user07,1311609
user07,1312138
user07,1318115
user07,1320071
user07,1320547
user07,1320562
user07,1321547
user07,1324077
user07,1324406
user07,1325355
user07,1325966
user07,1326716
user07,1327422
user07,1327700
user07,1327840
user07,1329113
user07,1330833
user07,1331789
user07,1332060
user07,1332598
user07,1332944
user07,1333628
user07,1334152
user07,1336038
user07,1339811
user07,1340159
user07,1342600
user07,1343931
user07,1346678
user07,1350482
user07,1351671
user07,1356276
user07,137357
user07,1374666
user07,1381025
user07,1393691
user07,1396290
user07,1399982
user07,1399997
user07,1406677
user07,1411209
user07,1413015
user07,1413957
user07,1414144
user07,1416590
user07,1418262
user07,1420721
user07,1422505
user07,142461
user07,142678
user07,142864
user07,1433136
user07,1434576
user07,1437516
user07,1437716
user07,1444359
user07,1445282
user07,1447510
user07,1449095
user07,1453156
user07,1462400
user07,14630
user07,1465991
user07,1470534
user07,1472298
user07,1473327
user07,1473346
user07,1478260
user07,148059
user07,1483493
user07,1484079
user07,1491460
user07,1498368
user07,1501966
user07,1510714
user07,1512565
user07,1513486
user07,1519708
user07,1525998
user07,152747
user07,1528600
user07,1529066
user07,1529600
user07,1531331
user07,1535912
user07,1536678
user07,1536844
user07,153889
user07,1539559
user07,1540275
user07,1542192
user07,1542674
user07,1542923
user07,1543530
user07,1543531
user07,1544001
user07,1544653
user07,1545050
user07,1545912
user07,1547017
user07,1548076
user07,1548712
user07,1548823
user07,1550319
user07,1552250
user07,1553927
user07,1554832
user07,1555324
user07,1558950
user07,1562177
user07,1563543
user07,1564845
user07,1566421
user07,1566508
user07,1566880
user07,1567507
user07,1571049
user07,1574527
user07,1575820
user07,1579344
user07,1581837
user07,1583015
user07,1585678
user07,1585680
user07,1587905
user07,1595538
user07,1598619
user07,1598686
user07,159949
user07,1605314
user07,1605349
user07,1606734
user07,1613964
user07,1623446
user07,1624118
user07,1635764
user07,1636609
user07,1639196
user07,1639440
user07,1650912
user07,1657800
user07,166076
user07,1661232
user07,1668734
user07,1672500
user07,1677055
user07,1677614
user07,1677998
user07,1680385
user07,1680635
user07,1680909
user07,1683393
user07,1683805
user07,1683874
user07,169287
user07,169359
user07,169372
user07,1699739
user07,170310
user07,1704117
user07,1707216
user07,1707770
user07,1708321
user07,1708525
user07,1709867
user07,1710181
user07,1712014
user07,1712337
user07,1713411
user07,1715052
user07,1725642
user07,1728815
user07,1731467
user07,1734268
user07,1734780
user07,173481
user07,1735388
user07,1737571
user07,1740939
user07,1749262
user07,1749791
user07,1751947
user07,1752327
user07,1755650
user07,1756679
user07,1756909
user07,1757315
user07,1757758
user07,1757929
user07,1761622
user07,1762432
user07,176646
user07,1766839
user07,1775140
user07,1781523
user07,1781552
user07,1786117
user07,17868
user07,1792921
user07,1796356
user07,1800602
user07,1800621
user07,1803182
user07,1803313
user07,1803476
user07,1803674
user07,180532
user07,180618
user07,1807449
user07,181149
user07,1826345
user07,1827526
user07,1829501
user07,1849903
user07,1853823
user07,1854847
user07,1856060
user07,1857551
user07,185786
user07,1859884
user07,1860452
user07,1860709
user07,1861181
user07,1861912
user07,1862489
user07,1863178
user07,1865764
user07,1865803
user07,1866426
user07,1867026
user07,1868032
user07,1868605
user07,1868677
user07,1870036
user07,1871826
user07,1873674
user07,1878319
user07,1878758
user07,1879203
user07,1879497
user07,1879723
user07,1880629
user07,1882329
user07,1883331
user07,1884924
user07,1885029
user07,1886010
user07,1888143
user07,1888491
user07,1889413
user07,1889979
user07,1890325
user07,1890648
user07,1893139
user07,1894040
user07,1894210
user07,1895606
user07,1895687
user07,1896606
user07,1899106
user07,1904583
user07,1905201
user07,190670
user07,1909628
user07,1910623
user07,1912923
user07,1917916
user07,1920613
user07,1922130
user07,1929591
user07,1929878
user07,1932977
user07,1936452
user07,1936551
user07,1943146
user07,1947653
user07,194809
user07,1948732
user07,1948736
user07,1949588
user07,195169
user07,1954152
user07,1958055
user07,1963464
user07,1968682
user07,1968747
user07,1968748
user07,1970068
user07,1971451
user07,1971942
user07,1974827
user07,1976420
user07,1976825
user07,198056
user07,1980991
user07,1982712
user07,1987299
user07,1989068
user07,1991629
user07,1993954
user07,200129
user07,2007935
user07,20137
user07,20152
user07,2022826
user07,2022877
user07,2024283
user07,2027127
user07,2027706
user07,2031680
user07,2037016
user07,2039699
user07,2040000
user07,2041108
user07,2042416
user07,2043781
user07,2044168
user07,2047291
user07,2047837
user07,2048415
user07,2049095
user07,2049518
user07,2049598
user07,2049978
user07,2050101
user07,2050313
user07,2051094
user07,2052371
user07,2052377
user07,2053436
user07,2053453
user07,2053468
user07,2054135
user07,2054200
user07,2056355
user07,2057640
user07,2058491
user07,2060336
user07,2060589
user07,2063186
user07,2063843
user07,2064202
user07,2065904
user07,2068212
user07,2070460
user07,2072357
user07,2072438
user07,2072912
user07,2073609
user07,2073619
user07,2073966
user07,2076622
user07,2076751
user07,2079046
user07,2079941
user07,2082932
user07,2083540
user07,2088782
user07,2090513
user07,2091632
user07,2094059
user07,2097455
user07,2099715
user07,2103654
user07,2105243
user07,2105502
user07,2105668
user07,2107011
user07,21106
user07,211166
user07,2111949
user07,2114045
user07,2117477
user07,2122730
user07,212409
user07,2128008
user07,2128351
user07,2128353
user07,2128367
user07,212898
user07,2130395
user07,2130502
user07,2131703
user07,2131889
user07,213635
user07,213696
user07,213839
user07,2140875
user07,2142108
user07,2142116
user07,214262
user07,2148934
user07,2148951
user07,2154281
user07,2157195
user07,2157383
user07,2163741
user07,2164524
user07,2164909
user07,2167275
user07,2167766
user07,2167891
user07,2168992
user07,21712
user07,2174090
user07,2176140
user07,2179096
user07,2179291
user07,2179596
user07,2181637
user07,2187548
user07,2188005
user07,2188255
user07,219105
user07,2191827
user07,2198795
user07,2199973
user07,2200160
user07,2200553
user07,2200708
user07,2200814
user07,2202332
user07,2203510
user07,2204397
user07,2205450
user07,2206405
user07,2209941
user07,2211369
user07,2212172
user07,2214942
user07,2215505
user07,2217039
user07,2218021
user07,2218029
user07,222396
user07,222426
user07,2228896
user07,2229129
user07,2231145
user07,2233204
user07,2234241
user07,2237155
user07,2237985
user07,223915
user07,2240313
user07,2253279
user07,225558
user07,2256360
user07,2256865
user07,2258169
user07,225925
user07,2261048
user07,2261049
user07,2262435
user07,2262698
user07,2263478
user07,2264140
user07,2264224
user07,2264548
user07,2264732
user07,2268386
user07,2270655
user07,2271379
user07,227246
user07,2274760
user07,2274940
user07,2276094
user07,2278260
user07,2279555
user07,2280187
user07,2282015
user07,2285296
user07,2292676
user07,2293955
user07,2293956
user07,2294583
user07,2294976
user07,2295435
user07,22994
user07,230565
user07,230568
user07,230627
user07,230898
user07,2317438
user07,2317459
user07,231771
user07,2319705
user07,2321998
user07,232291
user07,2323523
user07,232807
user07,2329247
user07,2330101
user07,2332117
user07,2338870
user07,2340600
user07,2340752
user07,2343172
user07,2343419
user07,2345114
user07,2345388
user07,2350837
user07,2352027
user07,235243
user07,2353748
user07,2358077
user07,2363158
user07,2365900
user07,2372849
user07,2374851
user07,2378111
user07,2378636
user07,2378891
user07,2382788
user07,2382903
user07,2397899
user07,2398845
user07,2399732
user07,2402216
user07,2405492
user07,2410535
user07,2412818
user07,2418106
user07,2419333
user07,2420938
user07,24216
user07,2422118
user07,2426342
user07,2430087
user07,2431879
user07,2433076
user07,2436345
user07,2437665
user07,2440297
user07,2440550
user07,2442559
user07,2445576
user07,2445831
user07,2446632
user07,2448835
user07,24512
user07,2454154
user07,2456786
user07,2457517
user07,2458022
user07,2460632
user07,2460895
user07,2461858
user07,2462523
user07,2463063
user07,2463142
user07,2463990
user07,2467205
user07,2467791
user07,2470515
user07,2473976
user07,2474801
user07,2475757
user07,2475839
user07,2476885
user07,2479794
user07,2480139
user07,2481427
user07,2496744
user07,2496991
user07,2501009
user07,2505126
user07,2507601
user07,2508472
user07,250880
user07,2517596
user07,2525143
user07,2525748
user07,2528037
user07,253325
user07,253337
user07,2534073
user07,2538190
user07,2538923
user07,2544816
user07,2546163
user07,2546572
user07,2547016
user07,2549459
user07,2552596
user07,2555618
user07,2555771
user07,2559219
user07,2562508
user07,2566966
user07,2568070
user07,2576244
user07,2576840
user07,2577857
user07,2582469
user07,2583816
user07,2583894
user07,2585205
user07,2585322
user07,2586305
user07,258676
user07,2587193
user07,2587656
user07,259344
user07,2600295
user07,2600420
user07,2600834
user07,2601143
user07,2602499
user07,2605084
user07,260614
user07,2616788
user07,2617903
user07,2618053
user07,262438
user07,2624602
user07,2626820
user07,2627134
user07,2631538
user07,2634433
user07,2636884
user07,2644869
user07,2645355
user07,2645362
user07,2645363
user07,2646562
user07,2646748
user07,2654691
user07,265475
user07,2655404
user07,265575
user07,2656740
user07,26611
user07,266444
user07,2673373
user07,2674688
user07,2679349
user07,2679444
user07,2684164
user07,2691132
user07,2691141
user07,269200
user07,2693357
user07,2693388
user07,2694776
user07,269890
user07,2705667
user07,2707858
user07,2709718
user07,2709901
user07,2710226
user07,2714584
user07,2720047
user07,2724877
user07,2724994
user07,2725696
user07,2725880
user07,2726011
user07,2729524
user07,2729911
user07,2729920
user07,2729924
user07,2732348
user07,2736189
user07,2737494
user07,2738847
user07,2752327
user07,2754681
user07,2759746
user07,2760285
user07,2760472
user07,2779212
user07,2779213
user07,2781200
user07,2782710
user07,2784434
user07,2785269
user07,2786674
user07,2788830
user07,2788905
user07,2789128
user07,2789206
user07,2789443
user07,2790207
user07,279028
user07,2790867
user07,2790915
user07,2794124
user07,2796278
user07,2796688
user07,280277
user07,2810948
user07,2812883
user07,2813082
user07,2813630
user07,2814146
user07,2814331
user07,2820136
user07,2829931
user07,2830121
user07,2833168
user07,2835181
user07,2835449
user07,2837951
user07,2837953
user07,2841829
user07,2844094
user07,2849730
user07,2850001
user07,2852704
user07,2858185
user07,2859243
user07,2859532
user07,2859934
user07,2864051
user07,2865882
user07,2866627
user07,2867856
user07,2868287
user07,2879652
user07,2899567
user07,2903391
user07,2907025
user07,2908472
user07,2908821
user07,2920057
user07,2920309
user07,292263
user07,2925396
user07,2926322
user07,2929642
user07,2936503
user07,2942099
user07,2944029
user07,2949037
user07,2951217
user07,2956994
user07,2960016
user07,2960253
user07,2964792
user07,2972624
user07,297471
user07,2974841
user07,2976902
user07,2979325
user07,2979901
user07,2983552
user07,2989055
user07,2992758
user07,2993585
user07,3002964
user07,3003126
user07,3003703
user07,3006371
user07,3007075
user07,3008370
user07,3008874
user07,3009800
user07,3010570
user07,3011343
user07,3011346
user07,3011488
user07,3011514
user07,3011665
user07,3011667
user07,3012324
user07,301267
user07,301941
user07,3020391
user07,3020393
user07,3023745
user07,3024865
user07,3025842
user07,3032052
user07,3034322
user07,3035732
user07,3036684
user07,3039999
user07,3044859
user07,3044863
user07,3049994
user07,3050531
user07,3055207
user07,3055212
user07,3055228
user07,3058177
user07,3058392
user07,3062727
user07,3063096
user07,3066163
user07,3066406
user07,3073188
user07,3075987
user07,3079245
user07,3083907
user07,3087744
user07,3090531
user07,3092924
user07,3095387
user07,3097088
user07,3098524
user07,31017
user07,3108076
user07,3108898
user07,3109392
user07,3109393
user07,3112261
user07,3113762
user07,3115672
user07,3122211
user07,3125746
user07,3130455
user07,3132178
user07,313458
user07,3135043
user07,3135381
user07,3135389
user07,3135393
user07,3135437
user07,3136837
user07,3139986
user07,3143148
user07,3143456
user07,3145372
user07,3145834
user07,3145867
user07,314760
user07,3148795
user07,3151551
user07,3157800
user07,3157841
user07,3160527
user07,3162953
user07,3167536
user07,3169224
user07,3170773
user07,3175268
user07,3175343
user07,3177186
user07,3178871
user07,3180047
user07,3180304
user07,3181088
user07,3185488
user07,318627
user07,318852
user07,3191807
user07,3192418
user07,3200249
user07,3206803
user07,3207316
user07,3209882
user07,3212176
user07,3214862
user07,3216407
user07,32167
user07,3219690
user07,3220175
user07,3220839
user07,3221598
user07,3224433
user07,3225011
user07,322760
user07,3233305
user07,3234382
user07,3236277
user07,3237748
user07,323933
user07,324461
user07,3245407
user07,3252654
user07,3253506
user07,326502
user07,3268855
user07,3269075
user07,3274369
user07,3277553
user07,3279110
user07,3279262
user07,3280356
user07,3281085
user07,3282189
user07,329249
user07,330040
user07,3302071
user07,3302688
user07,3302822
user07,3304853
user07,330532
user07,3305810
user07,3307795
user07,3310229
user07,331402
user07,3321909
user07,3325841
user07,3330641
user07,3331006
user07,3332620
user07,3333542
user07,3334108
user07,333498
user07,333568
user07,3340083
user07,334263
user07,3344723
user07,3344976
user07,3350760
user07,3351529
user07,3351574
user07,3357417
user07,3360243
user07,3360245
user07,3360317
user07,3363504
user07,3366624
user07,336853
user07,3369833
user07,3371939
user07,3372014
user07,3376675
user07,3378961
user07,3379096
user07,3381522
user07,3385057
user07,3388574
user07,3391410
user07,3393642
user07,3395173
user07,3396112
user07,3396442
user07,3396457
user07,3396462
user07,3401334
user07,340544
user07,3417331
user07,3421878
user07,3442188
user07,3447148
user07,3447174
user07,3448117
user07,3448126
user07,3448127
user07,3451440
user07,3454274
user07,3456153
user07,3457613
user07,3458483
user07,3458545
user07,3459165
user07,3460280
user07,3460591
user07,3461580
user07,3463806
user07,3464686
user07,3465183
user07,3465359
user07,3465391
user07,3466581
user07,3467021
user07,3469371
user07,3472032
user07,3472640
user07,3473010
user07,3473303
user07,347456
user07,3476417
user07,3477252
user07,3477669
user07,3478225
user07,3478951
user07,3479340
user07,3479345
user07,3480816
user07,3481380
user07,3481476
user07,3484068
user07,3484076
user07,3484320
user07,3487347
user07,3489991
user07,3490656
user07,3491680
user07,3492193
user07,3492200
user07,349321
user07,3494029
user07,349460
user07,3494795
user07,3495366
user07,3499138
user07,3499960
user07,3501829
user07,3502055
user07,3502105
user07,3503882
user07,3505147
user07,3505683
user07,3506168
user07,3507498
user07,3508361
user07,3511354
user07,3511994
user07,3512477
user07,3513715
user07,351820
user07,352025
user07,3522937
user07,3526056
user07,3528818
user07,3529593
user07,353065
user07,3531483
user07,3532486
user07,3537051
user07,3538143
user07,3540251
user07,3540610
user07,3541809
user07,3542194
user07,3544175
user07,3545045
user07,354517
user07,3550962
user07,355273
user07,3554010
user07,3554469
user07,3554559
user07,3557765
user07,3562093
user07,3562603
user07,3562632
user07,3562862
user07,3564984
user07,3565767
user07,3566705
user07,3570754
user07,3571444
user07,357329
user07,357797
user07,3581208
user07,3581664
user07,358171
user07,358371
user07,3586113
user07,3586682
user07,3588812
user07,35893
user07,3592273
user07,3592594
user07,3596809
user07,3597463
user07,3598135
user07,3598193
user07,3600727
user07,3600957
user07,3602152
user07,3602590
user07,3603986
user07,3605951
user07,3606710
user07,3606751
user07,3607641
user07,3610679
user07,3611756
user07,3613299
user07,3613347
user07,3614322
user07,3614439
user07,361522
user07,3615264
user07,3615818
user07,3621873
user07,3622293
user07,3622497
user07,3622546
user07,3622952
user07,3623177
user07,3628721
user07,3631392
user07,3632118
user07,3634819
user07,364400
user07,3644457
user07,3644910
user07,3645166
user07,3652163
user07,3653655
user07,3663780
user07,366551
user07,3667516
user07,36699
user07,3671916
user07,367279
user07,3676612
user07,3676853
user07,367805
user07,3680731
user07,3683422
user07,3686385
user07,3686423
user07,3690310
user07,369511
user07,3695663
user07,3696995
user07,370732
user07,371188
user07,3712984
user07,3715811
user07,3719665
user07,3727501
user07,3730530
user07,373063
user07,3730706
user07,3731234
user07,3731412
user07,3733334
user07,3734841
user07,3735069
user07,3737510
user07,374217
user07,3745902
user07,3755163
user07,37565
user07,3757554
user07,3757592
user07,3762285
user07,3763601
user07,3764871
user07,376597
user07,3769188
user07,3777957
user07,3778197
user07,3788889
user07,379311
user07,3793430
user07,379712
user07,3806267
user07,3806446
user07,3806667
user07,3807254
user07,38087
user07,3810787
user07,3814538
user07,381502
user07,3816350
user07,3816656
user07,3825994
user07,3826625
user07,3828380
user07,3830137
user07,3834366
user07,3835172
user07,3835271
user07,3840728
user07,3842046
user07,3843309
user07,3847910
user07,3849057
user07,3850586
user07,3852321
user07,3852908
user07,3854580
user07,3854883
user07,3855445
user07,385605
user07,3856567
user07,3858337
user07,385875
user07,3859739
user07,3860367
user07,3860907
user07,3861336
user07,386468
user07,3864762
user07,3868322
user07,38688
user07,3870587
user07,3871103
user07,3871229
user07,3873003
user07,3876562
user07,3877760
user07,3878310
user07,3878751
user07,3878753
user07,3880846
user07,3881475
user07,3883004
user07,3883049
user07,3884260
user07,3885312
user07,3886806
user07,3887345
user07,3887871
user07,3888826
user07,3889421
user07,3889570
user07,3892164
user07,3892933
user07,3894313
user07,3894347
user07,3897482
user07,390060
user07,3901210
user07,3901354
user07,3902106
user07,3902792
user07,3903055
user07,3903284
user07,3904004
user07,3904649
user07,3907803
user07,3908060
user07,391134
user07,3911704
user07,3912244
user07,3912963
user07,3916089
user07,3918153
user07,3919413
user07,39214
user07,3922498
user07,3929508
user07,3930410
user07,393062
user07,3930955
user07,3931935
user07,3931943
user07,3933378
user07,3937923
user07,3938120
user07,3938248
user07,3938296
user07,3939580
user07,3940201
user07,3943588
user07,3944639
user07,3945476
user07,3946694
user07,3949092
user07,3950720
user07,3952834
user07,3953259
user07,3953551
user07,3953819
user07,3956368
user07,3956895
user07,3956910
user07,3960513
user07,3963210
user07,3967044
user07,3967937
user07,3968254
user07,3970079
user07,397853
user07,3979229
user07,3979257
user07,3979429
user07,3979883
user07,3981904
user07,3981986
user07,3983574
user07,3984618
user07,398780
user07,3996000
user07,3998015
user07,3998268
user07,3998306
user07,3999296
user07,3999901
user07,400099
user07,4001434
user07,4003572
user07,4005109
user07,4005294
user07,4007934
user07,4008314
user07,4008642
user07,4008946
user07,4009673
user07,4010655
user07,4010755
user07,4011043
user07,4012125
user07,4012141
user07,4012509
user07,4013482
user07,401653
user07,4024491
user07,4024652
user07,4025075
user07,402642
user07,4027750
user07,4039552
user07,404109
user07,404116
user07,404256
user07,404361
user07,4046
user07,4046806
user07,4046981
user07,4047024
user07,404790
user07,405307
user07,4053241
user07,4056269
user07,4056707
user07,4056708
user07,4057179
user07,40595
user07,4062932
user07,4064420
user07,4067137
user07,4067568
user07,4068641
user07,4068808
user07,407004
user07,40704
user07,4072476
user07,4073989
user07,4074408
user07,4075165
user07,4075906
user07,4077580
user07,4080655
user07,4087435
user07,4088100
user07,4088123
user07,4089006
user07,4089396
user07,4094596
user07,4100086
user07,4103659
user07,4106188
user07,4106901
user07,410715
user07,4107429
user07,4107816
user07,4107824
user07,4108658
user07,4108846
user07,4112248
user07,4112285
user07,4113141
user07,4113604
user07,4116240
user07,4116450
user07,4116530
user07,4116724
user07,4116799
user07,4119163
user07,411969
user07,4121735
user07,4122441
user07,4123310
user07,412441
user07,4125520
user07,4125533
user07,4125547
user07,4126127
user07,4128299
user07,4129125
user07,4129187
user07,412920
user07,4129445
user07,4129569
user07,4131443
user07,4131521
user07,4131906
user07,4136240
user07,413872
user07,4143793
user07,4143965
user07,4149267
user07,4149565
user07,4149962
user07,4152706
user07,4155512
user07,4157461
user07,4161430
user07,4163398
user07,4166411
user07,4166726
user07,4168026
user07,4168457
user07,4169111
user07,4172156
user07,4172450
user07,4177112
user07,4180654
user07,4180671
user07,418370
user07,418492
user07,4188669
user07,4188723
user07,4190492
user07,4192539
user07,4193003
user07,4195812
user07,4199658
user07,4201487
user07,4202036
user07,4203612
user07,4204282
user07,4204466
user07,4205557
user07,4206141
user07,4207127
user07,4207535
user07,4207662
user07,4208610
user07,4209307
user07,4209568
user07,4209569
user07,4209777
user07,4210055
user07,4210111
user07,4210767
user07,4211051
user07,4211684
user07,4216327
user07,4216864
user07,4217362
user07,4217619
user07,4218015
user07,422013
user07,422022
user07,4222236
user07,4231402
user07,4232295
user07,4238551
user07,4238926
user07,424207
user07,42449
user07,424889
user07,4250645
user07,4250971
user07,425218
user07,425256
user07,425870
user07,4261490
user07,427240
user07,427370
user07,4273834
user07,4275062
user07,4278896
user07,428040
user07,4283456
user07,4286969
user07,428957
user07,4296867
user07,4301031
user07,4301404
user07,4302053
user07,430978
user07,4309927
user07,4313887
user07,431618
user07,431864
user07,4320868
user07,432309
user07,4329358
user07,4330590
user07,4335092
user07,433959
user07,4340536
user07,4344
user07,4347072
user07,4348181
user07,435062
user07,435657
user07,4360264
user07,4362435
user07,4368805
user07,4370230
user07,4370742
user07,4372132
user07,4372950
user07,4376126
user07,4376806
user07,4377367
user07,437858
user07,4389378
user07,4389385
user07,4390465
user07,4394158
user07,4394278
user07,4394286
user07,4394743
user07,4400477
user07,4409660
user07,4410736
user07,4416211
user07,4417924
user07,4422669
user07,4426226
user07,4426445
user07,442727
user07,4428785
user07,4429194
user07,4431475
user07,4432141
user07,4433381
user07,4433491
user07,4433535
user07,4436129
user07,4436692
user07,4436861
user07,4437193
user07,4439528
user07,4440434
user07,4441963
user07,4444685
user07,4446577
user07,4446598
user07,4447633
user07,4450002
user07,4453981
user07,4454968
user07,4456941
user07,445918
user07,4468332
user07,4471472
user07,4472929
user07,4473797
user07,4473807
user07,4474430
user07,4475421
user07,4475884
user07,4476732
user07,4477759
user07,4480643
user07,4480650
user07,4483093
user07,4485473
user07,4486698
user07,4486720
user07,448680
user07,449364
user07,4494131
user07,4499350
user07,4499927
user07,4513225
user07,4513844
user07,4517586
user07,4520905
user07,452120
user07,4522977
user07,4524710
user07,4528516
user07,4532038
user07,4545085
user07,4547928
user07,4548081
user07,4548082
user07,455780
user07,4560434
user07,4563325
user07,4563373
user07,4564894
user07,4568919
user07,4570011
user07,4570027
user07,4571238
user07,4571310
user07,4571567
user07,458401
user07,459088
user07,460148
user07,461393
user07,463630
user07,46498
user07,468168
user07,469105
user07,470137
user07,470864
user07,471481
user07,472019
user07,472118
user07,472721
user07,473410
user07,474545
user07,474593
user07,475279
user07,475355
user07,475724
user07,476107
user07,476607
user07,47698
user07,477397
user07,479181
user07,479754
user07,479904
user07,481273
user07,481712
user07,482098
user07,483290
user07,486252
user07,486884
user07,487281
user07,487992
user07,490159
user07,494946
user07,49558
user07,495905
user07,497288
user07,497293
user07,50703
user07,51
user07,511772
user07,51397
user07,516583
user07,517925
user07,518611
user07,520404
user07,520805
user07,520880
user07,52148
user07,524881
user07,528045
user07,53144
user07,535772
user07,536649
user07,541846
user07,543886
user07,549854
user07,553620
user07,556306
user07,557091
user07,557966
user07,560406
user07,563456
user07,563467
user07,564756
user07,565824
user07,570524
user07,571603
user07,57655
user07,5780
user07,581407
user07,581415
user07,581423
user07,581445
user07,586560
user07,589195
user07,595779
user07,600602
user07,600620
user07,601785
user07,603451
user07,60553
user07,611006
user07,612563
user07,614547
user07,614555
user07,617580
user07,621553
user07,624743
user07,62718
user07,627402
user07,62994
user07,630939
user07,638608
user07,64291
user07,643988
user07,644167
user07,644362
user07,647277
user07,650570
user07,65061
user07,651235
user07,654523
user07,663276
user07,664695
user07,666206
user07,667950
user07,6724
user07,673844
user07,678387
user07,683098
user07,683159
user07,683204
user07,683947
user07,685140
user07,685271
user07,685469
user07,685470
user07,690029
user07,69125
user07,694188
user07,694497
user07,695184
user07,696997
user07,699983
user07,703835
user07,706196
user07,706507
user07,70961
user07,713608
user07,714628
user07,714716
user07,719057
user07,72086
user07,729025
user07,732662
user07,735918
user07,736736
user07,737873
user07,738803
user07,739062
user07,739569
user07,740880
user07,742176
user07,742517
user07,74542
user07,749503
user07,750280
user07,751362
user07,751391
user07,75246
user07,752792
user07,756276
user07,759186
user07,75983
user07,769347
user07,770273
user07,771737
user07,771878
user07,775247
user07,777679
user07,77946
user07,781223
user07,781382
user07,785407
user07,791914
user07,800242
user07,801134
user07,802548
user07,802967
user07,802994
user07,804111
user07,80606
user07,81099
user07,811450
user07,811759
user07,811935
user07,814240
user07,816944
user07,818593
user07,821360
user07,823407
user07,824432
user07,82672
user07,829577
user07,829588
user07,834453
user07,835474
user07,839359
user07,840859
user07,847433
user07,852539
user07,85317
user07,853666
user07,855841
user07,862215
user07,866981
user07,867761
user07,870253
user07,871303
user07,871910
user07,872916
user07,875261
user07,877254
user07,884988
user07,886831
user07,886856
user07,893918
user07,896586
user07,8988
user07,898853
user07,90013
user07,901228
user07,901271
user07,902702
user07,903463
user07,906691
user07,913794
user07,914968
user07,914970
user07,915742
user07,91776
user07,917982
user07,918134
user07,921079
user07,921746
user07,923648
user07,924215
user07,925506
user07,925694
user07,925893
user07,926048
user07,926279
user07,926768
user07,932292
user07,933481
user07,93563
user07,937874
user07,93951
user07,940414
user07,941416
user07,94194
user07,949213
user07,95322
user07,95364
user07,955919
user07,9564
user07,957966
user07,959969
user07,960186
user07,961052
user07,962372
user07,962373
user07,962523
user07,962899
user07,964062
user07,964270
user07,965515
user07,965522
user07,965568
user07,965926
user07,966462
user07,966709
user07,968016
user07,969605
user07,969792
user07,971430
user07,976207
user07,977234
user07,979031
user07,979145
user07,980282
user07,982704
user07,982711
user07,985134
user07,992351
user07,996674
user07,997901
user07,999603
user08,1
user08,1001454
user08,1001728
user08,1002129
user08,100287
user08,1012235
user08,1013929
user08,1013987
user08,1014351
user08,1014754
user08,1017407
user08,1021915
user08,102277
user08,1024701
user08,1026856
user08,1028869
user08,1029249
user08,1031181
user08,1034056
user08,1035775
user08,103627
user08,103708
user08,1037689
user08,1037854
user08,1038474
user08,1039616
user08,1039714
user08,104080
user08,104199
user08,104342
user08,104985
user08,1051162
user08,105238
user08,105636
user08,1061643
user08,106185
user08,1066622
user08,1068758
user08,1073150
user08,1074283
user08,1078084
user08,1080616
user08,1082301
user08,108236
user08,1085895
user08,1087402
user08,1087601
user08,109301
user08,1096495
user08,1102853
user08,1105185
user08,1107405
user08,11095
user08,1110306
user08,111246
user08,1114083
user08,1114435
user08,111518
user08,1117908
user08,1118193
user08,1118950
user08,1120477
user08,1120972
user08,1127708
user08,1128787
user08,113097
user08,1131660
user08,1137784
user08,1139572
user08,1139582
user08,1142006
user08,114390
user08,1144328
user08,1146209
user08,1147616
user08,1152112
user08,1156047
user08,115842
user08,1160219
user08,1161384
user08,1163165
user08,1166698
user08,1167630
user08,117032
user08,1173594
user08,1177061
user08,1177735
user08,1180069
user08,1181983
user08,1189008
user08,1196354
user08,1197401
user08,1202250
user08,1202513
user08,1202540
user08,1205910
user08,1208148
user08,121013
user08,1210711
user08,121352
user08,1217040
user08,1223207
user08,122565
user08,122566
user08,122570
user08,1231864
user08,1233067
user08,1235579
user08,1239887
user08,1240449
user08,124173
user08,1244296
user08,124438
user08,124443
user08,1244607
user08,1249998
user08,1257647
user08,1257782
user08,1260301
user08,1260309
user08,1260720
user08,1262302
user08,1263533
user08,1265089
user08,1266127
user08,1269592
user08,1270141
user08,1273633
user08,1274993
user08,1281485
user08,1283446
user08,1291250
user08,1292052
user08,1294951
user08,1295300
user08,1295307
user08,1295395
user08,1295626
user08,130269
user08,130282
user08,1304699
user08,1305249
user08,130590
user08,1306375
user08,1307124
user08,1307704
user08,1309401
user08,1309683
user08,1311121
user08,1314164
user08,1315004
user08,1316499
user08,1319836
user08,1320565
user08,1321718
user08,1322012
user08,1322158
user08,1324838
user08,13271
user08,13275
user08,1327820
user08,1327840
user08,1329357
user08,1329625
user08,1329760
user08,1329858
user08,1330917
user08,1333629
user08,1333631
user08,1334181
user08,1340159
user08,1343214
user08,1343349
user08,1343895
user08,1345500
user08,1345915
user08,1346595
user08,1346718
user08,1347194
user08,1347559
user08,1350817
user08,1362834
user08,1364437
user08,1372149
user08,1372439
user08,1376905
user08,1378661
user08,137872
user08,1381338
user08,1382826
user08,1386841
user08,1388657
user08,1388675
user08,1391321
user08,1391373
user08,1396290
user08,140037
user08,1401071
user08,1402168
user08,1406677
user08,1406750
user08,1412847
user08,1415134
user08,1416178
user08,1418218
user08,1418262
user08,1418319
user08,1420721
user08,1422422
user08,1423777
user08,1423857
user08,1424611
user08,1424872
user08,1426122
user08,1429196
user08,1432677
user08,1436189
user08,1436266
user08,1440488
user08,144090
user08,1449939
user08,1451418
user08,1477267
user08,1478256
user08,1482939
user08,1488723
user08,1493383
user08,149380
user08,1499990
user08,1506859
user08,1509154
user08,151006
user08,1522414
user08,1524883
user08,1524933
user08,1528600
user08,1529963
user08,1535055
user08,1536842
user08,1539557
user08,1541913
user08,1542834
user08,1543251
user08,154350
user08,1543606
user08,1544048
user08,1545484
user08,1547205
user08,1548832
user08,1550405
user08,1552417
user08,1552900
user08,1553214
user08,1554720
user08,1555608
user08,1560555
user08,156070
user08,156243
user08,156406
user08,1564845
user08,1569109
user08,1570095
user08,1573198
user08,1573888
user08,1574527
user08,1575815
user08,1581338
user08,1581437
user08,1581467
user08,1581615
user08,1587905
user08,16025
user08,1605314
user08,1606734
user08,1607447
user08,1615893
user08,1618690
user08,1628663
user08,1644911
user08,1645728
user08,1650907
user08,1653530
user08,1653634
user08,1654948
user08,1658167
user08,1661168
user08,1666030
user08,1671571
user08,1672841
user08,1676580
user08,1682317
user08,1683393
user08,1683448
user08,169436
user08,169602
user08,1700517
user08,1702991
user08,1708525
user08,1710854
user08,1713261
user08,1713350
user08,1715622
user08,1716367
user08,1716542
user08,1716898
user08,1717601
user08,1717624
user08,1718028
user08,1718646
user08,1719520
user08,1726005
user08,1728815
user08,1731467
user08,1731549
user08,1732722
user08,1733190
user08,1734116
user08,1736565
user08,173845
user08,1742209
user08,1746139
user08,1746143
user08,1746424
user08,1749031
user08,1749262
user08,1752795
user08,1753188
user08,1753996
user08,1754248
user08,1756596
user08,1757642
user08,1757909
user08,1760214
user08,1762091
user08,1762102
user08,1763953
user08,1764190
user08,1764226
user08,1766658
user08,1770412
user08,177229
user08,1773666
user08,1774656
user08,1775950
user08,1784577
user08,1786117
user08,178623
user08,1796799
user08,1797625
user08,1798312
user08,1798695
user08,1801269
user08,1801886
user08,1803182
user08,1803605
user08,1812762
user08,1816435
user08,182006
user08,1826990
user08,1828591
user08,1829513
user08,183323
user08,1835938
user08,1840410
user08,184264
user08,1844119
user08,1847194
user08,1850509
user08,1853182
user08,1854550
user08,1857204
user08,1857659
user08,1858846
user08,1860431
user08,1862146
user08,1863334
user08,1863547
user08,1863954
user08,1864415
user08,1865138
user08,1866874
user08,1870532
user08,1871826
user08,1871957
user08,1874522
user08,1877381
user08,1877384
user08,1877426
user08,1877443
user08,1877754
user08,1877834
user08,1880443
user08,1882327
user08,1886010
user08,1886372
user08,1888090
user08,1888586
user08,1888774
user08,188896
user08,1889108
user08,1889979
user08,1890343
user08,1890838
user08,1890978
user08,1896165
user08,1896606
user08,189949
user08,190209
user08,190344
user08,1905201
user08,1906083
user08,1910069
user08,1911081
user08,1911644
user08,1912406
user08,1912923
user08,1913357
user08,1916668
user08,1924023
user08,1925185
user08,1927249
user08,1931846
user08,1934132
user08,1936158
user08,1936452
user08,1936552
user08,1937534
user08,1939712
user08,1947653
user08,194792
user08,195169
user08,1956093
user08,1961452
user08,1961700
user08,1966546
user08,1967509
user08,1968920
user08,1968921
user08,1970085
user08,1971451
user08,1971942
user08,1979283
user08,1986982
user08,1987621
user08,1989903
user08,1990600
user08,1991838
user08,1992021
user08,1992460
user08,1993954
user08,1997300
user08,1997317
user08,1997957
user08,1997971
user08,2005359
user08,2014838
user08,2014980
user08,2015211
user08,2019267
user08,2022055
user08,2022390
user08,2026021
user08,2026182
user08,2030290
user08,2030779
user08,2031671
user08,2031690
user08,2037016
user08,2038801
user08,2039998
user08,2040499
user08,2041108
user08,2042350
user08,2042538
user08,204468
user08,204690
user08,2046992
user08,204856
user08,2049855
user08,2050079
user08,2053468
user08,2055384
user08,2055497
user08,2056355
user08,2060343
user08,2060804
user08,2064172
user08,2064195
user08,2064223
user08,2064481
user08,2068064
user08,2068352
user08,2068794
user08,2068867
user08,2070460
user08,2072366
user08,2073606
user08,2073607
user08,2078365
user08,2080953
user08,2090122
user08,2090228
user08,2090393
user08,2091817
user08,2097751
user08,2097931
user08,2099715
user08,2102488
user08,2104412
user08,2105011
user08,2105913
user08,2106674
user08,2107502
user08,2111812
user08,2114893
user08,211643
user08,2128358
user08,212898
user08,2134429
user08,2140580
user08,2140994
user08,2142110
user08,2142116
user08,2142202
user08,2142210
user08,2144956
user08,2149554
user08,2164524
user08,2164947
user08,2165962
user08,2167233
user08,2167724
user08,2168030
user08,216825
user08,2174090
user08,217693
user08,2179090
user08,2181601
user08,2181811
user08,2182017
user08,2184994
user08,2185700
user08,2186814
user08,2187510
user08,2190579
user08,2192608
user08,2192702
user08,2193603
user08,2198052
user08,2198344
user08,2200262
user08,2200814
user08,2202023
user08,2202354
user08,220288
user08,2203566
user08,2203580
user08,2210237
user08,2214238
user08,2214500
user08,2214942
user08,2217039
user08,221751
user08,2219347
user08,2220199
user08,222552
user08,222732
user08,2230949
user08,2231146
user08,2237155
user08,2237724
user08,2249414
user08,2250455
user08,2254362
user08,2255657
user08,2256566
user08,2259970
user08,2260642
user08,2260962
user08,2261007
user08,2261311
user08,2261598
user08,226181
user08,2263949
user08,226632
user08,2267542
user08,2267637
user08,2268831
user08,2271253
user08,2272743
user08,2274760
user08,2277535
user08,2277537
user08,2279568
user08,2279587
user08,228080
user08,2283152
user08,2284941
user08,2285211
user08,2288180
user08,228879
user08,2291946
user08,2292676
user08,2293961
user08,2294136
user08,2295101
user08,2296768
user08,229831
user08,2298828
user08,2299055
user08,2299570
user08,230140
user08,2304397
user08,230539
user08,2307111
user08,2314840
user08,2315085
user08,2316766
user08,2320135
user08,2321320
user08,2322566
user08,2324000
user08,232558
user08,232820
user08,2330863
user08,233147
user08,2332499
user08,2334021
user08,2335933
user08,2337955
user08,2340600
user08,2342300
user08,2342648
user08,2349112
user08,2349311
user08,2351733
user08,2353777
user08,2359475
user08,2362300
user08,2363155
user08,2363175
user08,2363589
user08,2363874
user08,2366752
user08,2369842
user08,2375009
user08,2382744
user08,2383328
user08,2383917
user08,2383918
user08,2383921
user08,2384065
user08,2384505
user08,2384848
user08,2385202
user08,2386903
user08,238735
user08,2393089
user08,2393110
user08,2395556
user08,2397228
user08,2407379
user08,2410860
user08,241129
user08,2411611
user08,2414067
user08,2414232
user08,2414904
user08,2415540
user08,2415550
user08,2417276
user08,2417292
user08,2419452
user08,2429306
user08,243121
user08,2431879
user08,2434290
user08,2436021
user08,2437665
user08,2437814
user08,2438188
user08,2440089
user08,2440707
user08,2441230
user08,2443555
user08,244441
user08,2447833
user08,2449715
user08,2454187
user08,2455421
user08,2458134
user08,2459265
user08,2459781
user08,2460466
user08,2461338
user08,2462486
user08,2467698
user08,2469832
user08,2470230
user08,2470231
user08,2475547
user08,2475757
user08,247696
user08,247796
user08,2480951
user08,2481799
user08,2481876
user08,2482360
user08,2483226
user08,2485504
user08,2486317
user08,249078
user08,249552
user08,2495546
user08,249574
user08,2497758
user08,2500579
user08,2506854
user08,2507685
user08,25115
user08,2511728
user08,2515561
user08,2520335
user08,2523395
user08,2523712
user08,2525143
user08,2525588
user08,252971
user08,2530759
user08,2531406
user08,253213
user08,253215
user08,2540155
user08,2541423
user08,2542903
user08,2542909
user08,2544494
user08,2549304
user08,2552039
user08,2555532
user08,2557718
user08,2560675
user08,2560901
user08,2566541
user08,2566659
user08,2569606
user08,2571550
user08,2577173
user08,2577264
user08,2577856
user08,2585302
user08,2586285
user08,2586907
user08,2588579
user08,2590001
user08,2600295
user08,2603311
user08,260572
user08,2606944
user08,2610231
user08,2610799
user08,2614052
user08,2617902
user08,2618053
user08,2619170
user08,2619757
user08,262401
user08,2624146
user08,2625704
user08,2626113
user08,2626775
user08,2627471
user08,2630617
user08,2632333
user08,2633641
user08,2636906
user08,263869
user08,2642140
user08,2644326
user08,2644872
user08,2644956
user08,2645362
user08,2646585
user08,2646760
user08,265585
user08,2656630
user08,2656637
user08,2664862
user08,2666253
user08,2671868
user08,2674981
user08,2678620
user08,2684427
user08,2685302
user08,2690432
user08,2691122
user08,2691142
user08,2693094
user08,2696476
user08,2697245
user08,269954
user08,2700253
user08,2708984
user08,2710590
user08,2716414
user08,2719245
user08,2719553
user08,2720242
user08,2725086
user08,2730130
user08,2731301
user08,2731519
user08,2737487
user08,2740640
user08,2748134
user08,274875
user08,2752321
user08,2753399
user08,2755446
user08,2755495
user08,2755726
user08,2760859
user08,2764037
user08,2767063
user08,2767957
user08,2769316
user08,2770436
user08,2776865
user08,2777185
user08,2777514
user08,2778713
user08,2779225
user08,2780731
user08,2781093
user08,2784859
user08,2786215
user08,2791906
user08,2793014
user08,2797017
user08,280277
user08,2806719
user08,2813107
user08,2813140
user08,2814194
user08,2815334
user08,2817169
user08,2817679
user08,2817812
user08,2817954
user08,2818494
user08,2820136
user08,2825630
user08,2832288
user08,2836897
user08,2837695
user08,2837938
user08,2837999
user08,2841386
user08,2842406
user08,2844928
user08,2844983
user08,284953
user08,2850279
user08,285106
user08,2852709
user08,2854860
user08,2857723
user08,2858185
user08,2859705
user08,2859934
user08,2864027
user08,2864039
user08,2866627
user08,2866938
user08,2872703
user08,288506
user08,2886219
user08,2890549
user08,2903391
user08,2907268
user08,290735
user08,2907577
user08,2913031
user08,2916015
user08,2920053
user08,2924037
user08,2924054
user08,2930187
user08,2945319
user08,2951217
user08,2955115
user08,2956439
user08,2960471
user08,2963696
user08,29638
user08,2966493
user08,2966508
user08,2973691
user08,297471
user08,2978305
user08,2979331
user08,2981550
user08,2983484
user08,2986165
user08,298635
user08,2986673
user08,2989283
user08,299076
user08,2994446
user08,2997374
user08,3001594
user08,3003126
user08,3008614
user08,3010061
user08,3010077
user08,3010819
user08,3011343
user08,3011488
user08,3011514
user08,3011544
user08,3011648
user08,3011954
user08,3012301
user08,3012758
user08,3013363
user08,3013384
user08,3013899
user08,3016696
user08,3019163
user08,301947
user08,3020672
user08,3021089
user08,3022587
user08,3026412
user08,3030301
user08,3030834
user08,3032174
user08,3033284
user08,3034326
user08,3034742
user08,3034746
user08,3035090
user08,3038749
user08,3039906
user08,3044380
user08,3053354
user08,3061028
user08,3063230
user08,3065855
user08,30660
user08,3066411
user08,3066412
user08,3075106
user08,3075630
user08,3076025
user08,3078598
user08,3083737
user08,3087492
user08,3090023
user08,3090531
user08,3104923
user08,3108113
user08,3108897
user08,3109833
user08,3111203
user08,3114189
user08,311541
user08,3129184
user08,3135043
user08,3135850
user08,3144421
user08,3145863
user08,3145914
user08,3147340
user08,3150941
user08,3151776
user08,3152046
user08,3152203
user08,3155167
user08,3157800
user08,3159009
user08,3159837
user08,3160527
user08,3167110
user08,3170360
user08,3178263
user08,3180948
user08,3181088
user08,3181908
user08,3182677
user08,318614
user08,3187309
user08,3187332
user08,3190932
user08,3193925
user08,3194433
user08,3194730
user08,3196094
user08,3198669
user08,3202575
user08,3208060
user08,3208061
user08,3212073
user08,3213513
user08,3218523
user08,3218622
user08,3220091
user08,3221178
user08,3222062
user08,3224900
user08,3225264
user08,3229127
user08,3229163
user08,3232786
user08,3235110
user08,3236277
user08,3236554
user08,3238903
user08,3241803
user08,3241903
user08,3245432
user08,324686
user08,3252654
user08,3253506
user08,3257586
user08,3258252
user08,3261757
user08,326891
user08,326904
user08,3278109
user08,3281763
user08,3295845
user08,3296774
user08,3298822
user08,3299909
user08,3300164
user08,3301835
user08,3301855
user08,3302044
user08,3302070
user08,3302695
user08,3312738
user08,331378
user08,331402
user08,3317396
user08,33207
user08,3321995
user08,3327298
user08,3339675
user08,334001
user08,3340083
user08,3342828
user08,3343681
user08,3351578
user08,3352626
user08,3354231
user08,3355515
user08,3355582
user08,3359211
user08,3360349
user08,3360495
user08,3362257
user08,3362776
user08,3362864
user08,3369296
user08,3369303
user08,3369433
user08,3370765
user08,3371055
user08,3372029
user08,3372822
user08,3376534
user08,3381192
user08,3382714
user08,3384216
user08,3385623
user08,3386276
user08,3388952
user08,3389900
user08,3396467
user08,3397191
user08,3398216
user08,3437256
user08,3441351
user08,3441685
user08,3444975
user08,3447174
user08,3452499
user08,345260
user08,3456930
user08,3459164
user08,3460602
user08,3461506
user08,3463017
user08,3465324
user08,3467767
user08,34684
user08,3468523
user08,3470916
user08,347462
user08,3475502
user08,3476417
user08,3477252
user08,3477254
user08,347810
user08,3478777
user08,3481380
user08,3482535
user08,3482613
user08,34852
user08,3487936
user08,3488225
user08,3490026
user08,3490596
user08,34912
user08,3497051
user08,3497868
user08,3498237
user08,3499647
user08,3499872
user08,3501930
user08,3502055
user08,3502532
user08,3503327
user08,3503496
user08,3504081
user08,3505533
user08,3506300
user08,3506642
user08,3510029
user08,3512004
user08,3512313
user08,3512388
user08,3512478
user08,3513533
user08,3513923
user08,3514106
user08,3514461
user08,3515255
user08,3515929
user08,3517328
user08,3519745
user08,3521851
user08,3522227
user08,3524196
user08,3524626
user08,3525119
user08,3525965
user08,352771
user08,3528426
user08,3528808
user08,3529076
user08,3531483
user08,3532509
user08,3533334
user08,3538143
user08,3540681
user08,3542194
user08,3542208
user08,354226
user08,3543560
user08,3545935
user08,3547212
user08,3547593
user08,355276
user08,3553253
user08,3555886
user08,3557459
user08,3557463
user08,3558302
user08,3560319
user08,3562709
user08,3563609
user08,3565767
user08,3565938
user08,3568784
user08,3571444
user08,3573560
user08,3582365
user08,3583666
user08,3586682
user08,3588193
user08,3590560
user08,3595332
user08,3595363
user08,3595596
user08,3597468
user08,3598160
user08,3598187
user08,3599788
user08,3599855
user08,3599896
user08,3600718
user08,3601140
user08,3602152
user08,3602289
user08,3602643
user08,3603037
user08,3603262
user08,3603986
user08,3607641
user08,3610688
user08,3611789
user08,3613320
user08,3613331
user08,3613527
user08,3613831
user08,3614520
user08,3615818
user08,3616198
user08,3617305
user08,3618037
user08,3618720
user08,36188
user08,3620152
user08,3622326
user08,3622497
user08,3623403
user08,3623503
user08,3624569
user08,3625768
user08,3625933
user08,3626849
user08,3628632
user08,3628697
user08,3629829
user08,3631639
user08,3632118
user08,3633213
user08,3635352
user08,3641642
user08,3642518
user08,364287
user08,3642987
user08,3645517
user08,3647332
user08,364751
user08,3647580
user08,3647604
user08,3647611
user08,3653643
user08,3660880
user08,366551
user08,3667516
user08,3671508
user08,3671916
user08,3672484
user08,3672554
user08,3675844
user08,3677567
user08,367805
user08,3678989
user08,3678997
user08,3679922
user08,3679988
user08,3680896
user08,3680929
user08,368136
user08,3681392
user08,368178
user08,3684903
user08,3690330
user08,3690677
user08,369293
user08,3695498
user08,3697672
user08,3702721
user08,3702849
user08,3704283
user08,3718056
user08,3719665
user08,372765
user08,3730808
user08,373199
user08,373302
user08,3733137
user08,3734928
user08,3737510
user08,37408
user08,37418
user08,374328
user08,3744556
user08,374963
user08,374968
user08,3753986
user08,3761863
user08,3769188
user08,3771089
user08,3771933
user08,3774498
user08,3774532
user08,3774537
user08,377566
user08,3780869
user08,37834
user08,379217
user08,379712
user08,380357
user08,380394
user08,380713
user08,380993
user08,3814538
user08,381571
user08,3816444
user08,3828379
user08,3830134
user08,383299
user08,3834366
user08,3835437
user08,3835855
user08,3836058
user08,3838198
user08,3838701
user08,3841414
user08,3842584
user08,3843839
user08,3847918
user08,3852908
user08,3854580
user08,3857168
user08,3860709
user08,3861833
user08,3863606
user08,386452
user08,3871570
user08,3872228
user08,3873102
user08,3873209
user08,3874576
user08,38768
user08,3876937
user08,3877226
user08,3877927
user08,3878310
user08,3878501
user08,3879444
user08,3883778
user08,3884170
user08,3884527
user08,3885312
user08,3886848
user08,3889309
user08,3889388
user08,3894313
user08,3894602
user08,3894919
user08,3894959
user08,3897780
user08,3898254
user08,3902631
user08,3902788
user08,3902793
user08,390290
user08,3903284
user08,3903610
user08,390566
user08,3907254
user08,3907848
user08,3908256
user08,390940
user08,3910275
user08,3910687
user08,391134
user08,3914207
user08,391605
user08,3917669
user08,3918153
user08,3919593
user08,3919684
user08,3922668
user08,3924913
user08,3927794
user08,393068
user08,3931935
user08,3931956
user08,3931958
user08,3931970
user08,3932516
user08,3933362
user08,3934994
user08,3938065
user08,393936
user08,393940
user08,3941062
user08,3943588
user08,3944639
user08,3945375
user08,3948286
user08,3949331
user08,3949353
user08,3949623
user08,3950400
user08,3953358
user08,3953395
user08,3956871
user08,3957803
user08,3957835
user08,3959363
user08,3961491
user08,396272
user08,3966204
user08,3966578
user08,3970796
user08,3972607
user08,3973091
user08,3973391
user08,3974826
user08,3978869
user08,3979232
user08,3979469
user08,3979506
user08,3984529
user08,3984533
user08,3984550
user08,3984861
user08,398780
user08,3988003
user08,3990103
user08,3990150
user08,3992518
user08,3992999
user08,3993332
user08,3998010
user08,3998962
user08,4000209
user08,400166
user08,4002045
user08,400292
user08,400312
user08,4004419
user08,4004531
user08,400528
user08,4008002
user08,4010655
user08,4011213
user08,4011523
user08,4012946
user08,4013471
user08,4013482
user08,4019877
user08,4020808
user08,4024473
user08,4024693
user08,4026810
user08,4029905
user08,4039448
user08,4042682
user08,4046839
user08,4048080
user08,4048641
user08,4050758
user08,405246
user08,4057179
user08,4057442
user08,4062099
user08,4068692
user08,4068808
user08,406967
user08,4069834
user08,4071390
user08,4073031
user08,4074493
user08,4075192
user08,4076082
user08,4077437
user08,4077535
user08,4080655
user08,408416
user08,408788
user08,4092681
user08,4093443
user08,4093510
user08,4095791
user08,410157
user08,4103659
user08,4105075
user08,410715
user08,4107669
user08,4108598
user08,4110229
user08,4111519
user08,4117046
user08,4117154
user08,4118081
user08,4118146
user08,4118621
user08,4118914
user08,4118998
user08,4119869
user08,412058
user08,4120812
user08,4121387
user08,4121839
user08,4121855
user08,4121872
user08,4121904
user08,4122944
user08,4123672
user08,4123739
user08,412485
user08,4127656
user08,4128837
user08,4129187
user08,4129990
user08,4130459
user08,4132279
user08,4133565
user08,4134232
user08,4136239
user08,4136242
user08,4142293
user08,4143793
user08,4143951
user08,4144382
user08,4145310
user08,4147416
user08,4149476
user08,4151986
user08,4158078
user08,4158298
user08,416006
user08,4160331
user08,4160618
user08,4162146
user08,4162189
user08,4162696
user08,4163314
user08,4163398
user08,4164569
user08,4164744
user08,4168449
user08,4172136
user08,4176282
user08,4177468
user08,4178975
user08,418492
user08,4185820
user08,4186327
user08,4188603
user08,4188723
user08,418967
user08,4190415
user08,4192987
user08,4192988
user08,4193131
user08,4195152
user08,419599
user08,4201459
user08,4205591
user08,4205716
user08,4206221
user08,4206314
user08,4206737
user08,4207147
user08,4208610
user08,4209307
user08,420942
user08,4210043
user08,421010
user08,4210997
user08,4211036
user08,4211043
user08,4211405
user08,4211413
user08,4211562
user08,4212833
user08,4214291
user08,4214957
user08,4217206
user08,4230687
user08,4233789
user08,423395
user08,4237739
user08,4238926
user08,424605
user08,4247766
user08,425002
user08,4250970
user08,425468
user08,425870
user08,425901
user08,427146
user08,4274506
user08,4278896
user08,427971
user08,4279996
user08,4280113
user08,4283131
user08,4290466
user08,429680
user08,4296802
user08,4300977
user08,4301407
user08,4301517
user08,4302883
user08,430598
user08,4306326
user08,430876
user08,4309933
user08,431161
user08,431423
user08,4316706
user08,431864
user08,4321536
user08,4322632
user08,432309
user08,4330083
user08,4334535
user08,4335694
user08,4335983
user08,433752
user08,434132
user08,434511
user08,4347057
user08,4347774
user08,4349839
user08,4352002
user08,4357355
user08,4362292
user08,4366310
user08,4369026
user08,436911
user08,4370033
user08,4372268
user08,4372950
user08,4373521
user08,4374462
user08,4376364
user08,4385080
user08,4388505
user08,4389861
user08,4392312
user08,4395680
user08,43988
user08,4400477
user08,4402873
user08,4408538
user08,4409612
user08,4410686
user08,4411659
user08,4416211
user08,4424434
user08,4424893
user08,4428031
user08,4430758
user08,4431079
user08,4431627
user08,4435760
user08,4435774
user08,4436377
user08,4437124
user08,4439395
user08,4441963
user08,4443093
user08,4443556
user08,4443629
user08,4453331
user08,4453351
user08,4453425
user08,4453599
user08,4454196
user08,4454894
user08,4455614
user08,4457173
user08,4463454
user08,4471072
user08,4474848
user08,4479030
user08,4479773
user08,4481130
user08,448155
user08,448190
user08,4483115
user08,4483606
user08,4483607
user08,4484493
user08,4484732
user08,4486104
user08,4486209
user08,4486698
user08,4486701
user08,4487360
user08,4489492
user08,4498861
user08,4500640
user08,4500824
user08,4502119
user08,4502308
user08,4502457
user08,4504404
user08,4504823
user08,450959
user08,4512091
user08,4512693
user08,451361
user08,4522237
user08,4522917
user08,4523268
user08,4525874
user08,4526582
user08,4533357
user08,4539105
user08,4540078
user08,4540344
user08,4541186
user08,4547945
user08,4548081
user08,4551249
user08,4553018
user08,4559287
user08,4561853
user08,4563025
user08,4566858
user08,4567465
user08,456763
user08,4568542
user08,4569377
user08,4569716
user08,4569722
user08,4570063
user08,4570183
user08,4570494
user08,4571574
user08,4571687
user08,458415
user08,458484
user08,459538
user08,468369
user08,4701
user08,470735
user08,472400
user08,474577
user08,474579
user08,475088
user08,475561
user08,476020
user08,477134
user08,477135
user08,477139
user08,477485
user08,477608
user08,477752
user08,478554
user08,47863
user08,479570
user08,4796
user08,479898
user08,480621
user08,481258
user08,482218
user08,482407
user08,482809
user08,482856
user08,483536
user08,483600
user08,485454
user08,486859
user08,486882
user08,48938
user08,49291
user08,495788
user08,495848
user08,497288
user08,499902
user08,500322
user08,50183
user08,504250
user08,506662
user08,507877
user08,508659
user08,512939
user08,513442
user08,518218
user08,524081
user08,528943
user08,533774
user08,536649
user08,53749
user08,53929
user08,543886
user08,557170
user08,558309
user08,55859
user08,561138
user08,563459
user08,563791
user08,565822
user08,567147
user08,567268
user08,567733
user08,569660
user08,574241
user08,57655
user08,576653
user08,577859
user08,581407
user08,581408
user08,584592
user08,587206
user08,587227
user08,589195
user08,589239
user08,591291
user08,591842
user08,59444
user08,594466
user08,595533
user08,595931
user08,59594
user08,597635
user08,6
user08,601050
user08,610378
user08,611245
user08,612127
user08,61393
user08,615039
user08,617642
user08,621658
user08,626356
user08,627415
user08,632048
user08,636947
user08,638606
user08,643456
user08,645867
user08,650570
user08,652057
user08,653467
user08,661486
user08,666570
user08,667254
user08,667950
user08,668613
user08,671786
user08,677330
user08,678279
user08,678363
user08,678387
user08,679774
user08,680469
user08,680775
user08,680955
user08,684186
user08,685468
user08,68798
user08,691349
user08,694492
user08,69531
user08,695726
user08,696997
user08,700146
user08,702701
user08,704078
user08,706507
user08,708999
user08,713549
user08,717613
user08,723549
user08,727580
user08,728919
user08,733079
user08,74435
user08,745303
user08,751315
user08,751395
user08,757797
user08,757822
user08,763650
user08,76512
user08,768301
user08,769347
user08,771737
user08,779149
user08,779319
user08,779389
user08,781202
user08,783130
user08,784571
user08,784864
user08,785430
user08,786310
user08,786615
user08,786709
user08,789123
user08,790147
user08,790605
user08,791955
user08,792576
user08,792686
user08,792906
user08,79408
user08,795249
user08,79566
user08,79568
user08,79652
user08,80162
user08,802548
user08,805636
user08,809142
user08,811728
user08,811811
user08,813679
user08,821176
user08,824432
user08,826489
user08,82732
user08,833948
user08,83771
user08,839292
user08,841296
user08,84325
user08,844576
user08,845971
user08,849197
user08,849475
user08,852539
user08,855812
user08,86337
user08,864963
user08,864966
user08,86594
user08,867255
user08,871894
user08,874747
user08,874758
user08,875057
user08,87555
user08,875785
user08,88046
user08,880721
user08,884159
user08,885612
user08,896586
user08,897680
user08,902078
user08,902128
user08,902967
user08,903821
user08,905615
user08,905870
user08,911451
user08,914968
user08,917871
user08,918870
user08,924215
user08,925392
user08,925411
user08,925611
user08,929352
user08,930089
user08,93026
user08,932083
user08,932084
user08,932464
user08,932751
user08,932875
user08,933243
user08,93563
user08,936463
user08,936718
user08,939237
user08,93951
user08,940413
user08,942662
user08,947243
user08,948187
user08,954868
user08,959969
user08,960176
user08,960186
user08,961052
user08,962491
user08,963552
user08,963579
user08,964270
user08,965517
user08,965568
user08,966008
user08,966711
user08,966902
user08,96832
user08,969065
user08,969198
user08,969457
user08,973584
user08,974418
user08,977620
user08,980698
user08,980885
user08,985684
user08,985845
user08,98633
user08,987102
user08,988594
user08,989119
user08,990140
user08,99063
user08,991771
user08,992351
user11,1005939
user11,1010019
user11,1014643
user11,1014754
user11,1015978
user11,1021918
user11,102266
user11,102277
user11,1026316
user11,102667
user11,1035588
user11,103729
user11,1037693
user11,1038502
user11,1040674
user11,1040809
user11,1041344
user11,1041905
user11,104227
user11,1042324
user11,104342
user11,1056314
user11,1057484
user11,1062917
user11,106391
user11,1065556
user11,1065559
user11,1069456
user11,1079671
user11,1088541
user11,1098716
user11,1102721
user11,1104341
user11,1112157
user11,1114435
user11,111606
user11,1117038
user11,1122500
user11,1123529
user11,1124508
user11,1124650
user11,1130294
user11,113144
user11,1133204
user11,1136275
user11,1137180
user11,1138058
user11,1138275
user11,1139989
user11,1144328
user11,1145161
user11,115811
user11,1162773
user11,1163212
user11,1168995
user11,1177794
user11,11807
user11,1181983
user11,1183204
user11,1189219
user11,1189875
user11,1190439
user11,1193062
user11,1195017
user11,1195045
user11,1195106
user11,119891
user11,119978
user11,1200102
user11,1201937
user11,1208158
user11,1212909
user11,1214650
user11,1217041
user11,122580
user11,1231864
user11,1235
user11,1236062
user11,1239551
user11,1244397
user11,1245965
user11,1247502
user11,1250008
user11,1252428
user11,1255292
user11,125979
user11,1260465
user11,1260477
user11,126158
user11,1263004
user11,1264069
user11,1264105
user11,1264225
user11,1264261
user11,1272539
user11,1273633
user11,1273634
user11,1277
user11,127795
user11,127978
user11,1280
user11,1282486
user11,1282914
user11,1285687
user11,1285709
user11,1286780
user11,1287581
user11,1289428
user11,1291201
user11,1293291
user11,1293578
user11,1295736
user11,130365
user11,1307704
user11,1307784
user11,1307789
user11,1308789
user11,1309766
user11,1311076
user11,1312416
user11,1312469
user11,1313746
user11,1314164
user11,1316157
user11,1320555
user11,1320767
user11,1320875
user11,1321038
user11,1321469
user11,1322112
user11,1322129
user11,1324406
user11,1324737
user11,1325182
user11,1327428
user11,1329108
user11,1329644
user11,1329862
user11,1330852
user11,1330861
user11,1331186
user11,1331789
user11,1332035
user11,1334151
user11,1334177
user11,1336038
user11,1337687
user11,1338111
user11,1339474
user11,1339832
user11,1340159
user11,1341772
user11,1341965
user11,1343214
user11,1345594
user11,1347628
user11,1350818
user11,1350822
user11,1357091
user11,1359934
user11,1365195
user11,1371373
user11,1372538
user11,1372847
user11,1374677
user11,1375633
user11,1376099
user11,1377212
user11,1378939
user11,1381695
user11,1391321
user11,1393691
user11,1393734
user11,1396290
user11,1399996
user11,1406688
user11,1406762
user11,1416589
user11,1418262
user11,1421486
user11,1423347
user11,142460
user11,1424702
user11,1426610
user11,1426874
user11,1429375
user11,1429407
user11,1433300
user11,1435753
user11,1436191
user11,1436775
user11,1439275
user11,144090
user11,1441960
user11,145046
user11,14647
user11,1466478
user11,1475418
user11,1479273
user11,1494116
user11,1496388
user11,1498368
user11,1499870
user11,1499923
user11,1504300
user11,151008
user11,1510976
user11,1512559
user11,1512565
user11,1514173
user11,1514232
user11,1519069
user11,1525985
user11,153291
user11,1540540
user11,1544861
user11,1545536
user11,1545912
user11,1547412
user11,1548081
user11,1548172
user11,1548823
user11,1548832
user11,1550763
user11,1550769
user11,1551979
user11,1554929
user11,1557033
user11,155889
user11,1558892
user11,1559956
user11,1562246
user11,1563745
user11,1565033
user11,1566421
user11,156890
user11,1574527
user11,1575669
user11,1576887
user11,1579338
user11,1582999
user11,1587905
user11,159292
user11,1593011
user11,1594630
user11,15984
user11,1598509
user11,1604963
user11,1606734
user11,16072
user11,1607449
user11,160964
user11,1610664
user11,1611975
user11,1616048
user11,1622656
user11,1623570
user11,1627565
user11,1627735
user11,1627761
user11,1628454
user11,1629147
user11,1629394
user11,1631036
user11,1633646
user11,1634981
user11,1640486
user11,1647267
user11,16489
user11,1662355
user11,1666997
user11,1668756
user11,167349
user11,1674125
user11,1676826
user11,1678125
user11,1678273
user11,1680909
user11,1683393
user11,1693544
user11,1698621
user11,1699162
user11,170284
user11,1705953
user11,1707216
user11,1708062
user11,1708362
user11,1710554
user11,1712014
user11,1712627
user11,1714189
user11,1716625
user11,1716916
user11,1717565
user11,1718028
user11,1720236
user11,1720851
user11,1723145
user11,1728439
user11,1731378
user11,1731423
user11,1737474
user11,1738127
user11,1738665
user11,1739805
user11,1742215
user11,1742238
user11,1743477
user11,1743725
user11,1744175
user11,1746554
user11,1747070
user11,1748579
user11,1749262
user11,175011
user11,1752177
user11,1752979
user11,1755655
user11,1758882
user11,1762499
user11,1764388
user11,1764687
user11,1764694
user11,176646
user11,17690
user11,1769763
user11,1771210
user11,1772761
user11,1777388
user11,1780912
user11,1781893
user11,1782102
user11,1786117
user11,1787091
user11,1791878
user11,1793657
user11,1794348
user11,1797172
user11,1801156
user11,1802789
user11,1802946
user11,1815255
user11,1821677
user11,1824259
user11,1825853
user11,1826379
user11,1831526
user11,1833572
user11,1844896
user11,1846293
user11,1847368
user11,1850247
user11,1861169
user11,1862273
user11,1863279
user11,1863334
user11,1864085
user11,1865521
user11,1866820
user11,1868542
user11,1869430
user11,1869974
user11,1871294
user11,1871322
user11,1871344
user11,1872390
user11,1875846
user11,1877142
user11,1878655
user11,1882287
user11,1882414
user11,1885522
user11,1886010
user11,1886921
user11,1888002
user11,1889060
user11,1889173
user11,1889593
user11,1890241
user11,1890326
user11,1892789
user11,1892946
user11,1893775
user11,1896552
user11,1896606
user11,1896950
user11,1897441
user11,1898257
user11,1898962
user11,1905201
user11,1912923
user11,1913215
user11,1918182
user11,19229
user11,1924866
user11,1924868
user11,1927798
user11,1928027
user11,1930168
user11,1935005
user11,1936158
user11,1936200
user11,1936452
user11,1936551
user11,1940262
user11,1940415
user11,1940515
user11,1941463
user11,1945414
user11,1947653
user11,1948146
user11,195169
user11,195275
user11,1960972
user11,1966399
user11,1971451
user11,1971942
user11,1973077
user11,1974095
user11,1978065
user11,1978610
user11,1985132
user11,198514
user11,1991455
user11,1993819
user11,1997717
user11,1997963
user11,1998328
user11,2000230
user11,2002061
user11,2005319
user11,2009231
user11,2010932
user11,2011530
user11,2015211
user11,2015927
user11,2022915
user11,2024289
user11,2025939
user11,2037016
user11,2038836
user11,2039161
user11,2042401
user11,2043781
user11,204856
user11,2049095
user11,204991
user11,2049960
user11,2051099
user11,2053430
user11,2056355
user11,2057639
user11,205950
user11,2060808
user11,2062120
user11,2064505
user11,206853
user11,2068591
user11,2068720
user11,2068740
user11,2069186
user11,2070460
user11,2072356
user11,2072461
user11,2072464
user11,2072854
user11,2072904
user11,2072923
user11,2073652
user11,2074016
user11,2079044
user11,2079045
user11,2079050
user11,2083590
user11,2085425
user11,208958
user11,2090228
user11,2090393
user11,2091953
user11,2097471
user11,2099715
user11,2101063
user11,2101959
user11,2103654
user11,2107166
user11,2107394
user11,2109250
user11,2111864
user11,2113761
user11,2114093
user11,2114408
user11,2117106
user11,2120945
user11,2121598
user11,2127082
user11,2127379
user11,2130351
user11,2142008
user11,2142134
user11,2142142
user11,2148904
user11,2148940
user11,2148950
user11,2152303
user11,2155934
user11,2167553
user11,2168503
user11,2169392
user11,2172062
user11,2172831
user11,2175399
user11,2176497
user11,2177558
user11,2180469
user11,2181165
user11,2181271
user11,2181601
user11,2181603
user11,2183839
user11,2184064
user11,2184727
user11,2186123
user11,2187619
user11,2188144
user11,2189849
user11,2190580
user11,2191518
user11,2192251
user11,2192732
user11,2192854
user11,219639
user11,2200814
user11,2200865
user11,2203215
user11,2203216
user11,2203889
user11,2204232
user11,2208636
user11,2214942
user11,221755
user11,2218018
user11,2218434
user11,2220184
user11,222173
user11,2221974
user11,2224165
user11,2225995
user11,2228741
user11,222976
user11,223119
user11,2234647
user11,2235105
user11,224803
user11,2249282
user11,2255885
user11,2260475
user11,2260481
user11,2260493
user11,2260559
user11,2261051
user11,2262422
user11,2263735
user11,2264925
user11,2268371
user11,2270655
user11,2273420
user11,2274576
user11,2274760
user11,2277523
user11,228080
user11,2284609
user11,2284892
user11,2292739
user11,2294222
user11,2294886
user11,2299079
user11,2299916
user11,2303961
user11,2309883
user11,2310631
user11,2313362
user11,2314587
user11,231766
user11,2318806
user11,2320888
user11,2321985
user11,2322496
user11,2327629
user11,2329268
user11,2329912
user11,2330977
user11,233139
user11,233160
user11,2332499
user11,2332584
user11,2332648
user11,2332839
user11,2334092
user11,2337440
user11,2340600
user11,2345032
user11,2349091
user11,2353921
user11,2361028
user11,2362578
user11,2362966
user11,2365192
user11,2365957
user11,2366728
user11,2366752
user11,2368898
user11,2370893
user11,2371024
user11,2371151
user11,2382182
user11,2382401
user11,2385204
user11,2388647
user11,2389597
user11,2394414
user11,2396786
user11,2402302
user11,2404328
user11,2405137
user11,2405305
user11,2406166
user11,240970
user11,241136
user11,2414004
user11,2414067
user11,2414553
user11,2417276
user11,2420297
user11,242386
user11,242387
user11,2426812
user11,2427161
user11,2428453
user11,2431879
user11,2433175
user11,2437665
user11,244467
user11,2448197
user11,24508
user11,2450867
user11,2455421
user11,2458321
user11,2462511
user11,2463507
user11,2466083
user11,2467524
user11,2467698
user11,2469249
user11,2470578
user11,2473438
user11,2475757
user11,2475834
user11,2481876
user11,2483516
user11,2483805
user11,2484162
user11,2486074
user11,2486321
user11,2488401
user11,2488634
user11,248982
user11,2492407
user11,2497232
user11,24978
user11,2500208
user11,2501626
user11,2503260
user11,2506175
user11,250682
user11,2511712
user11,2517290
user11,2520351
user11,2523720
user11,2523893
user11,25242
user11,2525143
user11,2526772
user11,2527650
user11,2531862
user11,2534065
user11,2535366
user11,2537056
user11,2538925
user11,2540226
user11,2540912
user11,2542875
user11,2546580
user11,2546583
user11,2551686
user11,2554764
user11,2557033
user11,2562812
user11,2562819
user11,2565251
user11,2566143
user11,2566536
user11,2566662
user11,2571636
user11,2575145
user11,2576159
user11,2577735
user11,2584375
user11,2584977
user11,2585205
user11,2585364
user11,258673
user11,2589987
user11,2595318
user11,2602613
user11,2606053
user11,2608548
user11,2612293
user11,261451
user11,2617423
user11,2618555
user11,2626655
user11,262836
user11,2628576
user11,2632689
user11,2634137
user11,2635053
user11,2636887
user11,2638318
user11,263841
user11,2642470
user11,2642471
user11,2643118
user11,264403
user11,2645363
user11,2645774
user11,2646380
user11,2646566
user11,2647510
user11,2647651
user11,2648307
user11,2654574
user11,2656709
user11,2659767
user11,2664955
user11,2667561
user11,2668279
user11,2672951
user11,2680718
user11,2682301
user11,2685055
user11,269021
user11,2691727
user11,2693172
user11,2693304
user11,2707859
user11,2710226
user11,2714414
user11,2718866
user11,2720278
user11,2720355
user11,2720626
user11,2721423
user11,2722539
user11,2725881
user11,2729767
user11,2731400
user11,2731546
user11,2733844
user11,2735061
user11,27417
user11,27422
user11,2747607
user11,2748075
user11,2749484
user11,2752327
user11,2752359
user11,2753208
user11,2753399
user11,2756492
user11,2762425
user11,2764272
user11,2767063
user11,2771461
user11,2778420
user11,2780724
user11,2781093
user11,2782707
user11,278453
user11,2784686
user11,2784779
user11,2784924
user11,2786374
user11,2786724
user11,2787690
user11,2791174
user11,2791957
user11,2792239
user11,2793623
user11,2797751
user11,279879
user11,280101
user11,2801967
user11,280277
user11,2804822
user11,2808655
user11,2810050
user11,2810209
user11,2810697
user11,2810949
user11,2812488
user11,2813856
user11,2814146
user11,2814332
user11,2816436
user11,2816972
user11,2819282
user11,2819379
user11,2820471
user11,2824540
user11,2827672
user11,2829660
user11,2832198
user11,2834359
user11,2838000
user11,2839443
user11,2843107
user11,2849490
user11,2850002
user11,2852671
user11,2852709
user11,2857363
user11,2857461
user11,2858185
user11,2863205
user11,2864047
user11,2865902
user11,2866627
user11,2866934
user11,2870243
user11,2884071
user11,2889763
user11,2903391
user11,2903730
user11,2907018
user11,2913055
user11,2915352
user11,2916711
user11,2921211
user11,2921312
user11,2924054
user11,2926311
user11,2926337
user11,2951217
user11,2960327
user11,2962713
user11,2968760
user11,2972892
user11,297471
user11,2976458
user11,2979265
user11,2979327
user11,2979755
user11,2981551
user11,2983484
user11,2986024
user11,2986673
user11,2987367
user11,2988359
user11,2997387
user11,300585
user11,3006503
user11,3006666
user11,300683
user11,301081
user11,3011351
user11,3011488
user11,3016403
user11,3019139
user11,3020391
user11,3023745
user11,3029222
user11,3029316
user11,3029534
user11,3032052
user11,3032690
user11,3033284
user11,3034338
user11,3034499
user11,3035115
user11,3035796
user11,3039309
user11,3039860
user11,3039999
user11,3040509
user11,3040669
user11,3049986
user11,3052977
user11,3054496
user11,3056345
user11,3060106
user11,3063592
user11,3065546
user11,3065898
user11,3065944
user11,3066042
user11,3066408
user11,3067020
user11,3070456
user11,3076724
user11,3078262
user11,3090023
user11,3090531
user11,3096743
user11,3101463
user11,3104639
user11,3106522
user11,3108898
user11,3112293
user11,3114188
user11,3115353
user11,3117462
user11,3125634
user11,3126964
user11,3127571
user11,3129182
user11,3129184
user11,3130095
user11,3133548
user11,3134216
user11,3135043
user11,3135156
user11,3135437
user11,3135771
user11,3135845
user11,3135882
user11,3136118
user11,314194
user11,314211
user11,3143165
user11,3145847
user11,3145860
user11,3145888
user11,3146744
user11,3147436
user11,3149727
user11,3151861
user11,3151894
user11,3153702
user11,315714
user11,3157800
user11,3157876
user11,3159850
user11,3170327
user11,3170773
user11,3172238
user11,3175343
user11,3178871
user11,3179110
user11,3181088
user11,3182677
user11,3184381
user11,3184984
user11,3185239
user11,3190722
user11,3192432
user11,3192485
user11,3193902
user11,3193925
user11,3197877
user11,3200265
user11,3201824
user11,3207005
user11,3207315
user11,3211844
user11,3212072
user11,3213363
user11,3216872
user11,3218532
user11,3218824
user11,3219146
user11,3219965
user11,3222158
user11,3223273
user11,322760
user11,3229124
user11,3229126
user11,322925
user11,3229738
user11,3232786
user11,3236277
user11,3237730
user11,3239844
user11,3239942
user11,3241902
user11,3244652
user11,3245994
user11,3246005
user11,3248974
user11,32498
user11,3252654
user11,3253506
user11,3255518
user11,3262780
user11,3264029
user11,326898
user11,3273434
user11,3278108
user11,3278993
user11,3278998
user11,3279795
user11,3282109
user11,32828
user11,3287578
user11,3291547
user11,3291718
user11,3295375
user11,3298512
user11,3299720
user11,330068
user11,330261
user11,3302703
user11,3304713
user11,3304763
user11,3308140
user11,3312653
user11,331402
user11,3325122
user11,3325808
user11,3327277
user11,3330166
user11,33399
user11,3340083
user11,3344433
user11,3344977
user11,3352233
user11,3352307
user11,3359563
user11,3360017
user11,3360167
user11,3360243
user11,3360404
user11,3362258
user11,3362787
user11,3362804
user11,3363633
user11,3364720
user11,3367900
user11,3369303
user11,3370313
user11,3370327
user11,3370775
user11,3376500
user11,3378054
user11,3383782
user11,3385738
user11,3386293
user11,3388071
user11,3390345
user11,3392166
user11,3397878
user11,3398176
user11,339848
user11,3398904
user11,3401480
user11,3440621
user11,3442189
user11,3442359
user11,3443468
user11,3443471
user11,3443552
user11,3447174
user11,3458045
user11,3458162
user11,3458164
user11,3458302
user11,3460280
user11,3461399
user11,3461506
user11,3462195
user11,3465318
user11,3468660
user11,3469005
user11,3469371
user11,3470379
user11,3475681
user11,3476417
user11,3476954
user11,3476962
user11,3477000
user11,3477431
user11,3481380
user11,3481813
user11,3482591
user11,3483564
user11,3486526
user11,3486862
user11,348727
user11,348776
user11,3487936
user11,3488221
user11,3490660
user11,3492721
user11,3495737
user11,3497549
user11,3499647
user11,3500524
user11,350249
user11,3504089
user11,3504131
user11,3506989
user11,3507282
user11,3512027
user11,3512052
user11,3516766
user11,352018
user11,3523316
user11,352362
user11,3525725
user11,3526707
user11,3527539
user11,3531483
user11,3532486
user11,3533322
user11,3533803
user11,3536846
user11,3538143
user11,35396
user11,3539883
user11,3539982
user11,3541847
user11,3542194
user11,3544316
user11,3546582
user11,3546955
user11,3550510
user11,3553352
user11,3555826
user11,355808
user11,3558391
user11,3559115
user11,3559634
user11,356106
user11,3562093
user11,3563642
user11,3565767
user11,3565900
user11,3566061
user11,3566704
user11,3568323
user11,3570444
user11,3571197
user11,3572232
user11,3573165
user11,3573747
user11,3578967
user11,3580978
user11,3583827
user11,358426
user11,3584706
user11,3586682
user11,3589027
user11,3590863
user11,3599099
user11,3600604
user11,3601204
user11,3602196
user11,3603986
user11,3606732
user11,3610067
user11,3611530
user11,3611758
user11,3613288
user11,3614520
user11,3615715
user11,3615818
user11,3617458
user11,3617998
user11,3618308
user11,3618812
user11,3618843
user11,3620605
user11,3620784
user11,3622785
user11,3622993
user11,3627145
user11,3630663
user11,3632118
user11,3633113
user11,363434
user11,3636206
user11,3639214
user11,3640305
user11,3641378
user11,3641634
user11,364518
user11,3647608
user11,365382
user11,3657366
user11,3658829
user11,3671916
user11,367194
user11,3672484
user11,367279
user11,3674280
user11,3677392
user11,367805
user11,3678431
user11,3679226
user11,3679779
user11,367983
user11,3690677
user11,369374
user11,3694985
user11,3696995
user11,369854
user11,3702877
user11,370732
user11,3710349
user11,3711542
user11,3711630
user11,3711637
user11,371279
user11,3717749
user11,3719665
user11,3720526
user11,3727513
user11,373003
user11,373199
user11,3732359
user11,373306
user11,3733279
user11,3734338
user11,3737866
user11,3739011
user11,3744397
user11,3745372
user11,3745913
user11,374682
user11,374885
user11,3756934
user11,3764848
user11,3769374
user11,3770743
user11,3771683
user11,377201
user11,377209
user11,3774537
user11,3774568
user11,3791374
user11,379235
user11,3795717
user11,379712
user11,3798424
user11,3802386
user11,3803264
user11,3806868
user11,3807751
user11,3810794
user11,3812961
user11,3812969
user11,3814538
user11,3825996
user11,3826301
user11,3834366
user11,3842046
user11,3847061
user11,3847351
user11,3847456
user11,3847913
user11,3848990
user11,3851744
user11,3851796
user11,3852908
user11,3853690
user11,385418
user11,3854580
user11,3855567
user11,3856620
user11,3858611
user11,3859143
user11,3859436
user11,3861231
user11,3861871
user11,3863297
user11,3863606
user11,3863971
user11,3865490
user11,3867876
user11,3873140
user11,3873195
user11,3873373
user11,3877761
user11,3878491
user11,3878615
user11,3878751
user11,3878755
user11,3878766
user11,3878808
user11,3879723
user11,3880794
user11,3882310
user11,3882320
user11,3882325
user11,3884170
user11,3884485
user11,3885312
user11,3886282
user11,3887572
user11,388976
user11,3891030
user11,3891826
user11,3892306
user11,389289
user11,3894315
user11,3894317
user11,3896533
user11,3897703
user11,3897738
user11,3901210
user11,3902281
user11,3902458
user11,3902632
user11,3902834
user11,3902887
user11,3908188
user11,3908379
user11,391134
user11,3912421
user11,3917669
user11,3921036
user11,3922668
user11,3928217
user11,3930088
user11,393080
user11,3932491
user11,3932516
user11,393502
user11,393949
user11,3942647
user11,3942804
user11,3943588
user11,3944639
user11,3945708
user11,3947753
user11,3953259
user11,3953494
user11,3955072
user11,396185
user11,396611
user11,3966765
user11,3966998
user11,3967996
user11,3970273
user11,3973091
user11,3975705
user11,3980967
user11,3981904
user11,398335
user11,3983819
user11,3984348
user11,3984516
user11,3984545
user11,3986267
user11,398780
user11,3988331
user11,3994831
user11,3995732
user11,3995903
user11,3997823
user11,3998215
user11,3998888
user11,4000170
user11,4001712
user11,400186
user11,4005266
user11,4005507
user11,4005758
user11,4007934
user11,4007940
user11,4008075
user11,4011525
user11,4011897
user11,4012661
user11,4019877
user11,4022302
user11,4022777
user11,4023064
user11,402576
user11,403576
user11,4038910
user11,404015
user11,4042515
user11,4042706
user11,4043900
user11,4044497
user11,4045413
user11,404683
user11,4047306
user11,4049863
user11,405234
user11,4052645
user11,4057179
user11,4058678
user11,4062296
user11,4064373
user11,4065126
user11,4067564
user11,4067565
user11,406842
user11,4068636
user11,40687
user11,40712
user11,407500
user11,407626
user11,4077596
user11,407777
user11,4080655
user11,4081623
user11,4083799
user11,408604
user11,4086606
user11,4088047
user11,4089076
user11,4089173
user11,4091964
user11,4103659
user11,410715
user11,4108290
user11,4108601
user11,4112428
user11,4113389
user11,4113612
user11,4114871
user11,4116724
user11,4117727
user11,4119164
user11,4119292
user11,412063
user11,4121869
user11,412233
user11,4122441
user11,4122909
user11,4123711
user11,4125472
user11,4129127
user11,4129187
user11,4129445
user11,4131124
user11,4131906
user11,4137261
user11,4143847
user11,4144509
user11,4150022
user11,4151380
user11,4152210
user11,4154205
user11,4158077
user11,4160271
user11,4162854
user11,4163057
user11,4163163
user11,4163592
user11,4163751
user11,4164987
user11,4169501
user11,4169562
user11,4170230
user11,417452
user11,4176226
user11,4179845
user11,4180572
user11,4182324
user11,4185962
user11,4188723
user11,4194874
user11,4201458
user11,4203079
user11,4204395
user11,4206254
user11,4206369
user11,4207125
user11,4207259
user11,4208220
user11,4209307
user11,4209376
user11,4209504
user11,4209796
user11,4210107
user11,4211032
user11,4211072
user11,4211413
user11,4216331
user11,4218008
user11,421896
user11,422159
user11,422252
user11,4224000
user11,422532
user11,423040
user11,4230766
user11,4236327
user11,4238667
user11,4241952
user11,4246789
user11,4247769
user11,424884
user11,424889
user11,4250125
user11,425260
user11,4253871
user11,425880
user11,4261547
user11,4274028
user11,427847
user11,4278896
user11,4286502
user11,4286507
user11,4286969
user11,4290446
user11,429286
user11,4294678
user11,4297045
user11,4299226
user11,4300560
user11,4300756
user11,4300941
user11,4301997
user11,4302053
user11,4302870
user11,4306328
user11,430870
user11,431180
user11,4313583
user11,4315316
user11,4330281
user11,433645
user11,433763
user11,433978
user11,4347875
user11,4357341
user11,4360586
user11,4361347
user11,4362471
user11,4363075
user11,4363392
user11,4364900
user11,4372551
user11,4372695
user11,4374462
user11,4379194
user11,4381296
user11,4387486
user11,4390287
user11,4391158
user11,4392312
user11,4394185
user11,4395643
user11,4397450
user11,4398475
user11,4400477
user11,4402252
user11,4404002
user11,4406556
user11,4409892
user11,4411138
user11,4414642
user11,4416211
user11,441909
user11,4422667
user11,4424310
user11,4424661
user11,4425876
user11,4426443
user11,4427537
user11,4428031
user11,4431457
user11,4431474
user11,4435863
user11,4436536
user11,4438844
user11,4440245
user11,4440495
user11,4441140
user11,4441963
user11,4442165
user11,4445290
user11,4446164
user11,4446598
user11,4450430
user11,4451365
user11,4454080
user11,4455990
user11,4457654
user11,4462052
user11,446259
user11,4468364
user11,4471834
user11,447299
user11,4473583
user11,4473911
user11,4474427
user11,4474859
user11,4474881
user11,4476687
user11,4478304
user11,4480556
user11,448190
user11,4484319
user11,4484493
user11,4485785
user11,4486209
user11,4486376
user11,4486703
user11,4486704
user11,449089
user11,449363
user11,4494691
user11,4498474
user11,4498621
user11,44995
user11,4500651
user11,4500896
user11,4503002
user11,4504934
user11,4511904
user11,4515285
user11,4515453
user11,4522177
user11,4524710
user11,4528517
user11,4529970
user11,4533480
user11,4538724
user11,4538725
user11,4538752
user11,4544452
user11,4545085
user11,4545613
user11,4547928
user11,4548080
user11,4551249
user11,4551528
user11,4559804
user11,4560185
user11,4566746
user11,4566862
user11,4567014
user11,456779
user11,4568212
user11,4569377
user11,4569417
user11,4569473
user11,4569595
user11,4569935
user11,4570003
user11,457039
user11,4571510
user11,4571726
user11,4572368
user11,458267
user11,458285
user11,464385
user11,466427
user11,468262
user11,468369
user11,470024
user11,470082
user11,470141
user11,471697
user11,472227
user11,472399
user11,473989
user11,474962
user11,475766
user11,476165
user11,476580
user11,476767
user11,476852
user11,477392
user11,478292
user11,478891
user11,479180
user11,479420
user11,481169
user11,481708
user11,482407
user11,485762
user11,48609
user11,486859
user11,490392
user11,49108
user11,492938
user11,49295
user11,493249
user11,493289
user11,494622
user11,494921
user11,49558
user11,495659
user11,495788
user11,496287
user11,498503
user11,500078
user11,50187
user11,502790
user11,505264
user11,50688
user11,508526
user11,517766
user11,518498
user11,522244
user11,53015
user11,53602
user11,536649
user11,543124
user11,543886
user11,545321
user11,554117
user11,555656
user11,55682
user11,55869
user11,559761
user11,562297
user11,563620
user11,569634
user11,570453
user11,572501
user11,573834
user11,580421
user11,585876
user11,589195
user11,592253
user11,59266
user11,59444
user11,596767
user11,59699
user11,598318
user11,603717
user11,605119
user11,605658
user11,606639
user11,607102
user11,611348
user11,613842
user11,618436
user11,624318
user11,636947
user11,637266
user11,637697
user11,637984
user11,6383
user11,639303
user11,640296
user11,64291
user11,643975
user11,650570
user11,651316
user11,651582
user11,654407
user11,655075
user11,656277
user11,659099
user11,660603
user11,661047
user11,661245
user11,667957
user11,668402
user11,668587
user11,67255
user11,672895
user11,678387
user11,679560
user11,68001
user11,683204
user11,683691
user11,683752
user11,683821
user11,687578
user11,691220
user11,69125
user11,691456
user11,694188
user11,694879
user11,696502
user11,69690
user11,696997
user11,69833
user11,700205
user11,700433
user11,702798
user11,707066
user11,707715
user11,708279
user11,710924
user11,717613
user11,722889
user11,722912
user11,723601
user11,72616
user11,727895
user11,729942
user11,733366
user11,735722
user11,736736
user11,73791
user11,739059
user11,740397
user11,746196
user11,748329
user11,751338
user11,756268
user11,75983
user11,762983
user11,769347
user11,769943
user11,770071
user11,774432
user11,777534
user11,777930
user11,777954
user11,778913
user11,77897
user11,779469
user11,779475
user11,779900
user11,779902
user11,785407
user11,791956
user11,792172
user11,796371
user11,79650
user11,801134
user11,802548
user11,80367
user11,804422
user11,807909
user11,811515
user11,814462
user11,816359
user11,820762
user11,821125
user11,821345
user11,822384
user11,824126
user11,824432
user11,826602
user11,834919
user11,839269
user11,839279
user11,839962
user11,843691
user11,84545
user11,85176
user11,852539
user11,867760
user11,87476
user11,875251
user11,877807
user11,877817
user11,877887
user11,87840
user11,878656
user11,881787
user11,882356
user11,883460
user11,883844
user11,883973
user11,884736
user11,885614
user11,886247
user11,886988
user11,887121
user11,88839
user11,889317
user11,89425
user11,898355
user11,901228
user11,901987
user11,918134
user11,920868
user11,921341
user11,924688
user11,925256
user11,925610
user11,925617
user11,927689
user11,929509
user11,929834
user11,931283
user11,932148
user11,933259
user11,933301
user11,934102
user11,934212
user11,935684
user11,936619
user11,937870
user11,939936
user11,939965
user11,939966
user11,94237
user11,947258
user11,949213
user11,956425
user11,956617
user11,960176
user11,960354
user11,96171
user11,963501
user11,963661
user11,964270
user11,965367
user11,965464
user11,965517
user11,965568
user11,965661
user11,965722
user11,965743
user11,965947
user11,969205
user11,969296
user11,969714
user11,969967
user11,972133
user11,97350
user11,973913
user11,974332
user11,977620
user11,984943
user11,98513
user11,98642
user11,98857
user11,99063
user11,991756
user11,99780
user12,1001532
user12,1002720
user12,1003802
user12,1005406
user12,1006172
user12,1009151
user12,1009296
user12,1010615
user12,1012235
user12,1013476
user12,1014754
user12,1021084
user12,102293
user12,1026687
user12,1027873
user12,1027911
user12,1033362
user12,1035178
user12,103729
user12,1041349
user12,1047145
user12,1053818
user12,1056421
user12,1057358
user12,1062911
user12,1064149
user12,1068527
user12,1070571
user12,1072494
user12,1074283
user12,1076030
user12,1080616
user12,108207
user12,1082301
user12,1085421
user12,1088278
user12,1088552
user12,1089350
user12,1090408
user12,1094767
user12,1101436
user12,1101657
user12,1107532
user12,1109121
user12,1110301
user12,1112157
user12,111248
user12,1114587
user12,111518
user12,111560
user12,111610
user12,1116220
user12,1120730
user12,1121906
user12,1122985
user12,1122986
user12,1123981
user12,1125519
user12,1125528
user12,1127626
user12,1130787
user12,113082
user12,1131062
user12,1131661
user12,1134503
user12,1135725
user12,1135994
user12,1137774
user12,1139545
user12,1143372
user12,1143383
user12,1144776
user12,1145593
user12,1151314
user12,1152107
user12,1159838
user12,1161260
user12,1162425
user12,116251
user12,1163257
user12,1163265
user12,1168991
user12,1169820
user12,117266
user12,1173594
user12,11797
user12,118113
user12,1181983
user12,1183204
user12,118657
user12,1190437
user12,1191492
user12,1191500
user12,1193070
user12,119978
user12,1202250
user12,1202259
user12,1202511
user12,120811
user12,1208158
user12,121014
user12,121061
user12,1210839
user12,1212653
user12,1214634
user12,1214636
user12,1214638
user12,1218013
user12,1219027
user12,1224758
user12,1224886
user12,122579
user12,122581
user12,1231864
user12,1236063
user12,123980
user12,1240344
user12,1241480
user12,1242111
user12,1244098
user12,1246025
user12,1253371
user12,1254799
user12,1256603
user12,1257720
user12,1260390
user12,1260467
user12,1260666
user12,126081
user12,1262382
user12,1264438
user12,1266718
user12,1268309
user12,1269640
user12,1275971
user12,127626
user12,1276994
user12,1278123
user12,1278188
user12,1278699
user12,1287593
user12,1288085
user12,1288638
user12,1293009
user12,1293048
user12,1295732
user12,1296385
user12,1297195
user12,1297985
user12,1299754
user12,1299897
user12,1301642
user12,130323
user12,1304699
user12,1305021
user12,1305677
user12,1307112
user12,1307397
user12,1307659
user12,1307784
user12,130791
user12,1309135
user12,1309218
user12,1309401
user12,1311031
user12,1311817
user12,1312153
user12,1312157
user12,1312416
user12,1314786
user12,1317580
user12,1320071
user12,1320815
user12,1320875
user12,1321415
user12,1323864
user12,1330843
user12,1332060
user12,1332363
user12,1332715
user12,1333109
user12,1333843
user12,1338274
user12,1340159
user12,1343340
user12,1344535
user12,1346486
user12,1346818
user12,1347454
user12,1347923
user12,1349414
user12,1349946
user12,1350356
user12,1351317
user12,1351849
user12,1355078
user12,1355544
user12,1358276
user12,1359341
user12,1360189
user12,1362787
user12,1367726
user12,1371174
user12,137357
user12,1374685
user12,1377307
user12,137872
user12,1380413
user12,1383492
user12,1387590
user12,1391733
user12,1396290
user12,1399980
user12,1405358
user12,1407887
user12,141184
user12,141186
user12,1413960
user12,1415134
user12,1417355
user12,1418262
user12,1418847
user12,1422195
user12,142311
user12,14279
user12,142864
user12,1431669
user12,1433799
user12,1434371
user12,1435692
user12,1436888
user12,1437963
user12,1446277
user12,1457128
user12,1457215
user12,1457644
user12,146161
user12,1461711
user12,1462400
user12,1467929
user12,1473325
user12,1484362
user12,148650
user12,1487702
user12,1501447
user12,1509605
user12,1519067
user12,1519310
user12,1521077
user12,1525486
user12,1525984
user12,1528600
user12,153095
user12,1531799
user12,1532983
user12,1535055
user12,1535481
user12,1536896
user12,1536960
user12,1539548
user12,1544011
user12,1544539
user12,1546618
user12,1546654
user12,1547008
user12,1555747
user12,1557114
user12,155929
user12,1563299
user12,1564018
user12,1565659
user12,1566243
user12,1566509
user12,1566819
user12,1571049
user12,1571091
user12,1574527
user12,1576887
user12,1577077
user12,1578871
user12,1579338
user12,15846
user12,1585677
user12,1585988
user12,1586206
user12,1587455
user12,1587905
user12,1593181
user12,1599158
user12,1600755
user12,1605314
user12,1606734
user12,1606763
user12,1606825
user12,161020
user12,1616160
user12,1617916
user12,1628663
user12,1629146
user12,1629394
user12,1630438
user12,1631246
user12,1633738
user12,163690
user12,1639936
user12,1640920
user12,1651799
user12,1657817
user12,1657999
user12,1661162
user12,1661756
user12,1665140
user12,1671558
user12,1671840
user12,1675169
user12,1675298
user12,1676289
user12,1676305
user12,1676592
user12,1677852
user12,1678049
user12,1679740
user12,1679901
user12,1680315
user12,1680637
user12,1682298
user12,1682779
user12,1683393
user12,1688885
user12,169337
user12,169356
user12,169359
user12,1702455
user12,1702554
user12,1702573
user12,170863
user12,1708630
user12,1709718
user12,1710093
user12,1712482
user12,1712519
user12,1712560
user12,1715910
user12,1716477
user12,1719975
user12,172268
user12,1726105
user12,1727445
user12,1729285
user12,1731151
user12,1731152
user12,1731541
user12,1731545
user12,1732226
user12,1733044
user12,1734922
user12,1735010
user12,1735560
user12,1738037
user12,1738544
user12,1738552
user12,1738939
user12,1742223
user12,1742238
user12,1745920
user12,1746151
user12,1747377
user12,1749262
user12,1751535
user12,1752183
user12,1753192
user12,1753957
user12,1754240
user12,1754248
user12,1755054
user12,1755653
user12,1756243
user12,1756865
user12,1757360
user12,1757603
user12,1758257
user12,1762094
user12,1762154
user12,1766658
user12,1769266
user12,1771210
user12,1773978
user12,1774197
user12,1774485
user12,1775003
user12,1775718
user12,1777388
user12,1781108
user12,1781899
user12,1786117
user12,1787091
user12,1788437
user12,1793245
user12,1793610
user12,179731
user12,1800006
user12,180476
user12,1813919
user12,1844896
user12,1847194
user12,1849541
user12,1850595
user12,1852009
user12,1853817
user12,1856175
user12,1856246
user12,1857204
user12,1857211
user12,1857224
user12,1858108
user12,1861850
user12,1861916
user12,1862454
user12,1863227
user12,1864288
user12,1865077
user12,1865131
user12,1865526
user12,1865756
user12,1865759
user12,1865803
user12,1866887
user12,1867034
user12,1867444
user12,1868252
user12,1868254
user12,1869725
user12,1870238
user12,1873664
user12,1875090
user12,1876382
user12,1877834
user12,1880412
user12,1880935
user12,1881730
user12,1882352
user12,18834
user12,1884660
user12,1885617
user12,1886010
user12,1888591
user12,1890684
user12,1892445
user12,1892861
user12,1894013
user12,1895687
user12,1896606
user12,190344
user12,1903890
user12,1905201
user12,1906066
user12,1908545
user12,1908821
user12,1911779
user12,1912923
user12,1921644
user12,19223
user12,192980
user12,1932548
user12,1933375
user12,1936200
user12,1936452
user12,1947653
user12,195169
user12,1960974
user12,1965576
user12,1966399
user12,1966699
user12,1971451
user12,1971942
user12,1974097
user12,1974106
user12,1977781
user12,1979310
user12,1984071
user12,1987693
user12,1987782
user12,1988877
user12,1991839
user12,1991899
user12,1994824
user12,1997952
user12,1997957
user12,2002061
user12,2005908
user12,2014984
user12,2026003
user12,2027127
user12,2028222
user12,2028935
user12,2031458
user12,2031915
user12,203546
user12,2037016
user12,2037998
user12,203863
user12,204476
user12,2046464
user12,2047291
user12,2048870
user12,2049598
user12,2052095
user12,2054784
user12,2054872
user12,2056355
user12,2058452
user12,2060343
user12,2060798
user12,2062349
user12,2063249
user12,2064172
user12,2065078
user12,2065902
user12,2068362
user12,2070081
user12,2070460
user12,2072434
user12,2072793
user12,2072923
user12,2073306
user12,2074498
user12,2075203
user12,2079941
user12,2081764
user12,208845
user12,2096559
user12,2097751
user12,2099715
user12,2102364
user12,2104501
user12,2107267
user12,2109249
user12,2114323
user12,2115249
user12,2116746
user12,2117200
user12,2119831
user12,212814
user12,212857
user12,2128709
user12,2129052
user12,2130502
user12,2133485
user12,2135674
user12,2137568
user12,2142919
user12,2147286
user12,2155702
user12,2156327
user12,2166151
user12,2166755
user12,2167282
user12,2169469
user12,2171463
user12,2171835
user12,2171989
user12,2172538
user12,2178007
user12,2180380
user12,2180477
user12,2181162
user12,2181604
user12,2182578
user12,2185172
user12,2186147
user12,2186834
user12,2189336
user12,2189666
user12,2190885
user12,2190991
user12,2191293
user12,2191446
user12,2192340
user12,2194398
user12,219639
user12,2200085
user12,220014
user12,2200429
user12,2200814
user12,2200860
user12,220287
user12,2203919
user12,2204383
user12,2204401
user12,2211088
user12,2212172
user12,2214942
user12,2215587
user12,2218034
user12,2218040
user12,2221561
user12,222173
user12,222395
user12,222396
user12,222415
user12,222428
user12,222528
user12,222976
user12,2231164
user12,2234121
user12,2237724
user12,2239975
user12,2246426
user12,2255662
user12,2257017
user12,2259685
user12,2261311
user12,226181
user12,2262698
user12,2263902
user12,2264147
user12,2264228
user12,2264375
user12,2264432
user12,2264444
user12,226581
user12,2267295
user12,2267627
user12,2268371
user12,2274760
user12,2275967
user12,2276701
user12,2276913
user12,2278260
user12,2279568
user12,2279930
user12,2281476
user12,2287384
user12,2288180
user12,2294356
user12,2294820
user12,2298489
user12,2298998
user12,2302417
user12,2303108
user12,230579
user12,2306833
user12,230778
user12,2308140
user12,2309230
user12,2309863
user12,2311877
user12,2311964
user12,2313328
user12,2314442
user12,2319854
user12,2320823
user12,2323657
user12,2324027
user12,2325721
user12,232820
user12,233009
user12,2331521
user12,2331871
user12,2332584
user12,2332732
user12,2335562
user12,233802
user12,2340600
user12,2340749
user12,2343179
user12,2346222
user12,2350832
user12,2350834
user12,2351327
user12,2352046
user12,2353005
user12,2353709
user12,2353750
user12,2355720
user12,2357881
user12,2360489
user12,2363285
user12,2365986
user12,2369563
user12,2373156
user12,2374582
user12,2374816
user12,2378120
user12,2378825
user12,2379482
user12,2379676
user12,2386206
user12,238735
user12,2389597
user12,239226
user12,2405195
user12,2407777
user12,2410444
user12,2411808
user12,2414241
user12,2415179
user12,2418561
user12,24216
user12,2427157
user12,2430852
user12,243143
user12,2431879
user12,2436345
user12,2437665
user12,2438689
user12,2439096
user12,2440550
user12,2441484
user12,2448409
user12,2453578
user12,2454187
user12,245919
user12,2460311
user12,2460438
user12,2461871
user12,2463515
user12,2471697
user12,247573
user12,2475747
user12,2475757
user12,2475834
user12,2476103
user12,2477882
user12,2480597
user12,2483516
user12,2486516
user12,2489208
user12,2492796
user12,2495529
user12,2496991
user12,2497973
user12,2499787
user12,2512466
user12,2516852
user12,2517596
user12,2525143
user12,2525881
user12,2525956
user12,2526955
user12,2531076
user12,253288
user12,2535285
user12,2535463
user12,2536854
user12,2538162
user12,2538913
user12,2538925
user12,2541425
user12,2544494
user12,2544958
user12,2544987
user12,2562613
user12,2562806
user12,2564485
user12,2566664
user12,2566849
user12,2566932
user12,2570033
user12,2583235
user12,2583239
user12,2583721
user12,2583921
user12,2586288
user12,2589191
user12,2589979
user12,2591480
user12,2593016
user12,2595318
user12,2600634
user12,2602517
user12,2603302
user12,260601
user12,2608548
user12,2615741
user12,2623236
user12,2623865
user12,262429
user12,2624771
user12,2626751
user12,2626840
user12,2630660
user12,26308
user12,2634052
user12,2634660
user12,2636876
user12,2639293
user12,2642470
user12,2642492
user12,2643124
user12,2645179
user12,2646812
user12,2648856
user12,2649959
user12,2654221
user12,2654665
user12,2656634
user12,2659236
user12,2660286
user12,2660436
user12,2676258
user12,2678980
user12,268231
user12,268706
user12,2689600
user12,2691613
user12,2700284
user12,2702403
user12,2705667
user12,2709386
user12,2714414
user12,2714457
user12,2717984
user12,2718866
user12,2719245
user12,2719485
user12,2720278
user12,2721620
user12,2721991
user12,2723616
user12,2731331
user12,2731706
user12,2732062
user12,2732383
user12,2732390
user12,2743046
user12,2743053
user12,2750985
user12,2751672
user12,2752449
user12,2753275
user12,2756539
user12,2757442
user12,2757532
user12,2758162
user12,2760015
user12,2760285
user12,2760386
user12,2760661
user12,2762894
user12,2764939
user12,2766918
user12,2774648
user12,2775106
user12,2775814
user12,2776428
user12,2778534
user12,2780536
user12,2780711
user12,2780723
user12,2781096
user12,2781333
user12,2782626
user12,2782925
user12,2784118
user12,2784306
user12,2788716
user12,2790959
user12,2793022
user12,2798165
user12,280277
user12,2804667
user12,2805981
user12,2814199
user12,2816765
user12,2818165
user12,2818494
user12,2819379
user12,2820730
user12,2825431
user12,2829710
user12,2830121
user12,2835181
user12,2837969
user12,2838410
user12,2843534
user12,2850008
user12,2850477
user12,2852686
user12,2852998
user12,2857341
user12,2857723
user12,2858185
user12,2860902
user12,2864028
user12,2865455
user12,2866627
user12,2880462
user12,2880470
user12,2885448
user12,2886685
user12,2895690
user12,2901943
user12,2903391
user12,2906455
user12,2907027
user12,2907669
user12,2914344
user12,2921310
user12,2921914
user12,2924410
user12,2925108
user12,2937650
user12,2944029
user12,2946343
user12,2951217
user12,2952300
user12,2955071
user12,2955080
user12,2959882
user12,2960016
user12,2960471
user12,2964253
user12,296903
user12,2969588
user12,297471
user12,2979325
user12,2979331
user12,2980257
user12,2982411
user12,2986188
user12,2986652
user12,2987953
user12,2988559
user12,2988921
user12,2989230
user12,2995481
user12,2995958
user12,2997558
user12,300178
user12,3009736
user12,3010699
user12,3011323
user12,3011488
user12,3011896
user12,3012010
user12,3012312
user12,3013384
user12,3017548
user12,301835
user12,3020392
user12,3021051
user12,3023243
user12,3024207
user12,3026358
user12,302660
user12,3031611
user12,3032894
user12,3033229
user12,3034333
user12,3034499
user12,3042033
user12,304629
user12,3046889
user12,3048288
user12,3049986
user12,3050527
user12,3052699
user12,3052753
user12,3054
user12,3055225
user12,3057840
user12,3063161
user12,3066406
user12,3066637
user12,3075098
user12,3078517
user12,3079307
user12,3088869
user12,3090531
user12,3093259
user12,3093561
user12,3099627
user12,3100213
user12,3104639
user12,3108090
user12,3112007
user12,3112292
user12,3116116
user12,3116190
user12,3119218
user12,3121539
user12,312431
user12,3129227
user12,3129583
user12,3129955
user12,3131993
user12,3132219
user12,3132550
user12,3135043
user12,3137390
user12,3137985
user12,3138344
user12,3145372
user12,3145838
user12,3145866
user12,3145870
user12,3146254
user12,3147430
user12,3148795
user12,3151260
user12,3151992
user12,3152439
user12,3154110
user12,3154935
user12,3156485
user12,3157800
user12,3160527
user12,3163347
user12,3164015
user12,3165238
user12,3170771
user12,3177159
user12,3177192
user12,3178203
user12,3179106
user12,3180060
user12,3181088
user12,3184984
user12,3187902
user12,3189119
user12,3189437
user12,3190722
user12,3192064
user12,3196094
user12,3197860
user12,3197890
user12,3200754
user12,3205079
user12,3206006
user12,3211686
user12,3219459
user12,3223997
user12,3224928
user12,3225617
user12,3226721
user12,3227998
user12,3235226
user12,3236277
user12,3236554
user12,3237798
user12,3238906
user12,3239839
user12,324460
user12,3246009
user12,32498
user12,3252654
user12,3253506
user12,3261757
user12,3264614
user12,3266117
user12,326891
user12,3278105
user12,3278994
user12,3278998
user12,3279006
user12,3279110
user12,3282193
user12,3284152
user12,3284191
user12,328785
user12,3290462
user12,3296977
user12,3301834
user12,3302441
user12,3303346
user12,330347
user12,3304227
user12,330708
user12,33075
user12,3309374
user12,331111
user12,331402
user12,3319847
user12,332552
user12,33260
user12,3327469
user12,3328871
user12,3334108
user12,3335605
user12,3337507
user12,334001
user12,3340083
user12,3340152
user12,33434
user12,3344723
user12,3348641
user12,3350127
user12,3350888
user12,3355461
user12,3355778
user12,3357445
user12,3360030
user12,3360335
user12,3360879
user12,336414
user12,3365520
user12,3369694
user12,3371055
user12,3371557
user12,3371799
user12,3372395
user12,3379096
user12,3382461
user12,3384216
user12,3385008
user12,3386837
user12,3388553
user12,3388872
user12,3395049
user12,3427637
user12,3441129
user12,3442196
user12,3447174
user12,3448263
user12,3451887
user12,3458147
user12,3460871
user12,346254
user12,3464154
user12,3467021
user12,3475023
user12,3476417
user12,3476899
user12,3477254
user12,3479379
user12,3480646
user12,3481380
user12,3482838
user12,3483722
user12,3484993
user12,3485052
user12,3485340
user12,3485982
user12,3486127
user12,3486668
user12,3489112
user12,3490329
user12,3490364
user12,3490754
user12,3492400
user12,3493338
user12,3495002
user12,3496494
user12,3496945
user12,3501245
user12,3501752
user12,3511562
user12,3511697
user12,3511698
user12,3512665
user12,3513527
user12,3514004
user12,3514580
user12,3514732
user12,3515778
user12,351863
user12,3519978
user12,3520757
user12,3521841
user12,3524626
user12,352534
user12,3526056
user12,3527539
user12,3529188
user12,3529552
user12,3531483
user12,3532340
user12,3532550
user12,3533273
user12,3533275
user12,3538143
user12,3539196
user12,3542194
user12,3544854
user12,35450
user12,3545783
user12,354785
user12,3548844
user12,3548846
user12,355276
user12,3552977
user12,3553253
user12,3553359
user12,3554293
user12,3555773
user12,3555921
user12,3556492
user12,3557191
user12,3558790
user12,3559037
user12,3559634
user12,3559695
user12,3560647
user12,3562603
user12,3564987
user12,3565767
user12,3566222
user12,3568784
user12,3569862
user12,3574162
user12,3575832
user12,3578967
user12,3579170
user12,3579413
user12,3581053
user12,3581664
user12,3586682
user12,3591609
user12,3595398
user12,3598142
user12,3598173
user12,3598193
user12,3599390
user12,3599858
user12,3600102
user12,3601180
user12,3602876
user12,3603986
user12,3605316
user12,3605338
user12,3607420
user12,3610766
user12,3610953
user12,3613354
user12,3613368
user12,3614439
user12,3615818
user12,3615937
user12,3618701
user12,3618719
user12,3620148
user12,3620244
user12,3622259
user12,3623409
user12,3627780
user12,3628538
user12,3632118
user12,3633104
user12,3633225
user12,3634927
user12,3635085
user12,3635764
user12,3637913
user12,3641907
user12,3642679
user12,3643931
user12,3644336
user12,364461
user12,3646107
user12,3649483
user12,3650250
user12,3652094
user12,3655094
user12,365550
user12,3657558
user12,3659033
user12,3659150
user12,3669271
user12,3671508
user12,3671916
user12,3676648
user12,3677059
user12,3677963
user12,367805
user12,3678427
user12,3678578
user12,3679824
user12,3680878
user12,3681419
user12,3690705
user12,3691492
user12,369293
user12,3694982
user12,3702721
user12,3709613
user12,3719665
user12,37206
user12,3721344
user12,3721501
user12,372752
user12,3731400
user12,3732359
user12,373302
user12,3734649
user12,37418
user12,374217
user12,3745913
user12,3753977
user12,3757595
user12,3760888
user12,376294
user12,3764848
user12,3771019
user12,3772237
user12,3773636
user12,377999
user12,3780595
user12,379712
user12,3799125
user12,3805696
user12,3805707
user12,3810790
user12,3812705
user12,3814538
user12,3825664
user12,3828791
user12,3830390
user12,3831751
user12,3834366
user12,3837334
user12,3841412
user12,3841941
user12,3842047
user12,3843856
user12,3846237
user12,3847433
user12,3848194
user12,3852908
user12,3854580
user12,3855387
user12,3855649
user12,3857434
user12,3859800
user12,3859889
user12,3861777
user12,3862342
user12,3863328
user12,3865489
user12,3867266
user12,3867993
user12,3868331
user12,3871229
user12,3871791
user12,3871921
user12,3873107
user12,3873140
user12,3877243
user12,3878310
user12,38786
user12,3879912
user12,3880366
user12,3880845
user12,3882308
user12,3883015
user12,3883090
user12,3885312
user12,3885335
user12,3885482
user12,3887345
user12,3887572
user12,3888475
user12,3888794
user12,3888826
user12,3894267
user12,3894927
user12,3900862
user12,3902791
user12,3903680
user12,3904303
user12,3904938
user12,3908180
user12,3909429
user12,3910690
user12,391134
user12,3911729
user12,3912808
user12,3918949
user12,3918976
user12,3919055
user12,3921820
user12,3923522
user12,3923921
user12,3924498
user12,3925236
user12,392528
user12,3928088
user12,392867
user12,3929450
user12,3930024
user12,39302
user12,3930393
user12,3931942
user12,3932260
user12,3932988
user12,3933378
user12,393638
user12,3936655
user12,3938090
user12,3938283
user12,394315
user12,3943588
user12,3944603
user12,3944639
user12,3944858
user12,3945047
user12,3946202
user12,3946774
user12,3947250
user12,3950896
user12,3951476
user12,395278
user12,3952782
user12,3953819
user12,3953897
user12,3957095
user12,3959963
user12,3965557
user12,3968879
user12,3974766
user12,3976543
user12,3979120
user12,3979228
user12,398045
user12,3980829
user12,3980997
user12,3981693
user12,39821
user12,3984536
user12,3986553
user12,3986940
user12,398780
user12,3988003
user12,3988039
user12,3994252
user12,3995464
user12,3996902
user12,3996960
user12,3997981
user12,400228
user12,4002944
user12,400308
user12,4003538
user12,400354
user12,4005391
user12,4008738
user12,401059
user12,4010900
user12,4012538
user12,4013516
user12,4014529
user12,4019855
user12,402107
user12,4021514
user12,4023405
user12,4039398
user12,4041572
user12,404728
user12,4048759
user12,4049574
user12,4049863
user12,4050758
user12,405234
user12,4052645
user12,4057179
user12,40595
user12,405953
user12,4062099
user12,4062286
user12,4062793
user12,4064379
user12,4069170
user12,406977
user12,4070408
user12,407046
user12,4071390
user12,4073821
user12,407520
user12,4075894
user12,4075913
user12,4080655
user12,4089076
user12,4090736
user12,409150
user12,4094596
user12,4095788
user12,4098939
user12,4100086
user12,4103659
user12,410598
user12,410715
user12,4109327
user12,4109367
user12,4112451
user12,4112901
user12,4114356
user12,4115668
user12,4116731
user12,4116826
user12,4119353
user12,4119747
user12,4120920
user12,4122355
user12,4122416
user12,4123430
user12,4123667
user12,4123956
user12,4124108
user12,4124187
user12,4124381
user12,4125530
user12,4125548
user12,4129187
user12,412920
user12,4129403
user12,4130459
user12,4133313
user12,4134496
user12,413481
user12,4137261
user12,4140628
user12,4144382
user12,4144395
user12,4144471
user12,4148242
user12,4149267
user12,4153379
user12,4154320
user12,4159090
user12,4159274
user12,4161430
user12,4162768
user12,4162854
user12,4163999
user12,4168441
user12,4168450
user12,4168611
user12,4170105
user12,4180655
user12,4188723
user12,4190045
user12,4199103
user12,4201458
user12,4201720
user12,4203837
user12,4204282
user12,4205140
user12,4206226
user12,4206259
user12,4206310
user12,4207524
user12,4209233
user12,4209307
user12,4209516
user12,4209548
user12,421004
user12,4210094
user12,4210262
user12,4210352
user12,4211081
user12,4212919
user12,4213190
user12,4213609
user12,4216298
user12,4217206
user12,4217601
user12,4217722
user12,4217739
user12,4221595
user12,4223306
user12,422560
user12,4229019
user12,4232295
user12,423395
user12,4236356
user12,423724
user12,4238667
user12,4239346
user12,4243294
user12,42452
user12,42456
user12,4249595
user12,424977
user12,4250018
user12,4253121
user12,4254549
user12,4254700
user12,4254997
user12,425566
user12,4257008
user12,4260570
user12,4262289
user12,4268636
user12,4271269
user12,4272386
user12,4273844
user12,4274687
user12,4277694
user12,4278789
user12,4278896
user12,4283456
user12,4288367
user12,4289002
user12,429148
user12,429184
user12,429376
user12,4295021
user12,4301031
user12,4302870
user12,430870
user12,4310386
user12,4312460
user12,4313402
user12,431430
user12,4315155
user12,431621
user12,4316994
user12,431991
user12,4321183
user12,432326
user12,4325642
user12,4332495
user12,4334634
user12,4339743
user12,4352257
user12,4357263
user12,4357349
user12,4362292
user12,4363871
user12,4365554
user12,4367418
user12,4367577
user12,4367770
user12,4370032
user12,4370259
user12,4372817
user12,4379158
user12,4379637
user12,4382000
user12,4382770
user12,4384583
user12,4387486
user12,4388883
user12,4388887
user12,4388932
user12,4389856
user12,4394278
user12,4396338
user12,4399142
user12,4399535
user12,4400477
user12,4401701
user12,4402364
user12,4408707
user12,4409073
user12,4409833
user12,4410412
user12,4416211
user12,4417362
user12,4417924
user12,4418656
user12,4421082
user12,4424434
user12,4425217
user12,442744
user12,4428017
user12,4430698
user12,4431312
user12,4435646
user12,4435890
user12,4436442
user12,4436576
user12,4438259
user12,4438837
user12,4441541
user12,4441963
user12,4443632
user12,4447187
user12,4449064
user12,4451951
user12,4453609
user12,4458557
user12,4465874
user12,4469930
user12,4473807
user12,4474849
user12,4475265
user12,4476687
user12,4479030
user12,4479088
user12,4479779
user12,4479826
user12,4479922
user12,4479932
user12,4480385
user12,4481684
user12,4481716
user12,448191
user12,4483262
user12,4486376
user12,4487157
user12,4487360
user12,449015
user12,4494691
user12,4497975
user12,4498249
user12,4500895
user12,4504948
user12,4513843
user12,4516768
user12,4519046
user12,4523335
user12,4525874
user12,4527031
user12,4528512
user12,453819
user12,4544452
user12,4553018
user12,4556442
user12,455703
user12,455780
user12,4558771
user12,4566277
user12,4567287
user12,4568592
user12,4568696
user12,4569630
user12,4570106
user12,4570197
user12,4572851
user12,4573133
user12,459762
user12,461400
user12,466929
user12,468727
user12,472417
user12,472964
user12,476345
user12,476767
user12,477402
user12,477541
user12,477650
user12,478799
user12,479460
user12,479903
user12,481043
user12,481169
user12,481274
user12,481320
user12,481412
user12,481631
user12,483427
user12,483680
user12,483858
user12,486129
user12,48658
user12,489211
user12,490159
user12,490973
user12,490977
user12,49108
user12,492586
user12,492810
user12,492997
user12,494088
user12,494622
user12,495388
user12,495392
user12,496037
user12,496072
user12,496579
user12,497845
user12,498334
user12,498778
user12,500078
user12,500322
user12,502777
user12,504125
user12,504244
user12,506147
user12,508314
user12,51067
user12,511945
user12,512243
user12,512257
user12,515160
user12,51581
user12,517925
user12,518926
user12,51913
user12,519673
user12,520090
user12,520862
user12,522318
user12,524675
user12,53144
user12,535439
user12,535482
user12,535589
user12,536649
user12,537982
user12,5432
user12,543886
user12,548819
user12,550196
user12,552770
user12,552771
user12,554009
user12,556301
user12,563456
user12,565174
user12,565820
user12,565825
user12,568736
user12,569216
user12,570453
user12,574657
user12,577465
user12,580433
user12,582523
user12,582990
user12,589195
user12,589354
user12,592299
user12,593398
user12,594145
user12,594840
user12,595281
user12,601058
user12,603717
user12,609517
user12,611245
user12,612133
user12,614148
user12,617716
user12,620735
user12,626500
user12,62697
user12,63831
user12,638606
user12,639839
user12,644375
user12,645868
user12,647278
user12,650067
user12,650570
user12,652796
user12,653333
user12,658488
user12,659089
user12,660952
user12,661487
user12,661492
user12,662683
user12,663975
user12,665213
user12,666407
user12,669616
user12,675284
user12,678363
user12,678387
user12,680267
user12,682803
user12,683129
user12,685468
user12,685746
user12,690029
user12,690139
user12,691351
user12,696997
user12,69783
user12,700146
user12,70041
user12,701520
user12,70235
user12,703187
user12,7046
user12,706770
user12,707103
user12,707806
user12,711470
user12,713763
user12,714789
user12,721188
user12,721203
user12,721842
user12,722423
user12,722889
user12,727257
user12,730633
user12,733604
user12,740396
user12,745267
user12,746213
user12,748730
user12,751327
user12,751364
user12,751365
user12,769347
user12,774589
user12,774697
user12,777930
user12,779183
user12,77946
user12,779467
user12,779579
user12,781324
user12,781382
user12,782416
user12,792302
user12,792906
user12,795220
user12,802548
user12,803652
user12,80603
user12,809135
user12,811448
user12,811646
user12,811799
user12,812099
user12,81598
user12,823400
user12,824432
user12,825170
user12,825174
user12,830433
user12,830552
user12,836839
user12,839960
user12,839974
user12,840662
user12,844019
user12,846534
user12,849178
user12,84990
user12,85011
user12,851195
user12,852539
user12,85569
user12,855814
user12,858578
user12,862374
user12,865701
user12,867255
user12,867759
user12,875785
user12,876131
user12,877254
user12,877923
user12,878654
user12,89444
user12,895468
user12,90013
user12,901819
user12,906929
user12,913779
user12,914965
user12,91548
user12,917739
user12,917871
user12,918041
user12,921746
user12,925611
user12,92684
user12,929834
user12,93147
user12,932226
user12,932312
user12,934818
user12,935684
user12,935686
user12,935692
user12,935996
user12,936743
user12,937649
user12,939936
user12,940504
user12,943757
user12,945775
user12,948098
user12,955527
user12,959419
user12,959790
user12,959811
user12,963663
user12,964270
user12,96533
user12,965356
user12,965568
user12,966556
user12,96697
user12,96910
user12,969323
user12,969497
user12,971352
user12,972204
user12,978876
user12,981132
user12,984338
user12,986008
user12,98861
user12,99117
user12,993446
user12,997627
user16,100008
user16,1002714
user16,1002981
user16,1005805
user16,1005812
user16,1005938
user16,1007213
user16,1009292
user16,1010920
user16,1014754
user16,1018058
user16,102294
user16,1024701
user16,1026250
user16,102779
user16,1034471
user16,1034740
user16,103738
user16,1037691
user16,1038473
user16,104180
user16,104854
user16,104933
user16,1050095
user16,1077274
user16,1084426
user16,1092947
user16,1093123
user16,1102111
user16,1105984
user16,1106513
user16,1106891
user16,1107076
user16,1109706
user16,1111394
user16,111247
user16,1114418
user16,111515
user16,1115524
user16,1116401
user16,1117429
user16,1118184
user16,1119039
user16,1119879
user16,1120401
user16,1125523
user16,1125528
user16,1126199
user16,1127122
user16,1130508
user16,113100
user16,1138639
user16,1138903
user16,1139576
user16,114737
user16,1151314
user16,1156218
user16,1160371
user16,1160925
user16,1162639
user16,1167625
user16,1167636
user16,117381
user16,1175547
user16,1181983
user16,1189874
user16,119257
user16,1193063
user16,119693
user16,120153
user16,1202693
user16,1208142
user16,1208155
user16,120974
user16,121011
user16,121012
user16,121034
user16,121036
user16,1212551
user16,1214659
user16,121625
user16,1221516
user16,1224943
user16,122606
user16,1231864
user16,1233067
user16,1239439
user16,1239496
user16,123980
user16,124443
user16,124444
user16,1247189
user16,1253869
user16,1254787
user16,1256869
user16,125811
user16,1260465
user16,1262849
user16,1262929
user16,1263524
user16,1263579
user16,1263770
user16,1264565
user16,1265798
user16,1266349
user16,1266718
user16,1268629
user16,1269598
user16,1269599
user16,1273737
user16,1278913
user16,1284111
user16,1287593
user16,1292857
user16,1295306
user16,1295627
user16,1301884
user16,1307002
user16,1307674
user16,1307776
user16,1308939
user16,1311121
user16,1314991
user16,1316499
user16,1320345
user16,1320554
user16,1320562
user16,1320963
user16,1321079
user16,1322150
user16,1323864
user16,1324737
user16,1325834
user16,1325977
user16,1331187
user16,1331579
user16,1333631
user16,1340159
user16,1346401
user16,1346839
user16,13484
user16,1350705
user16,1357290
user16,1359372
user16,1366905
user16,1375003
user16,1375044
user16,1377212
user16,1379799
user16,1382171
user16,1385541
user16,1388665
user16,1391712
user16,1394445
user16,1396290
user16,1399126
user16,1400978
user16,1407949
user16,1409018
user16,1410914
user16,1414154
user16,1414313
user16,1416271
user16,1417355
user16,1418262
user16,1421628
user16,1426852
user16,1427977
user16,1432691
user16,144111
user16,1442596
user16,1443099
user16,1446768
user16,1447389
user16,1450371
user16,1452524
user16,1457250
user16,1457407
user16,1457618
user16,1475907
user16,1478256
user16,1478277
user16,1479273
user16,1481473
user16,1483636
user16,1483662
user16,1484325
user16,1484362
user16,1490373
user16,1493521
user16,1496859
user16,1502343
user16,1504824
user16,151006
user16,1519700
user16,1521078
user16,1523804
user16,1526001
user16,1528600
user16,1531877
user16,1536373
user16,1537513
user16,1538233
user16,1538243
user16,1543530
user16,1544003
user16,1545562
user16,1545819
user16,1546564
user16,1547006
user16,1548088
user16,1551861
user16,1553924
user16,1564010
user16,1566237
user16,1566297
user16,1566819
user16,1570313
user16,1574527
user16,1576682
user16,1578671
user16,1580412
user16,1584123
user16,1587905
user16,159219
user16,1598918
user16,1601861
user16,1602259
user16,1605314
user16,1605350
user16,1606734
user16,1612968
user16,1613960
user16,1620673
user16,1626166
user16,16321
user16,1632864
user16,1637281
user16,1640320
user16,164778
user16,1650907
user16,1654945
user16,1657999
user16,1658164
user16,1663767
user16,1666997
user16,1669917
user16,1672569
user16,1674200
user16,1675169
user16,1676289
user16,1677808
user16,1678273
user16,1680637
user16,1682466
user16,1683393
user16,1683916
user16,1687258
user16,1702455
user16,1709191
user16,1710854
user16,1711089
user16,1712365
user16,1713711
user16,1715126
user16,1716898
user16,1722782
user16,1728683
user16,1734268
user16,1737758
user16,1737764
user16,173845
user16,1745324
user16,1745326
user16,1746455
user16,1749011
user16,1749262
user16,1749793
user16,1751540
user16,1752177
user16,1753534
user16,1754179
user16,1756348
user16,175635
user16,1756478
user16,1756678
user16,1757400
user16,1757603
user16,1757642
user16,17591
user16,1760200
user16,1761822
user16,1769796
user16,1773978
user16,1774775
user16,1775259
user16,1780805
user16,1781532
user16,1782143
user16,1785168
user16,1786117
user16,1786787
user16,1790591
user16,1792177
user16,1795458
user16,179737
user16,1798773
user16,1798984
user16,1799215
user16,1799471
user16,1800796
user16,1802789
user16,1803476
user16,1803511
user16,180950
user16,1813919
user16,1814704
user16,181731
user16,1820106
user16,1822922
user16,1824263
user16,1830229
user16,1831401
user16,1831937
user16,1839010
user16,1839867
user16,1841227
user16,1842219
user16,1849540
user16,1849637
user16,1850242
user16,1854797
user16,1855269
user16,1857205
user16,1858333
user16,1861793
user16,1862014
user16,1863246
user16,1864288
user16,1865130
user16,1867441
user16,1867442
user16,1868254
user16,1872649
user16,1873798
user16,1877728
user16,1879158
user16,1879159
user16,1881730
user16,1882275
user16,1882327
user16,1882548
user16,1882727
user16,1883000
user16,1886010
user16,1891089
user16,1891246
user16,1891558
user16,1896606
user16,1904138
user16,190424
user16,1905201
user16,1910627
user16,1912853
user16,1912923
user16,1927057
user16,1931827
user16,1932977
user16,1933373
user16,1936452
user16,1936542
user16,1939704
user16,1940262
user16,194389
user16,1947653
user16,195169
user16,195203
user16,1957681
user16,1961700
user16,1966624
user16,1971451
user16,1972036
user16,1975722
user16,1978063
user16,1979843
user16,1988691
user16,1993815
user16,2000463
user16,2005068
user16,2005359
user16,2005606
user16,2006565
user16,2013749
user16,2024657
user16,2026021
user16,2027072
user16,2027270
user16,2029440
user16,2031839
user16,2034475
user16,2036185
user16,2036219
user16,204328
user16,2043600
user16,2048662
user16,2052271
user16,2054128
user16,2055374
user16,2056355
user16,2057714
user16,2061047
user16,2061224
user16,2063847
user16,206764
user16,2070460
user16,2072359
user16,2072461
user16,2072464
user16,2072827
user16,2072858
user16,2072959
user16,2073607
user16,20739
user16,2074514
user16,2074716
user16,2074984
user16,2083059
user16,2083459
user16,2083597
user16,2087916
user16,2088054
user16,2093495
user16,2093544
user16,2094045
user16,2094059
user16,2096915
user16,2099715
user16,210704
user16,2107161
user16,2107922
user16,2111432
user16,2130396
user16,2130957
user16,2132738
user16,2137699
user16,2142156
user16,2142204
user16,2143131
user16,2144605
user16,2144943
user16,2147336
user16,2154775
user16,2157157
user16,2165962
user16,2166346
user16,2167815
user16,2169428
user16,2169732
user16,2170174
user16,2170936
user16,2172328
user16,2174085
user16,2175104
user16,2175399
user16,2177278
user16,2180040
user16,2181167
user16,2181694
user16,2182070
user16,2182266
user16,2184060
user16,2184531
user16,2184650
user16,2186143
user16,2186468
user16,2188442
user16,2190257
user16,219111
user16,2192998
user16,2193603
user16,220014
user16,2200814
user16,2203206
user16,2203962
user16,2204385
user16,2208102
user16,2214942
user16,221585
user16,221755
user16,2219348
user16,2223749
user16,2227932
user16,2228896
user16,2231146
user16,2233549
user16,223496
user16,2237017
user16,2237967
user16,225919
user16,2260645
user16,2260962
user16,2262825
user16,2263582
user16,2264252
user16,2264788
user16,226632
user16,227084
user16,2272739
user16,2274760
user16,2277825
user16,2285523
user16,2290788
user16,2293579
user16,2293958
user16,229405
user16,2295101
user16,2298483
user16,2298489
user16,2298989
user16,2298998
user16,2299035
user16,2300258
user16,230195
user16,2302155
user16,2306745
user16,2313339
user16,2314670
user16,2318785
user16,2322531
user16,2326131
user16,232870
user16,2329249
user16,2330143
user16,233136
user16,2331535
user16,2332732
user16,233823
user16,2340600
user16,2342207
user16,2343583
user16,2346281
user16,2347191
user16,2349453
user16,2355626
user16,2362300
user16,2363158
user16,2364049
user16,2371026
user16,2371938
user16,2377235
user16,2379482
user16,2380552
user16,2382401
user16,2383926
user16,2388655
user16,2390285
user16,2393108
user16,2393110
user16,2399546
user16,2399732
user16,2404340
user16,2406205
user16,2407890
user16,2408875
user16,2412800
user16,2414827
user16,2415810
user16,2418105
user16,2422420
user16,242387
user16,2429140
user16,2433175
user16,2434290
user16,2437665
user16,2441492
user16,244768
user16,2448848
user16,2449725
user16,245054
user16,2452684
user16,2456299
user16,2459523
user16,2459548
user16,2460505
user16,2467632
user16,2468058
user16,2468925
user16,2472164
user16,2472327
user16,2473871
user16,2475547
user16,2475551
user16,2475750
user16,2475757
user16,2477746
user16,2482174
user16,2483609
user16,2485518
user16,2486039
user16,2486074
user16,2486319
user16,2491270
user16,2502520
user16,2506858
user16,2507984
user16,2513457
user16,2513671
user16,2514093
user16,25159
user16,2517052
user16,251875
user16,2520754
user16,2521974
user16,2525143
user16,2526955
user16,2527523
user16,2528037
user16,2531115
user16,2531413
user16,2532130
user16,2536844
user16,2536847
user16,2538938
user16,2540912
user16,2541418
user16,2552974
user16,2556423
user16,255803
user16,2563405
user16,257349
user16,257370
user16,257510
user16,2575658
user16,2581470
user16,2581805
user16,2582459
user16,2585227
user16,2586270
user16,2591491
user16,2593978
user16,2598042
user16,2601825
user16,2602613
user16,2605291
user16,260614
user16,2612359
user16,2617309
user16,2617638
user16,2617667
user16,2617868
user16,2618556
user16,2621880
user16,2624533
user16,2625132
user16,2626655
user16,2634180
user16,2635114
user16,2637276
user16,263854
user16,2639560
user16,2639583
user16,2639775
user16,2643188
user16,2645063
user16,2645277
user16,2646585
user16,2647747
user16,2649793
user16,2649959
user16,2656709
user16,2659481
user16,2659910
user16,2660447
user16,2674397
user16,2674717
user16,2674981
user16,2679323
user16,2682301
user16,2685097
user16,2690384
user16,2693357
user16,2700925
user16,2709901
user16,2711903
user16,2712323
user16,2714898
user16,2719485
user16,2720689
user16,2726009
user16,2730252
user16,2731391
user16,2732062
user16,2732230
user16,2740876
user16,2743657
user16,2744051
user16,2747815
user16,2748149
user16,2756910
user16,2759982
user16,2762894
user16,2776820
user16,2777054
user16,2778420
user16,2780724
user16,2783933
user16,2784121
user16,2784858
user16,2784918
user16,2788749
user16,2791944
user16,2799820
user16,280101
user16,2801638
user16,280277
user16,2812939
user16,2815501
user16,2817805
user16,2829025
user16,2829708
user16,2835460
user16,2837957
user16,2839936
user16,2839941
user16,2840438
user16,2840754
user16,2841825
user16,2843107
user16,2847627
user16,2849307
user16,285106
user16,2851360
user16,2852704
user16,2852711
user16,2856434
user16,2856827
user16,2857461
user16,2858185
user16,2864039
user16,2872022
user16,2895035
user16,2895690
user16,2898547
user16,2901820
user16,2903391
user16,290435
user16,2913027
user16,2914311
user16,2914344
user16,2929392
user16,2937016
user16,2951217
user16,2959557
user16,2959882
user16,2960876
user16,2962713
user16,2963987
user16,2964346
user16,2967945
user16,2968183
user16,2973691
user16,297471
user16,2977040
user16,2978305
user16,2979901
user16,2986439
user16,2989283
user16,2991581
user16,2991860
user16,2993265
user16,2993488
user16,2997386
user16,299861
user16,3002402
user16,3003512
user16,3003674
user16,3004002
user16,3004253
user16,3006598
user16,300713
user16,3010559
user16,3011488
user16,3012770
user16,3020347
user16,3020696
user16,3024107
user16,3026762
user16,3026788
user16,3029703
user16,3030929
user16,3030965
user16,3033234
user16,3034287
user16,3034317
user16,3034508
user16,3046767
user16,3049051
user16,3049984
user16,3057778
user16,3059178
user16,3060538
user16,3062508
user16,3063237
user16,3064153
user16,3064496
user16,3064753
user16,3066408
user16,3066637
user16,3067030
user16,3067145
user16,3067792
user16,3072535
user16,3072680
user16,3075937
user16,3076829
user16,3079306
user16,3090531
user16,3092472
user16,3092680
user16,3098523
user16,3098741
user16,3106419
user16,3106520
user16,3109393
user16,3110763
user16,3112288
user16,3116027
user16,3116116
user16,312218
user16,312220
user16,3131993
user16,3134216
user16,3134340
user16,3135043
user16,3136285
user16,3137691
user16,3138298
user16,314228
user16,3144200
user16,3145867
user16,3145872
user16,3145877
user16,3145885
user16,3146284
user16,3147430
user16,3147436
user16,3157800
user16,316022
user16,3160527
user16,3160971
user16,3167100
user16,3167295
user16,3168274
user16,3168606
user16,3169746
user16,3170329
user16,3170336
user16,3171515
user16,3174019
user16,3177186
user16,3181088
user16,31814
user16,31884
user16,318852
user16,3189437
user16,3190143
user16,3200671
user16,3202560
user16,3202563
user16,3202573
user16,3206108
user16,3212529
user16,3213579
user16,3215888
user16,3222843
user16,3225897
user16,3226442
user16,3228416
user16,3231506
user16,3236277
user16,3239389
user16,3239578
user16,3247358
user16,3253007
user16,3253506
user16,325708
user16,325753
user16,3261627
user16,326396
user16,326904
user16,3269074
user16,327875
user16,3280579
user16,3291547
user16,3293422
user16,3295013
user16,3297469
user16,3302061
user16,3304217
user16,3304220
user16,3304763
user16,33077
user16,331402
user16,33141
user16,332553
user16,3327286
user16,3332641
user16,3335116
user16,3337507
user16,3338417
user16,3340083
user16,3343767
user16,3344075
user16,3359214
user16,3362910
user16,3368455
user16,3369012
user16,3369764
user16,3369790
user16,3370765
user16,3373117
user16,3376534
user16,3383418
user16,3385738
user16,3386293
user16,3387962
user16,3406938
user16,3415855
user16,342114
user16,343526
user16,3442535
user16,3447174
user16,3451589
user16,3457574
user16,3458045
user16,3458545
user16,3459597
user16,3459903
user16,3462131
user16,346229
user16,3467336
user16,3467869
user16,3469631
user16,3471103
user16,3476417
user16,3477281
user16,3477431
user16,3477516
user16,3478220
user16,347949
user16,3479978
user16,3481380
user16,3483154
user16,3485112
user16,3485340
user16,3487379
user16,3488225
user16,3492400
user16,349532
user16,3497154
user16,3498237
user16,3499635
user16,3503908
user16,3506639
user16,3507000
user16,3515154
user16,3519342
user16,3522123
user16,3529017
user16,353062
user16,3530989
user16,3531013
user16,3531275
user16,3531483
user16,3533322
user16,3537051
user16,3538143
user16,3538389
user16,3539066
user16,3539442
user16,3539879
user16,3540610
user16,3541634
user16,3542194
user16,354231
user16,3542379
user16,3544922
user16,3545238
user16,354541
user16,3545823
user16,3546403
user16,354785
user16,3553337
user16,3556491
user16,3557196
user16,3559689
user16,3559726
user16,356002
user16,3560055
user16,3562651
user16,3563080
user16,3563487
user16,3564427
user16,3565137
user16,3565523
user16,3565668
user16,3565767
user16,3565902
user16,3566796
user16,3570396
user16,3572493
user16,3574162
user16,3574168
user16,3580830
user16,358096
user16,3581655
user16,3586682
user16,3587593
user16,3587862
user16,3588075
user16,3588812
user16,3589334
user16,3590674
user16,3595363
user16,3598157
user16,3598952
user16,3599788
user16,3602196
user16,3605316
user16,3607434
user16,3608002
user16,3608170
user16,3608172
user16,3609511
user16,3613289
user16,3613530
user16,361522
user16,3617020
user16,3617353
user16,3617691
user16,3618839
user16,3619759
user16,3620745
user16,3621645
user16,3622293
user16,3624312
user16,3624433
user16,3626443
user16,3627553
user16,3635698
user16,363704
user16,3640127
user16,364768
user16,3647843
user16,3650540
user16,3655973
user16,3663642
user16,3663761
user16,3666962
user16,367007
user16,3671916
user16,3673754
user16,367470
user16,3676649
user16,367805
user16,3678578
user16,3679007
user16,3679779
user16,36807
user16,368727
user16,3690330
user16,3691492
user16,3694985
user16,3697899
user16,369920
user16,3707149
user16,3726846
user16,3733279
user16,3733780
user16,3737870
user16,3745459
user16,374968
user16,3750174
user16,3757329
user16,3758092
user16,3759406
user16,375974
user16,376145
user16,376236
user16,376294
user16,3771735
user16,3773965
user16,3776763
user16,3780144
user16,3780543
user16,3780594
user16,3782343
user16,37836
user16,3791369
user16,3791876
user16,379712
user16,3797320
user16,380310
user16,380394
user16,3806761
user16,3807940
user16,3812157
user16,3812705
user16,3814538
user16,3817270
user16,3820470
user16,382574
user16,3834366
user16,3835266
user16,3835519
user16,3835789
user16,3836898
user16,3837334
user16,3841511
user16,3842047
user16,3843240
user16,3847456
user16,3848687
user16,3852908
user16,385653
user16,3856912
user16,385788
user16,3859652
user16,3859879
user16,3861195
user16,3861231
user16,3861628
user16,3863327
user16,3865489
user16,386555
user16,3868316
user16,3868339
user16,3869564
user16,3871434
user16,3871798
user16,3872867
user16,3873319
user16,3873837
user16,3875029
user16,3877242
user16,3878310
user16,3878808
user16,3880809
user16,3880846
user16,3881885
user16,3882021
user16,3883912
user16,3885312
user16,3887864
user16,3889164
user16,3890886
user16,3890985
user16,3891030
user16,3894930
user16,3895199
user16,3897150
user16,3897704
user16,3897738
user16,3900141
user16,3901271
user16,3901354
user16,3902470
user16,3902570
user16,3903676
user16,391134
user16,3914165
user16,3916696
user16,3919413
user16,3921461
user16,392555
user16,3925696
user16,3928291
user16,3928941
user16,3929356
user16,3929488
user16,3930024
user16,393069
user16,393074
user16,3930827
user16,3931178
user16,3931544
user16,3932100
user16,393638
user16,3937269
user16,3938083
user16,3938157
user16,3940720
user16,3941096
user16,3941515
user16,394311
user16,3943588
user16,3944639
user16,39475
user16,3952785
user16,3956548
user16,3957478
user16,3958016
user16,395807
user16,3958380
user16,3958383
user16,395887
user16,3959029
user16,3959586
user16,3959940
user16,3960002
user16,396203
user16,3966509
user16,397125
user16,3972607
user16,3984515
user16,3984528
user16,3984530
user16,3984546
user16,3985218
user16,398780
user16,39888
user16,3990309
user16,3991827
user16,399214
user16,3994831
user16,3994864
user16,3996351
user16,3996447
user16,3997823
user16,3998010
user16,3999296
user16,400185
user16,4002695
user16,4003972
user16,400529
user16,4007928
user16,4008738
user16,400977
user16,4010501
user16,4011536
user16,4013159
user16,4019779
user16,4024491
user16,4026800
user16,4030373
user16,4042633
user16,4044514
user16,4044842
user16,4045413
user16,4046428
user16,4046687
user16,404790
user16,404875
user16,4049561
user16,40576
user16,4061509
user16,4061693
user16,4064269
user16,4065055
user16,4065396
user16,4069098
user16,406974
user16,4080655
user16,4086616
user16,4088050
user16,4090505
user16,4090807
user16,4091683
user16,4091699
user16,4092407
user16,4098940
user16,4099312
user16,4103659
user16,410378
user16,4105062
user16,4106188
user16,410715
user16,4107806
user16,4108601
user16,4111712
user16,4112661
user16,4112757
user16,4113591
user16,4113847
user16,4116522
user16,4116530
user16,4116730
user16,4117238
user16,4117239
user16,4117242
user16,4118463
user16,4118676
user16,4119455
user16,4119747
user16,4121842
user16,4121892
user16,4122262
user16,4122427
user16,4123504
user16,4123647
user16,4125614
user16,4127344
user16,4127676
user16,4127692
user16,4129187
user16,4129473
user16,4131312
user16,4134496
user16,4136258
user16,414629
user16,4149505
user16,4149534
user16,4152563
user16,4154459
user16,4155301
user16,4158860
user16,4158962
user16,4160636
user16,4161000
user16,4162646
user16,4163599
user16,4166839
user16,4167552
user16,4168611
user16,4168616
user16,4177468
user16,4178512
user16,4181810
user16,4184496
user16,4188723
user16,4190217
user16,4192539
user16,4198458
user16,4199660
user16,4200275
user16,4205236
user16,4205591
user16,4206141
user16,4206214
user16,4207535
user16,4209230
user16,4209376
user16,4210262
user16,4210987
user16,4211043
user16,4213304
user16,4213314
user16,4214262
user16,422859
user16,4229683
user16,424884
user16,4250973
user16,426532
user16,4272156
user16,4273797
user16,4273983
user16,4278078
user16,4278896
user16,4283131
user16,429680
user16,4302502
user16,430949
user16,431002
user16,4315061
user16,4315155
user16,4322557
user16,4334535
user16,4339617
user16,434511
user16,4347057
user16,4347072
user16,4348181
user16,4364215
user16,4371729
user16,4373784
user16,4375642
user16,4377358
user16,437743
user16,4379194
user16,4389882
user16,4390594
user16,4392144
user16,439309
user16,4393091
user16,4396569
user16,4397559
user16,4397920
user16,4405870
user16,4406140
user16,4406556
user16,4407739
user16,4411831
user16,4417178
user16,4420403
user16,4423742
user16,4425876
user16,4428662
user16,4434566
user16,4435231
user16,4439868
user16,4441963
user16,4444685
user16,4445070
user16,4445308
user16,4448704
user16,4452046
user16,4452810
user16,4454078
user16,4455614
user16,4455698
user16,4457035
user16,4461162
user16,44661
user16,4469647
user16,4473265
user16,4473268
user16,4474926
user16,4475421
user16,4475921
user16,4475924
user16,4479734
user16,4481738
user16,4482789
user16,4483482
user16,4484485
user16,4484589
user16,4486346
user16,4487157
user16,4487422
user16,4487766
user16,4488448
user16,4490100
user16,4497177
user16,4498855
user16,4498879
user16,4499784
user16,4499792
user16,4500824
user16,4500891
user16,4502306
user16,4513749
user16,451845
user16,4519037
user16,4527140
user16,4544061
user16,4546637
user16,4546658
user16,4547579
user16,4548080
user16,4549458
user16,4551529
user16,4558771
user16,4566743
user16,4566769
user16,4566858
user16,456865
user16,4569283
user16,4569538
user16,4569605
user16,4569716
user16,4569738
user16,4569830
user16,4570063
user16,458280
user16,458285
user16,461394
user16,472026
user16,472227
user16,472946
user16,4738
user16,475148
user16,475911
user16,476560
user16,477390
user16,477395
user16,477541
user16,477608
user16,478850
user16,479713
user16,479900
user16,482098
user16,482687
user16,483289
user16,483429
user16,483942
user16,485337
user16,485566
user16,486129
user16,490374
user16,491044
user16,491350
user16,49291
user16,49403
user16,49409
user16,497929
user16,498334
user16,498610
user16,498629
user16,498647
user16,498924
user16,499902
user16,500936
user16,503832
user16,505537
user16,508080
user16,508659
user16,511182
user16,51301
user16,520404
user16,523015
user16,527869
user16,53418
user16,537982
user16,543886
user16,552067
user16,553233
user16,554055
user16,55488
user16,556308
user16,556600
user16,559512
user16,566278
user16,567714
user16,569660
user16,570524
user16,571390
user16,573555
user16,573834
user16,583740
user16,584957
user16,586323
user16,589195
user16,589260
user16,59122
user16,592914
user16,593379
user16,595755
user16,596568
user16,598636
user16,599852
user16,600758
user16,601236
user16,603451
user16,607350
user16,613839
user16,620763
user16,621173
user16,621658
user16,624274
user16,624318
user16,62473
user16,626372
user16,62684
user16,630929
user16,643971
user16,648455
user16,650570
user16,651322
user16,653443
user16,654709
user16,655075
user16,661487
user16,661493
user16,66172
user16,664844
user16,671923
user16,673844
user16,675079
user16,677781
user16,678387
user16,68218
user16,682337
user16,682430
user16,683936
user16,683953
user16,684176
user16,687492
user16,691218
user16,696997
user16,703835
user16,706158
user16,706775
user16,70831
user16,709974
user16,712393
user16,714708
user16,719057
user16,721171
user16,723603
user16,726063
user16,728910
user16,733600
user16,733603
user16,740364
user16,74542
user16,751308
user16,751327
user16,751358
user16,75246
user16,75820
user16,758239
user16,767125
user16,777589
user16,777679
user16,778291
user16,779183
user16,782310
user16,783944
user16,786706
user16,788211
user16,791914
user16,791956
user16,792170
user16,795220
user16,79651
user16,798235
user16,802548
user16,804108
user16,815807
user16,819409
user16,82215
user16,824105
user16,824432
user16,82672
user16,830602
user16,8348
user16,835595
user16,835816
user16,83771
user16,83970
user16,84960
user16,851182
user16,85176
user16,852539
user16,861277
user16,864966
user16,875261
user16,877245
user16,87785
user16,879837
user16,880821
user16,883460
user16,883973
user16,887951
user16,889208
user16,895778
user16,898178
user16,898303
user16,901223
user16,901973
user16,902785
user16,907119
user16,907942
user16,912280
user16,916343
user16,917982
user16,924617
user16,925067
user16,925813
user16,925887
user16,928175
user16,928430
user16,930089
user16,93126
user16,933658
user16,93791
user16,938344
user16,939651
user16,942363
user16,943575
user16,946630
user16,950080
user16,95364
user16,956425
user16,956617
user16,958944
user16,959303
user16,959793
user16,960085
user16,962014
user16,963088
user16,964270
user16,965661
user16,970017
user16,973870
user16,974288
user16,97569
user16,976365
user16,977127
user16,978947
user16,979823
user16,979931
user16,980323
user16,982811
user16,98296
user16,983818
user16,984327
user16,989964
user16,996674
user16,999600
user17,1004979
user17,1014754
user17,102059
user17,1030501
user17,1035298
user17,1036612
user17,1039015
user17,104027
user17,105637
user17,1074399
user17,1081374
user17,108235
user17,1092615
user17,1093130
user17,109318
user17,1109612
user17,1115636
user17,1116670
user17,1116794
user17,1118699
user17,1126571
user17,1130290
user17,1135994
user17,1139568
user17,1141870
user17,1143377
user17,1149350
user17,1151397
user17,1155763
user17,1161257
user17,1162639
user17,116483
user17,1165564
user17,1181175
user17,1191500
user17,1202513
user17,121437
user17,1217040
user17,1221546
user17,1224946
user17,122926
user17,1235579
user17,1249878
user17,1253110
user17,1254544
user17,1258677
user17,1260245
user17,1266171
user17,1270041
user17,1273037
user17,129253
user17,1295771
user17,1301896
user17,1302248
user17,1305021
user17,1308993
user17,1311609
user17,1311907
user17,1314995
user17,1316976
user17,1321114
user17,1325966
user17,1327493
user17,1329108
user17,1331428
user17,1332042
user17,1332950
user17,1333109
user17,1336338
user17,1338066
user17,1340159
user17,1341675
user17,1349275
user17,1385529
user17,1412840
user17,1418262
user17,1419036
user17,1421681
user17,1426852
user17,1432691
user17,1434435
user17,1438887
user17,1449898
user17,1450279
user17,1451418
user17,1457406
user17,1457422
user17,1473739
user17,1477477
user17,1480548
user17,148075
user17,1487703
user17,1493383
user17,1505689
user17,1513035
user17,1514176
user17,1516238
user17,1522195
user17,1524352
user17,1527150
user17,1527599
user17,1528600
user17,1529608
user17,1530145
user17,153291
user17,1541913
user17,1543466
user17,154350
user17,1544000
user17,1545484
user17,1547027
user17,155108
user17,1563343
user17,1567527
user17,1572865
user17,1573476
user17,1579242
user17,1586049
user17,1586206
user17,1605712
user17,1609741
user17,1618690
user17,1626472
user17,1629146
user17,1632864
user17,1637270
user17,1656096
user17,1661748
user17,1662230
user17,1669336
user17,1674331
user17,1682785
user17,1683393
user17,169372
user17,169651
user17,1703602
user17,1704105
user17,1705211
user17,1707994
user17,1711391
user17,1711415
user17,1713239
user17,1713453
user17,1716916
user17,1723904
user17,1726501
user17,1727544
user17,1728833
user17,1738303
user17,1744554
user17,1746020
user17,1746231
user17,1747565
user17,1749196
user17,1752776
user17,1752788
user17,1753188
user17,1754383
user17,1755655
user17,1760853
user17,1773680
user17,1777059
user17,1781894
user17,1785954
user17,1786117
user17,1799265
user17,1802169
user17,181115
user17,1812930
user17,1816178
user17,1822922
user17,1826333
user17,1831082
user17,1833244
user17,1844439
user17,1849526
user17,1851544
user17,1856164
user17,1862454
user17,1864778
user17,1865143
user17,1867511
user17,1870371
user17,1871762
user17,1874148
user17,1875741
user17,1878163
user17,1878758
user17,1879517
user17,1882323
user17,1885893
user17,1889087
user17,1890824
user17,1890908
user17,1896876
user17,1899243
user17,190163
user17,190169
user17,1910627
user17,1924868
user17,1929591
user17,1938854
user17,1947653
user17,195198
user17,1957681
user17,1975788
user17,1976357
user17,1978558
user17,1981001
user17,1981538
user17,1992204
user17,1993869
user17,2007315
user17,2007316
user17,2013005
user17,2024118
user17,2043561
user17,2048782
user17,2049906
user17,2053193
user17,206157
user17,2072342
user17,2072434
user17,2072513
user17,2072912
user17,2073966
user17,2083972
user17,2090066
user17,2097697
user17,2099715
user17,2102317
user17,2103631
user17,2107502
user17,211167
user17,2111812
user17,2112749
user17,2127379
user17,2130395
user17,2134415
user17,2142202
user17,214262
user17,2155702
user17,2167722
user17,2168259
user17,2169571
user17,2169806
user17,2171984
user17,2172455
user17,2173593
user17,2175396
user17,2180025
user17,2181088
user17,2181464
user17,2184287
user17,2187473
user17,2192016
user17,2192627
user17,2193379
user17,2199676
user17,2200814
user17,2200860
user17,2204660
user17,2215596
user17,221760
user17,2217784
user17,2249379
user17,2259522
user17,2261005
user17,2264147
user17,2264505
user17,2267659
user17,2294136
user17,2295639
user17,2298506
user17,2304647
user17,2321984
user17,2322494
user17,2326131
user17,233574
user17,2344193
user17,2345821
user17,2358077
user17,2359241
user17,2361035
user17,2363874
user17,2365952
user17,2399741
user17,2406166
user17,2414979
user17,2418037
user17,24215
user17,2423528
user17,2441670
user17,2446256
user17,2446274
user17,245054
user17,2465829
user17,2472553
user17,2473577
user17,247799
user17,2481573
user17,2488401
user17,2492407
user17,2507479
user17,2507667
user17,2509882
user17,2513909
user17,251957
user17,2525143
user17,2525570
user17,2525742
user17,2527747
user17,2532464
user17,2538008
user17,2542306
user17,2546583
user17,2548051
user17,254908
user17,2556423
user17,2560963
user17,2586278
user17,2589187
user17,2600435
user17,2606252
user17,2610543
user17,2612904
user17,2620264
user17,2625288
user17,2626416
user17,2629349
user17,2635103
user17,2637276
user17,263839
user17,2643120
user17,264403
user17,2645453
user17,2645774
user17,2647439
user17,2647451
user17,2647653
user17,2654507
user17,2657025
user17,2664924
user17,2666996
user17,2682262
user17,2685980
user17,2700373
user17,2714233
user17,2724831
user17,2724994
user17,2725842
user17,2726009
user17,2735061
user17,2735527
user17,2740640
user17,27420
user17,2744360
user17,2744766
user17,2760380
user17,2775106
user17,2776913
user17,2777054
user17,2777991
user17,2784188
user17,2791724
user17,2792509
user17,2794110
user17,2798211
user17,2799265
user17,2801436
user17,280277
user17,2816446
user17,2818165
user17,2819255
user17,2829931
user17,2834854
user17,2836892
user17,2847655
user17,2852334
user17,2860876
user17,2865879
user17,287982
user17,2886872
user17,2898832
user17,2916711
user17,2918688
user17,2920053
user17,2928196
user17,2951644
user17,2959561
user17,2960876
user17,2966930
user17,297471
user17,2981558
user17,2982356
user17,2988389
user17,2993544
user17,3004002
user17,3005421
user17,3011488
user17,3012526
user17,3015320
user17,3026411
user17,3027449
user17,3040669
user17,3049984
user17,3055205
user17,3057435
user17,3057778
user17,3063118
user17,3065600
user17,3066412
user17,3066633
user17,3081101
user17,3083907
user17,3092472
user17,3094557
user17,3099438
user17,3101463
user17,3108764
user17,3127387
user17,3135425
user17,3136857
user17,3145881
user17,3146984
user17,3148363
user17,3148626
user17,3157800
user17,3177114
user17,3178702
user17,3184310
user17,3184566
user17,3187804
user17,3197860
user17,3214219
user17,3218524
user17,3219786
user17,3223997
user17,3225617
user17,3229698
user17,3236842
user17,3237268
user17,3241063
user17,3252654
user17,3258448
user17,3270811
user17,328948
user17,329370
user17,3298823
user17,3309392
user17,331402
user17,3323170
user17,334257
user17,3345720
user17,3351561
user17,3352327
user17,3360030
user17,3360349
user17,3373015
user17,3373117
user17,3379838
user17,3381685
user17,3383993
user17,3386849
user17,3391413
user17,3395679
user17,3398215
user17,3400805
user17,3440621
user17,3445535
user17,3447174
user17,3448952
user17,3454248
user17,3463017
user17,3464502
user17,3466197
user17,346674
user17,3467820
user17,3470637
user17,3470639
user17,3476417
user17,3481380
user17,3490765
user17,3492136
user17,3493845
user17,3494770
user17,3495366
user17,3496427
user17,3497051
user17,3499635
user17,3506367
user17,3506990
user17,3514110
user17,351797
user17,3522074
user17,3529213
user17,3531483
user17,3531956
user17,3534221
user17,3534237
user17,3538143
user17,354237
user17,35450
user17,3547198
user17,3547613
user17,3561154
user17,3561234
user17,3565767
user17,3566765
user17,3568323
user17,3568724
user17,3571197
user17,3580936
user17,3586632
user17,3591807
user17,3591848
user17,3601140
user17,3602160
user17,3603794
user17,3605338
user17,3614542
user17,3620148
user17,3622799
user17,3623409
user17,3628872
user17,3633323
user17,3635352
user17,3635698
user17,3639126
user17,3640084
user17,3640305
user17,3641156
user17,3655973
user17,366549
user17,3667529
user17,367470
user17,367805
user17,3678295
user17,3678997
user17,3683422
user17,3686522
user17,371386
user17,371558
user17,3734873
user17,3737866
user17,3745452
user17,374655
user17,3749473
user17,3764852
user17,3768944
user17,3770740
user17,3783705
user17,3784879
user17,379712
user17,3801280
user17,3803288
user17,3805112
user17,380575
user17,380750
user17,3809355
user17,3811252
user17,3813291
user17,3814538
user17,381491
user17,3823164
user17,3834372
user17,3839168
user17,3847351
user17,3853932
user17,3866898
user17,3872867
user17,3876271
user17,3876937
user17,3877401
user17,3877959
user17,3881996
user17,3882176
user17,3882285
user17,3882967
user17,3884565
user17,3885312
user17,3889714
user17,3890254
user17,3894928
user17,3894929
user17,3908026
user17,3909182
user17,391134
user17,3916696
user17,3922186
user17,3924743
user17,3930384
user17,3932491
user17,3933362
user17,3945939
user17,3949924
user17,3950034
user17,3952782
user17,3959963
user17,3972423
user17,3976497
user17,3977037
user17,3977088
user17,3977191
user17,3977238
user17,3979260
user17,3981004
user17,39821
user17,3984537
user17,3984542
user17,3996902
user17,3997347
user17,4007928
user17,4009009
user17,4010246
user17,4012836
user17,4013406
user17,4013769
user17,4024473
user17,4024507
user17,4029905
user17,4056399
user17,4057179
user17,405729
user17,4062456
user17,4067544
user17,4068288
user17,4078715
user17,4080655
user17,4089078
user17,4091699
user17,4095466
user17,4095771
user17,4103659
user17,4108598
user17,4112735
user17,4113133
user17,4115662
user17,4117238
user17,4117788
user17,4121735
user17,4123310
user17,4123812
user17,4123857
user17,4127746
user17,4129187
user17,4129990
user17,4135553
user17,4150853
user17,4158962
user17,4162282
user17,4162853
user17,4168681
user17,4168688
user17,4170550
user17,4170969
user17,4188723
user17,418874
user17,4194453
user17,4202474
user17,4205879
user17,4207256
user17,4209232
user17,4211064
user17,4213314
user17,4213315
user17,4216864
user17,4217360
user17,4218832
user17,422226
user17,4225120
user17,4230932
user17,4238685
user17,4239710
user17,4253113
user17,4253871
user17,4255241
user17,425884
user17,4261490
user17,4274453
user17,4275940
user17,4277793
user17,4283188
user17,4292960
user17,4295731
user17,4297175
user17,431412
user17,431423
user17,4320868
user17,432298
user17,4331295
user17,43425
user17,4347053
user17,4352257
user17,4389115
user17,4392144
user17,4392614
user17,4397969
user17,4400477
user17,4404950
user17,4408483
user17,4410736
user17,4426462
user17,4438337
user17,4449614
user17,4452462
user17,445389
user17,4455031
user17,4457257
user17,4457360
user17,4457398
user17,4470726
user17,4473265
user17,4480230
user17,448194
user17,448291
user17,4483139
user17,4485068
user17,4485836
user17,4496588
user17,4498621
user17,4498874
user17,4521153
user17,4522183
user17,4530843
user17,4547593
user17,4548089
user17,4554481
user17,4563370
user17,456753
user17,4568316
user17,4568366
user17,4568599
user17,463032
user17,465203
user17,466904
user17,470049
user17,475679
user17,475915
user17,476343
user17,477118
user17,479460
user17,479572
user17,479898
user17,479977
user17,483623
user17,486128
user17,494621
user17,496100
user17,496619
user17,496761
user17,498809
user17,504322
user17,505547
user17,508588
user17,51043
user17,510554
user17,511182
user17,516583
user17,528943
user17,535439
user17,549029
user17,555083
user17,55869
user17,566293
user17,567940
user17,574241
user17,580083
user17,585693
user17,589195
user17,592961
user17,601389
user17,605688
user17,609519
user17,612572
user17,613839
user17,625551
user17,635273
user17,63831
user17,647278
user17,649222
user17,650570
user17,660895
user17,6725
user17,675284
user17,675294
user17,676360
user17,677330
user17,680267
user17,694953
user17,704078
user17,706158
user17,707832
user17,714708
user17,722652
user17,722900
user17,724837
user17,727257
user17,751309
user17,760415
user17,763650
user17,76517
user17,776262
user17,802548
user17,80603
user17,815807
user17,835818
user17,839281
user17,839291
user17,870164
user17,884988
user17,896568
user17,90010
user17,901815
user17,904148
user17,905870
user17,915815
user17,916339
user17,921747
user17,924910
user17,925030
user17,933157
user17,935700
user17,943349
user17,948115
user17,949221
user17,962270
user17,963531
user17,964270
user17,965568
user17,966035
user17,96910
user17,970244
user17,973864
user17,981662
user17,983818
user17,992358
user17,99780
user19,1001695
user19,1002129
user19,1003802
user19,1005812
user19,1006172
user19,1009691
user19,1011174
user19,1011196
user19,1014754
user19,1021913
user19,1027873
user19,1027911
user19,1037690
user19,1039411
user19,1040820
user19,1041342
user19,1046599
user19,105386
user19,105640
user19,1057972
user19,1059932
user19,1061117
user19,1062917
user19,1065601
user19,107605
user19,1078084
user19,1080518
user19,1087212
user19,10900
user19,1092424
user19,109818
user19,1098322
user19,1106513
user19,1107548
user19,11081
user19,1109612
user19,1109706
user19,1110099
user19,1110518
user19,1110526
user19,111315
user19,111515
user19,1116190
user19,1117695
user19,1118699
user19,1119679
user19,1119686
user19,1119940
user19,1121888
user19,1122712
user19,1125523
user19,1126206
user19,1127122
user19,1127708
user19,1131289
user19,1131293
user19,1131297
user19,1131508
user19,1133504
user19,1137089
user19,1139152
user19,1139993
user19,1144839
user19,1147616
user19,1147852
user19,114858
user19,1161422
user19,1162601
user19,116626
user19,1167544
user19,1173493
user19,1176748
user19,118113
user19,1181304
user19,1181983
user19,1185893
user19,1185917
user19,1187227
user19,1190438
user19,119134
user19,120811
user19,121003
user19,121061
user19,121437
user19,1216806
user19,1217036
user19,121761
user19,1218013
user19,1224961
user19,122561
user19,122562
user19,122632
user19,1231864
user19,1240449
user19,1241724
user19,1242105
user19,124357
user19,1244098
user19,124724
user19,1255227
user19,1256169
user19,1256180
user19,1259995
user19,1261138
user19,1264472
user19,1264814
user19,1264842
user19,1267292
user19,1268016
user19,1268243
user19,1269592
user19,1270158
user19,1270904
user19,1273037
user19,1275964
user19,1283458
user19,1285696
user19,1289428
user19,1291884
user19,1293291
user19,1293559
user19,1295169
user19,1295396
user19,1296585
user19,1297526
user19,1297859
user19,129896
user19,1298970
user19,1299902
user19,1303010
user19,1306348
user19,1307309
user19,1311829
user19,1312859
user19,1313315
user19,1313379
user19,1316847
user19,1317693
user19,1319815
user19,1319820
user19,1322158
user19,1324400
user19,1325246
user19,1325977
user19,1326218
user19,1327994
user19,1329758
user19,1333439
user19,1333630
user19,1336338
user19,1336962
user19,1337638
user19,1338308
user19,1340159
user19,1342115
user19,1342747
user19,1344501
user19,1344535
user19,1345810
user19,1346279
user19,1346939
user19,1347454
user19,1347633
user19,1350483
user19,1350487
user19,1351317
user19,1351671
user19,1359275
user19,1359393
user19,1361945
user19,1371745
user19,1372847
user19,137346
user19,1374671
user19,1381595
user19,1382860
user19,1383492
user19,1385529
user19,1386836
user19,1391129
user19,1391733
user19,1394445
user19,1396290
user19,1397498
user19,1399978
user19,1399980
user19,1407961
user19,1410915
user19,1411171
user19,1412830
user19,1412840
user19,1413015
user19,1413318
user19,141517
user19,1418218
user19,1418262
user19,1419036
user19,142461
user19,1424911
user19,1426848
user19,1434977
user19,1440050
user19,144397
user19,1448101
user19,1452607
user19,1457215
user19,1457419
user19,1467928
user19,1477267
user19,1481450
user19,1489765
user19,1493148
user19,1505691
user19,1509993
user19,1510254
user19,1512486
user19,1514232
user19,1517681
user19,1518076
user19,1518114
user19,1519699
user19,1520602
user19,1525215
user19,1526555
user19,1528600
user19,1534657
user19,1537988
user19,153841
user19,153842
user19,1539275
user19,1539730
user19,1541752
user19,1542063
user19,1542870
user19,1543510
user19,1544048
user19,1544528
user19,1544539
user19,154575
user19,1549415
user19,1552255
user19,1552417
user19,1553722
user19,1554832
user19,1556401
user19,1556853
user19,1560145
user19,1562661
user19,1563213
user19,1563278
user19,1563283
user19,1566237
user19,1566246
user19,1571082
user19,1574527
user19,1577642
user19,1578243
user19,158062
user19,1587905
user19,1588799
user19,1592081
user19,1595538
user19,1596525
user19,1596526
user19,1597403
user19,15984
user19,1598617
user19,1598686
user19,1598692
user19,1598723
user19,1602259
user19,1605314
user19,1605712
user19,1606734
user19,1616048
user19,1619684
user19,1620503
user19,162471
user19,162482
user19,1627704
user19,1627761
user19,1635764
user19,1636734
user19,1645813
user19,1653634
user19,1653802
user19,1654948
user19,1656879
user19,1657800
user19,1663814
user19,1666528
user19,1668734
user19,1671744
user19,1673080
user19,1674200
user19,1676581
user19,1676582
user19,1677195
user19,1679638
user19,1679740
user19,1680630
user19,1682317
user19,1683393
user19,1688604
user19,1699739
user19,1703547
user19,1708092
user19,1710181
user19,1711639
user19,1712023
user19,1712365
user19,1712608
user19,1713350
user19,1714373
user19,1715636
user19,1716472
user19,1716476
user19,1716573
user19,1717307
user19,1717310
user19,1717569
user19,1720304
user19,1720851
user19,1723701
user19,1724831
user19,1726105
user19,1732718
user19,1732721
user19,1734911
user19,1740163
user19,174182
user19,1745951
user19,1746250
user19,1747070
user19,1749262
user19,1750076
user19,175011
user19,1751535
user19,1751536
user19,1753412
user19,1753534
user19,1754099
user19,1754179
user19,1760214
user19,1761894
user19,1764419
user19,176443
user19,17646
user19,1774656
user19,1775003
user19,1775259
user19,1776828
user19,1780912
user19,1781523
user19,1783779
user19,1786117
user19,1786734
user19,17869
user19,1799479
user19,1801688
user19,1808331
user19,1815255
user19,181566
user19,1816435
user19,181728
user19,181874
user19,1819566
user19,1824254
user19,1824259
user19,182875
user19,1831082
user19,1831579
user19,1840891
user19,1847167
user19,1849523
user19,1849901
user19,1850644
user19,1853868
user19,1855232
user19,1856063
user19,1856779
user19,1857206
user19,1857554
user19,1857604
user19,1860193
user19,1860709
user19,1861181
user19,1861779
user19,1862014
user19,1863921
user19,1864161
user19,1864977
user19,1865757
user19,1865862
user19,1866820
user19,1866854
user19,1866887
user19,1867339
user19,1868683
user19,1872084
user19,1872702
user19,1872847
user19,1873486
user19,1877152
user19,1879731
user19,1880434
user19,1882249
user19,1882268
user19,1885236
user19,1886010
user19,1886888
user19,1889020
user19,1889265
user19,1889408
user19,1890343
user19,1890877
user19,1890949
user19,1891095
user19,1893139
user19,1894045
user19,1894121
user19,1895650
user19,1896606
user19,1897970
user19,189949
user19,1903048
user19,190306
user19,1903878
user19,1904254
user19,1905201
user19,1908601
user19,1909623
user19,1910069
user19,1911827
user19,1912923
user19,1913912
user19,1923543
user19,192635
user19,1928545
user19,1933546
user19,1936452
user19,1940375
user19,1945473
user19,1945486
user19,1947653
user19,1947817
user19,1948146
user19,194830
user19,1948780
user19,195169
user19,1956939
user19,1959599
user19,1966030
user19,1968485
user19,1971451
user19,1971942
user19,1972035
user19,1973892
user19,1974099
user19,1975722
user19,1975788
user19,1976031
user19,1976825
user19,1982521
user19,1983599
user19,1987272
user19,1987525
user19,1988160
user19,1988173
user19,1989313
user19,1991629
user19,1991899
user19,1992370
user19,1997963
user19,2005307
user19,2006479
user19,2009230
user19,2013772
user19,2022932
user19,2024289
user19,2034478
user19,2037016
user19,2040502
user19,2042406
user19,2042538
user19,2047559
user19,2049892
user19,2049960
user19,2056355
user19,2057196
user19,2058468
user19,2060174
user19,2060956
user19,2063854
user19,2064229
user19,2064508
user19,2065893
user19,2067282
user19,2068864
user19,2070460
user19,2072369
user19,2072837
user19,2073223
user19,2078053
user19,2079044
user19,2079048
user19,208296
user19,2083244
user19,2083972
user19,208833
user19,2089263
user19,2089853
user19,2090387
user19,2090523
user19,2091570
user19,2096738
user19,2097166
user19,2099715
user19,2100296
user19,2102057
user19,2102470
user19,2102488
user19,2106725
user19,2111767
user19,2111864
user19,2117200
user19,213635
user19,2137638
user19,2142092
user19,2142132
user19,2144194
user19,2148933
user19,2157195
user19,2164579
user19,2167712
user19,216900
user19,216923
user19,2169555
user19,2170812
user19,2174287
user19,2175332
user19,2175438
user19,2175439
user19,2175465
user19,2177559
user19,2181164
user19,2181604
user19,2184064
user19,2184535
user19,2184733
user19,2186137
user19,2186448
user19,218749
user19,2187548
user19,2190878
user19,2191521
user19,2191765
user19,2191802
user19,2193376
user19,219349
user19,2200814
user19,2203206
user19,2203964
user19,2214942
user19,2215536
user19,2217901
user19,2218025
user19,2221974
user19,222398
user19,222415
user19,2224546
user19,2224784
user19,223069
user19,223161
user19,2232947
user19,2233117
user19,223415
user19,2237037
user19,224263
user19,2249414
user19,2255678
user19,2258169
user19,2258175
user19,2259252
user19,2260005
user19,2261005
user19,2261598
user19,2263544
user19,2263735
user19,226394
user19,2264375
user19,2264650
user19,2264788
user19,2265285
user19,2265633
user19,2267542
user19,2267913
user19,2274760
user19,2275121
user19,2277537
user19,2278258
user19,2280191
user19,2281287
user19,2290735
user19,2291575
user19,2294842
user19,2295637
user19,2296363
user19,2298695
user19,2298696
user19,2300258
user19,2300304
user19,2301975
user19,2302640
user19,2303920
user19,2303959
user19,230627
user19,230898
user19,2309863
user19,2310631
user19,2311241
user19,2315435
user19,2321320
user19,2322495
user19,2322539
user19,2322561
user19,2325478
user19,2327863
user19,2330111
user19,2332647
user19,2337955
user19,2339230
user19,2340600
user19,2343179
user19,2344222
user19,2346402
user19,2347191
user19,2350025
user19,2351336
user19,2355626
user19,2356512
user19,2357977
user19,2363159
user19,2363894
user19,2367978
user19,2371024
user19,2374617
user19,2378120
user19,2378383
user19,2378771
user19,2378918
user19,2379796
user19,2383055
user19,2383063
user19,2383917
user19,2384184
user19,2384981
user19,2385247
user19,2388655
user19,2396786
user19,239853
user19,2405172
user19,2405492
user19,2407624
user19,241244
user19,2414506
user19,2415181
user19,2419452
user19,2424183
user19,2426341
user19,2427163
user19,2427980
user19,243121
user19,2431879
user19,2436377
user19,2437665
user19,2440688
user19,2443985
user19,2444307
user19,2446524
user19,244768
user19,2452333
user19,2458513
user19,2459523
user19,2459781
user19,2461498
user19,2462853
user19,24631
user19,2463143
user19,2465378
user19,2470499
user19,2471677
user19,2473561
user19,2475553
user19,2475757
user19,2476966
user19,247845
user19,248052
user19,2480647
user19,2481321
user19,2483804
user19,2484327
user19,2486039
user19,2486320
user19,2489243
user19,24899
user19,2492406
user19,2493761
user19,2493762
user19,2495552
user19,2496744
user19,2497112
user19,2497497
user19,2500461
user19,2500765
user19,2505662
user19,2507679
user19,250860
user19,250878
user19,251137
user19,2511693
user19,2517598
user19,2518353
user19,2525143
user19,2525748
user19,2525881
user19,2530664
user19,2532130
user19,2532145
user19,253337
user19,2538598
user19,2541566
user19,2544429
user19,25474
user19,2560675
user19,2564468
user19,2566580
user19,2566961
user19,2567083
user19,2568648
user19,2569114
user19,2571631
user19,2576159
user19,2576873
user19,2577078
user19,2577088
user19,2582514
user19,2584404
user19,2587193
user19,2589181
user19,2589190
user19,2589982
user19,2592357
user19,2594093
user19,2599864
user19,2603920
user19,2606137
user19,260676
user19,260703
user19,2610729
user19,261163
user19,261458
user19,2614646
user19,2616613
user19,2617423
user19,2617667
user19,2618525
user19,2621308
user19,2622262
user19,2624533
user19,2626718
user19,2626959
user19,2631698
user19,2632543
user19,2633763
user19,2634052
user19,2634680
user19,2636392
user19,2636892
user19,2636902
user19,2642140
user19,2643122
user19,2643188
user19,2645860
user19,2647505
user19,2651180
user19,2651188
user19,265380
user19,2659239
user19,2659283
user19,2664856
user19,2669215
user19,267349
user19,2674713
user19,2676262
user19,2679081
user19,2679331
user19,2682265
user19,2685097
user19,268608
user19,2694775
user19,2697825
user19,2700373
user19,270102
user19,2701962
user19,2708984
user19,2710249
user19,2713945
user19,2718627
user19,2721612
user19,2721620
user19,2723824
user19,2725054
user19,27420
user19,2744710
user19,2746305
user19,2748075
user19,2752330
user19,2753588
user19,2773077
user19,2776431
user19,2782767
user19,2784118
user19,2784199
user19,278454
user19,2787504
user19,2788141
user19,2790211
user19,2790872
user19,2792988
user19,2794108
user19,2794110
user19,2796989
user19,279736
user19,2797755
user19,2798955
user19,280100
user19,280277
user19,2802875
user19,2805718
user19,2805981
user19,2806012
user19,2812885
user19,2813092
user19,2813140
user19,2814165
user19,2814201
user19,2822592
user19,2825259
user19,2830193
user19,2835453
user19,2837969
user19,2840759
user19,2841825
user19,2843029
user19,2848517
user19,2850008
user19,2852675
user19,2852708
user19,2854487
user19,2858185
user19,2859510
user19,2859841
user19,2860140
user19,2863506
user19,2863816
user19,2864786
user19,2865879
user19,2866627
user19,2871918
user19,2872615
user19,2879654
user19,287982
user19,2895416
user19,2903391
user19,2907015
user19,2921365
user19,2926322
user19,2929392
user19,2938546
user19,2949642
user19,2951217
user19,2964253
user19,29656
user19,2966930
user19,2968173
user19,2971330
user19,2973527
user19,297471
user19,297883
user19,2979327
user19,298114
user19,2997387
user19,2997558
user19,300169
user19,300176
user19,3006623
user19,3009386
user19,3011488
user19,3013800
user19,3018689
user19,3020392
user19,3024
user19,3025842
user19,3034504
user19,3034505
user19,3035289
user19,3039860
user19,3042033
user19,304781
user19,305206
user19,3052699
user19,3054
user19,3055216
user19,3055217
user19,3059333
user19,3062508
user19,3062531
user19,3063512
user19,3064623
user19,3065595
user19,3066035
user19,3066631
user19,3066718
user19,3070889
user19,3075126
user19,3075630
user19,3077451
user19,3078262
user19,3083933
user19,3090531
user19,3099016
user19,3104350
user19,3104923
user19,3108113
user19,3108896
user19,3111204
user19,311541
user19,3115964
user19,3116305
user19,3123113
user19,312683
user19,3129995
user19,3130171
user19,3132221
user19,3133548
user19,3135043
user19,3135169
user19,3135188
user19,3135250
user19,3136841
user19,3136940
user19,3138034
user19,3139983
user19,3140318
user19,314228
user19,3143035
user19,3144370
user19,3144628
user19,3145259
user19,3145851
user19,3145857
user19,3145869
user19,3149727
user19,3153596
user19,3157800
user19,3159073
user19,3160527
user19,3163949
user19,3166482
user19,3167099
user19,316914
user19,3170321
user19,3170323
user19,3170333
user19,3170420
user19,3171515
user19,3171949
user19,3172238
user19,3177056
user19,3181088
user19,3181284
user19,3184381
user19,3185226
user19,3187075
user19,3202563
user19,3203867
user19,3204178
user19,3204956
user19,3205079
user19,3212069
user19,3212073
user19,3213346
user19,3215032
user19,3215860
user19,3218896
user19,3219166
user19,3221178
user19,3221865
user19,3222092
user19,3223385
user19,3224855
user19,3225618
user19,3228369
user19,3230572
user19,3233305
user19,3235082
user19,3235110
user19,3236277
user19,3238766
user19,3239578
user19,3243763
user19,3244220
user19,3252654
user19,3253506
user19,3255513
user19,325855
user19,3259935
user19,3261784
user19,3268607
user19,3269084
user19,327120
user19,3277553
user19,3277619
user19,3278989
user19,3280500
user19,3282168
user19,3285239
user19,329238
user19,3298150
user19,3298823
user19,3300883
user19,330153
user19,3302839
user19,3303536
user19,3310269
user19,331098
user19,3312650
user19,331380
user19,331402
user19,3314727
user19,3319026
user19,331958
user19,3319847
user19,3321061
user19,3321995
user19,332294
user19,3324636
user19,3327277
user19,3327285
user19,3327667
user19,33281
user19,3329526
user19,3331904
user19,333191
user19,3332641
user19,3340083
user19,3344021
user19,3348641
user19,3351167
user19,3352263
user19,3352626
user19,3355544
user19,3355606
user19,3360017
user19,3360246
user19,3362257
user19,3363633
user19,3367219
user19,3368720
user19,3369919
user19,3371726
user19,3371735
user19,3371954
user19,3372419
user19,3373971
user19,3374524
user19,33771
user19,3378694
user19,3378967
user19,33853
user19,3392143
user19,3393642
user19,3396297
user19,3396457
user19,3397894
user19,3399455
user19,3421878
user19,3442192
user19,3442347
user19,3442359
user19,3443552
user19,3447148
user19,3447174
user19,3449157
user19,3452050
user19,3452076
user19,3454281
user19,3456664
user19,3457574
user19,3458535
user19,3458546
user19,3458801
user19,3459165
user19,3460584
user19,346254
user19,3464502
user19,3466514
user19,3469235
user19,3474038
user19,3476417
user19,3476526
user19,3477047
user19,3479062
user19,3479340
user19,3479345
user19,3481074
user19,3481380
user19,3482649
user19,3482824
user19,3483406
user19,3487479
user19,3487865
user19,3488980
user19,3490329
user19,3496942
user19,3496945
user19,3499686
user19,3500546
user19,3501673
user19,3505291
user19,3505634
user19,3507498
user19,3507515
user19,3514985
user19,3514992
user19,3516998
user19,3522937
user19,3523306
user19,3525011
user19,3527996
user19,3529995
user19,3530288
user19,3531483
user19,3531984
user19,3532340
user19,3532509
user19,3533051
user19,3534246
user19,3534534
user19,3536005
user19,3538143
user19,3539196
user19,3539237
user19,3540425
user19,3541634
user19,3541735
user19,3541809
user19,3542194
user19,3544778
user19,3544854
user19,3546054
user19,354712
user19,3548233
user19,3556314
user19,3557076
user19,3557713
user19,3559175
user19,3559681
user19,3559708
user19,3559723
user19,3560044
user19,3560153
user19,3561891
user19,3565767
user19,3567052
user19,3576676
user19,3580399
user19,3581051
user19,3581841
user19,3586408
user19,3586682
user19,3589334
user19,3591856
user19,3592936
user19,3595020
user19,3596796
user19,3597396
user19,3599391
user19,3601204
user19,3602160
user19,3602590
user19,3603262
user19,3603986
user19,3605950
user19,3606519
user19,3607420
user19,3609485
user19,3609967
user19,3613291
user19,3613305
user19,3613831
user19,3614514
user19,3614962
user19,3615520
user19,3615818
user19,3615863
user19,3617353
user19,3617726
user19,3618229
user19,3622291
user19,3623491
user19,3624325
user19,3626607
user19,3628745
user19,3631392
user19,3632118
user19,3637096
user19,3637903
user19,3642467
user19,3644457
user19,364753
user19,3647604
user19,364768
user19,3650099
user19,3650295
user19,3651488
user19,3658169
user19,3663633
user19,3663780
user19,3664293
user19,3666986
user19,3669778
user19,367017
user19,3671916
user19,3672170
user19,3672515
user19,3675594
user19,367805
user19,3680878
user19,3680896
user19,3680908
user19,3681904
user19,3686301
user19,368727
user19,369078
user19,369297
user19,369679
user19,3697048
user19,37008
user19,3707990
user19,3709882
user19,3713060
user19,3719665
user19,3721331
user19,373063
user19,3730831
user19,3732360
user19,3732603
user19,3732940
user19,373306
user19,3733567
user19,3756564
user19,3756723
user19,3758092
user19,376516
user19,3771708
user19,3771735
user19,3772510
user19,3773192
user19,3773965
user19,377766
user19,3780526
user19,3780527
user19,3784881
user19,3785264
user19,3785309
user19,3790149
user19,379309
user19,379668
user19,379712
user19,3806667
user19,3810389
user19,3814538
user19,3814744
user19,3816444
user19,3822070
user19,3822703
user19,382832
user19,3834366
user19,3834368
user19,383504
user19,3835177
user19,3837545
user19,3844869
user19,3852908
user19,3853932
user19,385418
user19,3854580
user19,3854624
user19,3858079
user19,3859519
user19,3861777
user19,38619
user19,3863884
user19,3866652
user19,3867183
user19,3867495
user19,3868344
user19,3869294
user19,3870587
user19,3871985
user19,3872809
user19,3873264
user19,3877401
user19,3877800
user19,3878310
user19,3878491
user19,3878753
user19,3879723
user19,38821
user19,3882986
user19,3883169
user19,3883963
user19,3885312
user19,3885331
user19,3888041
user19,3890152
user19,3891826
user19,3891861
user19,3892251
user19,3892306
user19,3892664
user19,3892752
user19,3894262
user19,3894842
user19,3894858
user19,3895165
user19,3897480
user19,3897486
user19,3897780
user19,3900141
user19,3900302
user19,3901657
user19,3902632
user19,3902782
user19,3902788
user19,3902790
user19,3903676
user19,3904649
user19,3904966
user19,3906394
user19,3908060
user19,390940
user19,3909429
user19,3911259
user19,391134
user19,3912963
user19,3913788
user19,3914077
user19,3918025
user19,3919334
user19,3924021
user19,392528
user19,3927435
user19,3927677
user19,3929508
user19,39302
user19,3930678
user19,3931816
user19,3931946
user19,3932664
user19,3935020
user19,3935493
user19,3936354
user19,3938090
user19,3940720
user19,3941062
user19,3941074
user19,3943588
user19,3944639
user19,3946758
user19,39475
user19,3947753
user19,3950034
user19,395188
user19,3952712
user19,395292
user19,3954824
user19,3956211
user19,3956368
user19,3957067
user19,3957095
user19,3957598
user19,3958016
user19,3959029
user19,3959397
user19,3961518
user19,3962126
user19,3966793
user19,3968627
user19,3968921
user19,3969358
user19,3970785
user19,397194
user19,3972270
user19,3972423
user19,3972554
user19,3975389
user19,3975932
user19,3983819
user19,3984014
user19,3984107
user19,3984515
user19,3986267
user19,3986268
user19,3987110
user19,398780
user19,3989441
user19,3990103
user19,3992965
user19,3993522
user19,3994101
user19,3994281
user19,3994864
user19,3998211
user19,3998463
user19,399981
user19,4002045
user19,4004223
user19,4005888
user19,4008075
user19,400887
user19,4009009
user19,401059
user19,4011146
user19,4011149
user19,4011529
user19,4012796
user19,4012888
user19,401560
user19,401827
user19,4023695
user19,402636
user19,403999
user19,4043319
user19,4043778
user19,4043782
user19,404796
user19,4048641
user19,4052582
user19,4056401
user19,4057179
user19,4064242
user19,4064420
user19,406559
user19,4065848
user19,4066745
user19,4069108
user19,4069857
user19,40712
user19,4071612
user19,4075024
user19,4075942
user19,4076082
user19,4076089
user19,407771
user19,4080655
user19,4080862
user19,4083798
user19,4089173
user19,4091865
user19,4093898
user19,4097126
user19,4103659
user19,410715
user19,411065
user19,4112248
user19,4112867
user19,4113141
user19,4113187
user19,4113271
user19,4115668
user19,4116725
user19,4119134
user19,4119164
user19,4120560
user19,4121840
user19,4122385
user19,4122950
user19,4123375
user19,4123956
user19,4125052
user19,412577
user19,4127234
user19,4128872
user19,4129187
user19,4129454
user19,4130114
user19,4130223
user19,4130329
user19,4132463
user19,4135527
user19,4136240
user19,4136242
user19,413878
user19,4143555
user19,4143893
user19,4149476
user19,4149484
user19,415084
user19,4152210
user19,4153400
user19,4155863
user19,4159269
user19,4161438
user19,4161604
user19,4162212
user19,4162801
user19,4163001
user19,4163472
user19,4163592
user19,4163885
user19,4164080
user19,4165011
user19,4165163
user19,4166565
user19,4166610
user19,4168671
user19,4168688
user19,4170646
user19,4171210
user19,4171517
user19,4177112
user19,4184496
user19,4188234
user19,4188612
user19,4188723
user19,418967
user19,4190413
user19,4190497
user19,419136
user19,419246
user19,4192988
user19,4201456
user19,4201935
user19,4202152
user19,4204718
user19,4206254
user19,4206310
user19,4206369
user19,4207387
user19,4207525
user19,4207527
user19,4209307
user19,420942
user19,4209508
user19,4209514
user19,4209811
user19,4210038
user19,4210310
user19,4211654
user19,4211823
user19,4212449
user19,4212825
user19,4217205
user19,4220813
user19,422359
user19,4226509
user19,4229672
user19,4230688
user19,4232674
user19,4234566
user19,4242716
user19,42453
user19,4245645
user19,4250784
user19,4254549
user19,425479
user19,425774
user19,425799
user19,4258973
user19,4261392
user19,4261483
user19,4261559
user19,426500
user19,4266654
user19,4266659
user19,427001
user19,427240
user19,4273368
user19,4273769
user19,4273857
user19,4274501
user19,4274687
user19,4278789
user19,4278896
user19,4279976
user19,428897
user19,4289021
user19,428957
user19,4290446
user19,429154
user19,429344
user19,429468
user19,4297968
user19,4298342
user19,4298918
user19,4299058
user19,4301997
user19,4303431
user19,4310111
user19,4310386
user19,4313402
user19,431412
user19,4315982
user19,4322557
user19,4326966
user19,4332495
user19,4336863
user19,433737
user19,4349837
user19,435062
user19,4353467
user19,4354786
user19,4359764
user19,4361007
user19,4362435
user19,4363522
user19,4364540
user19,4364812
user19,4367806
user19,4370152
user19,4370353
user19,4371756
user19,4372389
user19,4372551
user19,437269
user19,437649
user19,4376711
user19,437743
user19,4380366
user19,4382743
user19,438489
user19,4386719
user19,4388504
user19,4389861
user19,4390594
user19,439334
user19,4393898
user19,4397307
user19,4400477
user19,4401120
user19,4402395
user19,440260
user19,4403604
user19,4405870
user19,4411045
user19,4414946
user19,4416211
user19,4422301
user19,4425217
user19,442698
user19,442757
user19,4428208
user19,4428533
user19,4431315
user19,4432141
user19,4438259
user19,4441963
user19,4445308
user19,4453363
user19,4453981
user19,4458565
user19,4460647
user19,4461495
user19,4463472
user19,4469331
user19,4471320
user19,4473606
user19,4474331
user19,4474834
user19,4474836
user19,4477759
user19,4477812
user19,4477861
user19,4479919
user19,4480541
user19,4481130
user19,4482993
user19,4483115
user19,4484028
user19,4487648
user19,4487878
user19,449089
user19,4491452
user19,449245
user19,4497128
user19,4500280
user19,4501718
user19,4502457
user19,4504427
user19,4504665
user19,4504948
user19,4512693
user19,451361
user19,4517388
user19,451891
user19,4523499
user19,4524807
user19,4525566
user19,4535169
user19,4538409
user19,4540962
user19,4546313
user19,4549281
user19,4551527
user19,4566746
user19,4567480
user19,4568134
user19,4569564
user19,4570126
user19,4571649
user19,4571717
user19,4572971
user19,462354
user19,46920
user19,469997
user19,470046
user19,470049
user19,470864
user19,471668
user19,471697
user19,472819
user19,474484
user19,476780
user19,477134
user19,477622
user19,477637
user19,478650
user19,478891
user19,479713
user19,481270
user19,481320
user19,481504
user19,483613
user19,485337
user19,486252
user19,487639
user19,487766
user19,488113
user19,488944
user19,48938
user19,493446
user19,494435
user19,495867
user19,495875
user19,496761
user19,496780
user19,498591
user19,50045
user19,502564
user19,504076
user19,506067
user19,506751
user19,508678
user19,513630
user19,519994
user19,522318
user19,522830
user19,525528
user19,527460
user19,53015
user19,533280
user19,535707
user19,53639
user19,536649
user19,53749
user19,53820
user19,540403
user19,543886
user19,551166
user19,553830
user19,556301
user19,563364
user19,563620
user19,565824
user19,567669
user19,571115
user19,582661
user19,584952
user19,585588
user19,586023
user19,589195
user19,594393
user19,597443
user19,598111
user19,598304
user19,598636
user19,598833
user19,600217
user19,600310
user19,602101
user19,606862
user19,607848
user19,610980
user19,611211
user19,613567
user19,617642
user19,620360
user19,625576
user19,62675
user19,62689
user19,630594
user19,630719
user19,63239
user19,632742
user19,635963
user19,636230
user19,637273
user19,637973
user19,640330
user19,646501
user19,650570
user19,660904
user19,661359
user19,661366
user19,661474
user19,664961
user19,671786
user19,67255
user19,673328
user19,675087
user19,678387
user19,685097
user19,685462
user19,689951
user19,690139
user19,691215
user19,691220
user19,691658
user19,691764
user19,693968
user19,694497
user19,694498
user19,696519
user19,696997
user19,697174
user19,699451
user19,702558
user19,704133
user19,707392
user19,71473
user19,720303
user19,721131
user19,722900
user19,723820
user19,728910
user19,732378
user19,735918
user19,742185
user19,74567
user19,750349
user19,75111
user19,751389
user19,755707
user19,760328
user19,760540
user19,767716
user19,769347
user19,769572
user19,774761
user19,776339
user19,777534
user19,777985
user19,779319
user19,781219
user19,782609
user19,786706
user19,788844
user19,789458
user19,791944
user19,792576
user19,798213
user19,799048
user19,79951
user19,80145
user19,801859
user19,802548
user19,802964
user19,804421
user19,805661
user19,80622
user19,810944
user19,811039
user19,814386
user19,818131
user19,818338
user19,821768
user19,824432
user19,828118
user19,829194
user19,829263
user19,831151
user19,831253
user19,83347
user19,833956
user19,835472
user19,84545
user19,84636
user19,8466
user19,85003
user19,851181
user19,852539
user19,854732
user19,857194
user19,865817
user19,867874
user19,87385
user19,874670
user19,875326
user19,875789
user19,878654
user19,88375
user19,886988
user19,888899
user19,889041
user19,897556
user19,897691
user19,897928
user19,898303
user19,902965
user19,90548
user19,905888
user19,909394
user19,91398
user19,91789
user19,918620
user19,922198
user19,924767
user19,925397
user19,925617
user19,925907
user19,92684
user19,927726
user19,927959
user19,928161
user19,92890
user19,929245
user19,929435
user19,931098
user19,93127
user19,932083
user19,932129
user19,933301
user19,933373
user19,933481
user19,934448
user19,939910
user19,941213
user19,942769
user19,943757
user19,945223
user19,945225
user19,945781
user19,946612
user19,948096
user19,950080
user19,950766
user19,95359
user19,95407
user19,955342
user19,957239
user19,957966
user19,959635
user19,959779
user19,960146
user19,960793
user19,962270
user19,962372
user19,962373
user19,962729
user19,964270
user19,965568
user19,965947
user19,966685
user19,966687
user19,968200
user19,969497
user19,979792
user19,980935
user19,981120
user19,983425
user19,983920
user19,98513
user19,98857
user19,99044
user19,991772
user19,993447
user19,9994
user23,1002525
user23,1009604
user23,1010397
user23,1014626
user23,1014754
user23,101881
user23,1029270
user23,103019
user23,103882
user23,1041342
user23,105011
user23,1056558
user23,1064471
user23,109823
user23,1100466
user23,1107191
user23,111537
user23,1115640
user23,1115758
user23,1118203
user23,1118328
user23,1118437
user23,1119715
user23,112297
user23,1124649
user23,1128779
user23,1137180
user23,1138903
user23,1145792
user23,1162425
user23,116547
user23,1167625
user23,1176039
user23,117773
user23,1177959
user23,1181254
user23,1187079
user23,1190077
user23,1190440
user23,1193084
user23,1205700
user23,1217031
user23,121924
user23,1219284
user23,1219792
user23,1224987
user23,122532
user23,122576
user23,122941
user23,1234547
user23,123512
user23,1235746
user23,1236062
user23,1239439
user23,1239458
user23,123981
user23,124247
user23,1244293
user23,1248249
user23,1249691
user23,1249990
user23,1253110
user23,1256495
user23,1256869
user23,1259831
user23,1260106
user23,1263464
user23,1264217
user23,1264515
user23,1264600
user23,1264697
user23,1266900
user23,1268019
user23,1270596
user23,1273644
user23,1278458
user23,1280508
user23,1285065
user23,1289471
user23,1292846
user23,1293578
user23,129670
user23,1297856
user23,1297945
user23,1301258
user23,1307774
user23,1308939
user23,1311314
user23,1312156
user23,1312355
user23,1317825
user23,1318041
user23,1319815
user23,1321079
user23,1321806
user23,1329113
user23,1329441
user23,1338293
user23,1340159
user23,1343457
user23,1347055
user23,1351849
user23,1360044
user23,1371666
user23,1372472
user23,1377216
user23,138454
user23,1385526
user23,1396290
user23,1397661
user23,1397895
user23,1405358
user23,1413957
user23,1414998
user23,1418262
user23,1418758
user23,1421666
user23,1426622
user23,14283
user23,1431515
user23,1434367
user23,1444359
user23,1447389
user23,145062
user23,1451987
user23,1456848
user23,1457128
user23,1457407
user23,1462189
user23,1464933
user23,1465123
user23,1473341
user23,148303
user23,1487647
user23,1489124
user23,1493148
user23,1493380
user23,1494030
user23,1506897
user23,1512559
user23,151901
user23,1528600
user23,1529067
user23,1539557
user23,1545148
user23,1548239
user23,1551979
user23,1558955
user23,1562246
user23,156243
user23,1563745
user23,1564018
user23,1567664
user23,1574527
user23,1575669
user23,1580412
user23,1587905
user23,1592087
user23,1592608
user23,1593186
user23,1599481
user23,1601353
user23,1605314
user23,1606734
user23,1612126
user23,1612138
user23,1627702
user23,1628257
user23,1633703
user23,1636428
user23,1643016
user23,1658164
user23,1658228
user23,1661187
user23,1666922
user23,1677810
user23,1682705
user23,1682785
user23,168451
user23,1691619
user23,170310
user23,1709628
user23,1713711
user23,1713972
user23,1719202
user23,1720236
user23,1723145
user23,1723167
user23,1728655
user23,1732494
user23,1732713
user23,1739184
user23,1740164
user23,1740255
user23,1740874
user23,1741601
user23,1741830
user23,1743823
user23,1744764
user23,1746139
user23,1746145
user23,1746424
user23,1746455
user23,1746786
user23,1747314
user23,1750135
user23,1752728
user23,1752934
user23,1756478
user23,1757953
user23,1759506
user23,1760200
user23,1762921
user23,1763692
user23,1764694
user23,1773453
user23,1775947
user23,1776828
user23,1781514
user23,1781524
user23,1781532
user23,1785168
user23,1786117
user23,179335
user23,1793974
user23,1795458
user23,179591
user23,179737
user23,1803102
user23,1803511
user23,181298
user23,181874
user23,1825853
user23,1826379
user23,1831401
user23,1836105
user23,1846293
user23,1847708
user23,1851962
user23,1855235
user23,1856770
user23,1857659
user23,1858488
user23,1859158
user23,1860193
user23,1861340
user23,1861769
user23,1863246
user23,1863438
user23,1866862
user23,1870357
user23,1870532
user23,1871344
user23,1874170
user23,1874906
user23,1877384
user23,1878229
user23,1878745
user23,1879237
user23,1882201
user23,1882329
user23,18834
user23,1887446
user23,1888143
user23,1889376
user23,1891095
user23,1893768
user23,1894045
user23,1895649
user23,1895650
user23,1896606
user23,190163
user23,1901926
user23,190424
user23,1905201
user23,1906083
user23,1911644
user23,1912923
user23,1921644
user23,1925518
user23,1927249
user23,1929878
user23,193138
user23,1936552
user23,1945985
user23,1947653
user23,195169
user23,1965576
user23,1968029
user23,1969437
user23,196980
user23,1971451
user23,1971942
user23,1977781
user23,1979310
user23,1981327
user23,1983133
user23,1986982
user23,1987316
user23,1987940
user23,1989313
user23,1993869
user23,199740
user23,2008186
user23,2018544
user23,2019738
user23,2020277
user23,2022826
user23,2027587
user23,2028977
user23,2032037
user23,2045522
user23,2049908
user23,2052377
user23,2056355
user23,2056860
user23,2057713
user23,2059934
user23,2067282
user23,2072831
user23,2074514
user23,2078060
user23,2083271
user23,2090069
user23,209204
user23,2097469
user23,2099715
user23,2100149
user23,2102017
user23,2106006
user23,2107164
user23,210737
user23,2115015
user23,2116956
user23,2117597
user23,2118621
user23,2130396
user23,2140925
user23,2140994
user23,2142017
user23,2144583
user23,2147345
user23,2147979
user23,2157157
user23,2158462
user23,2167722
user23,2168494
user23,2169760
user23,2173341
user23,2175010
user23,2180581
user23,2183033
user23,2184650
user23,2187242
user23,2187473
user23,2188689
user23,2192301
user23,2199981
user23,2200429
user23,2200814
user23,2203919
user23,2204399
user23,2204660
user23,2207660
user23,2211297
user23,2213931
user23,2214238
user23,2214942
user23,221585
user23,221586
user23,2218430
user23,2219167
user23,2222875
user23,222428
user23,2224765
user23,2229167
user23,2231374
user23,2234121
user23,2234660
user23,2235074
user23,2246426
user23,2255619
user23,2258157
user23,2258933
user23,2259943
user23,2260956
user23,2261050
user23,2261054
user23,2264228
user23,2276274
user23,2279555
user23,2280487
user23,2281476
user23,2293954
user23,2295435
user23,2298936
user23,2301975
user23,2303265
user23,2307894
user23,231617
user23,2316964
user23,2317513
user23,2320689
user23,2321977
user23,232558
user23,23266
user23,2329247
user23,2329248
user23,2329249
user23,233059
user23,2330863
user23,233139
user23,2332102
user23,2337968
user23,2339230
user23,2340600
user23,2343616
user23,2345899
user23,2356768
user23,2364115
user23,2365939
user23,2365985
user23,2366055
user23,2369353
user23,2373143
user23,2376672
user23,2378823
user23,2382788
user23,2385204
user23,2392302
user23,2393283
user23,2407890
user23,2414618
user23,2416715
user23,241854
user23,2424183
user23,2426342
user23,2426812
user23,2427140
user23,2428453
user23,2429054
user23,2431879
user23,2437665
user23,2441230
user23,2442257
user23,2448197
user23,2454058
user23,2457691
user23,2460509
user23,2464032
user23,2467131
user23,2473593
user23,2475757
user23,2485508
user23,2486200
user23,2486314
user23,2486315
user23,2493131
user23,2493160
user23,2497130
user23,249846
user23,2501177
user23,2502892
user23,2504354
user23,2507474
user23,2516853
user23,2517583
user23,2520028
user23,2520759
user23,2522000
user23,2525110
user23,2525143
user23,2525570
user23,2527920
user23,2528895
user23,253213
user23,2534490
user23,2538937
user23,2542306
user23,2565301
user23,2566581
user23,2566961
user23,2566966
user23,2567694
user23,2567893
user23,2587656
user23,2589180
user23,2594132
user23,260552
user23,2605588
user23,2616593
user23,2618355
user23,2618556
user23,2621210
user23,2625571
user23,2626727
user23,2628259
user23,2628623
user23,263308
user23,2634654
user23,2636884
user23,2636893
user23,2641717
user23,2644569
user23,2647879
user23,2648235
user23,2648856
user23,2649173
user23,2660444
user23,2664899
user23,2666774
user23,2667561
user23,2671087
user23,2680718
user23,268283
user23,2690577
user23,2696476
user23,2697024
user23,2697739
user23,2708183
user23,2715310
user23,2719553
user23,2720380
user23,2720444
user23,2722762
user23,2725361
user23,2729849
user23,2732340
user23,2735267
user23,2743847
user23,2744360
user23,2748528
user23,2757117
user23,2757442
user23,2766913
user23,2773879
user23,2776820
user23,2778707
user23,2782715
user23,2784859
user23,278677
user23,278792
user23,2788188
user23,279252
user23,279711
user23,2798968
user23,2807972
user23,2810697
user23,2810948
user23,2814165
user23,2814359
user23,2815621
user23,2817812
user23,2819006
user23,2825630
user23,2834181
user23,283645
user23,2837996
user23,2842008
user23,2842682
user23,2843986
user23,2849190
user23,2851360
user23,2852690
user23,2856808
user23,2888244
user23,2893168
user23,2903391
user23,2907016
user23,2913055
user23,2916015
user23,2921365
user23,2924029
user23,2939496
user23,2948829
user23,2951217
user23,2967944
user23,2968055
user23,2973241
user23,297471
user23,2977273
user23,2981551
user23,2982411
user23,298646
user23,2988234
user23,300415
user23,3006664
user23,300683
user23,3008874
user23,3009759
user23,3010699
user23,3011488
user23,3013394
user23,3020737
user23,3027950
user23,3033229
user23,3035153
user23,3058845
user23,3065816
user23,3066409
user23,3066417
user23,3076153
user23,3077210
user23,3079306
user23,3087494
user23,3088869
user23,3090531
user23,3092478
user23,3093041
user23,3099016
user23,3104646
user23,3106419
user23,3112261
user23,3112388
user23,3113604
user23,3113910
user23,3114188
user23,3117461
user23,3130813
user23,3134763
user23,3135043
user23,3135188
user23,3135248
user23,3136708
user23,3143456
user23,3145280
user23,3145851
user23,3145854
user23,3145858
user23,3145878
user23,3145891
user23,3146825
user23,3148363
user23,3152203
user23,3155339
user23,3159017
user23,3160527
user23,3160788
user23,3173730
user23,3174926
user23,3177883
user23,3178702
user23,3181088
user23,3190235
user23,3207184
user23,3207309
user23,3210097
user23,3212060
user23,3214328
user23,3218681
user23,3218897
user23,3220303
user23,3220860
user23,3221267
user23,3223278
user23,3228173
user23,3228330
user23,3228490
user23,3228789
user23,3229350
user23,3236277
user23,3237096
user23,3237687
user23,3248974
user23,3251663
user23,325284
user23,3253506
user23,3258252
user23,326502
user23,3268379
user23,3280614
user23,3284126
user23,3284152
user23,3287578
user23,3289357
user23,3290426
user23,3290462
user23,329405
user23,3302587
user23,3312653
user23,331402
user23,3319123
user23,3320027
user23,3328667
user23,3329526
user23,333072
user23,3331108
user23,3332645
user23,333632
user23,3340157
user23,3343605
user23,3344103
user23,3360505
user23,3360728
user23,3361699
user23,3362650
user23,3362804
user23,3364717
user23,3365216
user23,3366503
user23,3367162
user23,3369790
user23,3372276
user23,3372300
user23,3376283
user23,3379838
user23,3385638
user23,3385973
user23,3388232
user23,3388354
user23,3389888
user23,3396462
user23,3397878
user23,3447174
user23,3451163
user23,3451865
user23,3459164
user23,3461200
user23,346229
user23,3462419
user23,3463639
user23,3464244
user23,3467555
user23,3469235
user23,3471101
user23,3476417
user23,3477277
user23,3477284
user23,3481380
user23,3481476
user23,3488389
user23,3492714
user23,3496494
user23,3498931
user23,3499933
user23,3502362
user23,3505147
user23,3505533
user23,3509571
user23,3511687
user23,3512665
user23,3516998
user23,3517774
user23,352441
user23,3526682
user23,3528755
user23,3533492
user23,3535203
user23,3535852
user23,3538143
user23,3542379
user23,3544173
user23,3548233
user23,3552977
user23,3555874
user23,3556124
user23,3556457
user23,3557216
user23,3557701
user23,3557764
user23,3557765
user23,355808
user23,3560044
user23,3560091
user23,3562418
user23,3565767
user23,3565896
user23,3566704
user23,357319
user23,3573560
user23,3582792
user23,3586682
user23,35893
user23,3595020
user23,3596575
user23,3598727
user23,3599294
user23,3599391
user23,3600704
user23,3602148
user23,3602287
user23,3602388
user23,3602658
user23,3603986
user23,3607961
user23,3613288
user23,3613604
user23,3614962
user23,3618839
user23,3621089
user23,3621538
user23,3623391
user23,362370
user23,3624325
user23,3625672
user23,3627088
user23,363129
user23,3631739
user23,3632118
user23,3633484
user23,3640019
user23,3644404
user23,3645072
user23,3645488
user23,3646971
user23,3650247
user23,3664371
user23,3669778
user23,3671916
user23,3675844
user23,3676853
user23,3676942
user23,3677648
user23,367805
user23,3678427
user23,3678431
user23,3679114
user23,3686522
user23,3687188
user23,369039
user23,3711539
user23,371188
user23,3717900
user23,3719665
user23,3720534
user23,3726856
user23,372713
user23,3733540
user23,3744397
user23,3744556
user23,3746000
user23,3750416
user23,375149
user23,3757554
user23,3770551
user23,377668
user23,378029
user23,3784881
user23,379309
user23,3795662
user23,379712
user23,3797626
user23,3799128
user23,3806267
user23,3812159
user23,381491
user23,3819924
user23,3824946
user23,3828550
user23,3830134
user23,3832141
user23,383299
user23,3835416
user23,3838721
user23,38390
user23,3839434
user23,384219
user23,3844869
user23,3846692
user23,3847910
user23,3848187
user23,3848489
user23,3848492
user23,3849467
user23,3849852
user23,3850586
user23,3851672
user23,3852161
user23,3854580
user23,3857854
user23,3859879
user23,3859898
user23,3863618
user23,3864507
user23,3866997
user23,3868973
user23,3873839
user23,3880696
user23,3880909
user23,3882268
user23,3882272
user23,3882368
user23,3882893
user23,3883617
user23,3883778
user23,3883947
user23,3884657
user23,3884658
user23,3885312
user23,3885316
user23,3886848
user23,3890891
user23,3892607
user23,3894256
user23,3897705
user23,3902281
user23,3902459
user23,3902794
user23,390290
user23,3910000
user23,391134
user23,3911765
user23,3916141
user23,3918976
user23,3921461
user23,3922504
user23,3925696
user23,3925995
user23,3931538
user23,3931657
user23,393569
user23,3938987
user23,3941070
user23,3943588
user23,394360
user23,3944445
user23,3944639
user23,3949892
user23,3950896
user23,395104
user23,39554
user23,3962126
user23,3965365
user23,3967596
user23,3968061
user23,3969146
user23,3970014
user23,3972725
user23,3975380
user23,3978531
user23,3979728
user23,3981895
user23,3982887
user23,3984054
user23,3984618
user23,3987109
user23,398780
user23,3988039
user23,3989441
user23,399265
user23,3992698
user23,3995732
user23,3995905
user23,4004419
user23,4005082
user23,4005888
user23,4008164
user23,4010845
user23,4012538
user23,4022110
user23,4024289
user23,4024498
user23,40345
user23,403503
user23,4039406
user23,404235
user23,4043429
user23,4043433
user23,404728
user23,405102
user23,4062932
user23,4067347
user23,4068641
user23,4080655
user23,4084111
user23,4086217
user23,4090735
user23,4094613
user23,409790
user23,4100071
user23,4103708
user23,4110229
user23,4112428
user23,4112714
user23,4113085
user23,4113271
user23,4114777
user23,4115851
user23,4117035
user23,4118914
user23,4121770
user23,4122265
user23,4122306
user23,4122944
user23,4123067
user23,4123597
user23,4123711
user23,4125619
user23,4126923
user23,4128174
user23,4128299
user23,4132743
user23,4137315
user23,413887
user23,4142840
user23,4143951
user23,4144547
user23,4147089
user23,4152271
user23,4155292
user23,4155457
user23,4157053
user23,4158099
user23,4160331
user23,4161360
user23,4161652
user23,4161658
user23,4162185
user23,4162696
user23,4163163
user23,4163552
user23,4166411
user23,4169857
user23,4170969
user23,4176226
user23,4188723
user23,4201720
user23,4204467
user23,4206214
user23,4206226
user23,4206398
user23,4209307
user23,4209401
user23,4209815
user23,4210043
user23,4210347
user23,4211048
user23,4211051
user23,4211407
user23,4211415
user23,4211684
user23,4213165
user23,4216327
user23,421634
user23,421698
user23,4217283
user23,4217623
user23,422016
user23,422017
user23,422021
user23,422227
user23,422238
user23,422242
user23,4231402
user23,4232349
user23,4234059
user23,4234375
user23,4234552
user23,4241333
user23,425637
user23,4261392
user23,4266613
user23,4276668
user23,4278896
user23,4279685
user23,4279984
user23,428972
user23,429022
user23,4297264
user23,429889
user23,4299405
user23,4300245
user23,4300977
user23,4301000
user23,4301098
user23,4301110
user23,4301418
user23,4301517
user23,4301581
user23,430868
user23,4309086
user23,4309106
user23,4312955
user23,4314932
user23,4315982
user23,4319712
user23,4325594
user23,4329747
user23,4334851
user23,4338701
user23,433998
user23,4346303
user23,4347064
user23,4347079
user23,434884
user23,4355852
user23,4357097
user23,4359764
user23,4361007
user23,4364568
user23,4364906
user23,4365525
user23,4365945
user23,4367577
user23,4367992
user23,4368805
user23,4370152
user23,4372268
user23,4374616
user23,438051
user23,4382770
user23,4385342
user23,4388321
user23,4388887
user23,4389232
user23,4389856
user23,4392801
user23,4399089
user23,4399535
user23,4400477
user23,4409644
user23,4410317
user23,4416211
user23,4425220
user23,4425524
user23,4428422
user23,4428975
user23,4431554
user23,4435553
user23,4435860
user23,4438076
user23,4438262
user23,4440996
user23,4442260
user23,4442895
user23,4444498
user23,4446192
user23,4447187
user23,4448329
user23,4449666
user23,4452019
user23,445389
user23,4455684
user23,4457257
user23,446272
user23,4464572
user23,4466117
user23,4469328
user23,447031
user23,4470726
user23,4473606
user23,4473802
user23,4474136
user23,4474848
user23,4475138
user23,4475147
user23,4478312
user23,4478498
user23,4479444
user23,4479813
user23,4480502
user23,4482052
user23,4484729
user23,4485805
user23,4486746
user23,448680
user23,4487878
user23,4488276
user23,4488718
user23,4494259
user23,4495365
user23,4499358
user23,4499927
user23,4500651
user23,4500829
user23,450966
user23,4517405
user23,4520250
user23,4522237
user23,4524832
user23,4530843
user23,4534234
user23,4538726
user23,4540078
user23,4544061
user23,4563309
user23,4567325
user23,4568332
user23,4568366
user23,4568474
user23,4568930
user23,4573057
user23,457693
user23,458482
user23,462216
user23,466935
user23,469998
user23,470356
user23,471492
user23,472138
user23,472816
user23,473457
user23,474056
user23,475148
user23,475724
user23,476225
user23,477397
user23,478650
user23,478674
user23,479197
user23,480038
user23,481274
user23,481328
user23,482809
user23,483707
user23,484824
user23,485752
user23,486668
user23,486882
user23,491112
user23,491344
user23,491350
user23,494088
user23,495392
user23,496786
user23,496839
user23,497340
user23,497820
user23,499299
user23,502777
user23,505264
user23,50644
user23,506662
user23,508064
user23,508080
user23,512938
user23,514502
user23,518217
user23,528045
user23,528881
user23,53713
user23,553603
user23,556306
user23,561138
user23,561291
user23,563202
user23,567268
user23,570969
user23,574090
user23,575784
user23,581442
user23,581445
user23,584901
user23,584969
user23,586972
user23,587205
user23,587227
user23,589195
user23,589286
user23,589354
user23,591842
user23,59596
user23,597635
user23,599852
user23,600598
user23,611348
user23,611515
user23,613545
user23,613842
user23,617839
user23,622356
user23,626499
user23,647728
user23,654402
user23,66116
user23,661359
user23,664683
user23,665099
user23,677201
user23,678387
user23,678429
user23,68001
user23,69787
user23,69916
user23,700205
user23,70041
user23,700433
user23,704384
user23,705529
user23,706513
user23,706563
user23,712393
user23,715875
user23,717572
user23,717893
user23,71819
user23,722423
user23,72377
user23,727569
user23,729043
user23,732662
user23,735722
user23,737873
user23,742185
user23,750558
user23,75113
user23,751308
user23,751309
user23,751355
user23,751394
user23,760332
user23,774707
user23,775213
user23,777985
user23,783944
user23,790605
user23,802470
user23,802548
user23,811448
user23,811811
user23,81575
user23,817267
user23,822860
user23,824432
user23,8295
user23,831846
user23,833584
user23,839970
user23,849197
user23,854592
user23,854724
user23,855841
user23,872853
user23,875251
user23,879246
user23,879252
user23,879254
user23,879281
user23,89425
user23,895468
user23,895948
user23,896568
user23,897907
user23,898883
user23,900333
user23,918913
user23,921036
user23,921395
user23,922198
user23,923912
user23,925398
user23,925948
user23,928650
user23,928906
user23,928975
user23,93126
user23,93147
user23,932226
user23,933128
user23,934096
user23,940414
user23,941561
user23,947251
user23,947264
user23,948460
user23,952479
user23,956067
user23,957236
user23,959774
user23,960348
user23,964097
user23,96435
user23,965568
user23,966704
user23,969205
user23,971233
user23,972458
user23,977079
user23,983781
user23,985904
user23,987061
user23,98874
user23,993794
user23,996682
user23,998960
user31,1002714
user31,1002718
user31,1004979
user31,1006490
user31,1009604
user31,1010400
user31,1014754
user31,1021278
user31,1027092
user31,1030501
user31,1035176
user31,1035298
user31,1036612
user31,1046766
user31,1047144
user31,1056125
user31,105639
user31,1058447
user31,106228
user31,1065568
user31,1065570
user31,1074374
user31,108152
user31,1082282
user31,1083969
user31,1088547
user31,1090896
user31,1091929
user31,1092615
user31,1098018
user31,1104341
user31,1104680
user31,1105979
user31,1107535
user31,11095
user31,1110294
user31,1111052
user31,1112142
user31,111254
user31,111310
user31,111506
user31,1115636
user31,1119601
user31,1119616
user31,1122451
user31,1124395
user31,1127177
user31,1127235
user31,112916
user31,113114
user31,1131263
user31,1131289
user31,1131660
user31,1133815
user31,1134503
user31,1136275
user31,1139545
user31,1143377
user31,1147008
user31,1149350
user31,1152127
user31,1152603
user31,1162601
user31,1162639
user31,1165564
user31,1175542
user31,1176041
user31,117651
user31,1180070
user31,1181175
user31,1181983
user31,1185983
user31,118731
user31,1191488
user31,1191490
user31,120126
user31,1202513
user31,1207491
user31,120999
user31,121034
user31,1214289
user31,1214630
user31,1214659
user31,1217029
user31,1217035
user31,1219691
user31,1221433
user31,1221545
user31,1221546
user31,1222841
user31,1223207
user31,1224758
user31,122559
user31,122579
user31,122581
user31,122585
user31,1230439
user31,1231864
user31,1233959
user31,1234085
user31,123730
user31,1238669
user31,1239196
user31,1239457
user31,123974
user31,1248370
user31,1249624
user31,1249794
user31,1260301
user31,1260338
user31,1260429
user31,126081
user31,1261099
user31,12618
user31,1263113
user31,1263524
user31,1269640
user31,1270041
user31,1270904
user31,1271667
user31,1273037
user31,1273953
user31,127559
user31,1276994
user31,128000
user31,128013
user31,1283446
user31,1285687
user31,1286028
user31,1288181
user31,1293602
user31,1295280
user31,1295296
user31,1295719
user31,1307710
user31,1308173
user31,1309581
user31,1311087
user31,1311307
user31,1312153
user31,1316038
user31,1319297
user31,1322112
user31,1322129
user31,1323648
user31,1324739
user31,1325477
user31,1326240
user31,1328323
user31,1329863
user31,1332042
user31,133419
user31,1334505
user31,1337690
user31,1340159
user31,1340976
user31,1343340
user31,1344630
user31,1346320
user31,1347923
user31,1349275
user31,1356757
user31,1357975
user31,1359363
user31,1359934
user31,1364048
user31,1365881
user31,1371932
user31,1375201
user31,1376420
user31,1377216
user31,1379096
user31,1381595
user31,1389167
user31,1391619
user31,1392425
user31,1396290
user31,1399996
user31,1400674
user31,1407887
user31,141184
user31,1413222
user31,1414882
user31,1414995
user31,1416079
user31,1418262
user31,1418997
user31,1421102
user31,1422794
user31,1426605
user31,1429196
user31,1433599
user31,1434474
user31,1436189
user31,1436775
user31,1438887
user31,1439269
user31,1441672
user31,1441816
user31,1442596
user31,1449898
user31,1454734
user31,1456069
user31,1456848
user31,1457365
user31,1457419
user31,1457618
user31,146563
user31,1468036
user31,1471224
user31,1473327
user31,1475907
user31,148059
user31,148075
user31,1481444
user31,1489917
user31,1490036
user31,1493383
user31,1512489
user31,1514176
user31,1516688
user31,1517364
user31,1519764
user31,1521078
user31,1522195
user31,1528600
user31,1529608
user31,1530145
user31,1535481
user31,1538243
user31,1538415
user31,1541913
user31,1542674
user31,1543161
user31,1544890
user31,1545491
user31,1545499
user31,1548081
user31,155108
user31,1557033
user31,1564020
user31,156406
user31,1566297
user31,1566847
user31,1567161
user31,1567664
user31,1572228
user31,1573888
user31,1574527
user31,1577909
user31,1578873
user31,1582257
user31,1584803
user31,1585521
user31,1586049
user31,1586228
user31,1587828
user31,1592672
user31,1598619
user31,1600740
user31,1604963
user31,1605314
user31,1606172
user31,1606734
user31,1606763
user31,160924
user31,1610971
user31,1611976
user31,1612106
user31,1612138
user31,1618818
user31,1631828
user31,16340
user31,1636413
user31,16405
user31,1640923
user31,1649154
user31,1651900
user31,1658167
user31,1662151
user31,1663837
user31,1668406
user31,16705
user31,1671571
user31,1671918
user31,167223
user31,1674341
user31,1680016
user31,1681016
user31,1683393
user31,1683462
user31,1683803
user31,1689604
user31,1692269
user31,169287
user31,169436
user31,1697400
user31,170313
user31,1705211
user31,1706764
user31,1710948
user31,1711382
user31,1711415
user31,1711657
user31,1712328
user31,1712482
user31,1713453
user31,1713972
user31,1716472
user31,1716896
user31,172268
user31,1722783
user31,1724430
user31,1726501
user31,1731541
user31,1732227
user31,1732713
user31,1733190
user31,1738303
user31,1740899
user31,1742211
user31,1746020
user31,1746231
user31,1747305
user31,1747565
user31,1747761
user31,1749262
user31,1752367
user31,1752776
user31,1752783
user31,1752979
user31,1753372
user31,1753985
user31,1753996
user31,1754192
user31,1754383
user31,1755651
user31,1756001
user31,1756679
user31,1757439
user31,1758257
user31,1759033
user31,17600
user31,1761626
user31,1764099
user31,1764419
user31,1767218
user31,1769634
user31,1770652
user31,1774762
user31,1777131
user31,1777258
user31,1777551
user31,1778350
user31,1781894
user31,1786117
user31,1792921
user31,1794398
user31,1796045
user31,1798695
user31,1798984
user31,1799191
user31,1799475
user31,1799479
user31,1800655
user31,180193
user31,1802169
user31,1807442
user31,181115
user31,1816178
user31,1820099
user31,1824247
user31,1825869
user31,1830962
user31,1830970
user31,1830983
user31,1831082
user31,1831413
user31,1842219
user31,1842347
user31,1849251
user31,1851544
user31,1853821
user31,1856576
user31,1861429
user31,1861921
user31,1862573
user31,1863269
user31,1864091
user31,1864399
user31,1864778
user31,1865526
user31,1867286
user31,1867672
user31,1872067
user31,1872702
user31,1873798
user31,1877142
user31,1877428
user31,1878163
user31,1879159
user31,1880695
user31,1881940
user31,1882270
user31,1885027
user31,1885158
user31,1885893
user31,1886010
user31,1888948
user31,188896
user31,1889110
user31,1889133
user31,1890253
user31,1890316
user31,1890824
user31,1891569
user31,1891960
user31,1894022
user31,1894197
user31,1895337
user31,1896552
user31,1896606
user31,1896876
user31,1897144
user31,1899243
user31,1900014
user31,190150
user31,190169
user31,190486
user31,1905201
user31,190670
user31,1908613
user31,1910627
user31,1912853
user31,1912923
user31,1918986
user31,1922130
user31,1929640
user31,1934025
user31,1934132
user31,1936452
user31,1936542
user31,1938496
user31,1938854
user31,1939196
user31,1945561
user31,1947653
user31,195169
user31,1968748
user31,196942
user31,1971451
user31,1971942
user31,1974097
user31,1974099
user31,1974827
user31,197660
user31,1978066
user31,1979283
user31,1981001
user31,1982336
user31,1983901
user31,1987299
user31,1988877
user31,1992370
user31,1996639
user31,2005299
user31,2007316
user31,2009231
user31,20138
user31,2022390
user31,2022408
user31,2024657
user31,2031916
user31,2034127
user31,2037016
user31,2039999
user31,2045725
user31,2048437
user31,2049892
user31,2049908
user31,2050080
user31,2050127
user31,2051094
user31,2051097
user31,2052271
user31,2052371
user31,2053432
user31,2055374
user31,2055497
user31,2056355
user31,2057644
user31,2060798
user31,206157
user31,2062349
user31,2062350
user31,2064229
user31,2066904
user31,2068130
user31,2068358
user31,2069186
user31,2070460
user31,2072017
user31,2072912
user31,2074033
user31,2079489
user31,2082258
user31,208296
user31,2083972
user31,2084059
user31,2090066
user31,2094058
user31,2097697
user31,2098324
user31,2099715
user31,2101673
user31,2105243
user31,2105826
user31,2107161
user31,2107267
user31,2111331
user31,211167
user31,2112890
user31,2132738
user31,2133158
user31,2134415
user31,213839
user31,21395
user31,2142102
user31,2142110
user31,2142126
user31,2142202
user31,2142919
user31,2144943
user31,2155827
user31,2157693
user31,2167275
user31,2167891
user31,2167997
user31,2169264
user31,2169571
user31,2169758
user31,2169806
user31,2173400
user31,2175396
user31,2180477
user31,2180581
user31,2181088
user31,2186814
user31,2188004
user31,2190580
user31,219105
user31,2192016
user31,2192224
user31,2192454
user31,2194299
user31,2196377
user31,2198344
user31,2198655
user31,2199981
user31,2200319
user31,22006
user31,2200814
user31,2200860
user31,2201270
user31,2202328
user31,2204437
user31,2205231
user31,2211713
user31,2214942
user31,2215596
user31,221760
user31,2218028
user31,2221312
user31,2223745
user31,222732
user31,2232049
user31,2236261
user31,2249395
user31,2256360
user31,2258136
user31,2259333
user31,2260482
user31,2261005
user31,2264252
user31,2264505
user31,2267646
user31,227277
user31,2274760
user31,2276981
user31,2278265
user31,2286724
user31,2293696
user31,2293956
user31,2297941
user31,2298506
user31,2299055
user31,2305189
user31,2307563
user31,2310404
user31,2311358
user31,2316999
user31,2321984
user31,2322531
user31,2325706
user31,232784
user31,2327940
user31,2329912
user31,2330794
user31,2330848
user31,2330964
user31,233109
user31,233112
user31,23334
user31,2335676
user31,2335933
user31,2337958
user31,2339393
user31,2340600
user31,2340749
user31,2342648
user31,2343303
user31,2344193
user31,2349736
user31,2350083
user31,2350841
user31,2353005
user31,2353747
user31,2356774
user31,2361028
user31,2363222
user31,2365986
user31,2367978
user31,2368124
user31,236830
user31,2378771
user31,2378821
user31,2383056
user31,2383656
user31,23846
user31,2393089
user31,2393114
user31,2393116
user31,2397226
user31,239844
user31,2400865
user31,2406166
user31,2407605
user31,2408875
user31,241244
user31,2413902
user31,2414004
user31,2414153
user31,2414253
user31,2414618
user31,2414904
user31,2414979
user31,2423528
user31,2431569
user31,2431879
user31,2435118
user31,2435462
user31,2436243
user31,2437665
user31,2439084
user31,2443555
user31,2446256
user31,2446274
user31,2449715
user31,2459265
user31,2459883
user31,2460509
user31,2460632
user31,2461059
user31,2461846
user31,2463259
user31,2463507
user31,2464032
user31,2465829
user31,2467119
user31,2467131
user31,2467524
user31,2468058
user31,2472553
user31,2473577
user31,2473593
user31,2474142
user31,2475757
user31,2476179
user31,247799
user31,247807
user31,2482321
user31,2483429
user31,248504
user31,2486056
user31,2489037
user31,2489247
user31,249570
user31,2497973
user31,2500757
user31,2500765
user31,2500790
user31,2502520
user31,2506175
user31,250680
user31,250878
user31,250880
user31,2511848
user31,2513671
user31,2513909
user31,2515895
user31,2516521
user31,2520726
user31,2521624
user31,2525143
user31,2525570
user31,2527747
user31,252971
user31,253052
user31,2536854
user31,2541425
user31,2544288
user31,2546341
user31,2549299
user31,2550675
user31,2552039
user31,2552590
user31,2552974
user31,255780
user31,2560901
user31,2564528
user31,2564793
user31,2567694
user31,2569564
user31,2570131
user31,2576841
user31,2577735
user31,2581548
user31,2584375
user31,2585302
user31,2588568
user31,2592357
user31,2593947
user31,2600302
user31,2600435
user31,2603505
user31,260676
user31,2610543
user31,2611575
user31,2612293
user31,2612904
user31,2615270
user31,2617872
user31,2618073
user31,2620264
user31,2621210
user31,2624510
user31,2625571
user31,2626127
user31,2627009
user31,2627083
user31,2627408
user31,2630907
user31,2632201
user31,2635907
user31,2636883
user31,263839
user31,263869
user31,2638819
user31,2644869
user31,2645033
user31,2645179
user31,2646380
user31,2647439
user31,2647653
user31,2647747
user31,2647751
user31,2654670
user31,2654975
user31,2656634
user31,266117
user31,2664240
user31,2666996
user31,2675484
user31,2678522
user31,2682265
user31,2685101
user31,268731
user31,2688875
user31,2691305
user31,269339
user31,2701417
user31,2708838
user31,2710249
user31,2710250
user31,2714233
user31,2715201
user31,2716414
user31,2717948
user31,2720104
user31,2723962
user31,2725696
user31,2726009
user31,2727882
user31,2729767
user31,2731465
user31,2731546
user31,27435
user31,2744026
user31,2752592
user31,2756217
user31,2756492
user31,2757784
user31,2760380
user31,2761994
user31,2762669
user31,2766131
user31,2770495
user31,2775107
user31,2776797
user31,2777054
user31,2777991
user31,2778367
user31,2779633
user31,2780715
user31,2784779
user31,2784797
user31,2785618
user31,2786723
user31,2787195
user31,2788554
user31,2788836
user31,2791174
user31,2794074
user31,2794398
user31,2794997
user31,2796088
user31,2800604
user31,2801436
user31,2801967
user31,280277
user31,2802875
user31,2802879
user31,2804238
user31,2804822
user31,2809440
user31,2811137
user31,2814252
user31,2816446
user31,2819632
user31,2821837
user31,2825449
user31,2827882
user31,282808
user31,2829710
user31,2829843
user31,2829980
user31,2831494
user31,2831514
user31,2835453
user31,2849627
user31,2850227
user31,2850477
user31,2857148
user31,2857167
user31,2858185
user31,2859510
user31,2859705
user31,2860876
user31,2860897
user31,2865879
user31,2866627
user31,2867220
user31,2870366
user31,2870367
user31,2884071
user31,2893168
user31,2899199
user31,2903391
user31,2906602
user31,29099
user31,2912148
user31,2916711
user31,2920309
user31,2921742
user31,2937016
user31,2948829
user31,2949642
user31,2951217
user31,2955115
user31,2960560
user31,2960876
user31,2961748
user31,2964346
user31,2965782
user31,2966930
user31,2967999
user31,2968182
user31,297471
user31,2979154
user31,2987367
user31,2988359
user31,2988559
user31,2993574
user31,2998078
user31,2999582
user31,300169
user31,3006511
user31,3009730
user31,3009735
user31,3010259
user31,3010342
user31,3011346
user31,3011488
user31,3012488
user31,3013319
user31,3015321
user31,3017548
user31,3021089
user31,3021122
user31,3025002
user31,3026094
user31,3037530
user31,3041276
user31,3050853
user31,3054496
user31,3054899
user31,3055214
user31,3060106
user31,3063118
user31,3064575
user31,3066042
user31,3066314
user31,3067030
user31,3067774
user31,3070898
user31,307222
user31,3075122
user31,3079801
user31,3083933
user31,3084797
user31,3085450
user31,3087494
user31,3090531
user31,3093041
user31,3098490
user31,3098741
user31,3101464
user31,3108080
user31,3109833
user31,3110160
user31,3116881
user31,3117463
user31,3127581
user31,3130455
user31,3132219
user31,3135043
user31,3135225
user31,3135318
user31,3135932
user31,3135951
user31,3137390
user31,3138857
user31,3143035
user31,3143802
user31,3144372
user31,3145841
user31,3145868
user31,3146254
user31,3146496
user31,3146984
user31,3147340
user31,3151549
user31,315311
user31,3154935
user31,315498
user31,3157800
user31,3159478
user31,3160527
user31,3162001
user31,3165960
user31,3172857
user31,317353
user31,3177144
user31,3177816
user31,3181088
user31,31814
user31,3184336
user31,3185581
user31,3185995
user31,3187804
user31,3192573
user31,3201150
user31,3207175
user31,3208025
user31,3208245
user31,3209882
user31,3211817
user31,3211844
user31,3212060
user31,3212063
user31,3212064
user31,3212069
user31,3214219
user31,3216040
user31,3217007
user31,3220396
user31,3224433
user31,3225897
user31,3230574
user31,3235354
user31,3236277
user31,3236842
user31,3237268
user31,3237687
user31,3237730
user31,3238584
user31,3239844
user31,3241063
user31,324686
user31,3252654
user31,325285
user31,3253506
user31,325708
user31,326142
user31,32675
user31,3273548
user31,3277619
user31,3280560
user31,32825
user31,3284126
user31,3284191
user31,328948
user31,3290380
user31,3293422
user31,3295850
user31,3295965
user31,3296471
user31,3300158
user31,330035
user31,3301855
user31,330356
user31,3304241
user31,3304852
user31,3312651
user31,331402
user31,3319053
user31,3323428
user31,332462
user31,33281
user31,3331906
user31,3338414
user31,333889
user31,3340012
user31,3340083
user31,3351561
user31,3351957
user31,3352327
user31,3355778
user31,3359258
user31,3360246
user31,3360317
user31,3360559
user31,3365520
user31,3365637
user31,3367174
user31,3370327
user31,3370760
user31,3375238
user31,3375897
user31,3379838
user31,338098
user31,3381277
user31,3381522
user31,3385207
user31,3387789
user31,3391186
user31,3392145
user31,3395679
user31,3396112
user31,3396283
user31,3397186
user31,3398215
user31,3398216
user31,3400304
user31,3405783
user31,3441685
user31,3442202
user31,3442526
user31,3443332
user31,3447174
user31,3447513
user31,3448952
user31,3456308
user31,345705
user31,3458633
user31,3459842
user31,3460591
user31,3463806
user31,3464502
user31,3464988
user31,3465359
user31,3467820
user31,346990
user31,3472588
user31,3473010
user31,3474020
user31,3474517
user31,3475921
user31,3476417
user31,3476954
user31,3477284
user31,3481380
user31,3481854
user31,3483365
user31,3486972
user31,3490651
user31,3491493
user31,3492257
user31,3492604
user31,3493752
user31,3494770
user31,3495626
user31,3496848
user31,3497051
user31,3497154
user31,34983
user31,3499138
user31,3500546
user31,3502624
user31,3503189
user31,3505267
user31,3506289
user31,3506642
user31,3508213
user31,3509451
user31,3510223
user31,3511619
user31,3511639
user31,3512913
user31,3513527
user31,3514732
user31,3515102
user31,3515158
user31,351568
user31,351717
user31,351797
user31,352025
user31,3522640
user31,3531483
user31,3531956
user31,3533334
user31,3533899
user31,3538143
user31,3542194
user31,3542341
user31,354237
user31,3543312
user31,3543945
user31,3544174
user31,35450
user31,3545238
user31,354674
user31,3547088
user31,3547613
user31,3551014
user31,3551835
user31,3552445
user31,3552968
user31,3553265
user31,3553337
user31,3553352
user31,3553359
user31,3554178
user31,3554974
user31,3555769
user31,3555773
user31,3555886
user31,3556938
user31,3557191
user31,3557459
user31,3559037
user31,3559087
user31,3559681
user31,3559749
user31,3560647
user31,3561154
user31,3562493
user31,3562567
user31,3562612
user31,3563703
user31,3564406
user31,3565137
user31,3565767
user31,3565936
user31,3566765
user31,3567792
user31,3568724
user31,357319
user31,3576524
user31,3580978
user31,3581051
user31,3582060
user31,3583589
user31,3585557
user31,3586682
user31,3590740
user31,3592594
user31,3592936
user31,3595398
user31,359677
user31,3597468
user31,3598173
user31,3600076
user31,3602136
user31,3603986
user31,3604625
user31,3607197
user31,3609485
user31,3609511
user31,3609527
user31,3610042
user31,3612817
user31,3613041
user31,3613165
user31,3613536
user31,3615818
user31,3617257
user31,3618037
user31,3618697
user31,3618720
user31,3618810
user31,3619759
user31,3619813
user31,3624915
user31,3625667
user31,3630663
user31,3632118
user31,3633249
user31,3633323
user31,3633498
user31,3635052
user31,3635243
user31,3637670
user31,3639126
user31,3640305
user31,3641634
user31,3642903
user31,3643324
user31,364526
user31,3647029
user31,3647608
user31,3647611
user31,3647844
user31,364790
user31,3650099
user31,3650554
user31,3663633
user31,3663739
user31,3669447
user31,366997
user31,367028
user31,3671916
user31,367633
user31,367805
user31,3678295
user31,3680908
user31,3682905
user31,3683422
user31,3690705
user31,369297
user31,369395
user31,369555
user31,369574
user31,369747
user31,3702583
user31,3706568
user31,3711645
user31,371558
user31,3719665
user31,3726856
user31,3732008
user31,3734308
user31,3734841
user31,3734928
user31,3735897
user31,3737525
user31,3745452
user31,3745995
user31,3746368
user31,374655
user31,3749473
user31,3750416
user31,375149
user31,3759764
user31,3759767
user31,3762569
user31,3770627
user31,3770740
user31,3774565
user31,3783705
user31,3784924
user31,3785328
user31,3795662
user31,379712
user31,3797322
user31,3801280
user31,3801616
user31,380577
user31,380750
user31,3809355
user31,3814538
user31,381499
user31,3818392
user31,381853
user31,3819924
user31,3821630
user31,3821636
user31,3823164
user31,3828381
user31,3834366
user31,3836033
user31,3839168
user31,384882
user31,3850594
user31,3851740
user31,3852261
user31,3852908
user31,3853690
user31,3853841
user31,3853946
user31,3854130
user31,3854580
user31,3859143
user31,3861869
user31,38619
user31,3862291
user31,3862334
user31,3863219
user31,3863713
user31,3863743
user31,3864671
user31,3871042
user31,3872228
user31,3877242
user31,3877244
user31,3877903
user31,3878310
user31,3879820
user31,3880794
user31,3880859
user31,3882176
user31,3882268
user31,3882285
user31,3883087
user31,3883783
user31,3885312
user31,3888101
user31,3890233
user31,3890723
user31,3891457
user31,3892251
user31,3894093
user31,3895199
user31,3896086
user31,3896240
user31,3896533
user31,3897706
user31,3898090
user31,3901657
user31,3903056
user31,3908245
user31,3909182
user31,3910532
user31,391134
user31,3912808
user31,3914832
user31,392124
user31,3922186
user31,3923197
user31,3925534
user31,3927435
user31,3930384
user31,393062
user31,3931178
user31,39312
user31,3931538
user31,3932126
user31,3933008
user31,3933362
user31,393534
user31,3938296
user31,3941515
user31,3943588
user31,394360
user31,3944639
user31,3945939
user31,3949538
user31,3950487
user31,3950721
user31,3951476
user31,395188
user31,395292
user31,3953823
user31,3955240
user31,3956433
user31,3957831
user31,3957835
user31,3964535
user31,3968322
user31,397066
user31,3970815
user31,3972725
user31,3976055
user31,3979746
user31,3981004
user31,39821
user31,3982763
user31,3982887
user31,3984550
user31,3984861
user31,3987104
user31,398780
user31,3990088
user31,3991525
user31,3997282
user31,3997347
user31,3997471
user31,4003571
user31,4003771
user31,4004329
user31,4004513
user31,4005109
user31,4005758
user31,4007928
user31,400884
user31,400977
user31,4010246
user31,4010671
user31,4011514
user31,4011536
user31,4012836
user31,4013135
user31,4013406
user31,4013769
user31,4022346
user31,4024473
user31,4025229
user31,402642
user31,4027404
user31,4032512
user31,4032680
user31,4039414
user31,4043778
user31,4049561
user31,405102
user31,4053297
user31,4056399
user31,4057179
user31,405923
user31,4062097
user31,4062456
user31,4062581
user31,4062794
user31,4066745
user31,4067099
user31,4067544
user31,4067565
user31,4070402
user31,4070408
user31,40710
user31,4075909
user31,4080074
user31,4080655
user31,4086630
user31,4088667
user31,409005
user31,4091964
user31,4092015
user31,4096549
user31,4103659
user31,4105211
user31,410715
user31,4107824
user31,4108658
user31,4109333
user31,4111204
user31,4111359
user31,4112735
user31,4113632
user31,4117043
user31,4118749
user31,4119737
user31,4121369
user31,4121592
user31,4121724
user31,4121735
user31,4121814
user31,4123354
user31,4125472
user31,4125533
user31,4125614
user31,4126637
user31,4127149
user31,4127746
user31,4127764
user31,4129187
user31,4130147
user31,4131484
user31,4133536
user31,4137073
user31,4144337
user31,4149962
user31,4158088
user31,4158219
user31,4159032
user31,4159588
user31,4161328
user31,4161360
user31,4161644
user31,4161647
user31,4162282
user31,4162640
user31,4162799
user31,4163341
user31,4163411
user31,4166713
user31,4168670
user31,4169111
user31,4169264
user31,4170877
user31,4178114
user31,4181810
user31,4185820
user31,4186422
user31,4188494
user31,4188677
user31,4188723
user31,4192254
user31,419300
user31,4193010
user31,4194453
user31,4194636
user31,4195812
user31,4199660
user31,4202296
user31,4202934
user31,4204395
user31,4206217
user31,4209232
user31,4209307
user31,4209374
user31,4209500
user31,4209594
user31,4209777
user31,4209811
user31,4210351
user31,4211064
user31,4213165
user31,421706
user31,4217604
user31,4217616
user31,4218015
user31,421830
user31,4219939
user31,422021
user31,422215
user31,4223669
user31,422526
user31,4230688
user31,4236416
user31,4238685
user31,4243951
user31,424474
user31,42452
user31,4245645
user31,4246789
user31,4253871
user31,4255241
user31,425553
user31,425799
user31,425880
user31,425884
user31,4266654
user31,4273645
user31,4273840
user31,4274453
user31,4278896
user31,4279060
user31,4279636
user31,4280113
user31,4280278
user31,4288904
user31,4290469
user31,429286
user31,4292960
user31,4294325
user31,4294334
user31,4294678
user31,429673
user31,4296803
user31,4297175
user31,429889
user31,4298918
user31,4300883
user31,4300940
user31,4301588
user31,4302764
user31,4302869
user31,430949
user31,4313228
user31,4314932
user31,4327965
user31,4330083
user31,4333567
user31,4333572
user31,4334851
user31,4338701
user31,434013
user31,4344
user31,4346830
user31,4347053
user31,4347887
user31,4352509
user31,4352511
user31,4354786
user31,4360091
user31,4360992
user31,436463
user31,4370742
user31,4371596
user31,4372118
user31,437269
user31,4373521
user31,437744
user31,4380241
user31,4386206
user31,4388669
user31,4391811
user31,4394286
user31,43988
user31,4400477
user31,4400580
user31,4404950
user31,4405205
user31,4410412
user31,441063
user31,4414607
user31,4415332
user31,4416098
user31,4416211
user31,4416862
user31,441958
user31,4421101
user31,4426778
user31,443058
user31,4430698
user31,4431312
user31,4435764
user31,4437992
user31,4439492
user31,4440245
user31,4440434
user31,4441963
user31,4442035
user31,4446577
user31,4448633
user31,4450739
user31,4451877
user31,4452036
user31,4453609
user31,445389
user31,4455985
user31,4457398
user31,4457839
user31,4461232
user31,4464335
user31,4465852
user31,447276
user31,4473275
user31,4475265
user31,4475884
user31,4477968
user31,4479644
user31,4479782
user31,4481125
user31,4483325
user31,4484588
user31,4485473
user31,4485815
user31,4485836
user31,4485839
user31,4494551
user31,4494552
user31,4496305
user31,4496588
user31,4498698
user31,4499358
user31,4513225
user31,4515454
user31,4516657
user31,4517586
user31,4519980
user31,4521153
user31,4522183
user31,4523585
user31,4525971
user31,4554491
user31,4556560
user31,4563025
user31,4563370
user31,4566860
user31,456753
user31,4568542
user31,4570027
user31,4570171
user31,4570183
user31,4570193
user31,4571257
user31,4572851
user31,459211
user31,462354
user31,466904
user31,470050
user31,47142
user31,472494
user31,473165
user31,473408
user31,473457
user31,47443
user31,475279
user31,475540
user31,475561
user31,475679
user31,475696
user31,475958
user31,477118
user31,477523
user31,480522
user31,480758
user31,482411
user31,483600
user31,483623
user31,49449
user31,495500
user31,496100
user31,497453
user31,498809
user31,508588
user31,509220
user31,51043
user31,51067
user31,510940
user31,511361
user31,514502
user31,515160
user31,51623
user31,520805
user31,522243
user31,523012
user31,526989
user31,533170
user31,53418
user31,53638
user31,536649
user31,537090
user31,539038
user31,5427
user31,543421
user31,543886
user31,549854
user31,55064
user31,552071
user31,55682
user31,559203
user31,559518
user31,563149
user31,566293
user31,566937
user31,567940
user31,567988
user31,568012
user31,572501
user31,572627
user31,574288
user31,577859
user31,580421
user31,584571
user31,585693
user31,589195
user31,591486
user31,592961
user31,594468
user31,59593
user31,598012
user31,599490
user31,600117
user31,600240
user31,600758
user31,601263
user31,605688
user31,609519
user31,611753
user31,613839
user31,620552
user31,625560
user31,626623
user31,63316
user31,635273
user31,638601
user31,639839
user31,640330
user31,642980
user31,642996
user31,643971
user31,646501
user31,647278
user31,648455
user31,648707
user31,650532
user31,650570
user31,653443
user31,654914
user31,66163
user31,66259
user31,664912
user31,673635
user31,675284
user31,678387
user31,684040
user31,693819
user31,694953
user31,695252
user31,696997
user31,697171
user31,699451
user31,700211
user31,70253
user31,706502
user31,708866
user31,711926
user31,713806
user31,721188
user31,721475
user31,722900
user31,723811
user31,732456
user31,733604
user31,734531
user31,736171
user31,736172
user31,742171
user31,748730
user31,751331
user31,751338
user31,751358
user31,755707
user31,756276
user31,757943
user31,758426
user31,759186
user31,760415
user31,760643
user31,762983
user31,76517
user31,768946
user31,769347
user31,776262
user31,776554
user31,777616
user31,779473
user31,783161
user31,784383
user31,785269
user31,787172
user31,79987
user31,80141
user31,802349
user31,802548
user31,804443
user31,809135
user31,81069
user31,811039
user31,811426
user31,811440
user31,811515
user31,814241
user31,819409
user31,821119
user31,824432
user31,830433
user31,831260
user31,833957
user31,835474
user31,835818
user31,839274
user31,83940
user31,84325
user31,843353
user31,8460
user31,848008
user31,85096
user31,851181
user31,852057
user31,852539
user31,854724
user31,865846
user31,865953
user31,868312
user31,87037
user31,872145
user31,875326
user31,875880
user31,877245
user31,87756
user31,877801
user31,877822
user31,87785
user31,884975
user31,886551
user31,895785
user31,896568
user31,89772
user31,897781
user31,897988
user31,898883
user31,899653
user31,901801
user31,902612
user31,903695
user31,905870
user31,914965
user31,915809
user31,916829
user31,91686
user31,918545
user31,918804
user31,921378
user31,921486
user31,921539
user31,921747
user31,92241
user31,92421
user31,925397
user31,925749
user31,928621
user31,929177
user31,929406
user31,929435
user31,932414
user31,933157
user31,935700
user31,937870
user31,940923
user31,940994
user31,941111
user31,941163
user31,94190
user31,943349
user31,950094
user31,953263
user31,955334
user31,959566
user31,960791
user31,964270
user31,965568
user31,966035
user31,96910
user31,969274
user31,969430
user31,969457
user31,973452
user31,97553
user31,978947
user31,981649
user31,984404
user31,989131
user31,990782
user33,1001695
user33,1001707
user33,1005785
user33,1009537
user33,1009691
user33,1010920
user33,1014598
user33,1014626
user33,1014754
user33,1021929
user33,1035775
user33,1041870
user33,1041905
user33,104227
user33,1057617
user33,1061117
user33,1061353
user33,1065599
user33,1065601
user33,1066478
user33,1076035
user33,1084181
user33,1084721
user33,1085895
user33,1093123
user33,1098322
user33,1101657
user33,1110099
user33,1110518
user33,111248
user33,1114587
user33,1115116
user33,111515
user33,1116190
user33,1118176
user33,1118699
user33,1121874
user33,1122500
user33,1122712
user33,1126206
user33,1127122
user33,1129304
user33,113082
user33,1133504
user33,1135725
user33,1137089
user33,1137314
user33,1138275
user33,1138642
user33,1139152
user33,1140208
user33,1146348
user33,114737
user33,1147662
user33,114858
user33,1154433
user33,1158843
user33,1163169
user33,116488
user33,1167544
user33,1168988
user33,1173620
user33,117381
user33,117434
user33,1181983
user33,1182468
user33,1183302
user33,1185893
user33,1187079
user33,1196505
user33,1196886
user33,1197401
user33,120811
user33,1208142
user33,1208714
user33,121016
user33,1215499
user33,1217036
user33,1221516
user33,1225000
user33,122558
user33,122561
user33,122632
user33,1229107
user33,1231864
user33,1241724
user33,1244744
user33,1248248
user33,1254787
user33,1260331
user33,1260477
user33,1261133
user33,1261138
user33,1261218
user33,126158
user33,1262302
user33,1262929
user33,1264814
user33,1265152
user33,1266712
user33,1267129
user33,1268016
user33,1268676
user33,1268746
user33,1269086
user33,1269562
user33,127559
user33,1275964
user33,1278375
user33,1280508
user33,128303
user33,1293559
user33,1295169
user33,1295396
user33,1299761
user33,1302270
user33,130265
user33,1302819
user33,1305249
user33,1306348
user33,1306970
user33,1307309
user33,1309218
user33,1312859
user33,1313379
user33,1314991
user33,1316157
user33,1318115
user33,1320547
user33,1320559
user33,1321547
user33,1322962
user33,1324077
user33,1324402
user33,1324406
user33,1325246
user33,1327700
user33,1329758
user33,1332060
user33,1334505
user33,1339811
user33,1340159
user33,1341772
user33,134184
user33,1342747
user33,1343931
user33,1347055
user33,1350482
user33,1350487
user33,1351671
user33,1356276
user33,1358000
user33,1359275
user33,1359355
user33,1359371
user33,1364048
user33,136637
user33,1371174
user33,1372538
user33,1373501
user33,137357
user33,1374666
user33,1374671
user33,1381025
user33,1382170
user33,1383200
user33,1385529
user33,1386836
user33,1391733
user33,1392280
user33,1396290
user33,1397498
user33,1406677
user33,1410915
user33,1411171
user33,1414995
user33,1416178
user33,1416590
user33,1418262
user33,1421646
user33,1422505
user33,142461
user33,1432666
user33,1434200
user33,1434549
user33,1434977
user33,1437002
user33,1437516
user33,1440050
user33,1453156
user33,1457389
user33,1472298
user33,1478260
user33,1478311
user33,1487681
user33,1491460
user33,1493148
user33,149364
user33,1509993
user33,151010
user33,1516263
user33,1517373
user33,1517681
user33,1519708
user33,1525998
user33,1528450
user33,1528600
user33,1534657
user33,1536678
user33,1536844
user33,1537988
user33,1538364
user33,153889
user33,1539559
user33,1541576
user33,1542072
user33,1542870
user33,1543510
user33,1543530
user33,154575
user33,1548108
user33,1548712
user33,1549415
user33,1550319
user33,1550405
user33,1552250
user33,1552417
user33,1556401
user33,1566246
user33,1566421
user33,1566508
user33,1566509
user33,1566880
user33,1567507
user33,1572228
user33,1574527
user33,1575820
user33,1579242
user33,1581437
user33,1583469
user33,1587905
user33,1588812
user33,1592618
user33,159292
user33,1597403
user33,1598686
user33,1598688
user33,1600792
user33,1605314
user33,1606734
user33,1607447
user33,1610971
user33,1612134
user33,1612474
user33,162482
user33,1647123
user33,1650917
user33,1651762
user33,1651798
user33,1651799
user33,1654948
user33,166076
user33,1661232
user33,1662517
user33,1666528
user33,1668406
user33,1668734
user33,16705
user33,1676582
user33,1676826
user33,1677155
user33,1680630
user33,1680635
user33,1682911
user33,1683393
user33,1683805
user33,1688614
user33,1691619
user33,1692144
user33,169337
user33,169583
user33,1699739
user33,1702573
user33,1703547
user33,1707770
user33,1708637
user33,1712337
user33,1712516
user33,1712608
user33,1713261
user33,1714373
user33,1716367
user33,1716476
user33,1716573
user33,1717307
user33,1718304
user33,1723701
user33,1724430
user33,1724831
user33,1727544
user33,1728815
user33,1734780
user33,173481
user33,1736016
user33,1737571
user33,1740939
user33,1746143
user33,1746250
user33,1747070
user33,1749262
user33,1751535
user33,1753412
user33,1755135
user33,1756909
user33,1757400
user33,1757663
user33,1757758
user33,1759033
user33,1761622
user33,1762432
user33,1762921
user33,1766839
user33,17701
user33,1773874
user33,1775140
user33,1776828
user33,1781524
user33,1784372
user33,1786117
user33,17868
user33,1789541
user33,1797725
user33,180193
user33,1803182
user33,1803605
user33,1803674
user33,1806861
user33,181566
user33,181862
user33,1824263
user33,1825511
user33,1826357
user33,1827526
user33,1829501
user33,1831579
user33,1841234
user33,1847167
user33,1849637
user33,1849837
user33,1849903
user33,1853868
user33,1856060
user33,1856168
user33,1856779
user33,1857224
user33,1858199
user33,1860709
user33,1861779
user33,1862585
user33,1864161
user33,1865039
user33,1865051
user33,1865764
user33,1865862
user33,1866854
user33,1868605
user33,1869795
user33,1872847
user33,1873674
user33,1877152
user33,1877426
user33,1879731
user33,1880434
user33,1882413
user33,1884924
user33,1886010
user33,1886888
user33,1889087
user33,1889090
user33,1889265
user33,1889979
user33,1890076
user33,1890325
user33,1890343
user33,1890648
user33,1893147
user33,1893769
user33,1894045
user33,1903055
user33,1904254
user33,1904583
user33,1905201
user33,1910074
user33,1911793
user33,1911827
user33,1912923
user33,1920613
user33,19229
user33,1923543
user33,1925108
user33,1925998
user33,1930672
user33,1932548
user33,1933545
user33,1936452
user33,1945985
user33,1947653
user33,1948146
user33,194830
user33,1948736
user33,1948780
user33,1949262
user33,195169
user33,1952256
user33,1962075
user33,1962321
user33,1968748
user33,1970068
user33,1971451
user33,1971942
user33,1972035
user33,1973860
user33,1974102
user33,1974840
user33,1975309
user33,1975788
user33,1983599
user33,1985129
user33,1987525
user33,1988739
user33,1989068
user33,1992428
user33,2005307
user33,2005908
user33,2007315
user33,2007935
user33,2009230
user33,2022932
user33,2024289
user33,2027391
user33,2032037
user33,2037016
user33,2039161
user33,2039583
user33,2039699
user33,2043268
user33,2047837
user33,2049960
user33,2053430
user33,2053436
user33,2056355
user33,2058468
user33,2058491
user33,2058540
user33,205950
user33,2060589
user33,2060666
user33,2060956
user33,2063854
user33,2065893
user33,2065904
user33,2068379
user33,2068414
user33,2070460
user33,2073174
user33,2073223
user33,2073609
user33,2074033
user33,2075203
user33,2076622
user33,2078052
user33,2079048
user33,2087916
user33,2089405
user33,2091131
user33,2091632
user33,209204
user33,2097166
user33,2099715
user33,2100296
user33,2103646
user33,2105243
user33,2105502
user33,2107481
user33,2128351
user33,2128367
user33,2130661
user33,2131889
user33,213273
user33,2136295
user33,213696
user33,2140875
user33,2142092
user33,2142108
user33,2142132
user33,2142295
user33,2144194
user33,2144198
user33,2154281
user33,2154775
user33,2155065
user33,2157195
user33,2157383
user33,2159993
user33,2164579
user33,2164909
user33,2165026
user33,2166362
user33,2167891
user33,2168494
user33,2168992
user33,2169555
user33,2171631
user33,2172328
user33,2172544
user33,2174283
user33,2175438
user33,2175439
user33,2175465
user33,2176140
user33,2177538
user33,2179096
user33,2179596
user33,2179849
user33,2180469
user33,2181637
user33,2184726
user33,2186448
user33,2187548
user33,2191521
user33,2191802
user33,2192196
user33,219349
user33,2198795
user33,2200431
user33,2200814
user33,2203964
user33,2205450
user33,2208102
user33,2214942
user33,2215505
user33,2218021
user33,2218024
user33,2218025
user33,222426
user33,2224784
user33,2231143
user33,2231145
user33,223161
user33,223184
user33,2232947
user33,2237037
user33,2240313
user33,224263
user33,2253279
user33,225558
user33,2255885
user33,2256360
user33,2259252
user33,2259613
user33,2260005
user33,2261048
user33,2261053
user33,2261394
user33,2261598
user33,2262435
user33,2264140
user33,2264224
user33,2264548
user33,2264650
user33,2265285
user33,226581
user33,2274760
user33,2277523
user33,2280187
user33,2282015
user33,2285296
user33,2285299
user33,2291144
user33,2291575
user33,2294583
user33,2296155
user33,2296296
user33,2298695
user33,2298936
user33,2299570
user33,2300304
user33,2303920
user33,230568
user33,230627
user33,2309884
user33,2315085
user33,2315435
user33,231627
user33,2317437
user33,2317459
user33,231771
user33,2320306
user33,2321983
user33,2322552
user33,2322561
user33,2325478
user33,232807
user33,2330040
user33,2330101
user33,233147
user33,2332652
user33,2338870
user33,2339553
user33,2340600
user33,2342931
user33,2345114
user33,2349096
user33,2349310
user33,2352042
user33,2356774
user33,2363159
user33,2363894
user33,2364110
user33,2365813
user33,2366728
user33,2371303
user33,2372849
user33,237311
user33,2374617
user33,2378111
user33,2378636
user33,2378823
user33,2378918
user33,2393116
user33,2393945
user33,2396524
user33,2397899
user33,239853
user33,2398845
user33,2399546
user33,2405172
user33,2405195
user33,2405492
user33,2407624
user33,2410535
user33,2414425
user33,2418106
user33,2427157
user33,2427980
user33,2429306
user33,243121
user33,2431879
user33,2432442
user33,2436235
user33,2436345
user33,2437665
user33,244230
user33,2442559
user33,2446524
user33,244751
user33,244768
user33,2449731
user33,2454058
user33,2454649
user33,2456786
user33,2458022
user33,2459926
user33,2460895
user33,2462830
user33,2463063
user33,24631
user33,2466850
user33,2467205
user33,2467791
user33,2469248
user33,2469454
user33,2471677
user33,2473577
user33,2473976
user33,2475757
user33,2477764
user33,2480139
user33,2481687
user33,2484162
user33,24899
user33,2493161
user33,2496991
user33,25004
user33,2501009
user33,2505126
user33,250680
user33,2506862
user33,2507646
user33,2508472
user33,250880
user33,2511693
user33,2511712
user33,2511853
user33,2517598
user33,2518353
user33,2518581
user33,2525143
user33,2525956
user33,2528037
user33,2532981
user33,2541423
user33,2541566
user33,2544277
user33,2544429
user33,2544816
user33,2546163
user33,2546341
user33,2562712
user33,2565258
user33,2566580
user33,2566581
user33,2566664
user33,2569114
user33,2571892
user33,2573283
user33,2576159
user33,2576673
user33,2577570
user33,2577857
user33,2582469
user33,2583235
user33,2584404
user33,2585322
user33,2586273
user33,2586285
user33,258676
user33,2588568
user33,2589191
user33,2592357
user33,2598042
user33,2599864
user33,2600420
user33,2601143
user33,2605084
user33,2610729
user33,2612359
user33,2618053
user33,2621308
user33,2622262
user33,2624147
user33,2624148
user33,2625387
user33,2626660
user33,2626719
user33,2626732
user33,2626820
user33,2626959
user33,2631698
user33,2634052
user33,2634680
user33,2635588
user33,2636902
user33,2636909
user33,2644326
user33,2645033
user33,2645808
user33,2651188
user33,2654233
user33,265475
user33,265575
user33,2656669
user33,2656736
user33,2659239
user33,2659283
user33,2659481
user33,266444
user33,2664991
user33,2666774
user33,2674688
user33,2674692
user33,2674693
user33,2674704
user33,2675018
user33,2676262
user33,2679081
user33,2679349
user33,268706
user33,2691141
user33,269339
user33,2693390
user33,2694775
user33,2710249
user33,2710254
user33,2719671
user33,2721610
user33,2723448
user33,2724877
user33,2724994
user33,2725054
user33,2725544
user33,2726011
user33,2728169
user33,2729920
user33,2732053
user33,2732348
user33,2735267
user33,2737494
user33,2752802
user33,2753208
user33,2757532
user33,2758417
user33,2760472
user33,2767827
user33,2769316
user33,2778467
user33,2781892
user33,2784199
user33,278454
user33,2784686
user33,2788141
user33,2788905
user33,2789128
user33,2791719
user33,2792988
user33,2796688
user33,2796989
user33,279736
user33,2798955
user33,280100
user33,280277
user33,2802879
user33,2804791
user33,2812885
user33,2813082
user33,2813092
user33,2813853
user33,2814165
user33,2814197
user33,2819632
user33,2820136
user33,2825445
user33,2827900
user33,2832198
user33,2837953
user33,2837965
user33,2840759
user33,2843029
user33,2852686
user33,2858185
user33,2859243
user33,2859532
user33,2863506
user33,2864051
user33,2864786
user33,2865887
user33,2866627
user33,2867856
user33,2871918
user33,287982
user33,2886330
user33,2901994
user33,2903391
user33,2903730
user33,2907025
user33,2908472
user33,2913031
user33,2914311
user33,2921372
user33,2925396
user33,2926322
user33,2930187
user33,2938546
user33,2939138
user33,2944029
user33,2949037
user33,2951217
user33,2955089
user33,2956994
user33,2958512
user33,2960253
user33,2964792
user33,29656
user33,297471
user33,2975574
user33,2978493
user33,2979325
user33,298114
user33,2997380
user33,2999493
user33,300169
user33,300176
user33,3002402
user33,3002964
user33,3003703
user33,3003841
user33,3006503
user33,3007075
user33,3008370
user33,300870
user33,3009759
user33,3011488
user33,3011648
user33,3011651
user33,3011667
user33,3012488
user33,301267
user33,3018386
user33,301941
user33,3020392
user33,3020393
user33,3021119
user33,3025842
user33,3032052
user33,3033153
user33,3033231
user33,3035732
user33,3036684
user33,3040031
user33,3041720
user33,3042033
user33,3044859
user33,3055212
user33,3055217
user33,3055228
user33,3056345
user33,3058845
user33,3059333
user33,3062531
user33,3062545
user33,3062708
user33,3063180
user33,3064575
user33,3066428
user33,3072680
user33,3088053
user33,3090531
user33,3092924
user33,3095277
user33,3097088
user33,31017
user33,31033
user33,3105442
user33,3108896
user33,3109392
user33,3111204
user33,3112311
user33,3113606
user33,3122211
user33,3123113
user33,3129995
user33,3132178
user33,3135043
user33,3135195
user33,3135381
user33,3135771
user33,3136837
user33,3136841
user33,3136940
user33,3139983
user33,3143148
user33,3144628
user33,3145259
user33,3145834
user33,3145875
user33,3146726
user33,314760
user33,3149727
user33,3151265
user33,3157800
user33,3157841
user33,3159073
user33,3159262
user33,3159478
user33,3160527
user33,3165238
user33,3166482
user33,3170321
user33,3170323
user33,3170333
user33,3171069
user33,3172857
user33,3173730
user33,3177056
user33,3177144
user33,3177186
user33,3179556
user33,3179565
user33,3180304
user33,3181088
user33,3185488
user33,3187075
user33,318852
user33,3191807
user33,3192573
user33,3200249
user33,3201151
user33,3202563
user33,3204173
user33,3206803
user33,3210153
user33,3212057
user33,3212058
user33,3212059
user33,3212069
user33,3212071
user33,3212073
user33,3212176
user33,3213346
user33,3215032
user33,3215860
user33,3218897
user33,3220047
user33,3220091
user33,3223385
user33,3224855
user33,3224928
user33,3225618
user33,3230572
user33,323378
user33,3234382
user33,3235226
user33,3236277
user33,3236503
user33,3237096
user33,3237748
user33,323933
user33,3239788
user33,3239942
user33,3244220
user33,3246001
user33,3252654
user33,3253506
user33,3255513
user33,325855
user33,326257
user33,3266664
user33,326858
user33,3274369
user33,3279262
user33,3280500
user33,3282168
user33,3282189
user33,3285239
user33,3290380
user33,329238
user33,329249
user33,3298150
user33,3300795
user33,3301825
user33,3301830
user33,3302468
user33,330338
user33,3303536
user33,3304853
user33,330708
user33,33074
user33,3310229
user33,331284
user33,331288
user33,331380
user33,331402
user33,3321909
user33,3325802
user33,33281
user33,3329526
user33,3334108
user33,3339675
user33,33399
user33,3340083
user33,3344103
user33,3350760
user33,3352626
user33,3360720
user33,3362864
user33,3363504
user33,336417
user33,3366159
user33,3368720
user33,3372419
user33,3376675
user33,3378961
user33,3382461
user33,3388872
user33,3396442
user33,3396457
user33,3398233
user33,342309
user33,3447174
user33,3448115
user33,3448127
user33,3453938
user33,3457613
user33,3458162
user33,3458546
user33,3458801
user33,3459903
user33,3460591
user33,3462601
user33,3464686
user33,3465359
user33,3466581
user33,3466611
user33,3472032
user33,347456
user33,3476417
user33,3478225
user33,347949
user33,3481380
user33,3482824
user33,3483406
user33,3483596
user33,3485806
user33,3486972
user33,3488980
user33,3489991
user33,3490039
user33,3490329
user33,3490650
user33,3490656
user33,3491527
user33,3492194
user33,3494029
user33,349460
user33,3495366
user33,3499138
user33,3501829
user33,3503882
user33,3505291
user33,3507790
user33,3509571
user33,3511237
user33,3511639
user33,3514004
user33,3514110
user33,351568
user33,3515929
user33,3516691
user33,3517328
user33,351820
user33,3520115
user33,3523462
user33,3526707
user33,3527996
user33,3528818
user33,3529017
user33,3529593
user33,3529995
user33,353065
user33,3530989
user33,3531483
user33,3533492
user33,3534246
user33,3538143
user33,3540443
user33,3541020
user33,3541634
user33,3541809
user33,3542194
user33,3544778
user33,3544854
user33,354529
user33,3545837
user33,3546054
user33,3546582
user33,3546984
user33,354712
user33,355273
user33,3554010
user33,3555322
user33,3555838
user33,3557141
user33,3557713
user33,3559175
user33,3559691
user33,3560484
user33,3560623
user33,3562093
user33,3562632
user33,3565767
user33,3566705
user33,3567987
user33,3571444
user33,357329
user33,358171
user33,3581841
user33,3586408
user33,3586682
user33,3588193
user33,359083
user33,3596796
user33,3597396
user33,3597463
user33,3598187
user33,3599231
user33,3600727
user33,3601204
user33,3602852
user33,3603986
user33,3605204
user33,3605950
user33,3609527
user33,3609967
user33,3610679
user33,36122
user33,3613291
user33,3613347
user33,3615264
user33,3615818
user33,3615863
user33,3617726
user33,3617959
user33,3622497
user33,3628181
user33,3628999
user33,3629218
user33,3629829
user33,3631392
user33,3632118
user33,3639126
user33,3641475
user33,3642467
user33,3643701
user33,364400
user33,3646016
user33,3646971
user33,364768
user33,3647843
user33,3650554
user33,3663633
user33,3663642
user33,3664293
user33,3667516
user33,3672170
user33,3676853
user33,367805
user33,3678295
user33,3679160
user33,3679984
user33,3680878
user33,3681904
user33,369078
user33,369288
user33,3694982
user33,3695663
user33,37008
user33,3704928
user33,370724
user33,371188
user33,371279
user33,3714855
user33,3719665
user33,3721331
user33,3721344
user33,373045
user33,3730706
user33,3730831
user33,3731234
user33,3732360
user33,3735069
user33,374217
user33,3745902
user33,375147
user33,376302
user33,376668
user33,3767507
user33,3771735
user33,3774532
user33,3777957
user33,3778197
user33,378028
user33,3780527
user33,3788889
user33,379311
user33,3793430
user33,379712
user33,3805681
user33,3806651
user33,3806667
user33,3806761
user33,3807254
user33,3810389
user33,381182
user33,3814538
user33,3814744
user33,3816350
user33,3822070
user33,382574
user33,3826005
user33,3828380
user33,3834366
user33,3834368
user33,3835172
user33,3841931
user33,3843839
user33,3850586
user33,3852908
user33,3854580
user33,3855445
user33,3856567
user33,3856912
user33,385875
user33,3859519
user33,3861809
user33,38619
user33,3863618
user33,3864762
user33,386555
user33,3868000
user33,3868322
user33,3869294
user33,3869801
user33,3870587
user33,3871103
user33,38768
user33,3877760
user33,3877763
user33,3878310
user33,3878766
user33,3879912
user33,3880464
user33,3880696
user33,3880846
user33,3880863
user33,3881475
user33,3882310
user33,3882895
user33,3882975
user33,3883333
user33,3883950
user33,3884260
user33,3885312
user33,3885331
user33,3886806
user33,3889309
user33,3890152
user33,3891415
user33,3891608
user33,3891826
user33,3891861
user33,3892306
user33,3894059
user33,3894842
user33,3894858
user33,3897482
user33,3897706
user33,3897780
user33,3901210
user33,3902790
user33,3902792
user33,3904004
user33,3904649
user33,3904966
user33,3905328
user33,3907254
user33,3908026
user33,3908060
user33,390940
user33,3911259
user33,391134
user33,3912244
user33,3913290
user33,3918025
user33,3918153
user33,3918975
user33,3928217
user33,3928670
user33,392896
user33,3929508
user33,3930678
user33,3931544
user33,3931943
user33,3932126
user33,3933378
user33,3935493
user33,3937923
user33,3938120
user33,3938248
user33,3938296
user33,393989
user33,3940720
user33,3941074
user33,3943588
user33,3944639
user33,3945708
user33,3949331
user33,3949497
user33,3950206
user33,395104
user33,3952750
user33,3952798
user33,395292
user33,3953551
user33,3954824
user33,3956888
user33,3956910
user33,3958016
user33,3958383
user33,3960513
user33,3963210
user33,3966509
user33,3966793
user33,3967937
user33,3968921
user33,3969358
user33,3972423
user33,3972554
user33,3973741
user33,3975929
user33,3977191
user33,3978791
user33,3979429
user33,3979883
user33,3983192
user33,3983574
user33,3984107
user33,3984533
user33,3984618
user33,3984969
user33,3986268
user33,3987110
user33,398780
user33,3989706
user33,3990764
user33,3990899
user33,3991250
user33,3992965
user33,3994101
user33,3996000
user33,3998216
user33,3998463
user33,3998502
user33,4000137
user33,4004406
user33,4005035
user33,4005391
user33,4007934
user33,4008151
user33,4008946
user33,400897
user33,4009673
user33,4010501
user33,4011043
user33,4011897
user33,4012141
user33,4013560
user33,4014529
user33,4015349
user33,401560
user33,401653
user33,4017753
user33,4018330
user33,4021514
user33,4022022
user33,4024289
user33,4025161
user33,40344
user33,4039552
user33,404116
user33,404256
user33,4043782
user33,4043900
user33,404568
user33,4046
user33,4049348
user33,4056269
user33,4057179
user33,405959
user33,4064373
user33,4067137
user33,4069108
user33,40712
user33,4071612
user33,4072476
user33,4073989
user33,4074440
user33,4075942
user33,4079471
user33,4080655
user33,4080862
user33,4083799
user33,4087721
user33,4088667
user33,409141
user33,4092407
user33,4093510
user33,4093898
user33,4094927
user33,4103659
user33,410715
user33,4107806
user33,4109217
user33,411065
user33,4112248
user33,4112285
user33,4112882
user33,4113187
user33,4116815
user33,4119207
user33,4120560
user33,4121387
user33,4122380
user33,4122385
user33,4122441
user33,4123375
user33,412441
user33,4125533
user33,4125547
user33,4126127
user33,412732
user33,4127684
user33,4129038
user33,4129187
user33,4130114
user33,4130329
user33,4132463
user33,4143893
user33,4147416
user33,4149476
user33,4149962
user33,4150052
user33,4155863
user33,4158097
user33,4160618
user33,4162212
user33,4163001
user33,4163472
user33,4163885
user33,4166565
user33,4166726
user33,4168618
user33,4169857
user33,4171517
user33,4172156
user33,41727
user33,4188234
user33,4188669
user33,4188677
user33,4188723
user33,4192539
user33,4199103
user33,4201487
user33,4202152
user33,4203612
user33,4206141
user33,4208227
user33,4209307
user33,420942
user33,4209508
user33,4209548
user33,4209568
user33,4210055
user33,4210310
user33,4211051
user33,4211562
user33,4212027
user33,4214943
user33,4216327
user33,4216864
user33,4217205
user33,4218015
user33,422013
user33,4220813
user33,4222236
user33,4225110
user33,4229672
user33,424207
user33,4245645
user33,4248475
user33,4250645
user33,425218
user33,4252215
user33,425256
user33,4253497
user33,425806
user33,4261483
user33,4261490
user33,4266620
user33,427001
user33,4271151
user33,4273857
user33,4278789
user33,4278896
user33,4280278
user33,428040
user33,4289171
user33,429278
user33,4295021
user33,4296802
user33,4300941
user33,4301040
user33,4302502
user33,430978
user33,4313402
user33,4313887
user33,431412
user33,4317006
user33,4321536
user33,4339617
user33,4342129
user33,4348880
user33,4349837
user33,4352509
user33,4353467
user33,4356340
user33,435657
user33,4357652
user33,4361007
user33,4361233
user33,4361264
user33,4363120
user33,4363871
user33,4364812
user33,4364900
user33,4371756
user33,437269
user33,4376126
user33,4377367
user33,4378988
user33,4380147
user33,4380366
user33,4386719
user33,4388504
user33,4389385
user33,4390091
user33,4393898
user33,4394286
user33,4397307
user33,4397349
user33,4398357
user33,4400477
user33,4401120
user33,4408989
user33,4411045
user33,4416211
user33,441925
user33,441950
user33,4423472
user33,4426226
user33,4429194
user33,4429911
user33,4431475
user33,4440377
user33,4441963
user33,4446164
user33,4452805
user33,4453981
user33,4461229
user33,4461495
user33,4468332
user33,4469331
user33,4470730
user33,4471472
user33,4472929
user33,4473377
user33,4473807
user33,4474834
user33,4479779
user33,4480541
user33,4484028
user33,4486720
user33,449089
user33,4491452
user33,4497128
user33,4500895
user33,4501718
user33,4502119
user33,4504069
user33,4504404
user33,4504427
user33,4504948
user33,4512693
user33,4512694
user33,4513844
user33,4517586
user33,4519406
user33,4520905
user33,4522557
user33,4523402
user33,4524697
user33,4528516
user33,4535169
user33,4538409
user33,4538724
user33,4546313
user33,4548089
user33,4549281
user33,4560034
user33,4566746
user33,4567480
user33,4568134
user33,4570126
user33,4570544
user33,4571567
user33,4571717
user33,4572971
user33,458401
user33,458415
user33,459088
user33,46169
user33,469997
user33,470046
user33,470082
user33,470698
user33,47142
user33,472417
user33,472510
user33,472819
user33,472964
user33,474048
user33,474545
user33,475724
user33,476607
user33,477135
user33,477397
user33,477622
user33,477924
user33,479100
user33,479732
user33,479754
user33,480038
user33,481270
user33,481273
user33,483290
user33,486124
user33,486128
user33,487163
user33,487992
user33,488913
user33,488944
user33,492810
user33,493446
user33,49558
user33,495905
user33,498591
user33,498629
user33,499881
user33,504243
user33,50644
user33,507905
user33,513630
user33,51397
user33,517925
user33,518611
user33,524675
user33,535707
user33,536649
user33,540403
user33,543886
user33,55071
user33,551009
user33,553546
user33,555083
user33,560406
user33,564756
user33,568207
user33,570985
user33,571115
user33,574288
user33,57655
user33,5780
user33,586560
user33,589195
user33,593014
user33,594840
user33,595754
user33,595779
user33,597322
user33,597443
user33,598111
user33,598304
user33,601389
user33,604486
user33,609252
user33,610980
user33,611753
user33,614547
user33,62684
user33,62689
user33,62691
user33,62911
user33,632742
user33,637266
user33,6383
user33,650570
user33,654402
user33,660904
user33,661335
user33,661366
user33,66331
user33,673328
user33,678387
user33,683159
user33,685097
user33,68798
user33,688962
user33,693968
user33,694188
user33,696502
user33,696519
user33,697174
user33,704699
user33,706569
user33,711008
user33,713608
user33,714628
user33,714716
user33,721131
user33,721208
user33,723820
user33,729362
user33,738803
user33,739569
user33,742185
user33,746200
user33,748854
user33,751315
user33,751391
user33,755707
user33,755854
user33,769347
user33,774589
user33,776339
user33,779319
user33,781219
user33,785226
user33,785407
user33,789458
user33,789460
user33,791944
user33,791960
user33,79618
user33,79951
user33,800242
user33,80141
user33,80145
user33,802548
user33,802994
user33,804097
user33,804111
user33,810944
user33,814240
user33,81575
user33,815781
user33,816944
user33,821180
user33,824432
user33,828118
user33,829330
user33,830466
user33,83347
user33,833956
user33,839274
user33,839279
user33,839359
user33,839962
user33,843115
user33,84636
user33,8466
user33,85175
user33,852539
user33,85317
user33,855841
user33,857194
user33,862215
user33,865064
user33,865817
user33,866981
user33,871910
user33,87385
user33,876131
user33,877254
user33,883816
user33,886856
user33,888899
user33,889038
user33,893918
user33,894771
user33,897781
user33,897928
user33,898303
user33,8988
user33,898874
user33,901228
user33,901973
user33,902612
user33,902921
user33,905888
user33,906691
user33,907853
user33,909534
user33,910037
user33,91789
user33,917982
user33,9180
user33,918804
user33,921079
user33,921144
user33,921490
user33,92241
user33,923518
user33,923648
user33,923995
user33,925617
user33,925907
user33,928161
user33,929245
user33,932292
user33,935686
user33,936619
user33,936743
user33,938847
user33,94030
user33,940414
user33,947242
user33,947255
user33,947257
user33,948096
user33,949213
user33,95147
user33,955342
user33,955919
user33,957239
user33,958834
user33,962729
user33,962899
user33,964270
user33,964791
user33,965568
user33,966366
user33,966414
user33,966462
user33,966687
user33,968016
user33,969792
user33,973136
user33,976207
user33,979792
user33,980282
user33,980935
user33,981120
user33,982704
user33,989119
user33,991772
user33,999603
user34,1
user34,1001454
user34,1002720
user34,1003038
user34,1004979
user34,1006052
user34,1010397
user34,1012235
user34,1013929
user34,1013971
user34,1014754
user34,101650
user34,102649
user34,1027084
user34,1031636
user34,1033410
user34,103627
user34,1037689
user34,1037854
user34,1038474
user34,104199
user34,104768
user34,104854
user34,105011
user34,105238
user34,1061353
user34,1065560
user34,1066622
user34,1073150
user34,1080518
user34,1083969
user34,1084181
user34,1084455
user34,1088541
user34,10900
user34,1092543
user34,1096495
user34,1102853
user34,1106518
user34,11095
user34,1112159
user34,111280
user34,111518
user34,1118178
user34,1118193
user34,1120401
user34,1121906
user34,1123734
user34,1124508
user34,112521
user34,1127708
user34,1130290
user34,1131302
user34,1137085
user34,1138060
user34,1142006
user34,114390
user34,114687
user34,1151825
user34,115842
user34,1161384
user34,1163165
user34,116484
user34,1166247
user34,1168988
user34,1168997
user34,117254
user34,117651
user34,1177062
user34,1177063
user34,1177720
user34,1177737
user34,1181983
user34,1189008
user34,1190440
user34,1190880
user34,119257
user34,1193084
user34,1194386
user34,1196354
user34,119900
user34,1200882
user34,1208714
user34,1210832
user34,121179
user34,121352
user34,1213551
user34,121361
user34,1215499
user34,1217040
user34,1220228
user34,1223207
user34,1224958
user34,1224973
user34,122565
user34,122566
user34,122570
user34,122646
user34,1231864
user34,123728
user34,123730
user34,123974
user34,1241728
user34,124173
user34,1243163
user34,1243511
user34,124357
user34,1254993
user34,125803
user34,1258239
user34,1260309
user34,1260720
user34,1262302
user34,1263004
user34,1263533
user34,1263670
user34,1264328
user34,1264443
user34,1264527
user34,1264615
user34,1265530
user34,1267024
user34,1268633
user34,1269086
user34,1269566
user34,1270141
user34,1273725
user34,1273975
user34,1281485
user34,1285733
user34,12887
user34,1291250
user34,1292358
user34,1293252
user34,1295626
user34,1299236
user34,1301258
user34,1306180
user34,1308999
user34,1310422
user34,1311609
user34,1311913
user34,1312138
user34,1315004
user34,1318115
user34,1319820
user34,1320071
user34,1320562
user34,1321114
user34,1322012
user34,1322158
user34,1324838
user34,1325182
user34,1325246
user34,1325355
user34,1326716
user34,13275
user34,1327820
user34,1327840
user34,1329357
user34,1330833
user34,1332598
user34,1332944
user34,1333628
user34,1333631
user34,1334152
user34,1336038
user34,1336538
user34,1340159
user34,1342600
user34,1343349
user34,1345500
user34,1346678
user34,1346718
user34,1350817
user34,1356276
user34,1362834
user34,137350
user34,1382826
user34,1396290
user34,1399982
user34,1399997
user34,140037
user34,1411209
user34,1413015
user34,1414144
user34,1414882
user34,1418262
user34,1420721
user34,1421755
user34,1422422
user34,1423777
user34,1424872
user34,142678
user34,1433136
user34,1435593
user34,1437716
user34,1439683
user34,1444359
user34,1447510
user34,1449095
user34,1449939
user34,1450279
user34,1462400
user34,14630
user34,1465991
user34,1470534
user34,1473346
user34,148059
user34,1483636
user34,1484079
user34,1489786
user34,1501966
user34,1504098
user34,1506859
user34,151006
user34,1510714
user34,1513486
user34,1524883
user34,1524933
user34,1525998
user34,1528600
user34,1529066
user34,1529600
user34,1529963
user34,1531331
user34,1535912
user34,1536842
user34,1539557
user34,1539730
user34,1540275
user34,1542192
user34,1542923
user34,1543531
user34,1544001
user34,1545484
user34,1547017
user34,1547205
user34,1548076
user34,1548823
user34,1550405
user34,1552423
user34,1552900
user34,1554832
user34,1555324
user34,1558950
user34,1562177
user34,1563543
user34,1564845
user34,1573198
user34,1573888
user34,1574527
user34,1575815
user34,1579344
user34,1581338
user34,1583015
user34,1585521
user34,1585678
user34,1586228
user34,1587905
user34,1593409
user34,1595538
user34,1598619
user34,1599165
user34,159949
user34,16025
user34,1602665
user34,1605314
user34,1605349
user34,1606734
user34,1613964
user34,1617740
user34,1620503
user34,1623446
user34,1624118
user34,1639196
user34,1639440
user34,1651766
user34,1653530
user34,1666030
user34,1672500
user34,1677195
user34,1677614
user34,1677808
user34,1680315
user34,1680385
user34,1680909
user34,1682317
user34,1683393
user34,1683448
user34,1693544
user34,169372
user34,1702991
user34,1703571
user34,1708321
user34,1709867
user34,1710854
user34,1713411
user34,1714189
user34,1715052
user34,1716542
user34,1716898
user34,1717601
user34,1725642
user34,1728253
user34,1732722
user34,1734116
user34,1734268
user34,1735388
user34,1736565
user34,1737758
user34,1738450
user34,1742209
user34,1746143
user34,1746554
user34,1749031
user34,1749262
user34,1749791
user34,1751947
user34,1752327
user34,1752795
user34,1755650
user34,1757315
user34,1757929
user34,1759957
user34,177229
user34,1775950
user34,1786101
user34,1786117
user34,1788437
user34,1793974
user34,179591
user34,1796356
user34,1798312
user34,1798695
user34,1800602
user34,1800621
user34,1800655
user34,1801269
user34,1804538
user34,180532
user34,180618
user34,1807449
user34,181149
user34,1814771
user34,182006
user34,1825506
user34,1826345
user34,1826990
user34,1828591
user34,1840410
user34,1841249
user34,1850509
user34,1853823
user34,1854847
user34,1857551
user34,185786
user34,1858093
user34,1859884
user34,1860452
user34,1861181
user34,1862489
user34,1863178
user34,1864038
user34,1865138
user34,1866426
user34,1866860
user34,1867672
user34,1868032
user34,1871826
user34,1877443
user34,1878319
user34,1878758
user34,1879497
user34,1880424
user34,1880629
user34,1882329
user34,1883331
user34,1885029
user34,1886010
user34,1888143
user34,1888491
user34,1888774
user34,1889413
user34,1894210
user34,1895687
user34,1896165
user34,1896606
user34,189714
user34,1899106
user34,1899233
user34,190209
user34,1903048
user34,1903055
user34,1905201
user34,190670
user34,1909628
user34,1910070
user34,1910623
user34,1912406
user34,1912923
user34,1917916
user34,1924023
user34,1927249
user34,1928244
user34,1936452
user34,1939712
user34,1943146
user34,1947653
user34,194809
user34,1948732
user34,1948780
user34,1949588
user34,195169
user34,1954152
user34,1957302
user34,1957719
user34,1958055
user34,1961452
user34,1961700
user34,1963464
user34,1967509
user34,1968682
user34,1968747
user34,1971451
user34,1971942
user34,1974659
user34,1976357
user34,1976420
user34,1976825
user34,1979283
user34,198056
user34,1982712
user34,1989068
user34,1991629
user34,1991838
user34,1991839
user34,1997300
user34,199740
user34,1997952
user34,1997971
user34,200129
user34,2005307
user34,20137
user34,2019267
user34,2022055
user34,2022877
user34,2024283
user34,2026182
user34,2027706
user34,2030290
user34,2031690
user34,2037016
user34,2040000
user34,2042396
user34,2043600
user34,2043781
user34,2044168
user34,204468
user34,2048415
user34,2049518
user34,2049598
user34,2050079
user34,2050101
user34,2050313
user34,2053453
user34,2054135
user34,2056355
user34,2057640
user34,2059011
user34,2063186
user34,2063843
user34,2063847
user34,2064202
user34,2064481
user34,2065904
user34,2068716
user34,2069168
user34,2070460
user34,2072357
user34,2072364
user34,2072438
user34,2073966
user34,2076751
user34,2079046
user34,2082932
user34,2083540
user34,2088782
user34,2090122
user34,2091817
user34,2097263
user34,2097751
user34,2097931
user34,2099715
user34,2101673
user34,2102208
user34,2102488
user34,2104412
user34,2105668
user34,2107011
user34,2107502
user34,211166
user34,211296
user34,2114893
user34,2117477
user34,2122730
user34,212409
user34,2128008
user34,2128353
user34,2128358
user34,212898
user34,2130395
user34,2130502
user34,2131703
user34,2134429
user34,2135674
user34,2140580
user34,2140994
user34,2142116
user34,214262
user34,2144198
user34,2148933
user34,2148940
user34,2164524
user34,2164947
user34,2167282
user34,2167733
user34,2167766
user34,2168030
user34,2168785
user34,2172455
user34,2173341
user34,2174090
user34,217693
user34,2179291
user34,2181165
user34,2181811
user34,2182017
user34,2185700
user34,2186826
user34,2187619
user34,2188005
user34,2188255
user34,219105
user34,2191446
user34,2191827
user34,2192847
user34,2198344
user34,2199973
user34,2200160
user34,2200262
user34,2200814
user34,2202023
user34,220288
user34,2203510
user34,2206405
user34,2209941
user34,2211369
user34,2212172
user34,2214500
user34,2214942
user34,2217039
user34,2223749
user34,222396
user34,222552
user34,2228896
user34,2229129
user34,223161
user34,2233117
user34,2233204
user34,2234241
user34,2237155
user34,223915
user34,2240313
user34,224803
user34,2250455
user34,2255994
user34,2256865
user34,2257017
user34,225925
user34,2261049
user34,2261066
user34,2264444
user34,2267542
user34,2267637
user34,2268386
user34,2268831
user34,2271379
user34,2274576
user34,2274760
user34,2274940
user34,2275084
user34,2276094
user34,2278260
user34,2278265
user34,2282135
user34,2288180
user34,228879
user34,2291946
user34,2293955
user34,2294583
user34,2294820
user34,2294976
user34,2295101
user34,2296768
user34,229831
user34,2300616
user34,230565
user34,2310538
user34,2315085
user34,2316766
user34,2316999
user34,2317438
user34,231766
user34,2319705
user34,2320135
user34,2321998
user34,232291
user34,2323523
user34,2325706
user34,2327629
user34,2331521
user34,2331535
user34,2332117
user34,2334021
user34,2335933
user34,2336245
user34,2338845
user34,2340600
user34,2340752
user34,2342300
user34,2343172
user34,2343419
user34,2350837
user34,2352027
user34,235243
user34,2353748
user34,2358077
user34,2359475
user34,2363158
user34,2363159
user34,2363589
user34,2364115
user34,2365900
user34,2373156
user34,2376672
user34,2378111
user34,2382903
user34,2383328
user34,2383645
user34,2399732
user34,2400977
user34,241136
user34,2411611
user34,2412818
user34,2414067
user34,2419333
user34,2420938
user34,2430087
user34,2431879
user34,2437665
user34,2437814
user34,2440297
user34,2440707
user34,2445576
user34,2445831
user34,2446632
user34,2448835
user34,2457517
user34,2458102
user34,2461858
user34,2462523
user34,2463063
user34,2463990
user34,2467284
user34,2470231
user34,2470515
user34,2474801
user34,2475757
user34,2475839
user34,2476885
user34,2479794
user34,2482174
user34,2482360
user34,2483226
user34,2486315
user34,2487247
user34,249574
user34,2496853
user34,2502892
user34,2506879
user34,2507601
user34,2507685
user34,2511693
user34,2517596
user34,2520754
user34,2525143
user34,2525588
user34,2525748
user34,2527747
user34,253213
user34,253215
user34,253325
user34,253337
user34,2534073
user34,2538190
user34,2540155
user34,2542909
user34,2544494
user34,2544743
user34,2547016
user34,2549299
user34,2555618
user34,2555771
user34,2559219
user34,2562508
user34,2566966
user34,2568070
user34,2569505
user34,2569850
user34,2570033
user34,2576244
user34,2576840
user34,2577173
user34,2577264
user34,2582612
user34,2583816
user34,2583894
user34,2586285
user34,2586305
user34,2586907
user34,2587193
user34,2591117
user34,259344
user34,2600295
user34,2600834
user34,2603311
user34,2605084
user34,2605559
user34,2605588
user34,260614
user34,2613139
user34,2614052
user34,2616788
user34,2617903
user34,2623501
user34,2624146
user34,2624150
user34,262429
user34,262438
user34,2624602
user34,2627134
user34,2627471
user34,2630907
user34,2631538
user34,2632333
user34,2634605
user34,2635053
user34,2636906
user34,2639510
user34,2642140
user34,2644956
user34,2645362
user34,2645363
user34,2646272
user34,2646562
user34,2646748
user34,2647505
user34,2654691
user34,2655404
user34,2656637
user34,2656740
user34,266444
user34,2664862
user34,2673373
user34,267349
user34,2674981
user34,2679444
user34,2684164
user34,2685302
user34,2690432
user34,2691132
user34,269200
user34,2693094
user34,2693172
user34,2694776
user34,2694861
user34,2696476
user34,269890
user34,269954
user34,2700253
user34,2707858
user34,2709385
user34,2709718
user34,2714584
user34,2719451
user34,2721991
user34,2728697
user34,2729524
user34,2729911
user34,2729924
user34,2736189
user34,2738847
user34,2744708
user34,274875
user34,2752321
user34,2752327
user34,2753399
user34,2754681
user34,2764037
user34,2770436
user34,2777514
user34,2778713
user34,2779212
user34,278059
user34,2781200
user34,278454
user34,2785269
user34,2786674
user34,2788830
user34,2789206
user34,2789443
user34,2790207
user34,2790867
user34,2790915
user34,2791906
user34,2793014
user34,2793022
user34,2794124
user34,2794997
user34,2798111
user34,2800604
user34,280277
user34,2812883
user34,2812891
user34,2813088
user34,2813107
user34,2813630
user34,2814146
user34,2814331
user34,2815334
user34,2817679
user34,2817954
user34,2824540
user34,2829708
user34,2829931
user34,2830121
user34,2835449
user34,2837695
user34,2837938
user34,2837951
user34,2841829
user34,284953
user34,2849730
user34,2850001
user34,2854487
user34,2858185
user34,2865882
user34,2866627
user34,2868287
user34,2872199
user34,2872703
user34,2886219
user34,2886872
user34,2895042
user34,2903391
user34,2907013
user34,2907268
user34,2908821
user34,2913031
user34,2920309
user34,292263
user34,2924037
user34,2924054
user34,2928196
user34,2929767
user34,2936503
user34,2939496
user34,2947584
user34,2951217
user34,2963696
user34,2966508
user34,2967659
user34,297471
user34,2974841
user34,2976902
user34,2979901
user34,2981563
user34,2983484
user34,2986165
user34,2989055
user34,2992758
user34,2993585
user34,3003126
user34,3003886
user34,3006371
user34,3009800
user34,301055
user34,3011488
user34,3011648
user34,3011665
user34,3011970
user34,3012301
user34,3012324
user34,3013363
user34,3013384
user34,3017109
user34,3020393
user34,3021089
user34,3024865
user34,3032174
user34,3032564
user34,3032863
user34,3034322
user34,3034326
user34,3034746
user34,3044859
user34,3044863
user34,304804
user34,3049994
user34,3053354
user34,3055207
user34,3057070
user34,3058177
user34,3058392
user34,3059333
user34,3062727
user34,3063096
user34,3066163
user34,3073188
user34,3075122
user34,3079245
user34,3087744
user34,3090531
user34,3095387
user34,3096495
user34,3098524
user34,31017
user34,3105442
user34,3108076
user34,3108080
user34,3108898
user34,3112261
user34,3112292
user34,3113762
user34,3115672
user34,3116027
user34,3121520
user34,3121539
user34,312220
user34,3127571
user34,3130455
user34,313458
user34,313468
user34,3135043
user34,3135389
user34,3135393
user34,3135437
user34,3135658
user34,3139986
user34,3140318
user34,3143456
user34,3145372
user34,3145834
user34,3145914
user34,3148795
user34,3151551
user34,3151776
user34,3157800
user34,3159017
user34,3159837
user34,3159852
user34,3160527
user34,3162953
user34,3167110
user34,3167536
user34,3170773
user34,3175343
user34,3177816
user34,3178263
user34,3178871
user34,3180047
user34,3181088
user34,3181908
user34,3190932
user34,3191735
user34,3192418
user34,3194433
user34,3194730
user34,3207005
user34,3207316
user34,3208060
user34,3209882
user34,3212078
user34,3214862
user34,3216407
user34,3219690
user34,3221598
user34,3222062
user34,3224900
user34,3225011
user34,3226197
user34,3229163
user34,3233305
user34,3235110
user34,3236277
user34,324461
user34,3245407
user34,3252654
user34,3253506
user34,3268855
user34,3277553
user34,3278109
user34,3279262
user34,3281085
user34,3282168
user34,3300164
user34,330040
user34,3302071
user34,3302688
user34,3302822
user34,3305810
user34,33074
user34,3307795
user34,331402
user34,332553
user34,3330641
user34,3331006
user34,3332620
user34,3333542
user34,333498
user34,333884
user34,3340083
user34,334263
user34,3342828
user34,3344976
user34,3350888
user34,3351529
user34,3351574
user34,3354231
user34,3355515
user34,3355582
user34,3357417
user34,3360243
user34,3360317
user34,3360495
user34,3365216
user34,3365961
user34,3366624
user34,336853
user34,3369296
user34,3369433
user34,3371055
user34,3371939
user34,3372014
user34,3372029
user34,3372300
user34,3372822
user34,3376675
user34,3378694
user34,3379096
user34,3381192
user34,3385057
user34,3386276
user34,3391410
user34,3393453
user34,3398215
user34,3401334
user34,3415855
user34,3417331
user34,3441351
user34,3442540
user34,3447174
user34,3448117
user34,3448126
user34,3452499
user34,3454274
user34,3456153
user34,3458483
user34,3458545
user34,3460602
user34,3461580
user34,3465183
user34,3465391
user34,3466072
user34,3467654
user34,3468523
user34,3470639
user34,3472640
user34,3473010
user34,3474740
user34,3476417
user34,3477252
user34,3477669
user34,3478777
user34,3478951
user34,3479140
user34,3480816
user34,3481380
user34,3484068
user34,3484076
user34,3484320
user34,34852
user34,3486135
user34,348727
user34,3487347
user34,3487377
user34,3490596
user34,3491515
user34,3491680
user34,3492193
user34,3492200
user34,3492257
user34,3494795
user34,3496362
user34,3496427
user34,3499960
user34,3501829
user34,3502055
user34,3503327
user34,3506168
user34,3507498
user34,3508361
user34,3511354
user34,3512313
user34,3512478
user34,3513715
user34,352025
user34,3522937
user34,3524196
user34,3525119
user34,3525965
user34,3528808
user34,3528818
user34,3531483
user34,3532599
user34,3537051
user34,3538143
user34,3540251
user34,3540681
user34,3542194
user34,3544175
user34,3545045
user34,3545935
user34,3547593
user34,3550962
user34,3553813
user34,3554469
user34,3554559
user34,3555921
user34,3557463
user34,3558420
user34,3560319
user34,3561339
user34,3562603
user34,3562709
user34,3562862
user34,3563609
user34,3564984
user34,3565767
user34,3566705
user34,3570754
user34,357797
user34,3581208
user34,3581664
user34,3582365
user34,358371
user34,3586113
user34,3586682
user34,35893
user34,3592594
user34,3595332
user34,3596809
user34,3597468
user34,3598135
user34,3599788
user34,3599858
user34,3600727
user34,3600957
user34,3602152
user34,3602590
user34,3603262
user34,3603986
user34,3605951
user34,3606516
user34,3606710
user34,3607641
user34,3610019
user34,3611756
user34,3611789
user34,3613299
user34,3613331
user34,3615818
user34,3615937
user34,3617305
user34,3618697
user34,3618720
user34,3622952
user34,3623177
user34,3623503
user34,3625933
user34,3628721
user34,3632118
user34,3633213
user34,3634819
user34,3639214
user34,3642518
user34,3642987
user34,3644910
user34,3645166
user34,3646016
user34,3646357
user34,3647580
user34,3651106
user34,3652163
user34,3653655
user34,36699
user34,3671916
user34,3672484
user34,3672554
user34,3676612
user34,367805
user34,3679590
user34,3680731
user34,368136
user34,3686385
user34,3686423
user34,3690330
user34,3690677
user34,3712984
user34,3718056
user34,3719665
user34,3727501
user34,3730530
user34,373063
user34,3731234
user34,3731412
user34,373199
user34,3732008
user34,3733137
user34,3733334
user34,3734841
user34,3735069
user34,3737510
user34,37418
user34,374328
user34,3744556
user34,3745372
user34,3745994
user34,3749598
user34,3753986
user34,3755163
user34,3756723
user34,3757554
user34,3757592
user34,3762285
user34,3763601
user34,3764871
user34,376597
user34,3768950
user34,3771089
user34,3771933
user34,3774498
user34,3774532
user34,3774551
user34,3780595
user34,3780869
user34,379217
user34,379712
user34,3798020
user34,38087
user34,380993
user34,3810787
user34,3810795
user34,3814538
user34,381502
user34,381571
user34,3826625
user34,3828379
user34,3834366
user34,3835271
user34,3841412
user34,3841931
user34,3842046
user34,3847910
user34,3847918
user34,3849057
user34,3849467
user34,3852321
user34,3852908
user34,3854580
user34,3857168
user34,3858276
user34,3858337
user34,3860367
user34,3860907
user34,3861336
user34,3863606
user34,386468
user34,3866997
user34,38688
user34,3871103
user34,3871229
user34,3871570
user34,3873003
user34,3873102
user34,3873209
user34,3873373
user34,3873837
user34,3874576
user34,3876562
user34,3877226
user34,3878310
user34,3878501
user34,3878753
user34,3879747
user34,3883004
user34,3883049
user34,3883092
user34,3884527
user34,3884658
user34,3885312
user34,3887871
user34,3888826
user34,3889309
user34,3889421
user34,3889570
user34,3892164
user34,3892933
user34,3894347
user34,3894602
user34,3894927
user34,3894959
user34,390060
user34,3901354
user34,3902106
user34,3902788
user34,390290
user34,3903284
user34,3908256
user34,391134
user34,3912421
user34,3912963
user34,391605
user34,3916089
user34,3919055
user34,3919593
user34,3920864
user34,39214
user34,3921820
user34,3922498
user34,3924913
user34,3927794
user34,3930410
user34,393062
user34,393068
user34,3930955
user34,3931935
user34,3932516
user34,3934994
user34,393534
user34,393569
user34,393940
user34,3939580
user34,393989
user34,3941096
user34,3943478
user34,3943588
user34,3944639
user34,3945375
user34,3945476
user34,3946694
user34,3949092
user34,3949353
user34,3950720
user34,3950721
user34,3952834
user34,3953358
user34,3956871
user34,3956895
user34,395750
user34,3959363
user34,3967044
user34,3968254
user34,3973091
user34,3975930
user34,3976055
user34,3977589
user34,3979229
user34,3979232
user34,3979257
user34,3979506
user34,3981904
user34,3981986
user34,3983384
user34,398780
user34,3988003
user34,3993332
user34,3998015
user34,3998211
user34,3998268
user34,3998306
user34,3998962
user34,3999901
user34,4001434
user34,4003572
user34,4004531
user34,4005294
user34,4008314
user34,4008642
user34,400887
user34,4010755
user34,4010845
user34,4010927
user34,4011523
user34,4012509
user34,4013471
user34,4013482
user34,4024652
user34,4025075
user34,4025229
user34,402642
user34,4027750
user34,404109
user34,404256
user34,404361
user34,4046806
user34,4046981
user34,404790
user34,405307
user34,4053241
user34,4056707
user34,4056708
user34,4057179
user34,4062932
user34,4067568
user34,4068808
user34,407004
user34,40704
user34,407046
user34,4075165
user34,4075906
user34,4077437
user34,4077580
user34,4080074
user34,4080655
user34,4087435
user34,4088100
user34,4088123
user34,4089006
user34,4089078
user34,4089396
user34,409141
user34,4093443
user34,4095766
user34,4100054
user34,4100086
user34,410157
user34,4103659
user34,410715
user34,4107429
user34,4107824
user34,4108598
user34,4108846
user34,4111630
user34,4112285
user34,4113141
user34,4113187
user34,4116450
user34,4116530
user34,4116725
user34,4116799
user34,4117046
user34,4117432
user34,4118914
user34,4119163
user34,411969
user34,4121839
user34,4121855
user34,412233
user34,4122909
user34,4123647
user34,4123672
user34,412441
user34,4129125
user34,4129187
user34,412920
user34,4133565
user34,4136240
user34,4138194
user34,413872
user34,4142293
user34,4144422
user34,4147197
user34,4149565
user34,4152706
user34,4155301
user34,4157461
user34,4160331
user34,4160422
user34,4162189
user34,4162696
user34,4163398
user34,4166411
user34,4168026
user34,4169111
user34,4172136
user34,4172450
user34,4176282
user34,4177112
user34,4177468
user34,4178512
user34,4178975
user34,4180671
user34,418492
user34,4186327
user34,4188603
user34,4188723
user34,4193003
user34,4195812
user34,419599
user34,4199658
user34,4202934
user34,4203612
user34,4204466
user34,4205140
user34,4205557
user34,4205581
user34,4205716
user34,4206217
user34,4207127
user34,4207147
user34,4207527
user34,4207662
user34,4208610
user34,4209230
user34,4209307
user34,4209569
user34,4210038
user34,4210111
user34,4210767
user34,4210987
user34,4211036
user34,4211405
user34,4211684
user34,421362
user34,4214957
user34,4217362
user34,4217604
user34,4217619
user34,4217878
user34,422226
user34,4224000
user34,4232295
user34,4233789
user34,423395
user34,4238551
user34,42449
user34,4247766
user34,424889
user34,4250018
user34,4250971
user34,4252215
user34,4257139
user34,4266613
user34,427370
user34,4273844
user34,4278896
user34,427971
user34,4281158
user34,4286969
user34,4290932
user34,4292960
user34,4296802
user34,4296837
user34,4296867
user34,4298342
user34,4300560
user34,4301404
user34,4301421
user34,4302313
user34,430876
user34,4309927
user34,4312460
user34,431618
user34,431864
user34,4320868
user34,432309
user34,4329358
user34,4330281
user34,4330590
user34,4335983
user34,433752
user34,433959
user34,4340536
user34,4344
user34,4347057
user34,4347072
user34,4352002
user34,4360264
user34,4362435
user34,4363383
user34,4364812
user34,4366310
user34,4367804
user34,4370230
user34,4372132
user34,4376126
user34,4376806
user34,437858
user34,4379637
user34,4389378
user34,4392312
user34,4394158
user34,4394743
user34,4395680
user34,4397738
user34,4400477
user34,4408224
user34,4409612
user34,4409660
user34,4410736
user34,4414664
user34,4416211
user34,4417924
user34,4422669
user34,4426445
user34,442727
user34,4428785
user34,4429194
user34,4431079
user34,4431627
user34,4432141
user34,4433381
user34,4433491
user34,4433535
user34,4435774
user34,4436129
user34,4436692
user34,4436861
user34,4439528
user34,4439666
user34,4439868
user34,4441541
user34,4441963
user34,4447633
user34,4448329
user34,4448633
user34,4448704
user34,4450002
user34,4452153
user34,4453331
user34,4453351
user34,4454894
user34,4454968
user34,4456941
user34,445918
user34,4461393
user34,4463454
user34,4463472
user34,4471320
user34,4473797
user34,4476732
user34,448190
user34,4483093
user34,4483606
user34,4485473
user34,4488276
user34,4490100
user34,449364
user34,4494130
user34,4499350
user34,4499927
user34,4502457
user34,4512091
user34,4513225
user34,451361
user34,451857
user34,452120
user34,4522917
user34,4526582
user34,4532038
user34,4534234
user34,4538720
user34,4539105
user34,4541186
user34,4545085
user34,4547928
user34,4548082
user34,4556560
user34,4559287
user34,4563025
user34,4563325
user34,4563373
user34,4564894
user34,4567465
user34,4568542
user34,4568919
user34,4569722
user34,4570183
user34,4571171
user34,4571257
user34,4571310
user34,4571574
user34,4571687
user34,4573057
user34,458415
user34,458484
user34,459088
user34,459538
user34,460148
user34,461393
user34,46169
user34,463630
user34,46498
user34,468168
user34,468369
user34,469105
user34,470137
user34,471481
user34,472118
user34,472721
user34,473410
user34,474593
user34,475088
user34,475279
user34,475958
user34,476020
user34,476107
user34,47698
user34,477135
user34,477485
user34,479181
user34,4796
user34,481273
user34,481712
user34,482218
user34,485752
user34,486252
user34,486884
user34,487281
user34,49291
user34,496287
user34,497288
user34,497293
user34,504244
user34,50703
user34,507877
user34,511772
user34,512939
user34,518218
user34,520404
user34,520880
user34,52148
user34,524881
user34,535772
user34,536649
user34,53749
user34,53929
user34,543886
user34,549854
user34,553620
user34,555657
user34,557091
user34,557966
user34,561291
user34,563456
user34,563467
user34,565822
user34,565824
user34,566293
user34,571603
user34,576653
user34,581407
user34,581415
user34,581453
user34,589195
user34,591291
user34,591842
user34,594474
user34,595533
user34,598347
user34,6
user34,600602
user34,600620
user34,601050
user34,601785
user34,60553
user34,611006
user34,611245
user34,617580
user34,621553
user34,624743
user34,626356
user34,62665
user34,627402
user34,627415
user34,62994
user34,630939
user34,638608
user34,642056
user34,64291
user34,643988
user34,644167
user34,644362
user34,645867
user34,647277
user34,650570
user34,65061
user34,651235
user34,654523
user34,663276
user34,664695
user34,664844
user34,664961
user34,666570
user34,667233
user34,667950
user34,673844
user34,678363
user34,678387
user34,679131
user34,680775
user34,683098
user34,683204
user34,685140
user34,685470
user34,69125
user34,691349
user34,694497
user34,695726
user34,696997
user34,698548
user34,698552
user34,699983
user34,700146
user34,703187
user34,703835
user34,708999
user34,711470
user34,719057
user34,72086
user34,727580
user34,729025
user34,739062
user34,740880
user34,742176
user34,742517
user34,745261
user34,74542
user34,749503
user34,750280
user34,751315
user34,751362
user34,751395
user34,752792
user34,757797
user34,757937
user34,769347
user34,770273
user34,771878
user34,777679
user34,77946
user34,779579
user34,781223
user34,784383
user34,784864
user34,785080
user34,786615
user34,786709
user34,788211
user34,791955
user34,792172
user34,792576
user34,79408
user34,795249
user34,796406
user34,80162
user34,80203
user34,802548
user34,802967
user34,80355
user34,80606
user34,809142
user34,81099
user34,811450
user34,811728
user34,811759
user34,811935
user34,821360
user34,823407
user34,824432
user34,829577
user34,834453
user34,834919
user34,835474
user34,839281
user34,84011
user34,840859
user34,841296
user34,844576
user34,847433
user34,849475
user34,852539
user34,853666
user34,86349
user34,867761
user34,870256
user34,871303
user34,872916
user34,874747
user34,875261
user34,87555
user34,8772
user34,877807
user34,879251
user34,88046
user34,881787
user34,886831
user34,889226
user34,889299
user34,894771
user34,896586
user34,898853
user34,90013
user34,901271
user34,902078
user34,902702
user34,903463
user34,90548
user34,905615
user34,913794
user34,914968
user34,914970
user34,915809
user34,91776
user34,921079
user34,921395
user34,921746
user34,924215
user34,925411
user34,925694
user34,925893
user34,926048
user34,926279
user34,926768
user34,928161
user34,93064
user34,932292
user34,932464
user34,933140
user34,933481
user34,933658
user34,934128
user34,93563
user34,935692
user34,936463
user34,937874
user34,939965
user34,941416
user34,94194
user34,94237
user34,946630
user34,95322
user34,954868
user34,9564
user34,957966
user34,959969
user34,961052
user34,962523
user34,963501
user34,964270
user34,965522
user34,965568
user34,966709
user34,966902
user34,96832
user34,969198
user34,969457
user34,971430
user34,976207
user34,976355
user34,977495
user34,978692
user34,982711
user34,984327
user34,985134
user34,987061
user34,992351
user34,996674
user34,997901
user34,998457
user35,1001532
user35,1001728
user35,1002923
user35,1005819
user35,1005820
user35,1014351
user35,1014754
user35,1017407
user35,1021221
user35,1021915
user35,1021954
user35,102277
user35,1028864
user35,1029249
user35,1031181
user35,1033169
user35,1034471
user35,1035344
user35,1039022
user35,1039616
user35,104080
user35,105365
user35,1073917
user35,109301
user35,109326
user35,1105185
user35,1107405
user35,1110306
user35,1113808
user35,1114083
user35,111610
user35,1117908
user35,1118950
user35,1120477
user35,1120972
user35,1124261
user35,112920
user35,113144
user35,1131660
user35,1139152
user35,1139572
user35,1139582
user35,1149350
user35,1152112
user35,1156047
user35,1161260
user35,1167630
user35,1173594
user35,1177735
user35,1181983
user35,1195932
user35,1208148
user35,121013
user35,1210711
user35,1214636
user35,1217206
user35,1219027
user35,1233067
user35,1235579
user35,1240449
user35,1255140
user35,1255227
user35,1257627
user35,1260720
user35,1264438
user35,1265089
user35,1265154
user35,1267863
user35,1268038
user35,1273633
user35,1274993
user35,1295300
user35,129905
user35,1304699
user35,1305249
user35,1306375
user35,1307124
user35,1309683
user35,1311121
user35,131205
user35,1312157
user35,1314164
user35,1315715
user35,1316499
user35,1319836
user35,1320547
user35,1321201
user35,13271
user35,1329357
user35,1329863
user35,1331265
user35,1333629
user35,1334177
user35,1334181
user35,1334495
user35,1337230
user35,1340159
user35,1343334
user35,1347559
user35,1351694
user35,1359382
user35,1364437
user35,1372149
user35,1376905
user35,1378661
user35,137872
user35,1379096
user35,1388657
user35,1388665
user35,1391321
user35,1391373
user35,1397661
user35,1402168
user35,1406750
user35,1411208
user35,1416178
user35,1418218
user35,1418262
user35,1418319
user35,1424611
user35,1436266
user35,1447520
user35,1451418
user35,1452272
user35,1452290
user35,1456069
user35,1470118
user35,1471229
user35,1478260
user35,1482939
user35,1493199
user35,1499990
user35,1509154
user35,1512566
user35,1512864
user35,1522414
user35,1523804
user35,1528600
user35,1537070
user35,1539275
user35,1539729
user35,1544048
user35,154575
user35,1545815
user35,1546981
user35,1548088
user35,1548108
user35,1548832
user35,1553214
user35,1555608
user35,1556853
user35,1560523
user35,156243
user35,1563480
user35,156406
user35,1564389
user35,1566657
user35,1573924
user35,1581615
user35,1592988
user35,1596525
user35,1598688
user35,1599158
user35,1605314
user35,1607447
user35,1615893
user35,1618690
user35,1645728
user35,1653634
user35,1661232
user35,1671571
user35,1676580
user35,1677224
user35,1683448
user35,169602
user35,1700517
user35,170492
user35,1708637
user35,1712491
user35,1716367
user35,1717601
user35,1723167
user35,1725754
user35,1726005
user35,1731467
user35,1731549
user35,1733190
user35,1735229
user35,1742223
user35,1742253
user35,1745324
user35,1747305
user35,1748579
user35,1749262
user35,1753415
user35,1760954
user35,1762091
user35,1762102
user35,1763953
user35,1764190
user35,1770412
user35,1773666
user35,1786117
user35,178623
user35,1797625
user35,1819566
user35,1829501
user35,183323
user35,1847971
user35,1854550
user35,1856168
user35,1857204
user35,1857659
user35,1858846
user35,1860431
user35,1863269
user35,1863334
user35,1864415
user35,1866879
user35,1871957
user35,1874522
user35,1877426
user35,1877754
user35,1878163
user35,1880443
user35,1880649
user35,1880695
user35,1885768
user35,1886010
user35,1886967
user35,1887836
user35,1888090
user35,1888586
user35,1889108
user35,1889376
user35,1890838
user35,1890935
user35,1892408
user35,1894121
user35,1900014
user35,190209
user35,190344
user35,1906066
user35,1911081
user35,1913357
user35,1915880
user35,1916668
user35,1923006
user35,1929640
user35,1931827
user35,1931846
user35,1936158
user35,1936452
user35,195169
user35,1956093
user35,1959494
user35,1959770
user35,1968921
user35,1970085
user35,1971942
user35,1975110
user35,1979297
user35,1983133
user35,1983901
user35,1987314
user35,1987409
user35,1987621
user35,1989903
user35,1992431
user35,1997957
user35,1998343
user35,2014838
user35,2022390
user35,2025068
user35,2030779
user35,2031846
user35,2037016
user35,2038801
user35,2039998
user35,2041108
user35,2042350
user35,2046992
user35,2049855
user35,2053468
user35,2055384
user35,2056760
user35,2063242
user35,2064172
user35,2064223
user35,2065078
user35,2068064
user35,2068212
user35,2068867
user35,2070081
user35,2070460
user35,2072366
user35,2073606
user35,2073607
user35,2076622
user35,2078365
user35,2080953
user35,2087139
user35,2089003
user35,2090069
user35,2090662
user35,2095533
user35,2102038
user35,2105913
user35,2107922
user35,2111812
user35,2112888
user35,2118621
user35,2142295
user35,2155827
user35,2167233
user35,2167553
user35,2167737
user35,2170761
user35,2174967
user35,2184994
user35,2187510
user35,2190579
user35,2192608
user35,2192702
user35,2200814
user35,2202023
user35,2202354
user35,2203962
user35,2204402
user35,2208636
user35,2211297
user35,2214942
user35,2227938
user35,2230949
user35,2237971
user35,2249414
user35,2253698
user35,2255657
user35,2259970
user35,2267304
user35,2275084
user35,2277535
user35,2277537
user35,2279587
user35,2281287
user35,2283152
user35,2285211
user35,2292676
user35,2292698
user35,2298828
user35,2300616
user35,230140
user35,2304718
user35,2309864
user35,2314840
user35,2316249
user35,2319374
user35,2320788
user35,2320823
user35,2320886
user35,2324000
user35,232820
user35,2329724
user35,233137
user35,233147
user35,2334009
user35,2334100
user35,2340600
user35,2349112
user35,2353777
user35,2357881
user35,2364255
user35,2364946
user35,2373144
user35,2382744
user35,2383917
user35,2383921
user35,2384065
user35,2384848
user35,2385202
user35,2386903
user35,2393089
user35,2393110
user35,2395556
user35,2407379
user35,2408364
user35,2414264
user35,2415384
user35,2415550
user35,2415553
user35,2422420
user35,243124
user35,2431879
user35,2437665
user35,2438689
user35,2439096
user35,2440089
user35,2440707
user35,244441
user35,2447833
user35,2450867
user35,2453183
user35,2455421
user35,2458134
user35,2461338
user35,2462486
user35,2469832
user35,2470230
user35,247696
user35,247796
user35,2480951
user35,2481876
user35,2485504
user35,2486317
user35,249078
user35,249552
user35,2505662
user35,2506854
user35,2509882
user35,2515561
user35,2523395
user35,2523712
user35,2523893
user35,2525143
user35,2530759
user35,2546724
user35,2549304
user35,2555771
user35,2557718
user35,2560675
user35,2563238
user35,2566659
user35,2569564
user35,2569606
user35,2570974
user35,2571550
user35,2573724
user35,2577264
user35,2581810
user35,2585394
user35,2589190
user35,2592350
user35,2601752
user35,2603311
user35,2606944
user35,2610231
user35,2610799
user35,2617903
user35,2619757
user35,2624602
user35,2625704
user35,2626113
user35,2630617
user35,2632333
user35,2633641
user35,2635588
user35,263839
user35,2639510
user35,2642265
user35,2646760
user35,2656630
user35,2676274
user35,2684427
user35,2691122
user35,2709318
user35,2709389
user35,2710590
user35,2728697
user35,2731392
user35,2731519
user35,2731536
user35,2737487
user35,2755446
user35,2755495
user35,2767957
user35,2770436
user35,2770603
user35,2776812
user35,2776865
user35,2778460
user35,2778709
user35,2779225
user35,2780731
user35,2781220
user35,2784859
user35,278526
user35,2786215
user35,2788828
user35,2806735
user35,2812533
user35,2813097
user35,2813140
user35,2817169
user35,2819006
user35,2834359
user35,2837999
user35,2842406
user35,2843029
user35,2844983
user35,284953
user35,2852709
user35,2854860
user35,2858185
user35,2859263
user35,2864027
user35,2864039
user35,288506
user35,2890549
user35,2901994
user35,2903391
user35,2907027
user35,290735
user35,2914343
user35,2916015
user35,2916453
user35,2924037
user35,2930187
user35,2951217
user35,2955115
user35,2956439
user35,2960010
user35,2960471
user35,2963696
user35,2965401
user35,2966493
user35,2981550
user35,2986044
user35,2988921
user35,2992758
user35,2994446
user35,2997323
user35,2997374
user35,3006644
user35,3007116
user35,300713
user35,3008614
user35,3011514
user35,3013899
user35,301947
user35,3020672
user35,3021095
user35,3022587
user35,3026826
user35,3029162
user35,3030301
user35,3032174
user35,3032216
user35,3033284
user35,3035277
user35,3038749
user35,3038815
user35,3049982
user35,3058177
user35,3058454
user35,3061028
user35,3062495
user35,3062498
user35,3063139
user35,3063180
user35,3065855
user35,30660
user35,3066718
user35,3075106
user35,3075630
user35,3076025
user35,3076829
user35,3077210
user35,3083737
user35,3090531
user35,3092680
user35,3095237
user35,3100213
user35,31033
user35,3106781
user35,3116305
user35,3125634
user35,312681
user35,3126964
user35,3135043
user35,3135389
user35,3135850
user35,3136801
user35,3145863
user35,3145885
user35,3148626
user35,3150941
user35,3151265
user35,3153844
user35,3155339
user35,3157800
user35,316017
user35,3162070
user35,3170360
user35,3177114
user35,3177883
user35,3180948
user35,3181088
user35,3183536
user35,3207316
user35,3214102
user35,3218523
user35,3218622
user35,3219911
user35,3220553
user35,3221565
user35,3225264
user35,3227998
user35,3236277
user35,3236503
user35,3241903
user35,3247358
user35,3252654
user35,3255518
user35,3257586
user35,3264614
user35,3279013
user35,3280356
user35,3281763
user35,3282198
user35,3283612
user35,32862
user35,3299909
user35,3300038
user35,3301835
user35,3302044
user35,3302071
user35,3302695
user35,330347
user35,330640
user35,331304
user35,331378
user35,3318214
user35,33207
user35,3327298
user35,3339675
user35,3343767
user35,3343962
user35,3344006
user35,3358561
user35,3360530
user35,3365961
user35,3373954
user35,3384216
user35,3384247
user35,3389887
user35,3389900
user35,3396467
user35,339848
user35,3427637
user35,3441685
user35,3447174
user35,3447513
user35,3451589
user35,3459596
user35,3466488
user35,34684
user35,3468523
user35,3470916
user35,3471101
user35,3472985
user35,3474383
user35,347462
user35,3475502
user35,3477386
user35,3481380
user35,3482535
user35,3484068
user35,3484993
user35,3487936
user35,3490677
user35,34912
user35,3497868
user35,3499872
user35,3502532
user35,3504081
user35,3510055
user35,3512913
user35,3513533
user35,3513923
user35,3514106
user35,3519745
user35,3521851
user35,3524626
user35,3529593
user35,3531483
user35,3533051
user35,3533275
user35,3534237
user35,3541762
user35,3542194
user35,3547212
user35,3555725
user35,3555885
user35,3555886
user35,3557459
user35,3558302
user35,3559726
user35,3563642
user35,3564406
user35,3564414
user35,3565767
user35,3571310
user35,3573560
user35,3586682
user35,3591848
user35,3596575
user35,3598160
user35,3598187
user35,3599294
user35,3599855
user35,3602643
user35,3603037
user35,3603986
user35,3608006
user35,3610077
user35,3611758
user35,3613320
user35,3613527
user35,3613531
user35,3613831
user35,3622799
user35,3624569
user35,3625768
user35,3628697
user35,3629829
user35,3631639
user35,3632118
user35,363434
user35,3635352
user35,3641437
user35,364751
user35,3647604
user35,3653643
user35,366551
user35,3666964
user35,3671916
user35,3672506
user35,3675769
user35,3675844
user35,3677404
user35,367805
user35,3679988
user35,3680385
user35,3680698
user35,3680929
user35,3681392
user35,368178
user35,3682905
user35,3684903
user35,368732
user35,3695498
user35,3707149
user35,3719665
user35,3730808
user35,3746368
user35,3754289
user35,376277
user35,3762982
user35,376597
user35,3769188
user35,37834
user35,3783723
user35,379673
user35,379937
user35,3811283
user35,3814538
user35,381472
user35,3816444
user35,382358
user35,3828379
user35,3830134
user35,3834366
user35,3834372
user35,3836058
user35,3838198
user35,38390
user35,3841414
user35,3847433
user35,3854580
user35,3859800
user35,3862334
user35,386452
user35,3871570
user35,3877914
user35,3879444
user35,3884170
user35,3885862
user35,3887808
user35,3889388
user35,3891415
user35,3894313
user35,3894315
user35,3898349
user35,3899797
user35,3903056
user35,390566
user35,3907848
user35,391134
user35,392011
user35,3921036
user35,3927677
user35,3928710
user35,3930989
user35,3931970
user35,393535
user35,3938065
user35,3941062
user35,3941094
user35,3943588
user35,3949331
user35,3950400
user35,3951496
user35,3955240
user35,3957803
user35,3961491
user35,396272
user35,3966204
user35,396714
user35,3972270
user35,3974826
user35,3979257
user35,3979469
user35,3981740
user35,3984861
user35,398780
user35,3990150
user35,3990705
user35,3997939
user35,3998010
user35,4000209
user35,4002696
user35,400292
user35,400312
user35,4008002
user35,4010655
user35,4011213
user35,4013406
user35,4017753
user35,4019799
user35,4022777
user35,4026810
user35,4037979
user35,4038910
user35,4041572
user35,4046839
user35,404796
user35,4050758
user35,405246
user35,4057179
user35,4057442
user35,40575
user35,4062099
user35,4062794
user35,4068692
user35,4073031
user35,407500
user35,4077535
user35,408416
user35,408788
user35,4093434
user35,4094591
user35,4095791
user35,4103659
user35,410699
user35,410715
user35,4107429
user35,4111519
user35,4113389
user35,4114758
user35,4117240
user35,4117807
user35,4118081
user35,4118146
user35,4118621
user35,4118998
user35,4121212
user35,4121387
user35,4121872
user35,4121904
user35,4125548
user35,4127344
user35,4128637
user35,4128837
user35,4129569
user35,4143793
user35,4144382
user35,4145310
user35,4147197
user35,4147416
user35,4151986
user35,4159978
user35,416006
user35,4160688
user35,4161806
user35,4164569
user35,4164744
user35,4164977
user35,4165163
user35,417448
user35,4176282
user35,4180655
user35,4185820
user35,4188723
user35,4195152
user35,4197909
user35,4203647
user35,4205236
user35,4206243
user35,4206737
user35,4209307
user35,4210043
user35,421010
user35,4211043
user35,4211562
user35,4211722
user35,4212833
user35,4212919
user35,4213160
user35,4214291
user35,4216325
user35,4217206
user35,4222236
user35,422359
user35,4238926
user35,4250970
user35,425468
user35,4256388
user35,4261547
user35,427005
user35,427146
user35,4278896
user35,4279368
user35,4283131
user35,429184
user35,4296867
user35,4311947
user35,4316706
user35,4322632
user35,4335694
user35,4347774
user35,4349839
user35,4357355
user35,4362292
user35,4373945
user35,4376364
user35,4388883
user35,4397615
user35,43988
user35,4400477
user35,4411659
user35,4423472
user35,4424661
user35,4435760
user35,4439395
user35,4441785
user35,4443621
user35,4453363
user35,4453599
user35,4469245
user35,4470257
user35,4471834
user35,4474834
user35,4479030
user35,4480080
user35,4480528
user35,448155
user35,4483584
user35,448364
user35,4485785
user35,4486698
user35,4489492
user35,4499784
user35,4502308
user35,4526582
user35,4533357
user35,4535165
user35,4540344
user35,4549281
user35,4551529
user35,4553018
user35,4566858
user35,4566860
user35,456763
user35,4569377
user35,4570494
user35,4571310
user35,466005
user35,470004
user35,470356
user35,471833
user35,472127
user35,473646
user35,474577
user35,474579
user35,475088
user35,475561
user35,477399
user35,478554
user35,479754
user35,481258
user35,483717
user35,485454
user35,492584
user35,494723
user35,495848
user35,496579
user35,497293
user35,504250
user35,512255
user35,512938
user35,513442
user35,527194
user35,528943
user35,533774
user35,53929
user35,543886
user35,545917
user35,558309
user35,565571
user35,569216
user35,574241
user35,577314
user35,582523
user35,584592
user35,585918
user35,586560
user35,589195
user35,589239
user35,594466
user35,595931
user35,609041
user35,610378
user35,612127
user35,617642
user35,625551
user35,625560
user35,62689
user35,630594
user35,636947
user35,639810
user35,640294
user35,650570
user35,655048
user35,661486
user35,661493
user35,666566
user35,667254
user35,668613
user35,668890
user35,678279
user35,678387
user35,679131
user35,6794
user35,680469
user35,680955
user35,685468
user35,68798
user35,694492
user35,696997
user35,698552
user35,702701
user35,702798
user35,706196
user35,706507
user35,707321
user35,723549
user35,726064
user35,728919
user35,733079
user35,737558
user35,757822
user35,769347
user35,770273
user35,771737
user35,774697
user35,779389
user35,781202
user35,784571
user35,786310
user35,786698
user35,789123
user35,791955
user35,79566
user35,798768
user35,801859
user35,802548
user35,816108
user35,821176
user35,83771
user35,840859
user35,843829
user35,844019
user35,849197
user35,852539
user35,855812
user35,859290
user35,861879
user35,86337
user35,86594
user35,870253
user35,87555
user35,880721
user35,884159
user35,884356
user35,885612
user35,902785
user35,903821
user35,911451
user35,912280
user35,916343
user35,918114
user35,925392
user35,925887
user35,928776
user35,932083
user35,932312
user35,932414
user35,93301
user35,936718
user35,938758
user35,939237
user35,93951
user35,942662
user35,945225
user35,947975
user35,95407
user35,959819
user35,960186
user35,962491
user35,963552
user35,964062
user35,965568
user35,965743
user35,966109
user35,966711
user35,969065
user35,974418
user35,975077
user35,980885
user35,988594
user35,989119
user35,989280
user35,990140
user35,994935
