frase_id,annotator_id
594474,user01
594474,user02
32675,user02
32675,user03
3362704,user03
3362704,user04
3365216,user04
3365216,user05
1592081,user05
1592081,user06
4395680,user06
4395680,user07
1112142,user07
1112142,user08
3873264,user08
3873264,user09
1311085,user09
1311085,user10
3878491,user10
3878491,user11
4127234,user11
4127234,user12
4194453,user12
4194453,user13
1892408,user13
1892408,user14
1738127,user14
1738127,user15
4182330,user15
4182330,user16
3711400,user16
3711400,user17
2623501,user17
2623501,user18
412920,user18
412920,user19
728439,user19
728439,user20
2267627,user20
2267627,user21
3645072,user21
3645072,user01
2461846,user01
2461846,user03
2435118,user02
2435118,user04
1861292,user03
1861292,user05
1239887,user04
1239887,user06
32862,user05
32862,user07
3602148,user06
3602148,user08
3106781,user07
3106781,user09
2634454,user08
2634454,user10
2485504,user09
2485504,user11
4568350,user10
4568350,user12
4513274,user11
4513274,user13
2074716,user12
2074716,user14
2493160,user13
2493160,user15
1715636,user14
1715636,user16
3381192,user15
3381192,user17
61269,user16
61269,user18
3095387,user17
3095387,user19
2327,user18
2327,user20
1062917,user19
1062917,user21
1846293,user20
1846293,user01
3361699,user21
3361699,user02
2384065,user01
2384065,user05
1761626,user02
1761626,user06
4364900,user03
4364900,user07
105282,user04
105282,user08
3507498,user05
3507498,user09
475088,user06
475088,user10
1535705,user07
1535705,user11
1865138,user08
1865138,user12
3170345,user09
3170345,user13
3897704,user10
3897704,user14
815592,user11
815592,user15
80162,user12
80162,user16
4209500,user13
4209500,user17
347351,user14
347351,user18
2371173,user15
2371173,user19
2654670,user16
2654670,user20
4122441,user17
4122441,user21
959817,user18
959817,user01
2886872,user19
2886872,user02
1183230,user20
1183230,user03
4380366,user21
4380366,user04
379712,user01
379712,user06
799048,user02
799048,user07
1707216,user03
1707216,user08
573555,user04
573555,user09
1864892,user05
1864892,user10
3465271,user06
3465271,user11
1058233,user07
1058233,user12
1633305,user08
1633305,user13
4435553,user09
4435553,user14
3967033,user10
3967033,user15
1781713,user11
1781713,user16
2626113,user12
2626113,user17
1080616,user13
1080616,user18
3841945,user14
3841945,user19
2870367,user15
2870367,user20
1666528,user16
1666528,user21
2991860,user17
2991860,user01
385528,user18
385528,user02
2690577,user19
2690577,user03
1319996,user20
1319996,user04
2813088,user21
2813088,user05
1651246,user01
1651246,user09
3202575,user02
3202575,user10
4230687,user03
4230687,user11
823400,user04
823400,user12
2483603,user05
2483603,user13
745303,user06
745303,user14
1007213,user07
1007213,user15
3591609,user08
3591609,user16
1903878,user09
1903878,user17
3785264,user10
3785264,user18
1895650,user11
1895650,user19
1259965,user12
1259965,user20
2944029,user13
2944029,user21
481270,user14
481270,user01
4297045,user15
4297045,user02
4483160,user16
4483160,user03
3756564,user17
3756564,user04
580433,user18
580433,user05
222396,user19
222396,user06
3910275,user20
3910275,user07
3663761,user21
3663761,user08
1035775,user01
1035775,user11
603717,user02
603717,user12
1041499,user03
1041499,user13
37132,user04
37132,user14
332552,user05
332552,user15
2955122,user06
2955122,user16
3663780,user07
3663780,user17
38688,user08
38688,user18
2804238,user09
2804238,user19
3553337,user10
3553337,user20
84011,user11
84011,user21
3225011,user12
3225011,user01
3901210,user13
3901210,user02
4370230,user14
4370230,user03
4162768,user15
4162768,user04
109887,user16
109887,user05
2090228,user17
2090228,user06
2202332,user18
2202332,user07
2054719,user19
2054719,user08
4190413,user20
4190413,user09
1548823,user21
1548823,user10
4474926,user01
4474926,user02
3717749,user02
3717749,user03
791914,user03
791914,user04
4116450,user04
4116450,user05
3350760,user05
3350760,user06
2461498,user06
2461498,user07
2460311,user07
2460311,user08
4056269,user08
4056269,user09
802470,user09
802470,user10
2260475,user10
2260475,user11
2335562,user11
2335562,user12
2179090,user12
2179090,user13
703187,user13
703187,user14
2130502,user14
2130502,user15
2639238,user15
2639238,user16
4480643,user16
4480643,user17
563456,user17
563456,user18
91548,user18
91548,user19
3385008,user19
3385008,user20
4322632,user20
4322632,user21
2271379,user21
2271379,user01
1262302,user01
1262302,user03
182727,user02
182727,user04
936619,user03
936619,user05
2489247,user04
2489247,user06
2721612,user05
2721612,user07
3009759,user06
3009759,user08
3108911,user07
3108911,user09
3458459,user08
3458459,user10
870164,user09
870164,user11
357319,user10
357319,user12
96171,user11
96171,user13
4454968,user12
4454968,user14
4042739,user13
4042739,user15
2525588,user14
2525588,user16
1135725,user15
1135725,user17
4572851,user16
4572851,user18
829263,user17
829263,user19
257510,user18
257510,user20
4005888,user19
4005888,user21
4546658,user20
4546658,user01
713928,user21
713928,user02
2065902,user01
2065902,user05
4123430,user02
4123430,user06
2174475,user03
2174475,user07
427370,user04
427370,user08
3194433,user05
3194433,user09
3269127,user06
3269127,user10
4357341,user07
4357341,user11
146161,user08
146161,user12
4086606,user09
4086606,user13
2921372,user10
2921372,user14
4209413,user11
4209413,user15
3093041,user12
3093041,user16
3883617,user13
3883617,user17
76512,user14
76512,user18
1109706,user15
1109706,user19
1890824,user16
1890824,user20
1742238,user17
1742238,user21
767716,user18
767716,user01
3933362,user19
3933362,user02
4570171,user20
4570171,user03
2626719,user21
2626719,user04
3995903,user01
3995903,user06
3360030,user02
3360030,user07
2812529,user03
2812529,user08
2145611,user04
2145611,user09
3061721,user05
3061721,user10
3860709,user06
3860709,user11
3171515,user07
3171515,user12
702701,user08
702701,user13
1400674,user09
1400674,user14
85096,user10
85096,user15
1310422,user11
1310422,user16
3533334,user12
3533334,user17
3806651,user13
3806651,user18
2264788,user14
2264788,user19
428957,user15
428957,user20
2061047,user16
2061047,user21
2005908,user17
2005908,user01
349460,user18
349460,user02
3902788,user19
3902788,user03
4447187,user20
4447187,user04
3953259,user21
3953259,user05
2559219,user01
2559219,user09
1491932,user02
1491932,user10
1116220,user03
1116220,user11
2709901,user04
2709901,user12
429147,user05
429147,user13
4556560,user06
4556560,user14
3479337,user07
3479337,user15
1267292,user08
1267292,user16
174182,user09
174182,user17
2788749,user10
2788749,user18
3952750,user11
3952750,user19
3219166,user12
3219166,user20
2416715,user13
2416715,user21
2784797,user14
2784797,user01
664911,user15
664911,user02
1224758,user16
1224758,user03
2476215,user17
2476215,user04
219111,user18
219111,user05
1592603,user19
1592603,user06
1820101,user20
1820101,user07
394311,user21
394311,user08
1070571,user01
1070571,user11
2634654,user02
2634654,user12
81099,user03
81099,user13
431863,user04
431863,user14
2812553,user05
2812553,user15
3898349,user06
3898349,user16
4149505,user07
4149505,user17
4013482,user08
4013482,user18
4461229,user09
4461229,user19
2850279,user10
2850279,user20
1849901,user11
1849901,user21
3008269,user12
3008269,user01
3113605,user13
3113605,user02
1881730,user14
1881730,user03
4025229,user15
4025229,user04
99063,user16
99063,user05
1073917,user17
1073917,user06
4280408,user18
4280408,user07
1208145,user19
1208145,user08
2967665,user20
2967665,user09
408416,user21
408416,user10
3812950,user01
3812950,user02
1320562,user02
1320562,user03
854733,user03
854733,user04
404362,user04
404362,user05
354231,user05
354231,user06
1302248,user06
1302248,user07
1027839,user07
1027839,user08
3919684,user08
3919684,user09
2794108,user09
2794108,user10
374224,user10
374224,user11
70831,user11
70831,user12
1677810,user12
1677810,user13
78844,user13
78844,user14
4426778,user14
4426778,user15
3474103,user15
3474103,user16
55064,user16
55064,user17
2149235,user17
2149235,user18
403129,user18
403129,user19
2624148,user19
2624148,user20
4367770,user20
4367770,user21
4169264,user21
4169264,user01
2078365,user01
2078365,user03
2566664,user02
2566664,user04
2979839,user03
2979839,user05
3359617,user04
3359617,user06
2113905,user05
2113905,user07
2666774,user06
2666774,user08
962899,user07
962899,user09
121924,user08
121924,user10
1151314,user09
1151314,user11
1278913,user10
1278913,user12
3495366,user11
3495366,user13
3135140,user12
3135140,user14
4474836,user13
4474836,user15
1904583,user14
1904583,user16
1217041,user15
1217041,user17
3628999,user16
3628999,user18
2567441,user17
2567441,user19
1711387,user18
1711387,user20
3006501,user19
3006501,user21
2000230,user20
2000230,user01
3151260,user21
3151260,user02
1949588,user01
1949588,user05
3216040,user02
3216040,user06
113084,user03
113084,user07
4217599,user04
4217599,user08
1311729,user05
1311729,user09
2837999,user06
2837999,user10
3529552,user07
3529552,user11
77829,user08
77829,user12
3153844,user09
3153844,user13
3557795,user10
3557795,user14
613056,user11
613056,user15
4494131,user12
4494131,user16
1717565,user13
1717565,user17
2229129,user14
2229129,user18
2194398,user15
2194398,user19
2792517,user16
2792517,user20
4390091,user17
4390091,user21
746200,user18
746200,user01
2659482,user19
2659482,user02
4484219,user20
4484219,user03
2056766,user21
2056766,user04
2274576,user01
2274576,user06
1504233,user02
1504233,user07
4136239,user03
4136239,user08
3239942,user04
3239942,user09
1368349,user05
1368349,user10
1801886,user06
1801886,user11
2576673,user07
2576673,user12
2509882,user08
2509882,user13
403503,user09
403503,user14
4290466,user10
4290466,user15
2981550,user11
2981550,user16
392896,user12
392896,user17
75983,user13
75983,user18
2249414,user14
2249414,user19
3117462,user15
3117462,user20
3950034,user16
3950034,user21
3883912,user17
3883912,user01
611343,user18
611343,user02
3474740,user19
3474740,user03
1744764,user20
1744764,user04
3670372,user21
3670372,user05
17868,user01
17868,user09
1355078,user02
1355078,user10
4486604,user03
4486604,user11
3797320,user04
3797320,user12
2279555,user05
2279555,user13
1158843,user06
1158843,user14
26611,user07
26611,user15
3884170,user08
3884170,user16
4268438,user09
4268438,user17
983920,user10
983920,user18
2198655,user11
2198655,user19
4463454,user12
4463454,user20
103882,user13
103882,user21
1585680,user14
1585680,user01
2830121,user15
2830121,user02
1002525,user16
1002525,user03
979931,user17
979931,user04
706497,user18
706497,user05
1416271,user19
1416271,user06
1382860,user20
1382860,user07
3511562,user21
3511562,user08
4570183,user01
4570183,user11
2087916,user02
2087916,user12
2840438,user03
2840438,user13
4117788,user04
4117788,user14
122580,user05
122580,user15
2149865,user06
2149865,user16
4359764,user07
4359764,user17
3531984,user08
3531984,user18
1553930,user09
1553930,user19
3968061,user10
3968061,user20
3087622,user11
3087622,user21
3159017,user12
3159017,user01
1233221,user13
1233221,user02
3880794,user14
3880794,user03
3360530,user15
3360530,user04
330347,user16
330347,user05
3127387,user17
3127387,user06
1126571,user18
1126571,user07
815781,user19
815781,user08
1267129,user20
1267129,user09
3932516,user21
3932516,user10
2050080,user01
2050080,user02
3362804,user02
3362804,user03
3633213,user03
3633213,user04
1320559,user04
1320559,user05
2364255,user05
2364255,user06
3515868,user06
3515868,user07
925611,user07
925611,user08
2709385,user08
2709385,user09
3877320,user09
3877320,user10
2924037,user10
2924037,user11
232807,user11
232807,user12
3265585,user12
3265585,user13
3892607,user13
3892607,user14
4439528,user14
4439528,user15
122565,user15
122565,user16
1100880,user16
1100880,user17
3837334,user17
3837334,user18
4361548,user18
4361548,user19
448286,user19
448286,user20
1105984,user20
1105984,user21
3370772,user21
3370772,user01
1732716,user01
1732716,user03
233109,user02
233109,user04
3013394,user03
3013394,user05
638606,user04
638606,user06
3660480,user05
3660480,user07
2006479,user06
2006479,user08
1780805,user07
1780805,user09
1945202,user08
1945202,user10
4209556,user09
4209556,user11
4377267,user10
4377267,user12
3496848,user11
3496848,user13
4049348,user12
4049348,user14
2612359,user13
2612359,user15
3121539,user14
3121539,user16
3841941,user15
3841941,user17
4261546,user16
4261546,user18
824432,user17
824432,user19
4398017,user18
4398017,user20
1892257,user19
1892257,user21
3951496,user20
3951496,user01
2859705,user21
2859705,user02
706507,user01
706507,user05
4532038,user02
4532038,user06
68001,user03
68001,user07
3034326,user04
3034326,user08
2294136,user05
2294136,user09
1201937,user06
1201937,user10
4203612,user07
4203612,user11
2767957,user08
2767957,user12
1773680,user09
1773680,user13
262300,user10
262300,user14
422126,user11
422126,user15
1563543,user12
1563543,user16
2066904,user13
2066904,user17
3343767,user14
3343767,user18
2407777,user15
2407777,user19
1770652,user16
1770652,user20
2215587,user17
2215587,user21
1861340,user18
1861340,user01
4300883,user19
4300883,user02
792170,user20
792170,user03
3241803,user21
3241803,user04
2707600,user01
2707600,user06
213839,user02
213839,user07
3143165,user03
3143165,user08
3465318,user04
3465318,user09
2277523,user05
2277523,user10
2722762,user06
2722762,user11
3999296,user07
3999296,user12
2992644,user08
2992644,user13
1256591,user09
1256591,user14
898303,user10
898303,user15
2365986,user11
2365986,user16
329404,user12
329404,user17
3968921,user13
3968921,user18
3162001,user14
3162001,user19
421714,user15
421714,user20
2589181,user16
2589181,user21
1422505,user17
1422505,user01
2154775,user18
2154775,user02
3850588,user19
3850588,user03
647277,user20
647277,user04
1093130,user21
1093130,user05
1344536,user01
1344536,user09
2732390,user02
2732390,user10
3117466,user03
3117466,user11
2048738,user04
2048738,user12
1111961,user05
1111961,user13
1489765,user06
1489765,user14
3883389,user07
3883389,user15
1391712,user08
1391712,user16
4289021,user09
4289021,user17
4481901,user10
4481901,user18
3880464,user11
3880464,user19
4300258,user12
4300258,user20
2417284,user13
2417284,user21
24166,user14
24166,user01
3853732,user15
3853732,user02
251956,user16
251956,user03
3543312,user17
3543312,user04
1897970,user18
1897970,user05
4230582,user19
4230582,user06
3882176,user20
3882176,user07
1790591,user21
1790591,user08
4434993,user01
4434993,user11
3671508,user02
3671508,user12
2708183,user03
2708183,user13
2440688,user04
2440688,user14
2068358,user05
2068358,user15
2272743,user06
2272743,user16
3534468,user07
3534468,user17
2819006,user08
2819006,user18
2729849,user09
2729849,user19
2626660,user10
2626660,user20
1666928,user11
1666928,user21
2986024,user12
2986024,user01
3599855,user13
3599855,user02
1119681,user14
1119681,user03
483717,user15
483717,user04
1118184,user16
1118184,user05
2482321,user17
2482321,user06
4012659,user18
4012659,user07
518926,user19
518926,user08
1496388,user20
1496388,user09
2371303,user21
2371303,user10
3179556,user01
3179556,user02
4276174,user02
4276174,user03
1987272,user03
1987272,user04
1406677,user04
1406677,user05
965515,user05
965515,user06
1346357,user06
1346357,user07
95366,user07
95366,user08
3066636,user08
3066636,user09
1217043,user09
1217043,user10
2269448,user10
2269448,user11
1383492,user11
1383492,user12
1798984,user12
1798984,user13
3888071,user13
3888071,user14
496072,user14
496072,user15
975077,user15
975077,user16
987061,user16
987061,user17
1731378,user17
1731378,user18
2577836,user18
2577836,user19
2788681,user19
2788681,user20
1208158,user20
1208158,user21
607848,user21
607848,user01
3507790,user01
3507790,user03
3225590,user02
3225590,user04
1113901,user03
1113901,user05
1773201,user04
1773201,user06
1547205,user05
1547205,user07
3226408,user06
3226408,user08
2672951,user07
2672951,user09
979031,user08
979031,user10
571115,user09
571115,user11
37565,user10
37565,user12
1861169,user11
1861169,user13
651316,user12
651316,user14
3602590,user13
3602590,user15
1757420,user14
1757420,user16
1757642,user15
1757642,user17
3327275,user16
3327275,user18
3618037,user17
3618037,user19
3506300,user18
3506300,user20
126158,user19
126158,user21
466005,user20
466005,user01
1295011,user21
1295011,user02
1595538,user01
1595538,user05
3890886,user02
3890886,user06
2570088,user03
2570088,user07
792905,user04
792905,user08
3783705,user05
3783705,user09
1739333,user06
1739333,user10
1935408,user07
1935408,user11
25115,user08
25115,user12
4177468,user09
4177468,user13
4498874,user10
4498874,user14
357797,user11
357797,user15
1728815,user12
1728815,user16
2792988,user13
2792988,user17
3304852,user14
3304852,user18
3553265,user15
3553265,user19
2371026,user16
2371026,user20
101863,user17
101863,user21
494435,user18
494435,user01
3363504,user19
3363504,user02
1877443,user20
1877443,user03
14358,user21
14358,user04
1656879,user01
1656879,user06
4456497,user02
4456497,user07
3298150,user03
3298150,user08
2748134,user04
2748134,user09
354674,user05
354674,user10
4121892,user06
4121892,user11
1337451,user07
1337451,user12
1867026,user08
1867026,user13
405590,user09
405590,user14
4302870,user10
4302870,user15
2707859,user11
2707859,user16
2636906,user12
2636906,user17
1316847,user13
1316847,user18
379217,user14
379217,user19
459436,user15
459436,user20
2477764,user16
2477764,user21
1566421,user17
1566421,user01
4054540,user18
4054540,user02
3360314,user19
3360314,user03
3753861,user20
3753861,user04
2673373,user21
2673373,user05
4167552,user01
4167552,user09
315311,user02
315311,user10
2693357,user03
2693357,user11
4114356,user04
4114356,user12
4166713,user05
4166713,user13
1529600,user06
1529600,user14
4386206,user07
4386206,user15
635273,user08
635273,user16
260703,user09
260703,user17
2171984,user10
2171984,user18
2628576,user11
2628576,user19
4190217,user12
4190217,user20
956425,user13
956425,user21
877245,user14
877245,user01
4399089,user15
4399089,user02
1181552,user16
1181552,user03
2868317,user17
2868317,user04
3596828,user18
3596828,user05
3484076,user19
3484076,user06
386385,user20
386385,user07
4389882,user21
4389882,user08
3009386,user01
3009386,user11
3801280,user02
3801280,user12
4190585,user03
4190585,user13
1009537,user04
1009537,user14
146062,user05
146062,user15
3897703,user06
3897703,user16
881870,user07
881870,user17
1882270,user08
1882270,user18
2667561,user09
2667561,user19
2501177,user10
2501177,user20
934818,user11
934818,user21
2785269,user12
2785269,user01
1317556,user13
1317556,user02
3582365,user14
3582365,user03
3792573,user15
3792573,user04
1638994,user16
1638994,user05
683953,user17
683953,user06
3370327,user18
3370327,user07
4206217,user19
4206217,user08
4113612,user20
4113612,user09
2111864,user21
2111864,user10
412233,user01
412233,user02
2377414,user02
2377414,user03
3397878,user03
3397878,user04
2841825,user04
2841825,user05
3145259,user05
3145259,user06
1239439,user06
1239439,user07
1169820,user07
1169820,user08
2576873,user08
2576873,user09
1266508,user09
1266508,user10
2260645,user10
2260645,user11
956486,user11
956486,user12
2544494,user12
2544494,user13
1331276,user13
1331276,user14
24978,user14
24978,user15
3372395,user15
3372395,user16
2259252,user16
2259252,user17
1571049,user17
1571049,user18
4393091,user18
4393091,user19
1683448,user19
1683448,user20
1909654,user20
1909654,user21
1288183,user21
1288183,user01
985845,user01
985845,user03
1137764,user02
1137764,user04
4121377,user03
4121377,user05
3466072,user04
3466072,user06
3028198,user05
3028198,user07
2014980,user06
2014980,user08
2566659,user07
2566659,user09
3098524,user08
3098524,user10
2817177,user09
2817177,user11
3864507,user10
3864507,user12
1481446,user11
1481446,user13
3177816,user12
3177816,user14
1317825,user13
1317825,user15
2766913,user14
2766913,user16
1661748,user15
1661748,user17
1904537,user16
1904537,user18
278454,user17
278454,user19
90010,user18
90010,user20
2374936,user19
2374936,user21
95364,user20
95364,user01
683752,user21
683752,user02
4041676,user01
4041676,user05
2072366,user02
2072366,user06
4070408,user03
4070408,user07
429148,user04
429148,user08
1107532,user05
1107532,user09
3136801,user06
3136801,user10
907942,user07
907942,user11
1699739,user08
1699739,user12
3235082,user09
3235082,user13
931907,user10
931907,user14
1078084,user11
1078084,user15
4123857,user12
4123857,user16
38619,user13
38619,user17
1334505,user14
1334505,user18
1196505,user15
1196505,user19
226394,user16
226394,user20
2477882,user17
2477882,user21
3628538,user18
3628538,user01
472658,user19
472658,user02
901223,user20
901223,user03
39554,user21
39554,user04
4209548,user01
4209548,user06
1888090,user02
1888090,user07
206764,user03
206764,user08
2851659,user04
2851659,user09
1187079,user05
1187079,user10
2142919,user06
2142919,user11
3145351,user07
3145351,user12
3938283,user08
3938283,user13
4563308,user09
4563308,user14
3843828,user10
3843828,user15
2812488,user11
2812488,user16
253325,user12
253325,user17
1702991,user13
1702991,user18
1871294,user14
1871294,user19
555083,user15
555083,user20
1888948,user16
1888948,user21
950766,user17
950766,user01
3218532,user18
3218532,user02
1849541,user19
1849541,user03
2786007,user20
2786007,user04
1413960,user21
1413960,user05
375974,user01
375974,user09
4298926,user02
4298926,user10
2200865,user03
2200865,user11
4271151,user04
4271151,user12
2526955,user05
2526955,user13
4075024,user06
4075024,user14
395277,user07
395277,user15
706196,user08
706196,user16
230195,user09
230195,user17
263841,user10
263841,user18
635963,user11
635963,user19
3525965,user12
3525965,user20
2097455,user13
2097455,user21
4296810,user14
4296810,user01
4164977,user15
4164977,user02
3630663,user16
3630663,user03
3546984,user17
3546984,user04
2203964,user18
2203964,user05
1422014,user19
1422014,user06
3617998,user20
3617998,user07
4214943,user21
4214943,user08
700433,user01
700433,user11
470049,user02
470049,user12
3658829,user03
3658829,user13
1138247,user04
1138247,user14
4274687,user05
4274687,user15
2647439,user06
2647439,user16
4210055,user07
4210055,user17
2496744,user08
2496744,user18
3309392,user09
3309392,user19
2814201,user10
2814201,user20
1139582,user11
1139582,user21
3360495,user12
3360495,user01
4483115,user13
4483115,user02
1799479,user14
1799479,user03
1311760,user15
1311760,user04
3635085,user16
3635085,user05
1865261,user17
1865261,user06
1309218,user18
1309218,user07
1717618,user19
1717618,user08
3620784,user20
3620784,user09
3366159,user21
3366159,user10
977075,user01
977075,user02
3143035,user02
3143035,user03
1178698,user03
1178698,user04
1381025,user04
1381025,user05
552771,user05
552771,user06
940298,user06
940298,user07
4372118,user07
4372118,user08
1013476,user08
1013476,user09
528884,user09
528884,user10
961431,user10
961431,user11
1489124,user11
1489124,user12
1516166,user12
1516166,user13
488113,user13
488113,user14
1890978,user14
1890978,user15
3075630,user15
3075630,user16
732445,user16
732445,user17
3994831,user17
3994831,user18
594145,user18
594145,user19
2203216,user19
2203216,user20
3135934,user20
3135934,user21
2483429,user21
2483429,user01
2232652,user01
2232652,user03
3485339,user02
3485339,user04
3184984,user03
3184984,user05
4000209,user04
4000209,user06
1389168,user05
1389168,user07
1643038,user06
1643038,user08
384882,user07
384882,user09
872916,user08
872916,user10
4468329,user09
4468329,user11
3459596,user10
3459596,user12
4209374,user11
4209374,user13
1137784,user12
1137784,user14
2810209,user13
2810209,user15
381182,user14
381182,user16
2101673,user15
2101673,user17
928430,user16
928430,user18
1856576,user17
1856576,user19
4210110,user18
4210110,user20
1872847,user19
1872847,user21
1285687,user20
1285687,user01
3645517,user21
3645517,user02
3265226,user01
3265226,user05
3362864,user02
3362864,user06
3859739,user03
3859739,user07
3889164,user04
3889164,user08
1264328,user05
1264328,user09
781406,user06
781406,user10
2973495,user07
2973495,user11
1333629,user08
1333629,user12
4152731,user09
4152731,user13
2581548,user10
2581548,user14
4158921,user11
4158921,user15
1806909,user12
1806909,user16
3368589,user13
3368589,user17
2591491,user14
2591491,user18
274907,user15
274907,user19
3034333,user16
3034333,user20
928621,user17
928621,user21
932751,user18
932751,user01
3066412,user19
3066412,user02
4249595,user20
4249595,user03
3566704,user21
3566704,user04
4474849,user01
4474849,user06
3877241,user02
3877241,user07
1932548,user03
1932548,user08
371188,user04
371188,user09
3871798,user05
3871798,user10
1457128,user06
1457128,user11
2636913,user07
2636913,user12
1268018,user08
1268018,user13
598302,user09
598302,user14
4499358,user10
4499358,user15
1456848,user11
1456848,user16
1234547,user12
1234547,user17
2329249,user13
2329249,user18
3326959,user14
3326959,user19
432309,user15
432309,user20
24216,user16
24216,user21
1260477,user17
1260477,user01
4538409,user18
4538409,user02
2534490,user19
2534490,user03
926048,user20
926048,user04
1013929,user21
1013929,user05
2152805,user01
2152805,user09
1116401,user02
1116401,user10
1391373,user03
1391373,user11
4194636,user04
4194636,user12
3476526,user05
3476526,user13
1365195,user06
1365195,user14
1888002,user07
1888002,user15
2624533,user08
2624533,user16
4011897,user09
4011897,user17
4469647,user10
4469647,user18
691351,user11
691351,user19
4417520,user12
4417520,user20
925617,user13
925617,user21
3278989,user14
3278989,user01
4528516,user15
4528516,user02
1893769,user16
1893769,user03
423379,user17
423379,user04
2674692,user18
2674692,user05
3957803,user19
3957803,user06
2571892,user20
2571892,user07
1859884,user21
1859884,user08
2495552,user01
2495552,user11
3443468,user02
3443468,user12
2035278,user03
2035278,user13
804108,user04
804108,user14
3731412,user05
3731412,user15
4010246,user06
4010246,user16
1586198,user07
1586198,user17
4338943,user08
4338943,user18
3461506,user09
3461506,user19
1431669,user10
1431669,user20
654709,user11
654709,user21
1544861,user12
1544861,user01
3598227,user13
3598227,user02
1278519,user14
1278519,user03
3863743,user15
3863743,user04
425553,user16
425553,user05
329875,user17
329875,user06
2914344,user18
2914344,user07
1705953,user19
1705953,user08
3852261,user20
3852261,user09
4206737,user21
4206737,user10
3239839,user01
3239839,user02
1421628,user02
1421628,user03
1324983,user03
1324983,user04
1113808,user04
1113808,user05
2324368,user05
2324368,user06
4457173,user06
4457173,user07
17793,user07
17793,user08
706775,user08
706775,user09
3277760,user09
3277760,user10
3732359,user10
3732359,user11
1346486,user11
1346486,user12
4083798,user12
4083798,user13
2177278,user13
2177278,user14
3926296,user14
3926296,user15
4043429,user15
4043429,user16
898355,user16
898355,user17
3604625,user17
3604625,user18
328948,user18
328948,user19
1115524,user19
1115524,user20
4313887,user20
4313887,user21
4201487,user21
4201487,user01
1723701,user01
1723701,user03
485762,user02
485762,user04
2221974,user03
2221974,user05
1564018,user04
1564018,user06
3632907,user05
3632907,user07
129253,user06
129253,user08
969605,user07
969605,user09
1029249,user08
1029249,user10
2584977,user09
2584977,user11
2105502,user10
2105502,user12
2307894,user11
2307894,user13
3146719,user12
3146719,user14
4334526,user13
4334526,user15
97553,user14
97553,user16
2141975,user15
2141975,user17
1256644,user16
1256644,user18
4569390,user17
4569390,user19
3111203,user18
3111203,user20
1481450,user19
1481450,user21
3304853,user20
3304853,user01
4122265,user21
4122265,user02
1330917,user01
1330917,user05
3527996,user02
3527996,user06
3011670,user03
3011670,user07
2322494,user04
2322494,user08
427146,user05
427146,user09
364768,user06
364768,user10
1463745,user07
1463745,user11
1869430,user08
1869430,user12
3880696,user09
3880696,user13
925907,user10
925907,user14
2459523,user11
2459523,user15
477523,user12
477523,user16
603327,user13
603327,user17
2103143,user14
2103143,user18
4554610,user15
4554610,user19
29656,user16
29656,user20
1737571,user17
1737571,user21
483942,user18
483942,user01
3746190,user19
3746190,user02
2383055,user20
2383055,user03
2417276,user21
2417276,user04
755715,user01
755715,user06
1564845,user02
1564845,user07
1856175,user03
1856175,user08
928975,user04
928975,user09
473438,user05
473438,user10
1335925,user06
1335925,user11
2299034,user07
2299034,user12
1002720,user08
1002720,user13
498462,user09
498462,user14
375147,user10
375147,user15
1714189,user11
1714189,user16
1981538,user12
1981538,user17
4048846,user13
4048846,user18
3678578,user14
3678578,user19
955334,user15
955334,user20
1825506,user16
1825506,user21
4310386,user17
4310386,user01
3910690,user18
3910690,user02
1716472,user19
1716472,user03
233112,user20
233112,user04
1715126,user21
1715126,user05
3613527,user01
3613527,user09
359083,user02
359083,user10
1302819,user03
1302819,user11
1733190,user04
1733190,user12
4162205,user05
4162205,user13
395807,user06
395807,user14
802967,user07
802967,user15
3903056,user08
3903056,user16
1683803,user09
1683803,user17
2038801,user10
2038801,user18
1068527,user11
1068527,user19
3952834,user12
3952834,user20
3367174,user13
3367174,user21
4570494,user14
4570494,user01
661245,user15
661245,user02
1567527,user16
1567527,user03
3145372,user17
3145372,user04
3145835,user18
3145835,user05
1865521,user19
1865521,user06
3810790,user20
3810790,user07
1317693,user21
1317693,user08
1722636,user01
1722636,user11
3629218,user02
3629218,user12
405307,user03
405307,user13
4024486,user04
4024486,user14
3170420,user05
3170420,user15
1867034,user06
1867034,user16
404015,user07
404015,user17
4256388,user08
4256388,user18
3920769,user09
3920769,user19
1628479,user10
1628479,user20
3583666,user11
3583666,user21
2605287,user12
2605287,user01
75113,user13
75113,user02
402576,user14
402576,user03
779469,user15
779469,user04
3545837,user16
3545837,user05
1107191,user17
1107191,user06
2513671,user18
2513671,user07
4019877,user19
4019877,user08
3304217,user20
3304217,user09
3512665,user21
3512665,user10
2335933,user01
2335933,user02
1320071,user02
1320071,user03
3206108,user03
3206108,user04
239844,user04
239844,user05
3359563,user05
3359563,user06
494921,user06
494921,user07
472417,user07
472417,user08
3065944,user08
3065944,user09
3559634,user09
3559634,user10
3476515,user10
3476515,user11
3208787,user11
3208787,user12
1711415,user12
1711415,user13
369747,user13
369747,user14
1737764,user14
1737764,user15
4519980,user15
4519980,user16
814386,user16
814386,user17
3374524,user17
3374524,user18
3618843,user18
3618843,user19
4105211,user19
4105211,user20
82732,user20
82732,user21
1585677,user21
1585677,user01
486124,user01
486124,user03
4364568,user02
4364568,user04
1225000,user03
1225000,user05
4465852,user04
4465852,user06
3592594,user05
3592594,user07
2865162,user06
2865162,user08
2410612,user07
2410612,user09
1293290,user08
1293290,user10
1710854,user09
1710854,user11
3584809,user10
3584809,user12
4216331,user11
4216331,user13
4396569,user12
4396569,user14
2979331,user13
2979331,user15
2907303,user14
2907303,user16
3880989,user15
3880989,user17
4089090,user16
4089090,user18
4402364,user17
4402364,user19
4153871,user18
4153871,user20
151006,user19
151006,user21
3297469,user20
3297469,user01
3500524,user21
3500524,user02
333191,user01
333191,user05
3734308,user02
3734308,user06
3762285,user03
3762285,user07
4475265,user04
4475265,user08
2201286,user05
2201286,user09
2334455,user06
2334455,user10
625569,user07
625569,user11
251875,user08
251875,user12
1887836,user09
1887836,user13
2047290,user10
2047290,user14
4568681,user11
4568681,user15
4389385,user12
4389385,user16
2314587,user13
2314587,user17
789215,user14
789215,user18
660917,user15
660917,user19
4185820,user16
4185820,user20
505845,user17
505845,user21
1329108,user18
1329108,user01
3731233,user19
3731233,user02
3219911,user20
3219911,user03
3980829,user21
3980829,user04
2659767,user01
2659767,user06
2838000,user02
2838000,user07
4088123,user03
4088123,user08
1622656,user04
1622656,user09
1259831,user05
1259831,user10
3005421,user06
3005421,user11
2708984,user07
2708984,user12
4546758,user08
4546758,user13
3519349,user09
3519349,user14
711470,user10
711470,user15
60553,user11
60553,user16
247845,user12
247845,user17
2906927,user13
2906927,user18
3929085,user14
3929085,user19
576337,user15
576337,user20
884356,user16
884356,user21
898853,user17
898853,user01
3928710,user18
3928710,user02
2752327,user19
2752327,user03
1381767,user20
1381767,user04
4465872,user21
4465872,user05
1931846,user01
1931846,user09
4361264,user02
4361264,user10
3401512,user03
3401512,user11
1651798,user04
1651798,user12
3145878,user05
3145878,user13
1102304,user06
1102304,user14
1727438,user07
1727438,user15
142461,user08
142461,user16
2223749,user09
2223749,user17
1284111,user10
1284111,user18
486129,user11
486129,user19
3859885,user12
3859885,user20
410699,user13
410699,user21
1299897,user14
1299897,user01
496780,user15
496780,user02
3280560,user16
3280560,user03
3602196,user17
3602196,user04
90013,user18
90013,user05
966461,user19
966461,user06
1375042,user20
1375042,user07
1264261,user21
1264261,user08
4547579,user01
4547579,user11
3178871,user02
3178871,user12
3866997,user03
3866997,user13
3607987,user04
3607987,user14
48780,user05
48780,user15
2463143,user06
2463143,user16
3219965,user07
3219965,user17
758239,user08
758239,user18
1741830,user09
1741830,user19
24508,user10
24508,user20
760540,user11
760540,user21
4217878,user12
4217878,user01
2719553,user13
2719553,user02
3467767,user14
3467767,user03
3988003,user15
3988003,user04
4122416,user16
4122416,user05
483131,user17
483131,user06
1527150,user18
1527150,user07
3557141,user19
3557141,user08
2170190,user20
2170190,user09
1853182,user21
1853182,user10
3795717,user01
3795717,user02
1513035,user02
1513035,user03
330338,user03
330338,user04
51913,user04
51913,user05
3169746,user05
3169746,user06
685462,user06
685462,user07
992589,user07
992589,user08
3352233,user08
3352233,user09
4333567,user09
4333567,user10
4209796,user10
4209796,user11
3442189,user11
3442189,user12
1083969,user12
1083969,user13
2316249,user13
2316249,user14
1865862,user14
1865862,user15
3863399,user15
3863399,user16
3650295,user16
3650295,user17
3327667,user17
3327667,user18
3819924,user18
3819924,user19
2634180,user19
2634180,user20
2171854,user20
2171854,user21
4208227,user21
4208227,user01
447031,user01
447031,user03
2788141,user02
2788141,user04
3371799,user03
3371799,user05
374764,user04
374764,user06
564756,user05
564756,user07
2955089,user06
2955089,user08
4349839,user07
4349839,user09
3030804,user08
3030804,user10
2393114,user09
2393114,user11
2450175,user10
2450175,user12
3925534,user11
3925534,user13
3383782,user12
3383782,user14
1236298,user13
1236298,user15
3691429,user14
3691429,user16
425799,user15
425799,user17
124724,user16
124724,user18
1682317,user17
1682317,user19
2240313,user18
2240313,user20
4217360,user19
4217360,user21
1874909,user20
1874909,user01
3458164,user21
3458164,user02
2233106,user01
2233106,user05
422021,user02
422021,user06
2977273,user03
2977273,user07
1691619,user04
1691619,user08
3756934,user05
3756934,user09
2420938,user06
2420938,user10
376236,user07
376236,user11
1868677,user08
1868677,user12
2585726,user09
2585726,user13
1992428,user10
1992428,user14
75111,user11
75111,user15
518217,user12
518217,user16
1218013,user13
1218013,user17
2617638,user14
2617638,user18
4560185,user15
4560185,user19
2755446,user16
2755446,user20
3460871,user17
3460871,user21
924617,user18
924617,user01
3545823,user19
3545823,user02
395887,user20
395887,user03
3415855,user21
3415855,user04
3066633,user01
3066633,user06
62473,user02
62473,user07
812270,user03
812270,user08
4346284,user04
4346284,user09
3952798,user05
3952798,user10
3564362,user06
3564362,user11
2363285,user07
2363285,user12
2342746,user08
2342746,user13
967169,user09
967169,user14
2924410,user10
2924410,user15
589195,user11
589195,user16
1009536,user12
1009536,user17
3328667,user13
3328667,user18
2842670,user14
2842670,user19
2857350,user15
2857350,user20
3873373,user16
3873373,user21
434132,user17
434132,user01
1745951,user18
1745951,user02
3676853,user19
3676853,user03
4306328,user20
4306328,user04
3721344,user21
3721344,user05
3547088,user01
3547088,user09
4168337,user02
4168337,user10
2449067,user03
2449067,user11
2870366,user04
2870366,user12
1065559,user05
1065559,user13
3562651,user06
3562651,user14
442698,user07
442698,user15
1035504,user08
1035504,user16
1538365,user09
1538365,user17
50703,user10
50703,user18
3566038,user11
3566038,user19
4011902,user12
4011902,user20
1863178,user13
1863178,user21
1713972,user14
1713972,user01
1264472,user15
1264472,user02
3869431,user16
3869431,user03
470082,user17
470082,user04
3882986,user18
3882986,user05
1111052,user19
1111052,user06
373005,user20
373005,user07
1065601,user21
1065601,user08
3757329,user01
3757329,user11
280277,user02
280277,user12
1679901,user03
1679901,user13
2511713,user04
2511713,user14
665718,user05
665718,user15
4433535,user06
4433535,user16
2013749,user07
2013749,user17
2740640,user08
2740640,user18
152421,user09
152421,user19
1137774,user10
1137774,user20
1293252,user11
1293252,user21
230898,user12
230898,user01
742185,user13
742185,user02
1266707,user14
1266707,user03
4447618,user15
4447618,user04
4570112,user16
4570112,user05
2254362,user17
2254362,user06
2711903,user18
2711903,user07
2294885,user19
2294885,user08
2366752,user20
2366752,user09
4211036,user21
4211036,user10
1424872,user01
1424872,user02
399981,user02
399981,user03
479903,user03
479903,user04
2799932,user04
2799932,user05
4122944,user05
4122944,user06
1898257,user06
1898257,user07
4432833,user07
4432833,user08
2722539,user08
2722539,user09
2314670,user09
2314670,user10
2535285,user10
2535285,user11
4524710,user11
4524710,user12
3868344,user12
3868344,user13
1462519,user13
1462519,user14
3626554,user14
3626554,user15
491112,user15
491112,user16
2760661,user16
2760661,user17
3299720,user17
3299720,user18
2325478,user18
2325478,user19
3330641,user19
3330641,user20
2072388,user20
2072388,user21
393874,user21
393874,user01
4069857,user01
4069857,user03
1542063,user02
1542063,user04
62691,user03
62691,user05
780467,user04
780467,user06
1249878,user05
1249878,user07
1118176,user06
1118176,user08
2049908,user07
2049908,user09
98374,user08
98374,user10
3891415,user09
3891415,user11
2136614,user10
2136614,user12
4435760,user11
4435760,user13
4218015,user12
4218015,user14
2615747,user13
2615747,user15
3845537,user14
3845537,user16
2217065,user15
2217065,user17
980698,user16
980698,user18
1799265,user17
1799265,user19
4408538,user18
4408538,user20
1106511,user19
1106511,user21
1190440,user20
1190440,user01
3950488,user21
3950488,user02
3547613,user01
3547613,user05
1609894,user02
1609894,user06
1763953,user03
1763953,user07
3502105,user04
3502105,user08
2235074,user05
2235074,user09
4502457,user06
4502457,user10
1260666,user07
1260666,user11
3730808,user08
3730808,user12
4499927,user09
4499927,user13
4476687,user10
4476687,user14
2261054,user11
2261054,user15
2064077,user12
2064077,user16
296351,user13
296351,user17
3044863,user14
3044863,user18
1945473,user15
1945473,user19
2486200,user16
2486200,user20
3049051,user17
3049051,user21
489211,user18
489211,user01
4547928,user19
4547928,user02
3541809,user20
3541809,user03
3441685,user21
3441685,user04
4161577,user01
4161577,user06
3058454,user02
3058454,user07
472399,user03
472399,user08
4474331,user04
4474331,user09
1896876,user05
1896876,user10
2700925,user06
2700925,user11
4276819,user07
4276819,user12
3246009,user08
3246009,user13
3695663,user09
3695663,user14
115549,user10
115549,user15
643971,user11
643971,user16
4569630,user12
4569630,user17
3892752,user13
3892752,user18
4438259,user14
4438259,user19
472514,user15
472514,user20
1877728,user16
1877728,user21
2799327,user17
2799327,user01
1925185,user18
1925185,user02
1862273,user19
1862273,user03
1040809,user20
1040809,user04
1473341,user21
1473341,user05
1350705,user01
1350705,user09
62697,user02
62697,user10
1264438,user03
1264438,user11
233160,user04
233160,user12
1332042,user05
1332042,user13
477395,user06
477395,user14
385605,user07
385605,user15
2107011,user08
2107011,user16
2624602,user09
2624602,user17
2514800,user10
2514800,user18
3938304,user11
3938304,user19
448190,user12
448190,user20
1713239,user13
1713239,user21
4113604,user14
4113604,user01
2647653,user15
2647653,user02
3623766,user16
3623766,user03
4121904,user17
4121904,user04
479195,user18
479195,user05
673328,user19
673328,user06
2237017,user20
2237017,user07
181862,user21
181862,user08
581408,user01
581408,user11
4201720,user02
4201720,user12
1847368,user03
1847368,user13
4503002,user04
4503002,user14
4367806,user05
4367806,user15
1623446,user06
1623446,user16
1928545,user07
1928545,user17
1530145,user08
1530145,user18
1433399,user09
1433399,user19
696506,user10
696506,user20
4206314,user11
4206314,user21
1297195,user12
1297195,user01
204991,user13
204991,user02
4522177,user14
4522177,user03
4150052,user15
4150052,user04
1970068,user16
1970068,user05
2280187,user17
2280187,user06
3635352,user18
3635352,user07
3512478,user19
3512478,user08
2752359,user20
2752359,user09
4022302,user21
4022302,user10
4428975,user01
4428975,user02
3516998,user02
3516998,user03
613545,user03
613545,user04
1739805,user04
1739805,user05
16321,user05
16321,user06
2060808,user06
2060808,user07
2042416,user07
2042416,user08
1372472,user08
1372472,user09
4526582,user09
4526582,user10
667077,user10
667077,user11
4202175,user11
4202175,user12
1512532,user12
1512532,user13
3859436,user13
3859436,user14
701520,user14
701520,user15
3898254,user15
3898254,user16
1959599,user16
1959599,user17
2320788,user17
2320788,user18
409790,user18
409790,user19
2260956,user19
2260956,user20
1443201,user20
1443201,user21
2283152,user21
2283152,user01
4334779,user01
4334779,user03
3509571,user02
3509571,user04
2030779,user03
2030779,user05
1602259,user04
1602259,user06
928594,user05
928594,user07
4388932,user06
4388932,user08
1992021,user07
1992021,user09
3220839,user08
3220839,user10
3536912,user09
3536912,user11
3137390,user10
3137390,user12
4428533,user11
4428533,user13
831151,user12
831151,user14
508643,user13
508643,user15
35893,user14
35893,user16
2057713,user15
2057713,user17
476607,user16
476607,user18
3830134,user17
3830134,user19
156406,user18
156406,user20
862215,user19
862215,user21
1514173,user20
1514173,user01
3044380,user21
3044380,user02
1244397,user01
1244397,user05
3020347,user02
3020347,user06
1757993,user03
1757993,user07
2053436,user04
2053436,user08
2784462,user05
2784462,user09
111515,user06
111515,user10
2130398,user07
2130398,user11
2522000,user08
2522000,user12
383504,user09
383504,user13
4210351,user10
4210351,user14
2199676,user11
2199676,user15
658716,user12
658716,user16
2511728,user13
2511728,user17
482411,user14
482411,user18
2997394,user15
2997394,user19
2477930,user16
2477930,user20
123730,user17
123730,user21
2691305,user18
2691305,user01
1815255,user19
1815255,user02
630929,user20
630929,user03
1076035,user21
1076035,user04
2264140,user01
2264140,user06
4369026,user02
4369026,user07
3388574,user03
3388574,user08
1037691,user04
1037691,user09
4116724,user05
4116724,user10
2092565,user06
2092565,user11
786709,user07
786709,user12
1585521,user08
1585521,user13
1253982,user09
1253982,user14
3476954,user10
3476954,user15
394069,user11
394069,user16
3979469,user12
3979469,user17
4114758,user13
4114758,user18
3505533,user14
3505533,user19
4385160,user15
4385160,user20
2784686,user16
2784686,user21
1752815,user17
1752815,user01
1758315,user18
1758315,user02
3825664,user19
3825664,user03
4202152,user20
4202152,user04
3382714,user21
3382714,user05
2073966,user01
2073966,user09
3564414,user02
3564414,user10
4417178,user03
4417178,user11
3646016,user04
3646016,user12
4112203,user05
4112203,user13
64291,user06
64291,user14
1411592,user07
1411592,user15
3189437,user08
3189437,user16
1214638,user09
1214638,user17
117266,user10
117266,user18
1548832,user11
1548832,user19
3210153,user12
3210153,user20
4013159,user13
4013159,user21
3608169,user14
3608169,user01
4154123,user15
4154123,user02
1598723,user16
1598723,user03
2470230,user17
2470230,user04
1436189,user18
1436189,user05
3215888,user19
3215888,user06
1477477,user20
1477477,user07
2814146,user21
2814146,user08
4469331,user01
4469331,user11
2467284,user02
2467284,user12
122632,user03
122632,user13
2664924,user04
2664924,user14
124438,user05
124438,user15
4155512,user06
4155512,user16
69833,user07
69833,user17
477311,user08
477311,user18
879252,user09
879252,user19
3870191,user10
3870191,user20
4362292,user11
4362292,user21
2414067,user12
2414067,user01
1627166,user13
1627166,user02
3746368,user14
3746368,user03
954310,user15
954310,user04
2679833,user16
2679833,user05
4125547,user17
4125547,user06
2285523,user18
2285523,user07
2203962,user19
2203962,user08
2541566,user20
2541566,user09
943575,user21
943575,user10
3312653,user01
3312653,user02
3681004,user02
3681004,user03
4397125,user03
4397125,user04
966713,user04
966713,user05
4434566,user05
4434566,user06
2671917,user06
2671917,user07
2937650,user07
2937650,user08
483290,user08
483290,user09
4105075,user09
4105075,user10
2594147,user10
2594147,user11
1800006,user11
1800006,user12
2506862,user12
2506862,user13
1300905,user13
1300905,user14
2330964,user14
2330964,user15
935684,user15
935684,user16
1866820,user16
1866820,user17
1719202,user17
1719202,user18
707392,user18
707392,user19
2611026,user19
2611026,user20
1333800,user20
1333800,user21
2353005,user21
2353005,user01
3083907,user01
3083907,user03
1064471,user02
1064471,user04
3972411,user03
3972411,user05
1080518,user04
1080518,user06
3352307,user05
3352307,user07
1531331,user06
1531331,user08
1061484,user07
1061484,user09
92684,user08
92684,user10
4155292,user09
4155292,user11
1278375,user10
1278375,user12
3371055,user11
3371055,user13
1982712,user12
1982712,user14
2157157,user13
2157157,user15
1221508,user14
1221508,user16
2329247,user15
2329247,user17
1874906,user16
1874906,user18
2231106,user17
2231106,user19
949221,user18
949221,user20
2294222,user19
2294222,user21
2649959,user20
2649959,user01
1512565,user21
1512565,user02
3492193,user01
3492193,user05
3539256,user02
3539256,user06
169651,user03
169651,user07
1475418,user04
1475418,user08
4186327,user05
4186327,user09
1517681,user06
1517681,user10
3147342,user07
3147342,user11
4409644,user08
4409644,user12
3881859,user09
3881859,user13
928474,user10
928474,user14
260600,user11
260600,user15
2784858,user12
2784858,user16
3770551,user13
3770551,user17
1666836,user14
1666836,user18
974418,user15
974418,user19
4294325,user16
4294325,user20
2460632,user17
2460632,user21
3382461,user18
3382461,user01
2968173,user19
2968173,user02
3072261,user20
3072261,user03
1888762,user21
1888762,user04
309339,user01
309339,user06
352534,user02
352534,user07
493221,user03
493221,user08
4568643,user04
4568643,user09
481631,user05
481631,user10
368729,user06
368729,user11
4091685,user07
4091685,user12
3569862,user08
3569862,user13
482687,user09
482687,user14
1263464,user10
1263464,user15
2691540,user11
2691540,user16
1436921,user12
1436921,user17
3232791,user13
3232791,user18
1717461,user14
1717461,user19
1618830,user15
1618830,user20
4010671,user16
4010671,user21
3581664,user17
3581664,user01
316022,user18
316022,user02
3871312,user19
3871312,user03
3989706,user20
3989706,user04
4011935,user21
4011935,user05
1014598,user01
1014598,user09
331304,user02
331304,user10
4247766,user03
4247766,user11
737558,user04
737558,user12
1548088,user05
1548088,user13
476560,user06
476560,user14
451168,user07
451168,user15
4548081,user08
4548081,user16
553233,user09
553233,user17
1468807,user10
1468807,user18
811935,user11
811935,user19
3613299,user12
3613299,user20
3625933,user13
3625933,user21
3611789,user14
3611789,user01
1854561,user15
1854561,user02
4431315,user16
4431315,user03
1263770,user17
1263770,user04
2678620,user18
2678620,user05
2732335,user19
2732335,user06
4237274,user20
4237274,user07
4011523,user21
4011523,user08
2378383,user01
2378383,user11
62994,user02
62994,user12
2276981,user03
2276981,user13
476343,user04
476343,user14
1334177,user05
1334177,user15
1361945,user06
1361945,user16
476107,user07
476107,user17
3020389,user08
3020389,user18
3503327,user09
3503327,user19
781382,user10
781382,user20
2349453,user11
2349453,user21
2561673,user12
2561673,user01
2323523,user13
2323523,user02
4480524,user14
4480524,user03
1085895,user15
1085895,user04
4261476,user16
4261476,user05
4241063,user17
4241063,user06
66259,user18
66259,user07
3159478,user19
3159478,user08
2473871,user20
2473871,user09
2180581,user21
2180581,user10
3343681,user01
3343681,user02
2647510,user02
2647510,user03
3810795,user03
3810795,user04
914965,user04
914965,user05
2167282,user05
2167282,user06
3613291,user06
3613291,user07
2097751,user07
2097751,user08
3917669,user08
3917669,user09
929435,user09
929435,user10
626455,user10
626455,user11
895691,user11
895691,user12
396611,user12
396611,user13
2481427,user13
2481427,user14
3938248,user14
3938248,user15
1124644,user15
1124644,user16
3987109,user16
3987109,user17
1470534,user17
1470534,user18
4064372,user18
4064372,user19
2467469,user19
2467469,user20
956067,user20
956067,user21
968200,user21
968200,user01
567669,user01
567669,user03
4011531,user02
4011531,user04
1275964,user03
1275964,user05
3477612,user04
3477612,user06
2284892,user05
2284892,user07
2494298,user06
2494298,user08
1874522,user07
1874522,user09
2561674,user08
2561674,user10
1742253,user09
1742253,user11
244467,user10
244467,user12
4068808,user11
4068808,user13
4566769,user12
4566769,user14
1224958,user13
1224958,user15
3340152,user14
3340152,user16
4163411,user15
4163411,user17
4496305,user16
4496305,user18
2031912,user17
2031912,user19
685279,user18
685279,user20
2595318,user19
2595318,user21
4474848,user20
4474848,user01
3639053,user21
3639053,user02
1861779,user01
1861779,user05
1260720,user02
1260720,user06
3182653,user03
3182653,user07
609517,user04
609517,user08
1343334,user05
1343334,user09
3657760,user06
3657760,user10
3631611,user07
3631611,user11
3624312,user08
3624312,user12
3912963,user09
3912963,user13
160924,user10
160924,user14
2780711,user11
2780711,user15
109838,user12
109838,user16
1997952,user13
1997952,user17
1631036,user14
1631036,user18
283645,user15
283645,user19
3573322,user16
3573322,user20
1978066,user17
1978066,user21
3599788,user18
3599788,user01
2040000,user19
2040000,user02
2612293,user20
2612293,user03
1089672,user21
1089672,user04
2689600,user01
2689600,user06
3185221,user02
3185221,user07
653333,user03
653333,user08
4540344,user04
4540344,user09
4109196,user05
4109196,user10
1651799,user06
1651799,user11
284963,user07
284963,user12
1620673,user08
1620673,user13
41727,user09
41727,user14
2351733,user10
2351733,user15
1514087,user11
1514087,user16
2268386,user12
2268386,user17
3248974,user13
3248974,user18
2025939,user14
2025939,user19
1671571,user15
1671571,user20
2903730,user16
2903730,user21
1890076,user17
1890076,user01
441063,user18
441063,user02
476604,user19
476604,user03
1548172,user20
1548172,user04
2459925,user21
2459925,user05
2815501,user01
2815501,user09
1577642,user02
1577642,user10
3930024,user03
3930024,user11
3780144,user04
3780144,user12
2837965,user05
2837965,user13
36188,user06
36188,user14
1074399,user07
1074399,user15
1709191,user08
1709191,user16
4254997,user09
4254997,user17
3902458,user10
3902458,user18
1932977,user11
1932977,user19
3891030,user12
3891030,user20
4123739,user13
4123739,user21
538652,user14
538652,user01
2436021,user15
2436021,user02
2048870,user16
2048870,user03
2211369,user17
2211369,user04
3529593,user18
3529593,user05
814329,user19
814329,user06
4008151,user20
4008151,user07
4473275,user21
4473275,user08
2166755,user01
2166755,user11
1392231,user02
1392231,user12
2724305,user03
2724305,user13
2142092,user04
2142092,user14
1858093,user05
1858093,user15
3080443,user06
3080443,user16
3101463,user07
3101463,user17
1778121,user08
1778121,user18
1546618,user09
1546618,user19
3224888,user10
3224888,user20
2554764,user11
2554764,user21
4568316,user12
4568316,user01
1992431,user13
1992431,user02
598318,user14
598318,user03
3228490,user15
3228490,user04
4094591,user16
4094591,user05
1889110,user17
1889110,user06
114138,user18
114138,user07
366986,user19
366986,user08
333889,user20
333889,user09
952479,user21
952479,user10
1457928,user01
1457928,user02
1752183,user02
1752183,user03
4154205,user03
4154205,user04
3480794,user04
3480794,user05
877977,user05
877977,user06
3902470,user06
3902470,user07
1216346,user07
1216346,user08
1868542,user08
1868542,user09
3679779,user09
3679779,user10
566278,user10
566278,user11
2630907,user11
2630907,user12
1031967,user12
1031967,user13
1328323,user13
1328323,user14
1127708,user14
1127708,user15
376277,user15
376277,user16
2182266,user16
2182266,user17
4428528,user17
4428528,user18
2200814,user18
2200814,user19
3066637,user19
3066637,user20
3075110,user20
3075110,user21
141195,user21
141195,user01
1862493,user01
1862493,user03
3487936,user02
3487936,user04
1399982,user03
1399982,user05
1088552,user04
1088552,user06
363999,user05
363999,user07
3650250,user06
3650250,user08
595931,user07
595931,user09
211176,user08
211176,user10
3929450,user09
3929450,user11
3011970,user10
3011970,user12
2033537,user11
2033537,user13
3244220,user12
3244220,user14
2291144,user13
2291144,user15
4499784,user14
4499784,user16
3177056,user15
3177056,user17
1766658,user16
1766658,user18
621553,user17
621553,user19
3136227,user18
3136227,user20
1007149,user19
1007149,user21
2531862,user20
2531862,user01
1676581,user21
1676581,user02
3862334,user01
3862334,user05
2525110,user02
2525110,user06
385769,user03
385769,user07
2656637,user04
2656637,user08
2973559,user05
2973559,user09
3984537,user06
3984537,user10
1122712,user07
1122712,user11
2176746,user08
2176746,user12
2570964,user09
2570964,user13
2106056,user10
2106056,user14
3617257,user11
3617257,user15
4321559,user12
4321559,user16
660895,user13
660895,user17
3342828,user14
3342828,user18
2481876,user15
2481876,user19
3328291,user16
3328291,user20
3877761,user17
3877761,user21
3873525,user18
3873525,user01
448194,user19
448194,user02
3493845,user20
3493845,user03
3052,user21
3052,user04
74567,user01
74567,user06
3029703,user02
3029703,user07
19229,user03
19229,user08
4217722,user04
4217722,user09
3092680,user05
3092680,user10
2460895,user06
2460895,user11
959774,user07
959774,user12
1829501,user08
1829501,user13
3187332,user09
3187332,user14
4210767,user10
4210767,user15
233164,user11
233164,user16
3034542,user12
3034542,user17
4058678,user13
4058678,user18
2764037,user14
2764037,user19
2784924,user15
2784924,user20
1983901,user16
1983901,user21
2322561,user17
2322561,user01
4483325,user18
4483325,user02
1028864,user19
1028864,user03
3853772,user20
3853772,user04
127795,user21
127795,user05
3887345,user01
3887345,user09
2790688,user02
2790688,user10
2271253,user03
2271253,user11
3559726,user04
3559726,user12
3826625,user05
3826625,user13
434457,user06
434457,user14
3113762,user07
3113762,user15
1436670,user08
1436670,user16
4244553,user09
4244553,user17
4242716,user10
4242716,user18
3543560,user11
3543560,user19
1599481,user12
1599481,user20
2031687,user13
2031687,user21
3578967,user14
3578967,user01
161020,user15
161020,user02
584901,user16
584901,user03
1329858,user17
1329858,user04
2654233,user18
2654233,user05
4300756,user19
4300756,user06
3348894,user20
3348894,user07
2366728,user21
2366728,user08
2523720,user01
2523720,user11
3063180,user02
3063180,user12
2535366,user03
2535366,user13
4559374,user04
4559374,user14
4556564,user05
4556564,user15
1754248,user06
1754248,user16
2983484,user07
2983484,user17
1001709,user08
1001709,user18
973584,user09
973584,user19
4004054,user10
4004054,user20
3496362,user11
3496362,user21
2118925,user12
2118925,user01
625794,user13
625794,user02
1346279,user14
1346279,user03
2784779,user15
2784779,user04
426516,user16
426516,user05
1740899,user17
1740899,user06
3503496,user18
3503496,user07
2260482,user19
2260482,user08
2829843,user20
2829843,user09
682419,user21
682419,user10
466929,user01
466929,user02
2142100,user02
2142100,user03
3642903,user03
3642903,user04
3681937,user04
3681937,user05
2659236,user05
2659236,user06
2065904,user06
2065904,user07
3510055,user07
3510055,user08
2764939,user08
2764939,user09
2344193,user09
2344193,user10
3811283,user10
3811283,user11
3129227,user11
3129227,user12
3859143,user12
3859143,user13
2456786,user13
2456786,user14
1602665,user14
1602665,user15
3602287,user15
3602287,user16
83970,user16
83970,user17
2060956,user17
2060956,user18
2815334,user18
2815334,user19
3884485,user19
3884485,user20
3398520,user20
3398520,user21
4377322,user21
4377322,user01
1391335,user01
1391335,user03
2832198,user02
2832198,user04
1383200,user03
1383200,user05
2294356,user04
2294356,user06
3151265,user05
3151265,user07
1974102,user06
1974102,user08
2678980,user07
2678980,user09
3280500,user08
3280500,user10
1890325,user09
1890325,user11
4569856,user10
4569856,user12
4119747,user11
4119747,user13
2985399,user12
2985399,user14
2594132,user13
2594132,user15
3950438,user14
3950438,user16
3079245,user15
3079245,user17
1941575,user16
1941575,user18
680267,user17
680267,user19
1879763,user18
1879763,user20
3160971,user19
3160971,user21
4500651,user20
4500651,user01
2660448,user21
2660448,user02
278526,user01
278526,user05
4223306,user02
4223306,user06
2633763,user03
2633763,user07
2643188,user04
2643188,user08
2383328,user05
2383328,user09
2566349,user06
2566349,user10
38446,user07
38446,user11
3115326,user08
3115326,user12
732968,user09
732968,user13
936743,user10
936743,user14
1346401,user11
1346401,user15
2645260,user12
2645260,user16
458401,user13
458401,user17
2190885,user14
2190885,user18
3185581,user15
3185581,user19
2656709,user16
2656709,user20
1712627,user17
1712627,user21
594840,user18
594840,user01
3212064,user19
3212064,user02
644767,user20
644767,user03
3389895,user21
3389895,user04
1749788,user01
1749788,user06
1722783,user02
1722783,user07
3952785,user03
3952785,user08
4091865,user04
4091865,user09
1936552,user05
1936552,user10
2257117,user06
2257117,user11
790147,user07
790147,user12
4446164,user08
4446164,user13
222528,user09
222528,user14
4160331,user10
4160331,user15
420965,user11
420965,user16
1737549,user12
1737549,user17
188896,user13
188896,user18
2591224,user14
2591224,user19
316017,user15
316017,user20
1325308,user16
1325308,user21
4456019,user17
4456019,user01
1334181,user18
1334181,user02
2042396,user19
2042396,user03
2203510,user20
2203510,user04
4001434,user21
4001434,user05
2352027,user01
2352027,user09
262899,user02
262899,user10
1296585,user03
1296585,user11
1110099,user04
1110099,user12
3871229,user05
3871229,user13
2142204,user06
2142204,user14
2645063,user07
2645063,user15
4435796,user08
4435796,user16
3236503,user09
3236503,user17
1470531,user10
1470531,user18
122513,user11
122513,user19
3970273,user12
3970273,user20
2819632,user13
2819632,user21
1270141,user14
1270141,user01
1637270,user15
1637270,user02
399214,user16
399214,user03
756276,user17
756276,user04
3677797,user18
3677797,user05
4481377,user19
4481377,user06
3224928,user20
3224928,user07
6794,user21
6794,user08
2397844,user01
2397844,user11
965867,user02
965867,user12
696502,user03
696502,user13
3866898,user04
3866898,user14
3572949,user05
3572949,user15
4043319,user06
4043319,user16
1882327,user07
1882327,user17
695726,user08
695726,user18
2279568,user09
2279568,user19
1894006,user10
1894006,user20
2130351,user11
2130351,user21
586265,user12
586265,user01
3062495,user13
3062495,user02
3059333,user14
3059333,user03
2219348,user15
2219348,user04
3555838,user16
3555838,user05
2813853,user17
2813853,user06
1521078,user18
1521078,user07
969442,user19
969442,user08
978705,user20
978705,user09
4501718,user21
4501718,user10
2731465,user01
2731465,user02
3220872,user02
3220872,user03
404235,user03
404235,user04
1327428,user04
1327428,user05
129905,user05
129905,user06
2471677,user06
2471677,user07
3391186,user07
3391186,user08
4357322,user08
4357322,user09
1457618,user09
1457618,user10
3012301,user10
3012301,user11
430868,user11
430868,user12
2329268,user12
2329268,user13
4474881,user13
4474881,user14
4004513,user14
4004513,user15
923518,user15
923518,user16
3826005,user16
3826005,user17
3583589,user17
3583589,user18
75820,user18
75820,user19
2040499,user19
2040499,user20
3774498,user20
3774498,user21
3836054,user21
3836054,user01
2043621,user01
2043621,user03
3697899,user02
3697899,user04
63316,user03
63316,user05
3182677,user04
3182677,user06
1035344,user05
1035344,user07
3622326,user06
3622326,user08
667254,user07
667254,user09
1961452,user08
1961452,user10
380969,user09
380969,user11
2205210,user10
2205210,user12
1866314,user11
1866314,user13
3173730,user12
3173730,user14
3984532,user13
3984532,user15
4426462,user14
4426462,user16
4074440,user15
4074440,user17
2796989,user16
2796989,user18
4470718,user17
4470718,user19
59266,user18
59266,user20
2043598,user19
2043598,user21
3690330,user20
3690330,user01
1344501,user21
1344501,user02
1839010,user01
1839010,user05
1087402,user02
1087402,user06
230778,user03
230778,user07
2056764,user04
2056764,user08
3633323,user05
3633323,user09
1713453,user06
1713453,user10
817267,user07
817267,user11
2859839,user08
2859839,user12
1029270,user09
1029270,user13
2330977,user10
2330977,user14
3334108,user11
3334108,user15
3682905,user12
3682905,user16
8143,user13
8143,user17
3669778,user14
3669778,user18
1940415,user15
1940415,user19
2207660,user16
2207660,user20
3670713,user17
3670713,user21
1306180,user18
1306180,user01
748329,user19
748329,user02
2546724,user20
2546724,user03
1728253,user21
1728253,user04
2212172,user01
2212172,user06
4042682,user02
4042682,user07
2758417,user03
2758417,user08
2298828,user04
2298828,user09
1764190,user05
1764190,user10
3730487,user06
3730487,user11
3968322,user07
3968322,user12
3810389,user08
3810389,user13
1345915,user09
1345915,user14
1977781,user10
1977781,user15
3491162,user11
3491162,user16
86337,user12
86337,user17
1799806,user13
1799806,user18
4049312,user14
4049312,user19
502564,user15
502564,user20
833194,user16
833194,user21
3160788,user17
3160788,user01
3494770,user18
3494770,user02
1926736,user19
1926736,user03
4304302,user20
4304302,user04
369920,user21
369920,user05
4216864,user01
4216864,user09
876608,user02
876608,user10
585876,user03
585876,user11
4000170,user04
4000170,user12
3553352,user05
3553352,user13
1861621,user06
1861621,user14
3185995,user07
3185995,user15
2184287,user08
2184287,user16
1831750,user09
1831750,user17
816937,user10
816937,user18
3852161,user11
3852161,user19
2680174,user12
2680174,user20
862214,user13
862214,user21
3561233,user14
3561233,user01
4211040,user15
4211040,user02
421645,user16
421645,user03
2168135,user17
2168135,user04
4370171,user18
4370171,user05
3010559,user19
3010559,user06
1067735,user20
1067735,user07
2986165,user21
2986165,user08
4234552,user01
4234552,user11
95322,user02
95322,user12
3459597,user03
3459597,user13
4290446,user04
4290446,user14
1519708,user05
1519708,user15
4117154,user06
4117154,user16
1541576,user07
1541576,user17
87476,user08
87476,user18
380357,user09
380357,user19
2624771,user10
2624771,user20
1323579,user11
1323579,user21
1152098,user12
1152098,user01
122579,user13
122579,user02
2447833,user14
2447833,user03
1346659,user15
1346659,user04
1693544,user16
1693544,user05
821360,user17
821360,user06
875057,user18
875057,user07
185786,user19
185786,user08
385569,user20
385569,user09
3908256,user21
3908256,user10
2776431,user01
2776431,user02
97346,user02
97346,user03
1908613,user03
1908613,user04
932464,user04
932464,user05
271138,user05
271138,user06
312687,user06
312687,user07
901228,user07
901228,user08
3628499,user08
3628499,user09
4113271,user09
4113271,user10
3144261,user10
3144261,user11
476225,user11
476225,user12
84589,user12
84589,user13
1325182,user13
1325182,user14
223119,user14
223119,user15
937870,user15
937870,user16
3959029,user16
3959029,user17
1449898,user17
1449898,user18
4512680,user18
4512680,user19
3883333,user19
3883333,user20
1418218,user20
1418218,user21
1562196,user21
1562196,user01
1256177,user01
1256177,user03
3384247,user02
3384247,user04
2040498,user03
2040498,user05
4271269,user04
4271269,user06
650787,user05
650787,user07
479977,user06
479977,user08
3514925,user07
3514925,user09
3327298,user08
3327298,user10
3126295,user09
3126295,user11
667107,user10
667107,user12
3932491,user11
3932491,user13
2405137,user12
2405137,user14
3870787,user13
3870787,user15
2775038,user14
2775038,user16
2454154,user15
2454154,user17
577314,user16
577314,user18
1803313,user17
1803313,user19
3965974,user18
3965974,user20
2636392,user19
2636392,user21
545321,user20
545321,user01
378028,user21
378028,user02
2237037,user01
2237037,user05
1147616,user02
1147616,user06
877822,user03
877822,user07
3144200,user04
3144200,user08
505591,user05
505591,user09
2566660,user06
2566660,user10
3759796,user07
3759796,user11
4208090,user08
4208090,user12
734531,user09
734531,user13
4209462,user10
4209462,user14
1757953,user11
1757953,user15
1639440,user12
1639440,user16
3319123,user13
3319123,user17
3208061,user14
3208061,user18
917871,user15
917871,user19
598012,user16
598012,user20
1461721,user17
1461721,user21
1177064,user18
1177064,user01
4455990,user19
4455990,user02
352441,user20
352441,user03
476580,user21
476580,user04
455780,user01
455780,user06
2334100,user02
2334100,user07
414629,user03
414629,user08
332553,user04
332553,user09
3617959,user05
3617959,user10
1006172,user06
1006172,user11
1117908,user07
1117908,user12
1903049,user08
1903049,user13
1493521,user09
1493521,user14
1094767,user10
1094767,user15
1265154,user11
1265154,user16
934046,user12
934046,user17
2713417,user13
2713417,user18
4254355,user14
4254355,user19
4400580,user15
4400580,user20
3151798,user16
3151798,user21
4569716,user17
4569716,user01
1399979,user18
1399979,user02
2266348,user19
2266348,user03
835595,user20
835595,user04
3979429,user21
3979429,user05
1598619,user01
1598619,user09
1033421,user02
1033421,user10
512939,user03
512939,user11
2725842,user04
2725842,user12
2065078,user05
2065078,user13
1346320,user06
1346320,user14
2426342,user07
2426342,user15
783947,user08
783947,user16
1478311,user09
1478311,user17
708120,user10
708120,user18
4234592,user11
4234592,user19
1087212,user12
1087212,user20
2636887,user13
2636887,user21
1264600,user14
1264600,user01
324256,user15
324256,user02
1797172,user16
1797172,user03
2102364,user17
2102364,user04
3680878,user18
3680878,user05
1921644,user19
1921644,user06
4484588,user20
4484588,user07
688816,user21
688816,user08
2497209,user01
2497209,user11
379937,user02
379937,user12
4571613,user03
4571613,user13
3485113,user04
3485113,user14
2379796,user05
2379796,user15
1605349,user06
1605349,user16
4047024,user07
4047024,user17
2856806,user08
2856806,user18
2630660,user09
2630660,user19
1436775,user10
1436775,user20
3877800,user11
3877800,user21
2470578,user12
2470578,user01
3355606,user13
3355606,user02
3997823,user14
3997823,user03
1578873,user15
1578873,user04
2215505,user16
2215505,user05
4211081,user17
4211081,user06
1955573,user18
1955573,user07
1761894,user19
1761894,user08
1879237,user20
1879237,user09
3618839,user21
3618839,user10
1968747,user01
1968747,user02
3555769,user02
3555769,user03
1306348,user03
1306348,user04
4038910,user04
4038910,user05
4045413,user05
4045413,user06
4355972,user06
4355972,user07
4149552,user07
4149552,user08
2780719,user08
2780719,user09
2575463,user09
2575463,user10
1612134,user10
1612134,user11
1426622,user11
1426622,user12
3472985,user12
3472985,user13
4079707,user13
4079707,user14
4217597,user14
4217597,user15
4065126,user15
4065126,user16
2482360,user16
2482360,user17
1794374,user17
1794374,user18
1358000,user18
1358000,user19
1731549,user19
1731549,user20
3508601,user20
3508601,user21
3081551,user21
3081551,user01
93720,user01
93720,user03
2624146,user02
2624146,user04
1191490,user03
1191490,user05
1802946,user04
1802946,user06
1882548,user05
1882548,user07
4076325,user06
4076325,user08
1262929,user07
1262929,user09
3997939,user08
3997939,user10
1866862,user09
1866862,user11
334272,user10
334272,user12
3646122,user11
3646122,user13
3560055,user12
3560055,user14
3300164,user13
3300164,user15
822860,user14
822860,user16
4483139,user15
4483139,user17
4453981,user16
4453981,user18
4274506,user17
4274506,user19
955919,user18
955919,user20
3599896,user19
3599896,user21
2249379,user20
2249379,user01
3997298,user21
3997298,user02
333498,user01
333498,user05
1987407,user02
1987407,user06
900333,user03
900333,user07
1311087,user04
1311087,user08
250682,user05
250682,user09
3108113,user06
3108113,user10
1125523,user07
1125523,user11
3837545,user08
3837545,user12
1710948,user09
1710948,user13
775385,user10
775385,user14
4127833,user11
4127833,user15
4153379,user12
4153379,user16
609519,user13
609519,user17
1991838,user14
1991838,user18
2583894,user15
2583894,user19
3501581,user16
3501581,user20
213273,user17
213273,user21
2424183,user18
2424183,user01
4108598,user19
4108598,user02
3613478,user20
3613478,user03
4206259,user21
4206259,user04
3850594,user01
3850594,user06
3104646,user02
3104646,user07
3868334,user03
3868334,user08
347454,user04
347454,user09
2566662,user05
2566662,user10
55071,user06
55071,user11
1056558,user07
1056558,user12
580428,user08
580428,user13
1857551,user09
1857551,user14
1312416,user10
1312416,user15
2184726,user11
2184726,user16
2188799,user12
2188799,user17
1202259,user13
1202259,user18
3032690,user14
3032690,user19
4128637,user15
4128637,user20
3992600,user16
3992600,user21
2608549,user17
2608549,user01
3658169,user18
3658169,user02
1037693,user19
1037693,user03
4107816,user20
4107816,user04
3871042,user21
3871042,user05
2789443,user01
2789443,user09
2060192,user02
2060192,user10
3224378,user03
3224378,user11
2818165,user04
2818165,user12
2700284,user05
2700284,user13
3613531,user06
3613531,user14
3539883,user07
3539883,user15
1644911,user08
1644911,user16
1656096,user09
1656096,user17
1970067,user10
1970067,user18
498809,user11
498809,user19
3077451,user12
3077451,user20
101654,user13
101654,user21
2388814,user14
2388814,user01
381491,user15
381491,user02
2682301,user16
2682301,user03
1756362,user17
1756362,user04
4121872,user18
4121872,user05
2418037,user19
2418037,user06
2526772,user20
2526772,user07
3619759,user21
3619759,user08
3998463,user01
3998463,user11
1407949,user02
1407949,user12
494622,user03
494622,user13
3302072,user04
3302072,user14
2791177,user05
2791177,user15
3931942,user06
3931942,user16
2066898,user07
2066898,user17
2262422,user08
2262422,user18
572501,user09
572501,user19
3876562,user10
3876562,user20
495848,user11
495848,user21
388976,user12
388976,user01
3618812,user13
3618812,user02
591291,user14
591291,user03
703835,user15
703835,user04
611211,user16
611211,user05
3359211,user17
3359211,user06
102649,user18
102649,user07
549854,user19
549854,user08
2063854,user20
2063854,user09
4334785,user21
4334785,user10
3192485,user01
3192485,user02
888899,user02
888899,user03
4504934,user03
4504934,user04
980323,user04
980323,user05
4136955,user05
4136955,user06
559512,user06
559512,user07
875785,user07
875785,user08
3737503,user08
3737503,user09
4217206,user09
4217206,user10
536649,user10
536649,user11
2792239,user11
2792239,user12
769572,user12
769572,user13
811058,user13
811058,user14
3017548,user14
3017548,user15
3828381,user15
3828381,user16
912280,user16
912280,user17
1062910,user17
1062910,user18
1153075,user18
1153075,user19
2645228,user19
2645228,user20
1210711,user20
1210711,user21
3399455,user21
3399455,user01
522830,user01
522830,user03
685271,user02
685271,user04
3704283,user03
3704283,user05
4235613,user04
4235613,user06
786615,user05
786615,user07
115842,user06
115842,user08
490374,user07
490374,user09
929245,user08
929245,user10
4457398,user09
4457398,user11
1128787,user10
1128787,user12
3599732,user11
3599732,user13
1386836,user12
1386836,user14
1871762,user13
1871762,user15
933301,user14
933301,user16
3227998,user15
3227998,user17
4430698,user16
4430698,user18
711926,user17
711926,user19
4211699,user18
4211699,user20
435809,user19
435809,user21
400908,user20
400908,user01
2068716,user21
2068716,user02
1781108,user01
1781108,user05
1432666,user02
1432666,user06
2343583,user03
2343583,user07
3011346,user04
3011346,user08
1351694,user05
1351694,user09
2827672,user06
2827672,user10
54163,user07
54163,user11
786698,user08
786698,user12
3647029,user09
3647029,user13
429278,user10
429278,user14
2569156,user11
2569156,user15
4444592,user12
4444592,user16
2119855,user13
2119855,user17
4053241,user14
4053241,user18
3490329,user15
3490329,user19
1895337,user16
1895337,user20
4262289,user17
4262289,user21
3621984,user18
3621984,user01
2180025,user19
2180025,user02
3851744,user20
3851744,user03
1970069,user21
1970069,user04
3302070,user01
3302070,user06
3201151,user02
3201151,user07
1377208,user03
1377208,user08
3144421,user04
3144421,user09
4052582,user05
4052582,user10
4570126,user06
4570126,user11
2827882,user07
2827882,user12
1738450,user08
1738450,user13
50045,user09
50045,user14
1774766,user10
1774766,user15
2563405,user11
2563405,user16
655075,user12
655075,user17
4064373,user13
4064373,user18
1778350,user14
1778350,user19
412577,user15
412577,user20
1885236,user16
1885236,user21
4327965,user17
4327965,user01
2180469,user18
2180469,user02
475724,user19
475724,user03
2194119,user20
2194119,user04
4195812,user21
4195812,user05
3931946,user01
3931946,user09
881787,user02
881787,user10
1333630,user03
1333630,user11
2737882,user04
2737882,user12
3140318,user05
3140318,user13
2063186,user06
2063186,user14
4206225,user07
4206225,user15
1478260,user08
1478260,user16
742415,user09
742415,user17
1966546,user10
1966546,user18
3626443,user11
3626443,user19
3234382,user12
3234382,user20
1563278,user13
1563278,user21
21712,user14
21712,user01
1575669,user15
1575669,user02
2220702,user16
2220702,user03
3947250,user17
3947250,user04
1246025,user18
1246025,user05
2952300,user19
2952300,user06
1224946,user20
1224946,user07
400228,user21
400228,user08
4494691,user01
4494691,user11
3168367,user02
3168367,user12
2720689,user03
2720689,user13
2571550,user04
2571550,user14
4020577,user05
4020577,user15
2656736,user06
2656736,user16
3564984,user07
3564984,user17
3177144,user08
3177144,user18
4471289,user09
4471289,user19
557966,user10
557966,user20
1838431,user11
1838431,user21
3323428,user12
3323428,user01
1314786,user13
1314786,user02
3733334,user14
3733334,user03
393638,user15
393638,user04
481712,user16
481712,user05
4431312,user17
4431312,user06
682462,user18
682462,user07
1850509,user19
1850509,user08
1106891,user20
1106891,user09
2731331,user21
2731331,user10
2787195,user01
2787195,user02
1371666,user02
1371666,user03
3050531,user03
3050531,user04
2778831,user04
2778831,user05
2968055,user05
2968055,user06
1264467,user06
1264467,user07
846534,user07
846534,user08
446259,user08
446259,user09
3239844,user09
3239844,user10
664691,user10
664691,user11
268617,user11
268617,user12
3219000,user12
3219000,user13
2615282,user13
2615282,user14
505532,user14
505532,user15
3478247,user15
3478247,user16
1735388,user16
1735388,user17
2339393,user17
2339393,user18
3737511,user18
3737511,user19
11797,user19
11797,user20
4234375,user20
4234375,user21
3733780,user21
3733780,user01
130265,user01
130265,user03
4512694,user02
4512694,user04
2960016,user03
2960016,user05
4144509,user04
4144509,user06
79568,user05
79568,user07
2293958,user06
2293958,user08
4438071,user07
4438071,user09
3611530,user08
3611530,user10
4217619,user09
4217619,user11
4117035,user10
4117035,user12
792172,user11
792172,user13
3212060,user12
3212060,user14
1525998,user13
1525998,user15
1682785,user14
1682785,user16
3972360,user15
3972360,user17
2601825,user16
2601825,user18
2373144,user17
2373144,user19
3511639,user18
3511639,user20
3884658,user19
3884658,user21
2298695,user20
2298695,user01
2446274,user21
2446274,user02
1892789,user01
1892789,user05
2676274,user02
2676274,user06
2868029,user03
2868029,user07
889038,user04
889038,user08
1593181,user05
1593181,user09
4080655,user06
4080655,user10
1433799,user07
1433799,user11
852203,user08
852203,user12
2618647,user09
2618647,user13
4206141,user10
4206141,user14
2779633,user11
2779633,user15
4239346,user12
4239346,user16
3998888,user13
3998888,user17
3930410,user14
3930410,user18
2171989,user15
2171989,user19
1139132,user16
1139132,user20
3563487,user17
3563487,user21
973136,user18
973136,user01
1114587,user19
1114587,user02
642672,user20
642672,user03
3073188,user21
3073188,user04
232291,user01
232291,user06
173481,user02
173481,user07
3556314,user03
3556314,user08
3581605,user04
3581605,user09
4012946,user05
4012946,user10
3222062,user06
3222062,user11
2790211,user07
2790211,user12
4300997,user08
4300997,user13
224263,user09
224263,user14
2546580,user10
2546580,user15
3492194,user11
3492194,user16
1177063,user12
1177063,user17
3932100,user13
3932100,user18
4554491,user14
4554491,user19
2441492,user15
2441492,user20
2542306,user16
2542306,user21
2784118,user17
2784118,user01
371164,user18
371164,user02
3458302,user19
3458302,user03
4434573,user20
4434573,user04
2999493,user21
2999493,user05
226181,user01
226181,user09
3200754,user02
3200754,user10
3883307,user03
3883307,user11
3540251,user04
3540251,user12
3861628,user05
3861628,user13
929406,user06
929406,user14
250870,user07
250870,user15
3679590,user08
3679590,user16
3474383,user09
3474383,user17
3372300,user10
3372300,user18
1594440,user11
1594440,user19
3602289,user12
3602289,user20
2920309,user13
2920309,user21
3296471,user14
3296471,user01
2358512,user15
2358512,user02
1861721,user16
1861721,user03
595533,user17
595533,user04
1346479,user18
1346479,user05
617839,user19
617839,user06
2724877,user20
2724877,user07
2237971,user21
2237971,user08
2714587,user01
2714587,user11
115086,user02
115086,user12
3343962,user03
3343962,user13
2125744,user04
2125744,user14
4410412,user05
4410412,user15
2371024,user06
2371024,user16
1176039,user07
1176039,user17
839291,user08
839291,user18
742518,user09
742518,user19
3997347,user10
3997347,user20
2625704,user11
2625704,user21
1412847,user12
1412847,user01
3541020,user13
3541020,user02
917982,user14
917982,user03
3357445,user15
3357445,user04
2202354,user16
2202354,user05
3389888,user17
3389888,user06
3474711,user18
3474711,user07
409147,user19
409147,user08
3810785,user20
3810785,user09
195275,user21
195275,user10
2618053,user01
2618053,user02
2488750,user02
2488750,user03
3556457,user03
3556457,user04
2714414,user04
2714414,user05
432314,user05
432314,user06
906929,user06
906929,user07
1551861,user07
1551861,user08
1392425,user08
1392425,user09
762983,user09
762983,user10
543421,user10
543421,user11
4217205,user11
4217205,user12
475279,user12
475279,user13
3627088,user13
3627088,user14
2174287,user14
2174287,user15
3131009,user15
3131009,user16
3490765,user16
3490765,user17
233136,user17
233136,user18
916339,user18
916339,user19
3869294,user19
3869294,user20
969198,user20
969198,user21
93126,user21
93126,user01
781338,user01
781338,user03
330708,user02
330708,user04
3567052,user03
3567052,user05
3035793,user04
3035793,user06
1287593,user05
1287593,user07
87421,user06
87421,user08
3359259,user07
3359259,user09
1855630,user08
1855630,user10
2039999,user09
2039999,user11
1747305,user10
1747305,user12
3142848,user11
3142848,user13
1238669,user12
1238669,user14
3125634,user13
3125634,user15
2120945,user14
2120945,user16
1350487,user15
1350487,user17
1736565,user16
1736565,user18
3901230,user17
3901230,user19
3129184,user18
3129184,user20
4197004,user19
4197004,user21
2466850,user20
2466850,user01
3224877,user21
3224877,user02
1610694,user01
1610694,user05
3212069,user02
3212069,user06
902965,user03
902965,user07
2267304,user04
2267304,user08
804370,user05
804370,user09
1962321,user06
1962321,user10
208958,user07
208958,user11
3245994,user08
3245994,user12
823407,user09
823407,user13
928170,user10
928170,user14
2808655,user11
2808655,user15
1181175,user12
1181175,user16
30660,user13
30660,user17
440260,user14
440260,user18
4207147,user15
4207147,user19
1538415,user16
1538415,user20
2595535,user17
2595535,user21
576653,user18
576653,user01
1976825,user19
1976825,user02
4192254,user20
4192254,user03
3792351,user21
3792351,user04
771878,user01
771878,user06
3157800,user02
3157800,user07
569656,user03
569656,user08
3732360,user04
3732360,user09
925506,user05
925506,user10
3135882,user06
3135882,user11
2192847,user07
2192847,user12
4204718,user08
4204718,user13
4011514,user09
4011514,user14
3124409,user10
3124409,user15
2776428,user11
2776428,user16
2234121,user12
2234121,user17
4428785,user13
4428785,user18
386555,user14
386555,user19
776738,user15
776738,user20
1056421,user16
1056421,user21
571390,user17
571390,user01
4442895,user18
4442895,user02
2097334,user19
2097334,user03
265585,user20
265585,user04
4223669,user21
4223669,user05
3099627,user01
3099627,user09
595261,user02
595261,user10
393940,user03
393940,user11
471697,user04
471697,user12
3231506,user05
3231506,user13
4566758,user06
4566758,user14
779902,user07
779902,user15
2179457,user08
2179457,user16
1235579,user09
1235579,user17
3697672,user10
3697672,user18
1603753,user11
1603753,user19
459088,user12
459088,user20
1929878,user13
1929878,user21
2899199,user14
2899199,user01
14647,user15
14647,user02
1457422,user16
1457422,user03
1740163,user17
1740163,user04
1796356,user18
1796356,user05
1903875,user19
1903875,user06
3640305,user20
3640305,user07
2295884,user21
2295884,user08
404683,user01
404683,user11
4217604,user02
4217604,user12
719057,user03
719057,user13
2818494,user04
2818494,user14
1264697,user05
1264697,user15
1436886,user06
1436886,user16
4402395,user07
4402395,user17
17709,user08
17709,user18
1359363,user09
1359363,user19
1351557,user10
1351557,user20
1854797,user11
1854797,user21
2363159,user12
2363159,user01
2432442,user13
2432442,user02
3679941,user14
3679941,user03
1076021,user15
1076021,user04
2072356,user16
2072356,user05
4261392,user17
4261392,user06
2779568,user18
2779568,user07
2068359,user19
2068359,user08
3914047,user20
3914047,user09
1131293,user21
1131293,user10
432075,user01
432075,user02
8552,user02
8552,user03
1737474,user03
1737474,user04
979792,user04
979792,user05
2928341,user05
2928341,user06
3012312,user06
3012312,user07
2732053,user07
2732053,user08
4409612,user08
4409612,user09
2064195,user09
2064195,user10
2837953,user10
2837953,user11
4414664,user11
4414664,user12
2219388,user12
2219388,user13
2255657,user13
2255657,user14
1864288,user14
1864288,user15
1380413,user15
1380413,user16
1438910,user16
1438910,user17
2989283,user17
2989283,user18
2144583,user18
2144583,user19
2188255,user19
2188255,user20
3657366,user20
3657366,user21
1787091,user21
1787091,user01
2463142,user01
2463142,user03
3174019,user02
3174019,user04
1215499,user03
1215499,user05
2068212,user04
2068212,user06
636947,user05
636947,user07
3335714,user06
3335714,user08
563459,user07
563459,user09
1744175,user08
1744175,user10
2087139,user09
2087139,user11
4012141,user10
4012141,user12
2788554,user11
2788554,user13
799084,user12
799084,user14
3278988,user13
3278988,user15
1552256,user14
1552256,user16
89407,user15
89407,user17
3522227,user16
3522227,user18
4500891,user17
4500891,user19
2509104,user18
2509104,user20
2097109,user19
2097109,user21
2864709,user20
2864709,user01
859290,user21
859290,user02
3544727,user01
3544727,user05
4440972,user02
4440972,user06
3009800,user03
3009800,user07
2154273,user04
2154273,user08
2343616,user05
2343616,user09
1405358,user06
1405358,user10
2605084,user07
2605084,user11
4046687,user08
4046687,user12
3546054,user09
3546054,user13
1564015,user10
1564015,user14
1457929,user11
1457929,user15
3909182,user12
3909182,user16
190209,user13
190209,user17
4335206,user14
4335206,user18
1535055,user15
1535055,user19
4306326,user16
4306326,user20
2184994,user17
2184994,user21
1536960,user18
1536960,user01
2963696,user19
2963696,user02
3911704,user20
3911704,user03
3184534,user21
3184534,user04
1018058,user01
1018058,user06
4202374,user02
4202374,user07
1394033,user03
1394033,user08
4129990,user04
4129990,user09
2629396,user05
2629396,user10
4159274,user06
4159274,user11
1321039,user07
1321039,user12
1882275,user08
1882275,user13
1712014,user09
1712014,user14
1432677,user10
1432677,user15
1988740,user11
1988740,user16
3167100,user12
3167100,user17
3063592,user13
3063592,user18
1598635,user14
1598635,user19
1315715,user15
1315715,user20
233823,user16
233823,user21
3617992,user17
3617992,user01
918114,user18
918114,user02
3211686,user19
3211686,user03
3282193,user20
3282193,user04
2531413,user21
2531413,user05
833584,user01
833584,user09
1155763,user02
1155763,user10
477397,user03
477397,user11
1983897,user04
1983897,user12
2659297,user05
2659297,user13
3814538,user06
3814538,user14
4391821,user07
4391821,user15
3385623,user08
3385623,user16
783114,user09
783114,user17
492854,user10
492854,user18
4399142,user11
4399142,user19
1734911,user12
1734911,user20
4439868,user13
4439868,user21
4796,user14
4796,user01
1935376,user15
1935376,user02
3040031,user16
3040031,user03
3170329,user17
3170329,user04
4425740,user18
4425740,user05
109823,user19
109823,user06
3011323,user20
3011323,user07
1669336,user21
1669336,user08
1689604,user01
1689604,user11
497929,user02
497929,user12
4520250,user03
4520250,user13
1752332,user04
1752332,user14
651582,user05
651582,user15
1518114,user06
1518114,user16
397186,user07
397186,user17
4549458,user08
4549458,user18
3360349,user09
3360349,user19
2678504,user10
2678504,user20
3859519,user11
3859519,user21
4202934,user12
4202934,user01
4001527,user13
4001527,user02
965356,user14
965356,user03
4512091,user15
4512091,user04
3903680,user16
3903680,user05
3499647,user17
3499647,user06
2454058,user18
2454058,user07
3941070,user19
3941070,user08
3178722,user20
3178722,user09
4210043,user21
4210043,user10
3257586,user01
3257586,user02
4487422,user02
4487422,user03
1680909,user03
1680909,user04
3228330,user04
3228330,user05
518611,user05
518611,user06
3165238,user06
3165238,user07
1152603,user07
1152603,user08
3057795,user08
3057795,user09
2794997,user09
2794997,user10
2109597,user10
2109597,user11
373063,user11
373063,user12
408603,user12
408603,user13
2064172,user13
2064172,user14
1329157,user14
1329157,user15
4416792,user15
4416792,user16
3931544,user16
3931544,user17
330035,user17
330035,user18
3596809,user18
3596809,user19
243126,user19
243126,user20
3541762,user20
3541762,user21
2218041,user21
2218041,user01
1711382,user01
1711382,user03
3521841,user02
3521841,user04
374650,user03
374650,user05
4041572,user04
4041572,user06
4112451,user05
4112451,user07
4118914,user06
4118914,user08
73160,user07
73160,user09
3033229,user08
3033229,user10
1009296,user09
1009296,user11
2072364,user10
2072364,user12
4479734,user11
4479734,user13
4067564,user12
4067564,user14
966556,user13
966556,user15
477650,user14
477650,user16
867761,user15
867761,user17
26308,user16
26308,user18
239853,user17
239853,user19
2168030,user18
2168030,user20
4261490,user19
4261490,user21
1781899,user20
1781899,user01
4279685,user21
4279685,user02
1322150,user01
1322150,user05
65061,user02
65061,user06
2052377,user03
2052377,user07
1329357,user04
1329357,user08
3494029,user05
3494029,user09
2299035,user06
2299035,user10
3386837,user07
3386837,user11
243124,user08
243124,user12
1993869,user09
1993869,user13
130365,user10
130365,user14
4462215,user11
4462215,user15
2192998,user12
2192998,user16
637266,user13
637266,user17
40576,user14
40576,user18
495875,user15
495875,user19
3012324,user16
3012324,user20
2680776,user17
2680776,user21
1509605,user18
1509605,user01
4410132,user19
4410132,user02
4417924,user20
4417924,user03
1714570,user21
1714570,user04
1117741,user01
1117741,user06
4485815,user02
4485815,user07
2530664,user03
2530664,user08
69125,user04
69125,user09
1882413,user05
1882413,user10
1268016,user06
1268016,user11
3277619,user07
3277619,user12
1711639,user08
1711639,user13
1897576,user09
1897576,user14
2412818,user10
2412818,user15
2525748,user11
2525748,user16
87555,user12
87555,user17
2485518,user13
2485518,user18
3179110,user14
3179110,user19
1894210,user15
1894210,user20
977495,user16
977495,user21
968468,user17
968468,user01
505547,user18
505547,user02
3506989,user19
3506989,user03
3511619,user20
3511619,user04
1193062,user21
1193062,user05
500322,user01
500322,user09
2562613,user02
2562613,user10
253297,user03
253297,user11
4485473,user04
4485473,user12
3512388,user05
3512388,user13
983781,user06
983781,user14
2011937,user07
2011937,user15
3554178,user08
3554178,user16
2436243,user09
2436243,user17
3246005,user10
3246005,user18
151010,user11
151010,user19
2142134,user12
2142134,user20
662683,user13
662683,user21
889041,user14
889041,user01
2624150,user15
2624150,user02
2365813,user16
2365813,user03
4494972,user17
4494972,user04
1566508,user18
1566508,user05
47381,user19
47381,user06
2444239,user20
2444239,user07
379309,user21
379309,user08
1890705,user01
1890705,user11
2142110,user02
2142110,user12
2779212,user03
2779212,user13
3255518,user04
3255518,user14
4566277,user05
4566277,user15
4347057,user06
4347057,user16
2725544,user07
2725544,user17
760415,user08
760415,user18
3579170,user09
3579170,user19
4351544,user10
4351544,user20
1597403,user11
1597403,user21
1147662,user12
1147662,user01
2140925,user13
2140925,user02
4483193,user14
4483193,user03
3956433,user15
3956433,user04
3218622,user16
3218622,user05
1993817,user17
1993817,user06
1831293,user18
1831293,user07
1470118,user19
1470118,user08
3956211,user20
3956211,user09
1278404,user21
1278404,user10
1266384,user01
1266384,user02
3129567,user02
3129567,user03
4236288,user03
4236288,user04
485742,user04
485742,user05
3882310,user05
3882310,user06
3280356,user06
3280356,user07
3929061,user07
3929061,user08
4566858,user08
4566858,user09
3687188,user09
3687188,user10
194809,user10
194809,user11
3489995,user11
3489995,user12
2192702,user12
2192702,user13
2052271,user13
2052271,user14
425874,user14
425874,user15
2294820,user15
2294820,user16
1200882,user16
1200882,user17
71921,user17
71921,user18
4127149,user18
4127149,user19
3873003,user19
3873003,user20
3838023,user20
3838023,user21
1861793,user21
1861793,user01
425806,user01
425806,user03
1903890,user02
1903890,user04
565824,user03
565824,user05
2491385,user04
2491385,user06
1318041,user05
1318041,user07
2174283,user06
2174283,user08
1868032,user07
1868032,user09
17691,user08
17691,user10
4213315,user09
4213315,user11
1798773,user10
1798773,user12
2378111,user11
2378111,user13
1855713,user12
1855713,user14
2114045,user13
2114045,user15
1140956,user14
1140956,user16
4273645,user15
4273645,user17
1309766,user16
1309766,user18
2581805,user17
2581805,user19
2358770,user18
2358770,user20
1750139,user19
1750139,user21
1191492,user20
1191492,user01
907119,user21
907119,user02
4380395,user01
4380395,user05
2556163,user02
2556163,user06
1713265,user03
1713265,user07
4498855,user04
4498855,user08
368769,user05
368769,user09
3951476,user06
3951476,user10
3732008,user07
3732008,user11
3566765,user08
3566765,user12
4209503,user09
4209503,user13
2259333,user10
2259333,user14
3010061,user11
3010061,user15
3083933,user12
3083933,user16
2181164,user13
2181164,user17
4360028,user14
4360028,user18
567988,user15
567988,user19
4260570,user16
4260570,user20
917439,user17
917439,user21
124444,user18
124444,user01
1529963,user19
1529963,user02
1878229,user20
1878229,user03
3252654,user21
3252654,user04
3863971,user01
3863971,user06
916829,user02
916829,user07
3668964,user03
3668964,user08
3066408,user04
3066408,user09
83347,user05
83347,user10
3602852,user06
3602852,user11
2218024,user07
2218024,user12
3209882,user08
3209882,user13
3865538,user09
3865538,user14
3646971,user10
3646971,user15
994935,user11
994935,user16
1426610,user12
1426610,user17
3500546,user13
3500546,user18
3135195,user14
3135195,user19
699686,user15
699686,user20
1614663,user16
1614663,user21
1041344,user17
1041344,user01
2731706,user18
2731706,user02
3300038,user19
3300038,user03
2165037,user20
2165037,user04
1563277,user21
1563277,user05
2019242,user01
2019242,user09
402642,user02
402642,user10
1539557,user03
1539557,user11
3990309,user04
3990309,user12
4367577,user05
4367577,user13
2383645,user06
2383645,user14
1271667,user07
1271667,user15
4519406,user08
4519406,user16
3806297,user09
3806297,user17
1698621,user10
1698621,user18
2232049,user11
2232049,user19
222428,user12
222428,user20
4332495,user13
4332495,user21
4201459,user14
4201459,user01
358426,user15
358426,user02
2426355,user16
2426355,user03
422022,user17
422022,user04
1895687,user18
1895687,user05
3010570,user19
3010570,user06
93127,user20
93127,user07
4551529,user21
4551529,user08
1733044,user01
1733044,user11
3006644,user02
3006644,user12
2697245,user03
2697245,user13
666206,user04
666206,user14
49108,user05
49108,user15
1350352,user06
1350352,user16
3709882,user07
3709882,user17
3155191,user08
3155191,user18
2275973,user09
2275973,user19
2656880,user10
2656880,user20
3888794,user11
3888794,user21
782310,user12
782310,user01
1906083,user13
1906083,user02
3146825,user14
3146825,user03
4126923,user15
4126923,user04
2337440,user16
2337440,user05
2186814,user17
2186814,user06
976207,user18
976207,user07
3813517,user19
3813517,user08
1118699,user20
1118699,user09
1861850,user21
1861850,user10
3133708,user01
3133708,user02
4155185,user02
4155185,user03
1529081,user03
1529081,user04
1672569,user04
1672569,user05
3828379,user05
3828379,user06
2306671,user06
2306671,user07
4314932,user07
4314932,user08
3733137,user08
3733137,user09
2645355,user09
2645355,user10
1451433,user10
1451433,user11
2219164,user11
2219164,user12
2643124,user12
2643124,user13
340540,user13
340540,user14
3625672,user14
3625672,user15
478554,user15
478554,user16
2114093,user16
2114093,user17
430949,user17
430949,user18
57655,user18
57655,user19
1980991,user19
1980991,user20
437269,user20
437269,user21
3622952,user21
3622952,user01
786692,user01
786692,user03
2414232,user02
2414232,user04
390463,user03
390463,user05
1146348,user04
1146348,user06
508064,user05
508064,user07
879246,user06
879246,user08
81598,user07
81598,user09
1855235,user08
1855235,user10
3902794,user09
3902794,user11
4281158,user10
4281158,user12
3843240,user11
3843240,user13
1890241,user12
1890241,user14
314149,user13
314149,user15
1856770,user14
1856770,user16
1912853,user15
1912853,user17
1873293,user16
1873293,user18
4376126,user17
4376126,user19
1189219,user18
1189219,user20
1941463,user19
1941463,user21
4168681,user20
4168681,user01
1903055,user21
1903055,user02
92241,user01
92241,user05
2295639,user02
2295639,user06
4397559,user03
4397559,user07
1708525,user04
1708525,user08
2671868,user05
2671868,user09
600240,user06
600240,user10
380713,user07
380713,user11
1759506,user08
1759506,user12
679774,user09
679774,user13
4210094,user10
4210094,user14
495659,user11
495659,user15
3031586,user12
3031586,user16
495867,user13
495867,user17
3565902,user14
3565902,user18
98296,user15
98296,user19
4461232,user16
4461232,user20
3359826,user17
3359826,user21
2302417,user18
2302417,user01
3063096,user19
3063096,user02
405959,user20
405959,user03
1566847,user21
1566847,user04
4106867,user01
4106867,user06
1640920,user02
1640920,user07
1849526,user03
1849526,user08
2483601,user04
2483601,user09
153840,user05
153840,user10
106394,user06
106394,user11
3061028,user07
3061028,user12
2382182,user08
2382182,user13
3442129,user09
3442129,user14
3505267,user10
3505267,user15
2717984,user11
2717984,user16
486859,user12
486859,user17
3994101,user13
3994101,user18
3524193,user14
3524193,user19
4481130,user15
4481130,user20
3236440,user16
3236440,user21
3493806,user17
3493806,user01
887121,user18
887121,user02
2834854,user19
2834854,user03
1005938,user20
1005938,user04
1746736,user21
1746736,user05
935700,user01
935700,user09
1505691,user02
1505691,user10
203546,user03
203546,user11
1777258,user04
1777258,user12
3613041,user05
3613041,user13
2850008,user06
2850008,user14
2395556,user07
2395556,user15
16332,user08
16332,user16
81575,user09
81575,user17
301835,user10
301835,user18
3937762,user11
3937762,user19
3399280,user12
3399280,user20
4551527,user13
4551527,user21
2326131,user14
2326131,user01
34983,user15
34983,user02
4121801,user16
4121801,user03
706770,user17
706770,user04
2808647,user18
2808647,user05
4438076,user19
4438076,user06
3938120,user20
3938120,user07
821176,user21
821176,user08
3609511,user01
3609511,user11
3678431,user02
3678431,user12
55869,user03
55869,user13
3184371,user04
3184371,user14
2053984,user05
2053984,user15
3201824,user06
3201824,user16
2837968,user07
2837968,user17
2299916,user08
2299916,user18
1437889,user09
1437889,user19
127978,user10
127978,user20
897907,user11
897907,user21
2311358,user12
2311358,user01
192635,user13
192635,user02
123728,user14
123728,user03
3167295,user15
3167295,user04
4422301,user16
4422301,user05
1501966,user17
1501966,user06
1891960,user18
1891960,user07
2461871,user19
2461871,user08
1966399,user20
1966399,user09
3946202,user21
3946202,user10
3208091,user01
3208091,user02
2345846,user02
2345846,user03
4387998,user03
4387998,user04
3834366,user04
3834366,user05
2457321,user05
2457321,user06
3975447,user06
3975447,user07
4025161,user07
4025161,user08
62668,user08
62668,user09
1963648,user09
1963648,user10
3826301,user10
3826301,user11
4302502,user11
4302502,user12
4289171,user12
4289171,user13
425567,user13
425567,user14
20138,user14
20138,user15
3600172,user15
3600172,user16
3508995,user16
3508995,user17
4084080,user17
4084080,user18
278447,user18
278447,user19
1183197,user19
1183197,user20
2784918,user20
2784918,user21
1119715,user21
1119715,user01
3757595,user01
3757595,user03
1021084,user02
1021084,user04
2083244,user03
2083244,user05
1120477,user04
1120477,user06
3351561,user05
3351561,user07
1988691,user06
1988691,user08
2390891,user07
2390891,user09
690709,user08
690709,user10
4425524,user09
4425524,user11
1285075,user10
1285075,user12
2701417,user11
2701417,user13
3623177,user12
3623177,user14
3883963,user13
3883963,user15
331402,user14
331402,user16
2177851,user15
2177851,user17
4122956,user16
4122956,user18
2635042,user17
2635042,user19
3949924,user18
3949924,user20
3160116,user19
3160116,user21
4502306,user20
4502306,user01
3863328,user21
3863328,user02
2068362,user01
2068362,user05
2994446,user02
2994446,user06
123761,user03
123761,user07
2200429,user04
2200429,user08
1764173,user05
1764173,user09
986008,user06
986008,user10
3916942,user07
3916942,user11
4506263,user08
4506263,user12
3546582,user09
3546582,user13
531198,user10
531198,user14
2964346,user11
2964346,user15
4021444,user12
4021444,user16
4431554,user13
4431554,user17
902785,user14
902785,user18
3184566,user15
3184566,user19
1247502,user16
1247502,user20
3083586,user17
3083586,user21
119257,user18
119257,user01
380506,user19
380506,user02
1993815,user20
1993815,user03
129670,user21
129670,user04
3067792,user01
3067792,user06
4301581,user02
4301581,user07
1875730,user03
1875730,user08
685266,user04
685266,user09
1287581,user05
1287581,user10
2536847,user06
2536847,user11
3484731,user07
3484731,user12
4370353,user08
4370353,user13
1757663,user09
1757663,user14
3070889,user10
3070889,user15
3761632,user11
3761632,user16
490159,user12
490159,user17
397853,user13
397853,user18
4431627,user14
4431627,user19
4253497,user15
4253497,user20
3325802,user16
3325802,user21
2466086,user17
2466086,user01
3065922,user18
3065922,user02
140032,user19
140032,user03
4338545,user20
4338545,user04
3194730,user21
3194730,user05
2632543,user01
2632543,user09
4544452,user02
4544452,user10
3599390,user03
3599390,user11
2342207,user04
2342207,user12
3229124,user05
3229124,user13
3913290,user06
3913290,user14
818605,user07
818605,user15
2108064,user08
2108064,user16
3666964,user09
3666964,user17
102314,user10
102314,user18
4005507,user11
4005507,user19
4274571,user12
4274571,user20
1107535,user13
1107535,user21
3839168,user14
3839168,user01
4100071,user15
4100071,user02
1913215,user16
1913215,user03
3024865,user17
3024865,user04
142864,user18
142864,user05
2334014,user19
2334014,user06
1841230,user20
1841230,user07
1864909,user21
1864909,user08
3606519,user01
3606519,user11
1662979,user02
1662979,user12
2194299,user03
2194299,user13
2298696,user04
2298696,user14
2093544,user05
2093544,user15
4217625,user06
4217625,user16
1442596,user07
1442596,user17
47885,user08
47885,user18
3053185,user09
3053185,user19
3136841,user10
3136841,user20
112916,user11
112916,user21
404116,user12
404116,user01
2588579,user13
2588579,user02
4128872,user14
4128872,user03
3562612,user15
3562612,user04
3369764,user16
3369764,user05
100287,user17
100287,user06
4077686,user18
4077686,user07
106185,user19
106185,user08
3863219,user20
3863219,user09
2133485,user21
2133485,user10
108207,user01
108207,user02
1039411,user02
1039411,user03
3220553,user03
3220553,user04
872145,user04
872145,user05
442962,user05
442962,user06
1613960,user06
1613960,user07
3253506,user07
3253506,user08
2278260,user08
2278260,user09
1732722,user09
1732722,user10
1435074,user10
1435074,user11
137357,user11
137357,user12
1418262,user12
1418262,user13
3078598,user13
3078598,user14
260573,user14
260573,user15
1614880,user15
1614880,user16
179591,user16
179591,user17
1775140,user17
1775140,user18
2577078,user18
2577078,user19
475911,user19
475911,user20
3278108,user20
3278108,user21
2486321,user21
2486321,user01
2457691,user01
2457691,user03
4374009,user02
4374009,user04
3982887,user03
3982887,user05
2272595,user04
2272595,user06
4159978,user05
4159978,user07
2797618,user06
2797618,user08
3838701,user07
3838701,user09
2645808,user08
2645808,user10
2452684,user09
2452684,user11
1760214,user10
1760214,user12
878654,user11
878654,user13
630939,user12
630939,user14
2115015,user13
2115015,user15
4127764,user14
4127764,user16
151008,user15
151008,user17
524675,user16
524675,user18
1757908,user17
1757908,user19
1592988,user18
1592988,user20
169337,user19
169337,user21
1863227,user20
1863227,user01
3847456,user21
3847456,user02
4211722,user01
4211722,user05
4239198,user02
4239198,user06
2064895,user03
2064895,user07
2000463,user04
2000463,user08
3559158,user05
3559158,user09
4193131,user06
4193131,user10
3557216,user07
3557216,user11
4042656,user08
4042656,user12
2879652,user09
2879652,user13
2480139,user10
2480139,user14
3916089,user11
3916089,user15
1118203,user12
1118203,user16
984338,user13
984338,user17
3221083,user14
3221083,user18
2993265,user15
2993265,user19
760332,user16
760332,user20
2190579,user17
2190579,user21
1880424,user18
1880424,user01
3984529,user19
3984529,user02
333916,user20
333916,user03
2119831,user21
2119831,user04
4311947,user01
4311947,user06
4356340,user02
4356340,user07
2500757,user03
2500757,user08
1165564,user04
1165564,user09
1411591,user05
1411591,user10
2837957,user06
2837957,user11
1323479,user07
1323479,user12
1191500,user08
1191500,user13
3921059,user09
3921059,user14
1210976,user10
1210976,user15
4010655,user11
4010655,user16
3930678,user12
3930678,user17
3022627,user13
3022627,user18
2791963,user14
2791963,user19
2317513,user15
2317513,user20
15936,user16
15936,user21
1858333,user17
1858333,user01
1458511,user18
1458511,user02
2291717,user19
2291717,user03
122646,user20
122646,user04
3057435,user21
3057435,user05
923995,user01
923995,user09
626499,user02
626499,user10
1710093,user03
1710093,user11
3166482,user04
3166482,user12
496037,user05
496037,user13
301941,user06
301941,user14
3011514,user07
3011514,user15
77946,user08
77946,user16
914506,user09
914506,user17
3318214,user10
3318214,user18
3448127,user11
3448127,user19
4425217,user12
4425217,user20
3878752,user13
3878752,user21
459512,user14
459512,user01
2043600,user15
2043600,user02
3369128,user16
3369128,user03
169335,user17
169335,user04
2015211,user18
2015211,user05
1249871,user19
1249871,user06
3835789,user20
3835789,user07
792906,user21
792906,user08
1309173,user01
1309173,user11
1239458,user02
1239458,user12
3465348,user03
3465348,user13
3355544,user04
3355544,user14
212857,user05
212857,user15
2600435,user06
2600435,user16
4224182,user07
4224182,user17
4573057,user08
4573057,user18
2546583,user09
2546583,user19
4523585,user10
4523585,user20
563364,user11
563364,user21
93301,user12
93301,user01
4301048,user13
4301048,user02
138841,user14
138841,user03
1692269,user15
1692269,user04
3105451,user16
3105451,user05
925256,user17
925256,user06
926765,user18
926765,user07
4074664,user19
4074664,user08
2190113,user20
2190113,user09
3863606,user21
3863606,user10
1715622,user01
1715622,user02
1756596,user02
1756596,user03
4382770,user03
4382770,user04
1615882,user04
1615882,user05
3721331,user05
3721331,user06
1948146,user06
1948146,user07
4117807,user07
4117807,user08
3451887,user08
3451887,user09
398045,user09
398045,user10
475766,user10
475766,user11
519425,user11
519425,user12
3149727,user12
3149727,user13
4122355,user13
4122355,user14
4094927,user14
4094927,user15
1436888,user15
1436888,user16
2296363,user16
2296363,user17
767125,user17
767125,user18
2325706,user18
2325706,user19
4168670,user19
4168670,user20
439334,user20
439334,user21
875251,user21
875251,user01
2397228,user01
2397228,user03
2566580,user02
2566580,user04
2460466,user03
2460466,user05
4368805,user04
4368805,user06
1254993,user05
1254993,user07
4516651,user06
4516651,user08
1882357,user07
1882357,user09
4149565,user08
4149565,user10
3607993,user09
3607993,user11
1880367,user10
1880367,user12
326858,user11
326858,user13
190424,user12
190424,user14
3889309,user13
3889309,user15
927689,user14
927689,user16
250680,user15
250680,user17
421896,user16
421896,user18
2217039,user17
2217039,user19
1985132,user18
1985132,user20
3456143,user19
3456143,user21
1327493,user20
1327493,user01
59595,user21
59595,user02
3143766,user01
3143766,user05
1364048,user02
1364048,user06
4535169,user03
4535169,user07
4500829,user04
4500829,user08
3479140,user05
3479140,user09
3586375,user06
3586375,user10
2469249,user07
2469249,user11
2152303,user08
2152303,user12
2224165,user09
2224165,user13
85293,user10
85293,user14
1706764,user11
1706764,user15
4446192,user12
4446192,user16
3083737,user13
3083737,user17
1878319,user14
1878319,user18
413872,user15
413872,user19
3083252,user16
3083252,user20
1277,user17
1277,user21
4440434,user18
4440434,user01
614547,user19
614547,user02
2523191,user20
2523191,user03
2224696,user21
2224696,user04
1746020,user01
1746020,user06
786706,user02
786706,user07
3052753,user03
3052753,user08
2102038,user04
2102038,user09
1122985,user05
1122985,user10
342114,user06
342114,user11
121625,user07
121625,user12
2144194,user08
2144194,user13
2637276,user09
2637276,user14
2850001,user10
2850001,user15
1499990,user11
1499990,user16
2626416,user12
2626416,user17
4339617,user13
4339617,user18
696997,user14
696997,user19
1274714,user15
1274714,user20
4162853,user16
4162853,user21
3576524,user17
3576524,user01
113063,user18
113063,user02
648707,user19
648707,user03
2838428,user20
2838428,user04
2872199,user21
2872199,user05
1968920,user01
1968920,user09
3904537,user02
3904537,user10
1781552,user03
1781552,user11
4457257,user04
4457257,user12
329507,user05
329507,user13
4004223,user06
4004223,user14
4178975,user07
4178975,user15
901276,user08
901276,user16
1152107,user09
1152107,user17
1628262,user10
1628262,user18
2176705,user11
2176705,user19
2850477,user12
2850477,user20
2299055,user13
2299055,user21
1268633,user14
1268633,user01
1147852,user15
1147852,user02
2997387,user16
2997387,user03
249078,user17
249078,user04
679560,user18
679560,user05
2192301,user19
2192301,user06
2901994,user20
2901994,user07
2192854,user21
2192854,user08
232820,user01
232820,user11
2743053,user02
2743053,user12
1753025,user03
1753025,user13
2841242,user04
2841242,user14
1350279,user05
1350279,user15
972133,user06
972133,user16
1754192,user07
1754192,user17
3071330,user08
3071330,user18
3677567,user09
3677567,user19
945775,user10
945775,user20
1825853,user11
1825853,user21
172268,user12
172268,user01
4480650,user13
4480650,user02
3212176,user14
3212176,user03
2091570,user15
2091570,user04
1301884,user16
1301884,user05
4340536,user17
4340536,user06
3946758,user18
3946758,user07
2572159,user19
2572159,user08
3083757,user20
3083757,user09
2104576,user21
2104576,user10
216807,user01
216807,user02
2732402,user02
2732402,user03
988594,user03
988594,user04
3956888,user04
3956888,user05
2635588,user05
2635588,user06
3936655,user06
3936655,user07
1657999,user07
1657999,user08
2886330,user08
2886330,user09
2525143,user09
2525143,user10
3849467,user10
3849467,user11
3941074,user11
3941074,user12
175017,user12
175017,user13
3224900,user13
3224900,user14
1844896,user14
1844896,user15
3940201,user15
3940201,user16
600620,user16
600620,user17
1435692,user17
1435692,user18
3791369,user18
3791369,user19
2535292,user19
2535292,user20
2165962,user20
2165962,user21
4422235,user21
4422235,user01
1496859,user01
1496859,user03
3207316,user02
3207316,user04
2018544,user03
2018544,user05
2363894,user04
2363894,user06
1151397,user05
1151397,user07
3202587,user06
3202587,user08
4130090,user07
4130090,user09
1329758,user08
1329758,user10
3387962,user09
3387962,user11
1340159,user10
1340159,user12
1731151,user11
1731151,user13
4146158,user12
4146158,user14
3945939,user13
3945939,user15
3343849,user14
3343849,user16
3324636,user15
3324636,user17
1849540,user16
1849540,user18
4119164,user17
4119164,user19
1711657,user18
1711657,user20
48609,user19
48609,user21
4211654,user20
4211654,user01
921138,user21
921138,user02
3465324,user01
3465324,user05
3002964,user02
3002964,user06
965743,user03
965743,user07
1325977,user04
1325977,user08
3351957,user05
3351957,user09
4533524,user06
4533524,user10
1519700,user07
1519700,user11
3222843,user08
3222843,user12
4211067,user09
4211067,user13
2786724,user10
2786724,user14
3379096,user11
3379096,user15
487992,user12
487992,user16
2757532,user13
2757532,user17
2316999,user14
2316999,user18
2267295,user15
2267295,user19
1426874,user16
1426874,user20
810795,user17
810795,user21
1794348,user18
1794348,user01
698548,user19
698548,user02
2166151,user20
2166151,user03
1775003,user21
1775003,user04
4263428,user01
4263428,user06
935683,user02
935683,user07
1882727,user03
1882727,user08
2647809,user04
2647809,user09
2062350,user05
2062350,user10
3212527,user06
3212527,user11
1924023,user07
1924023,user12
442746,user08
442746,user13
1931827,user09
1931827,user14
3200265,user10
3200265,user15
3145872,user11
3145872,user16
801859,user12
801859,user17
3386276,user13
3386276,user18
2778713,user14
2778713,user19
1610971,user15
1610971,user20
3879723,user16
3879723,user21
3805681,user17
3805681,user01
4274523,user18
4274523,user02
1857659,user19
1857659,user03
3992999,user20
3992999,user04
4158088,user21
4158088,user05
934096,user01
934096,user09
814241,user02
814241,user10
3922579,user03
3922579,user11
3167963,user04
3167963,user12
1402168,user05
1402168,user13
2135674,user06
2135674,user14
4166726,user07
4166726,user15
4076089,user08
4076089,user16
559761,user09
559761,user17
4426443,user10
4426443,user18
2986652,user11
2986652,user19
2228462,user12
2228462,user20
3949497,user13
3949497,user21
2349112,user14
2349112,user01
4397738,user15
4397738,user02
554117,user16
554117,user03
4433381,user17
4433381,user04
4321553,user18
4321553,user05
1268610,user19
1268610,user06
99117,user20
99117,user07
2299691,user21
2299691,user08
2412307,user01
2412307,user11
355808,user02
355808,user12
3947753,user03
3947753,user13
1516263,user04
1516263,user14
2049961,user05
2049961,user15
4207525,user06
4207525,user16
4301997,user07
4301997,user17
1415131,user08
1415131,user18
1244744,user09
1244744,user19
3628567,user10
3628567,user20
2204385,user11
2204385,user21
4334851,user12
4334851,user01
1499870,user13
1499870,user02
4125548,user14
4125548,user03
1873798,user15
1873798,user04
2464032,user16
2464032,user05
1752367,user17
1752367,user06
905689,user18
905689,user07
3212071,user19
3212071,user08
356106,user20
356106,user09
4127096,user21
4127096,user10
3949353,user01
3949353,user02
3070456,user02
3070456,user03
379673,user03
379673,user04
53639,user04
53639,user05
3355515,user05
3355515,user06
4347053,user06
4347053,user07
2680830,user07
2680830,user08
4499961,user08
4499961,user09
607102,user09
607102,user10
3122211,user10
3122211,user11
2493761,user11
2493761,user12
3170360,user12
3170360,user13
1987782,user13
1987782,user14
1543161,user14
1543161,user15
3472032,user15
3472032,user16
4453599,user16
4453599,user17
3130171,user17
3130171,user18
844019,user18
844019,user19
3482144,user19
3482144,user20
3600604,user20
3600604,user21
2551686,user21
2551686,user01
1771223,user01
1771223,user03
226581,user02
226581,user04
1540275,user03
1540275,user05
3963210,user04
3963210,user06
3344006,user05
3344006,user07
2481799,user06
2481799,user08
845674,user07
845674,user09
4394286,user08
4394286,user10
2342583,user09
2342583,user11
4132279,user10
4132279,user12
3935020,user11
3935020,user13
2383056,user12
2383056,user14
113144,user13
113144,user15
3861653,user14
3861653,user16
2404593,user15
2404593,user17
2133332,user16
2133332,user18
2255440,user17
2255440,user19
4148242,user18
4148242,user20
1468036,user19
1468036,user21
2907268,user20
2907268,user01
2501009,user21
2501009,user02
458280,user01
458280,user05
569493,user02
569493,user06
927190,user03
927190,user07
3891711,user04
3891711,user08
2502520,user05
2502520,user09
1013971,user06
1013971,user10
1350817,user07
1350817,user11
2645033,user08
2645033,user12
516583,user09
516583,user13
1359393,user10
1359393,user14
479754,user11
479754,user15
2106725,user12
2106725,user16
1887046,user13
1887046,user17
4508385,user14
4508385,user18
3212063,user15
3212063,user19
4499350,user16
4499350,user20
1890908,user17
1890908,user21
111247,user18
111247,user01
963552,user19
963552,user02
2167724,user20
2167724,user03
589354,user21
589354,user04
209204,user01
209204,user06
584957,user02
584957,user07
926031,user03
926031,user08
146563,user04
146563,user09
1260245,user05
1260245,user10
1831579,user06
1831579,user11
479732,user07
479732,user12
1462400,user08
1462400,user13
85176,user09
85176,user14
540453,user10
540453,user15
358371,user11
358371,user16
1762499,user12
1762499,user17
1308939,user13
1308939,user18
1552910,user14
1552910,user19
8772,user15
8772,user20
4487360,user16
4487360,user21
1329862,user17
1329862,user01
4164796,user18
4164796,user02
408661,user19
408661,user03
1808331,user20
1808331,user04
2129036,user21
2129036,user05
53767,user01
53767,user09
278792,user02
278792,user10
4396338,user03
4396338,user11
3226721,user04
3226721,user12
3679824,user05
3679824,user13
1624118,user06
1624118,user14
410157,user07
410157,user15
1396685,user08
1396685,user16
4387131,user09
4387131,user17
2172538,user10
2172538,user18
2779225,user11
2779225,user19
2654507,user12
2654507,user20
2506175,user13
2506175,user21
1974106,user14
1974106,user01
3979890,user15
3979890,user02
1798312,user16
1798312,user03
3371954,user17
3371954,user04
3055214,user18
3055214,user05
1211215,user19
1211215,user06
2627009,user20
2627009,user07
1774762,user21
1774762,user08
3565767,user01
3565767,user11
3842046,user02
3842046,user12
3938090,user03
3938090,user13
3511698,user04
3511698,user14
3485511,user05
3485511,user15
2172864,user06
2172864,user16
1587828,user07
1587828,user17
1297945,user08
1297945,user18
865701,user09
865701,user19
1001454,user10
1001454,user20
2064202,user11
2064202,user21
2888259,user12
2888259,user01
2592166,user13
2592166,user02
1260429,user14
1260429,user03
112948,user15
112948,user04
4274453,user16
4274453,user05
3902887,user17
3902887,user06
1554713,user18
1554713,user07
3602136,user19
3602136,user08
4279636,user20
4279636,user09
826489,user21
826489,user10
2408364,user01
2408364,user02
36699,user02
36699,user03
1163165,user03
1163165,user04
3398189,user04
3398189,user05
936494,user05
936494,user06
477485,user06
477485,user07
1877428,user07
1877428,user08
3652163,user08
3652163,user09
41480,user09
41480,user10
1687258,user10
1687258,user11
2685108,user11
2685108,user12
3007121,user12
3007121,user13
225556,user13
225556,user14
902609,user14
902609,user15
2926337,user15
2926337,user16
2643383,user16
2643383,user17
1345895,user17
1345895,user18
3830409,user18
3830409,user19
4205236,user19
4205236,user20
4439209,user20
4439209,user21
2288180,user21
2288180,user01
109280,user01
109280,user03
3304221,user02
3304221,user04
2812533,user03
2812533,user05
2537988,user04
2537988,user06
2142287,user05
2142287,user07
2654975,user06
2654975,user08
3958380,user07
3958380,user09
3350305,user08
3350305,user10
3992965,user09
3992965,user11
618436,user10
618436,user12
854592,user11
854592,user13
3460589,user12
3460589,user14
479713,user13
479713,user15
1993819,user14
1993819,user16
1338308,user15
1338308,user17
1989068,user16
1989068,user18
461687,user17
461687,user19
2857723,user18
2857723,user20
259344,user19
259344,user21
1978065,user20
1978065,user01
3479340,user21
3479340,user02
4213304,user01
4213304,user05
4257008,user02
4257008,user06
8348,user03
8348,user07
4211407,user04
4211407,user08
1190439,user05
1190439,user09
2776797,user06
2776797,user10
2729920,user07
2729920,user11
2051099,user08
2051099,user12
3108819,user09
3108819,user13
3026412,user10
3026412,user14
3591221,user11
3591221,user15
86594,user12
86594,user16
223915,user13
223915,user17
556251,user14
556251,user18
480429,user15
480429,user19
3844869,user16
3844869,user20
9180,user17
9180,user21
421706,user18
421706,user01
1732713,user19
1732713,user02
4074408,user20
4074408,user03
4470257,user21
4470257,user04
1341872,user01
1341872,user06
2378825,user02
2378825,user07
6725,user03
6725,user08
104227,user04
104227,user09
2720047,user05
2720047,user10
2174730,user06
2174730,user11
400529,user07
400529,user12
1731152,user08
1731152,user13
4002944,user09
4002944,user14
7474,user10
7474,user15
1542249,user11
1542249,user16
2321985,user12
2321985,user17
2824065,user13
2824065,user18
3877226,user14
3877226,user19
3178702,user15
3178702,user20
4027750,user16
4027750,user21
503427,user17
503427,user01
1234795,user18
1234795,user02
3591807,user19
3591807,user03
3641437,user20
3641437,user04
3880845,user21
3880845,user05
593636,user01
593636,user09
3214219,user02
3214219,user10
4186422,user03
4186422,user11
3508361,user04
3508361,user12
1219284,user05
1219284,user13
1966624,user06
1966624,user14
1210839,user07
1210839,user15
2694722,user08
2694722,user16
1735558,user09
1735558,user17
2457451,user10
2457451,user18
776554,user11
776554,user19
4566860,user12
4566860,user20
4108601,user13
4108601,user21
569679,user14
569679,user01
2803540,user15
2803540,user02
370167,user16
370167,user03
3477284,user17
3477284,user04
1258239,user18
1258239,user05
4386951,user19
4386951,user06
4484505,user20
4484505,user07
2096738,user21
2096738,user08
4147416,user01
4147416,user11
1322112,user02
1322112,user12
624995,user03
624995,user13
3443471,user04
3443471,user14
314211,user05
314211,user15
2200431,user06
2200431,user16
1414313,user07
1414313,user17
405475,user08
405475,user18
109066,user09
109066,user19
2339232,user10
2339232,user20
2185700,user11
2185700,user21
4163552,user12
4163552,user01
1529091,user13
1529091,user02
3599231,user14
3599231,user03
4020808,user15
4020808,user04
3515130,user16
3515130,user05
1877317,user17
1877317,user06
421004,user18
421004,user07
589286,user19
589286,user08
1553214,user20
1553214,user09
3369790,user21
3369790,user10
3887572,user01
3887572,user02
2648831,user02
2648831,user03
189949,user03
189949,user04
1051162,user04
1051162,user05
1173498,user05
1173498,user06
1314995,user06
1314995,user07
960348,user07
960348,user08
558309,user08
558309,user09
1221545,user09
1221545,user10
3338414,user10
3338414,user11
2383063,user11
2383063,user12
3726856,user12
3726856,user13
492586,user13
492586,user14
1014754,user14
1014754,user15
3236277,user15
3236277,user16
1584803,user16
1584803,user17
867874,user17
867874,user18
607350,user18
607350,user19
1248248,user19
1248248,user20
1863954,user20
1863954,user21
1795551,user21
1795551,user01
2049095,user01
2049095,user03
1256495,user02
1256495,user04
818338,user03
818338,user05
3649483,user04
3649483,user06
2264252,user05
2264252,user07
1828506,user06
1828506,user08
2798955,user07
2798955,user09
4168671,user08
4168671,user10
3156485,user09
3156485,user11
369511,user10
369511,user12
3457574,user11
3457574,user13
3677392,user12
3677392,user14
3491493,user13
3491493,user15
1879203,user14
1879203,user16
3331905,user15
3331905,user17
213841,user16
213841,user18
2143131,user17
2143131,user19
4149306,user18
4149306,user20
2627167,user19
2627167,user21
1712790,user20
1712790,user01
1315048,user21
1315048,user02
2089513,user01
2089513,user05
2489218,user02
2489218,user06
2321983,user03
2321983,user07
2072858,user04
2072858,user08
592914,user05
592914,user09
1479762,user06
1479762,user10
3176057,user07
3176057,user11
4500895,user08
4500895,user12
927726,user09
927726,user13
1224949,user10
1224949,user14
1441816,user11
1441816,user15
3987648,user12
3987648,user16
478387,user13
478387,user17
1254544,user14
1254544,user18
2674691,user15
2674691,user19
1332060,user16
1332060,user20
1123734,user17
1123734,user21
4075165,user18
4075165,user01
4023695,user19
4023695,user02
1392280,user20
1392280,user03
652057,user21
652057,user04
679131,user01
679131,user06
3171255,user02
3171255,user07
3467654,user03
3467654,user08
3145866,user04
3145866,user09
210737,user05
210737,user10
4166411,user06
4166411,user11
2191521,user07
2191521,user12
2956994,user08
2956994,user13
196942,user09
196942,user14
3360720,user10
3360720,user15
1021915,user11
1021915,user16
3362650,user12
3362650,user17
3841414,user13
3841414,user18
298646,user14
298646,user19
367322,user15
367322,user20
1948780,user16
1948780,user21
647728,user17
647728,user01
4256970,user18
4256970,user02
1607449,user19
1607449,user03
901801,user20
901801,user04
4080074,user21
4080074,user05
3979260,user01
3979260,user09
3926459,user02
3926459,user10
2083597,user03
2083597,user11
1560555,user04
1560555,user12
933481,user05
933481,user13
1829513,user06
1829513,user14
2486315,user07
2486315,user15
955342,user08
955342,user16
969068,user09
969068,user17
3998213,user10
3998213,user18
385653,user11
385653,user19
1422195,user12
1422195,user20
1381595,user13
1381595,user21
4208220,user14
4208220,user01
4451305,user15
4451305,user02
1005939,user16
1005939,user03
2726011,user17
2726011,user04
1332944,user18
1332944,user05
971430,user19
971430,user06
2764272,user20
2764272,user07
4076794,user21
4076794,user08
2816466,user01
2816466,user11
1862476,user02
1862476,user12
626623,user03
626623,user13
666407,user04
666407,user14
3972725,user05
3972725,user15
2272739,user06
2272739,user16
3610067,user07
3610067,user17
742176,user08
742176,user18
1462525,user09
1462525,user19
3857854,user10
3857854,user20
3155339,user11
3155339,user21
955292,user12
955292,user01
486884,user13
486884,user02
1650921,user14
1650921,user03
2715203,user15
2715203,user04
23666,user16
23666,user05
639810,user17
639810,user06
2175399,user18
2175399,user07
3350888,user19
3350888,user08
4436536,user20
4436536,user09
2615698,user21
2615698,user10
1691631,user01
1691631,user02
1688614,user02
1688614,user03
2045522,user03
2045522,user04
4475421,user04
4475421,user05
3599683,user05
3599683,user06
3863327,user06
3863327,user07
3508050,user07
3508050,user08
625576,user08
625576,user09
1671744,user09
1671744,user10
559875,user10
559875,user11
1718028,user11
1718028,user12
3711637,user12
3711637,user13
2750934,user13
2750934,user14
3021119,user14
3021119,user15
1596525,user15
1596525,user16
2786014,user16
2786014,user17
3749598,user17
3749598,user18
4387486,user18
4387486,user19
4089396,user19
4089396,user20
2645265,user20
2645265,user21
3309374,user21
3309374,user01
3780543,user01
3780543,user03
4213314,user02
4213314,user04
1101657,user03
1101657,user05
580488,user04
580488,user06
1993064,user05
1993064,user07
1189874,user06
1189874,user08
1001532,user07
1001532,user09
3514004,user08
3514004,user10
2375009,user09
2375009,user11
3896533,user10
3896533,user12
3557765,user11
3557765,user13
2790872,user12
2790872,user14
3568784,user13
3568784,user15
2793623,user14
2793623,user16
4404002,user15
4404002,user17
2224290,user16
2224290,user18
481169,user17
481169,user19
3212070,user18
3212070,user20
480038,user19
480038,user21
4162799,user20
4162799,user01
1202511,user21
1202511,user02
433646,user01
433646,user05
79652,user02
79652,user06
3062727,user03
3062727,user07
3008370,user04
3008370,user08
3290380,user05
3290380,user09
1611975,user06
1611975,user10
1322129,user07
1322129,user11
897928,user08
897928,user12
763650,user09
763650,user13
3225065,user10
3225065,user14
355276,user11
355276,user15
3501673,user12
3501673,user16
1925108,user13
1925108,user17
2600434,user14
2600434,user18
2997380,user15
2997380,user19
3637913,user16
3637913,user20
1,user17
1,user21
2026021,user18
2026021,user01
233059,user19
233059,user02
925411,user20
925411,user03
2053430,user21
2053430,user04
2841827,user01
2841827,user06
2824540,user02
2824540,user07
3842584,user03
3842584,user08
74542,user04
74542,user09
3469371,user05
3469371,user10
2849307,user06
2849307,user11
2449715,user07
2449715,user12
2786674,user08
2786674,user13
329249,user09
329249,user14
2977040,user10
2977040,user15
1767218,user11
1767218,user16
3058392,user12
3058392,user17
1148392,user13
1148392,user18
4266654,user14
4266654,user19
2603920,user15
2603920,user20
3597468,user16
3597468,user21
1345500,user17
1345500,user01
4115627,user18
4115627,user02
2357955,user19
2357955,user03
2639510,user20
2639510,user04
3812705,user21
3812705,user05
1619413,user01
1619413,user09
2313064,user02
2313064,user10
4216298,user03
4216298,user11
4122409,user04
4122409,user12
1939196,user05
1939196,user13
1800602,user06
1800602,user14
225919,user07
225919,user15
3959963,user08
3959963,user16
2752802,user09
2752802,user17
1349275,user10
1349275,user18
2261051,user11
2261051,user19
1719812,user12
1719812,user20
2755495,user13
2755495,user21
3877243,user14
3877243,user01
1553928,user15
1553928,user02
2331521,user16
2331521,user03
4424893,user17
4424893,user04
492997,user18
492997,user05
1321201,user19
1321201,user06
3220091,user20
3220091,user07
4386719,user21
4386719,user08
2299570,user01
2299570,user11
80145,user02
80145,user12
3063237,user03
3063237,user13
27420,user04
27420,user14
929509,user05
929509,user15
3490660,user06
3490660,user16
4457360,user07
4457360,user17
2214500,user08
2214500,user18
1462189,user09
1462189,user19
1769344,user10
1769344,user20
946070,user11
946070,user21
412058,user12
412058,user01
4009673,user13
4009673,user02
1447392,user14
1447392,user03
3519342,user15
3519342,user04
1396079,user16
1396079,user05
279736,user17
279736,user06
71819,user18
71819,user07
3767507,user19
3767507,user08
3392166,user20
3392166,user09
2589979,user21
2589979,user10
1676592,user01
1676592,user02
1835938,user02
1835938,user03
1894040,user03
1894040,user04
2092291,user04
2092291,user05
2478472,user05
2478472,user06
1560145,user06
1560145,user07
1657800,user07
1657800,user08
904148,user08
904148,user09
219444,user09
219444,user10
4461495,user10
4461495,user11
2659239,user11
2659239,user12
2993544,user12
2993544,user13
3711542,user13
3711542,user14
371386,user14
371386,user15
230627,user15
230627,user16
3564200,user16
3564200,user17
22006,user17
22006,user18
456753,user18
456753,user19
412064,user19
412064,user20
3622785,user20
3622785,user21
367633,user21
367633,user01
3451266,user01
3451266,user03
1266171,user02
1266171,user04
923912,user03
923912,user05
4091964,user04
4091964,user06
400303,user05
400303,user07
1193063,user06
1193063,user08
733366,user07
733366,user09
105238,user08
105238,user10
2072046,user09
2072046,user11
3372276,user10
3372276,user12
3371737,user11
3371737,user13
980282,user12
980282,user14
2267659,user13
2267659,user15
4421585,user14
4421585,user16
3017288,user15
3017288,user17
1161422,user16
1161422,user18
3360317,user17
3360317,user19
2225995,user18
2225995,user20
1406762,user19
1406762,user21
2791174,user20
2791174,user01
2128351,user21
2128351,user02
843115,user01
843115,user05
977127,user02
977127,user06
2806012,user03
2806012,user07
393949,user04
393949,user08
3003886,user05
3003886,user09
2327629,user06
2327629,user10
3170773,user07
3170773,user11
1661170,user08
1661170,user12
4022777,user09
4022777,user13
3784878,user10
3784878,user14
1761822,user11
1761822,user15
380563,user12
380563,user16
4286503,user13
4286503,user17
2459926,user14
2459926,user18
947265,user15
947265,user19
691456,user16
691456,user20
3912265,user17
3912265,user21
2966930,user18
2966930,user01
2285211,user19
2285211,user02
852382,user20
852382,user03
1753372,user21
1753372,user04
1311303,user01
1311303,user06
2750985,user02
2750985,user07
784571,user03
784571,user08
72377,user04
72377,user09
2649793,user05
2649793,user10
3979275,user06
3979275,user11
4388887,user07
4388887,user12
4441963,user08
4441963,user13
3008614,user09
3008614,user14
2562508,user10
2562508,user15
706569,user11
706569,user16
2514093,user12
2514093,user17
3897482,user13
3897482,user18
3280246,user14
3280246,user19
22120,user15
22120,user20
4152210,user16
4152210,user21
243121,user17
243121,user01
2412800,user18
2412800,user02
1731467,user19
1731467,user03
318614,user20
318614,user04
926768,user21
926768,user05
3610953,user01
3610953,user09
3902631,user02
3902631,user10
1662517,user03
1662517,user11
436146,user04
436146,user12
116488,user05
116488,user13
2031916,user06
2031916,user14
2743847,user07
2743847,user15
3018689,user08
3018689,user16
2159993,user09
2159993,user17
3991250,user10
3991250,user18
3368720,user11
3368720,user19
268608,user12
268608,user20
298684,user13
298684,user21
1895606,user14
1895606,user01
3363420,user15
3363420,user02
253288,user16
253288,user03
3376283,user17
3376283,user04
691227,user18
691227,user05
1650919,user19
1650919,user06
595755,user20
595755,user07
490973,user21
490973,user08
607099,user01
607099,user11
3386293,user02
3386293,user12
960186,user03
960186,user13
4143793,user04
4143793,user14
871910,user05
871910,user15
3597463,user06
3597463,user16
491044,user07
491044,user17
2073030,user08
2073030,user18
196980,user09
196980,user19
1292052,user10
1292052,user20
1908548,user11
1908548,user21
346988,user12
346988,user01
304781,user13
304781,user02
612572,user14
612572,user03
3769374,user15
3769374,user04
4392312,user16
4392312,user05
3928291,user17
3928291,user06
3207005,user18
3207005,user07
804443,user19
804443,user08
2134429,user20
2134429,user09
2313362,user21
2313362,user10
3010819,user01
3010819,user02
2719485,user02
2719485,user03
3975930,user03
3975930,user04
3344976,user04
3344976,user05
477752,user05
477752,user06
544229,user06
544229,user07
534872,user07
534872,user08
1517701,user08
1517701,user09
2293955,user09
2293955,user10
3187902,user10
3187902,user11
2624412,user11
2624412,user12
1864977,user12
1864977,user13
3565304,user13
3565304,user14
4439395,user14
4439395,user15
1305021,user15
1305021,user16
2322552,user16
2322552,user17
66331,user17
66331,user18
2072461,user18
2072461,user19
4570197,user19
4570197,user20
2610799,user20
2610799,user21
2413902,user21
2413902,user01
700146,user01
700146,user03
1450371,user02
1450371,user04
2744766,user03
2744766,user05
1257720,user04
1257720,user06
1935469,user05
1935469,user07
885614,user06
885614,user08
1753534,user07
1753534,user09
3443018,user08
3443018,user10
4048080,user09
4048080,user11
506067,user10
506067,user12
3623491,user11
3623491,user13
802964,user12
802964,user14
91776,user13
91776,user15
1041905,user14
1041905,user16
3559948,user15
3559948,user17
3277598,user16
3277598,user18
3615818,user17
3615818,user19
4250645,user18
4250645,user20
1757929,user19
1757929,user21
2577264,user20
2577264,user01
4062793,user21
4062793,user02
2480647,user01
2480647,user05
2664899,user02
2664899,user06
4010152,user03
4010152,user07
4209232,user04
4209232,user08
3641475,user05
3641475,user09
2714245,user06
2714245,user10
53637,user07
53637,user11
2656669,user08
2656669,user12
1819643,user09
1819643,user13
3880863,user10
3880863,user14
3937676,user11
3937676,user15
3512477,user12
3512477,user16
3136940,user13
3136940,user17
4363145,user14
4363145,user18
2173341,user15
2173341,user19
954868,user16
954868,user20
992359,user17
992359,user21
2237967,user18
2237967,user01
2748075,user19
2748075,user02
3802386,user20
3802386,user03
871894,user21
871894,user04
934212,user01
934212,user06
839959,user02
839959,user07
4229672,user03
4229672,user08
839970,user04
839970,user09
1249998,user05
1249998,user10
421830,user06
421830,user11
611515,user07
611515,user12
1338293,user08
1338293,user13
946630,user09
946630,user14
1421679,user10
1421679,user15
3481369,user11
3481369,user16
2303920,user12
2303920,user17
1939524,user13
1939524,user18
1777059,user14
1777059,user19
2617145,user15
2617145,user20
1888671,user16
1888671,user21
4116730,user17
4116730,user01
3557174,user18
3557174,user02
228688,user19
228688,user03
2057639,user20
2057639,user04
1260467,user21
1260467,user05
2072959,user01
2072959,user09
3339675,user02
3339675,user10
560406,user03
560406,user11
119900,user04
119900,user12
3011651,user05
3011651,user13
2505126,user06
2505126,user14
1708092,user07
1708092,user15
4217621,user08
4217621,user16
2470515,user09
2470515,user17
3301855,user10
3301855,user18
830552,user11
830552,user19
3495717,user12
3495717,user20
3185226,user13
3185226,user21
3023745,user14
3023745,user01
3298823,user15
3298823,user02
4273840,user16
4273840,user03
2761662,user17
2761662,user04
3481074,user18
3481074,user05
3882272,user19
3882272,user06
430876,user20
430876,user07
1861921,user21
1861921,user08
1163169,user01
1163169,user11
2147991,user02
2147991,user12
1826379,user03
1826379,user13
2102208,user04
2102208,user14
3188335,user05
3188335,user15
571603,user06
571603,user16
3866652,user07
3866652,user17
4164569,user08
4164569,user18
1538233,user09
1538233,user19
1480548,user10
1480548,user20
2181694,user11
2181694,user21
1362834,user12
1362834,user01
2474429,user13
2474429,user02
2901820,user14
2901820,user03
3132365,user15
3132365,user04
2538923,user16
2538923,user05
3542208,user17
3542208,user06
3898090,user18
3898090,user07
4344,user19
4344,user08
1291201,user20
1291201,user09
3111213,user21
3111213,user10
2617309,user01
2617309,user02
2393907,user02
2393907,user03
991771,user03
991771,user04
1604949,user04
1604949,user05
4360586,user05
4360586,user06
3078517,user06
3078517,user07
654407,user07
654407,user08
2474142,user08
2474142,user09
3984969,user09
3984969,user10
4218832,user10
4218832,user11
1487703,user11
1487703,user12
962373,user12
962373,user13
1373501,user13
1373501,user14
1457250,user14
1457250,user15
727257,user15
727257,user16
1746023,user16
1746023,user17
3890335,user17
3890335,user18
403119,user18
403119,user19
3370100,user19
3370100,user20
2345110,user20
2345110,user21
1572844,user21
1572844,user01
161024,user01
161024,user03
4538752,user02
4538752,user04
3076153,user03
3076153,user05
205544,user04
205544,user06
269040,user05
269040,user07
2531076,user06
2531076,user08
4250125,user07
4250125,user09
559518,user08
559518,user10
3798020,user09
3798020,user11
1712517,user10
1712517,user12
1185983,user11
1185983,user13
4486209,user12
4486209,user14
4202036,user13
4202036,user15
2069168,user14
2069168,user16
2842682,user15
2842682,user17
4454196,user16
4454196,user18
3311465,user17
3311465,user19
2645860,user18
2645860,user20
557091,user19
557091,user21
1594630,user20
1594630,user01
966035,user21
966035,user02
3501929,user01
3501929,user05
2025068,user02
2025068,user06
1580592,user03
1580592,user07
1321114,user04
1321114,user08
886551,user05
886551,user09
2671850,user06
2671850,user10
1122451,user07
1122451,user11
3029705,user08
3029705,user12
4335092,user09
4335092,user13
2293953,user10
2293953,user14
313457,user11
313457,user15
82215,user12
82215,user16
1031181,user13
1031181,user17
127626,user14
127626,user18
3063161,user15
3063161,user19
3659045,user16
3659045,user20
964791,user17
964791,user21
7235,user18
7235,user01
3966998,user19
3966998,user02
1061643,user20
1061643,user03
2439571,user21
2439571,user04
2864047,user01
2864047,user06
4567470,user02
4567470,user07
2507479,user03
2507479,user08
2342648,user04
2342648,user09
8981,user05
8981,user10
1675298,user06
1675298,user11
384219,user07
384219,user12
3376500,user08
3376500,user13
2626840,user09
2626840,user14
347949,user10
347949,user15
826602,user11
826602,user16
128022,user12
128022,user17
4066472,user13
4066472,user18
4410663,user14
4410663,user19
1587905,user15
1587905,user20
3690705,user16
3690705,user21
1177959,user17
1177959,user01
740364,user18
740364,user02
3970014,user19
3970014,user03
2791719,user20
2791719,user04
592253,user21
592253,user05
418492,user01
418492,user09
3878310,user02
3878310,user10
2261049,user03
2261049,user11
2353747,user04
2353747,user12
2180040,user05
2180040,user13
3929356,user06
3929356,user14
3156358,user07
3156358,user15
3624433,user08
3624433,user16
1342600,user09
1342600,user17
4089078,user10
4089078,user18
2337968,user11
2337968,user19
1118193,user12
1118193,user20
1871959,user13
1871959,user21
1088547,user14
1088547,user01
1133423,user15
1133423,user02
2859838,user16
2859838,user03
4470730,user17
4470730,user04
2587302,user18
2587302,user05
3600102,user19
3600102,user06
2729522,user20
2729522,user07
160905,user21
160905,user08
1852009,user01
1852009,user11
632742,user02
632742,user12
1960974,user03
1960974,user13
1933545,user04
1933545,user14
2507667,user05
2507667,user15
4378988,user06
4378988,user16
4425531,user07
4425531,user17
420163,user08
420163,user18
1092424,user09
1092424,user19
553546,user10
553546,user20
461400,user11
461400,user21
2827900,user12
2827900,user01
3113910,user13
3113910,user02
3131993,user14
3131993,user03
3887808,user15
3887808,user04
1716549,user16
1716549,user05
2431669,user17
2431669,user06
512257,user18
512257,user07
3261627,user19
3261627,user08
2823390,user20
2823390,user09
2166346,user21
2166346,user10
3510029,user01
3510029,user02
1781894,user02
1781894,user03
3610017,user03
3610017,user04
359677,user04
359677,user05
4211064,user05
4211064,user06
3908552,user06
3908552,user07
1573924,user07
1573924,user08
2129056,user08
2129056,user09
3454274,user09
3454274,user10
3908245,user10
3908245,user11
1137089,user11
1137089,user12
86349,user12
86349,user13
4425226,user13
4425226,user14
1342979,user14
1342979,user15
4229910,user15
4229910,user16
487281,user16
487281,user17
2614646,user17
2614646,user18
4049574,user18
4049574,user19
3970815,user19
3970815,user20
1592608,user20
1592608,user21
4440245,user21
4440245,user01
4077535,user01
4077535,user03
2431569,user02
2431569,user04
2502892,user03
2502892,user05
4161647,user04
4161647,user06
4417362,user05
4417362,user07
1057617,user06
1057617,user08
1341772,user07
1341772,user09
3145857,user08
3145857,user10
779389,user09
779389,user11
3278994,user10
3278994,user12
285106,user11
285106,user13
3130095,user12
3130095,user14
3013319,user13
3013319,user15
2164929,user14
2164929,user16
4229683,user15
4229683,user17
4027143,user16
4027143,user18
2382788,user17
2382788,user19
377766,user18
377766,user20
2883217,user19
2883217,user21
2511848,user20
2511848,user01
1306970,user21
1306970,user02
4441696,user01
4441696,user05
351820,user02
351820,user06
2181170,user03
2181170,user07
156782,user04
156782,user08
2623778,user05
2623778,user09
3969146,user06
3969146,user10
2142008,user07
2142008,user11
2202328,user08
2202328,user12
3456308,user09
3456308,user13
2676289,user10
2676289,user14
505523,user11
505523,user15
3529942,user12
3529942,user16
3241567,user13
3241567,user17
3185778,user14
3185778,user18
4569834,user15
4569834,user19
1553722,user16
1553722,user20
621658,user17
621658,user21
2256865,user18
2256865,user01
3816350,user19
3816350,user02
1750076,user20
1750076,user03
3877906,user21
3877906,user04
1674331,user01
1674331,user06
3806622,user02
3806622,user07
822539,user03
822539,user08
333072,user04
333072,user09
3352263,user05
3352263,user10
798213,user06
798213,user11
3740323,user07
3740323,user12
497453,user08
497453,user13
2261053,user09
2261053,user14
2259685,user10
2259685,user15
1383208,user11
1383208,user16
1723730,user12
1723730,user17
3924743,user13
3924743,user18
1877426,user14
1877426,user19
3055217,user15
3055217,user20
1539548,user16
1539548,user21
2192454,user17
2192454,user01
3367219,user18
3367219,user02
3968627,user19
3968627,user03
2268371,user20
2268371,user04
121179,user21
121179,user05
483858,user01
483858,user09
1885623,user02
1885623,user10
2972577,user03
2972577,user11
970244,user04
970244,user12
27442,user05
27442,user13
4253121,user06
4253121,user14
1005815,user07
1005815,user15
34684,user08
34684,user16
2169558,user09
2169558,user17
792686,user10
792686,user18
907853,user11
907853,user19
4290932,user12
4290932,user20
479460,user13
479460,user21
2606944,user14
2606944,user01
491350,user15
491350,user02
290435,user16
290435,user03
983425,user17
983425,user04
1407477,user18
1407477,user05
2507685,user19
2507685,user06
434147,user20
434147,user07
1457406,user21
1457406,user08
593504,user01
593504,user11
3515105,user02
3515105,user12
244768,user03
244768,user13
2358077,user04
2358077,user14
470137,user05
470137,user15
89444,user06
89444,user16
1891569,user07
1891569,user17
2641717,user08
2641717,user18
221586,user09
221586,user19
2628259,user10
2628259,user20
4363522,user11
4363522,user21
3932494,user12
3932494,user01
839974,user13
839974,user02
33399,user14
33399,user03
3912808,user15
3912808,user04
3877325,user16
3877325,user05
37206,user17
37206,user06
203863,user18
203863,user07
3897480,user19
3897480,user08
3622497,user20
3622497,user09
4160618,user21
4160618,user10
4478312,user01
4478312,user02
3359258,user02
3359258,user03
1728291,user03
1728291,user04
3834372,user04
3834372,user05
11081,user05
11081,user06
4062456,user06
4062456,user07
3984536,user07
3984536,user08
2700670,user08
2700670,user09
973864,user09
973864,user10
223415,user10
223415,user11
1344535,user11
1344535,user12
429109,user12
429109,user13
2418785,user13
2418785,user14
3295541,user14
3295541,user15
1372092,user15
1372092,user16
2183419,user16
2183419,user17
481274,user17
481274,user18
422013,user18
422013,user19
914742,user19
914742,user20
1131508,user20
1131508,user21
2449725,user21
2449725,user01
2282015,user01
2282015,user03
25474,user02
25474,user04
1849523,user03
1849523,user05
405102,user04
405102,user06
4385080,user05
4385080,user07
4088100,user06
4088100,user08
2369353,user07
2369353,user09
2676852,user08
2676852,user10
2367978,user09
2367978,user11
2621880,user10
2621880,user12
39215,user11
39215,user13
2850227,user12
2850227,user14
932170,user13
932170,user15
2543729,user14
2543729,user16
1243163,user15
1243163,user17
2646562,user16
2646562,user18
4056401,user17
4056401,user19
538994,user18
538994,user20
1423777,user19
1423777,user21
170492,user20
170492,user01
1079671,user21
1079671,user02
3891826,user01
3891826,user05
1862585,user02
1862585,user06
3983594,user03
3983594,user07
3598140,user04
3598140,user08
2557033,user05
2557033,user09
1803674,user06
1803674,user10
567818,user07
567818,user11
25004,user08
25004,user12
80579,user09
80579,user13
2473561,user10
2473561,user14
2752318,user11
2752318,user15
3220175,user12
3220175,user16
4563325,user13
4563325,user17
4450486,user14
4450486,user18
2903379,user15
2903379,user19
4427440,user16
4427440,user20
55488,user17
55488,user21
1214630,user18
1214630,user01
90533,user19
90533,user02
1316157,user20
1316157,user03
4436442,user21
4436442,user04
574090,user01
574090,user06
3871823,user02
3871823,user07
4118676,user03
4118676,user08
1036004,user04
1036004,user09
4112714,user05
4112714,user10
4485785,user06
4485785,user11
2746305,user07
2746305,user12
2005606,user08
2005606,user13
2027399,user09
2027399,user14
3938987,user10
3938987,user15
2460438,user11
2460438,user16
2752321,user12
2752321,user17
1295157,user13
1295157,user18
481504,user14
481504,user19
2450867,user15
2450867,user20
692917,user16
692917,user21
4477521,user17
4477521,user01
639839,user18
639839,user02
3912244,user19
3912244,user03
2142116,user20
2142116,user04
3771089,user21
3771089,user05
2102179,user01
2102179,user09
4451871,user02
4451871,user10
2767063,user03
2767063,user11
4421101,user04
4421101,user12
2142102,user05
2142102,user13
627293,user06
627293,user14
1116992,user07
1116992,user15
3351529,user08
3351529,user16
565571,user09
565571,user17
774589,user10
774589,user18
3998211,user11
3998211,user19
1571091,user12
1571091,user20
2636897,user13
2636897,user21
3658955,user14
3658955,user01
1190437,user15
1190437,user02
2089405,user16
2089405,user03
200129,user17
200129,user04
2776820,user18
2776820,user05
1557114,user19
1557114,user06
4435056,user20
4435056,user07
1984071,user21
1984071,user08
4453609,user01
4453609,user11
3363633,user02
3363633,user12
812099,user03
812099,user13
3146496,user04
3146496,user14
557170,user05
557170,user15
997627,user06
997627,user16
119891,user07
119891,user17
4381752,user08
4381752,user18
3138298,user09
3138298,user19
3329670,user10
3329670,user20
3345720,user11
3345720,user21
646501,user12
646501,user01
4394158,user13
4394158,user02
1311307,user14
1311307,user03
2261007,user15
2261007,user04
1543517,user16
1543517,user05
751389,user17
751389,user06
1514176,user18
1514176,user07
3918976,user19
3918976,user08
1586049,user20
1586049,user09
1117038,user21
1117038,user10
4339743,user01
4339743,user02
3090531,user02
3090531,user03
330068,user03
330068,user04
3301834,user04
3301834,user05
969719,user05
969719,user06
123715,user06
123715,user07
1260856,user07
1260856,user08
1067730,user08
1067730,user09
1385529,user09
1385529,user10
1910069,user10
1910069,user11
2109250,user11
2109250,user12
3135930,user12
3135930,user13
4011140,user13
4011140,user14
3223997,user14
3223997,user15
2118621,user15
2118621,user16
2872022,user16
2872022,user17
3039999,user17
3039999,user18
3859652,user18
3859652,user19
932185,user19
932185,user20
2263544,user20
2263544,user21
2264375,user21
2264375,user01
124357,user01
124357,user03
4044497,user02
4044497,user04
2370893,user03
2370893,user05
2297941,user04
2297941,user06
2201918,user05
2201918,user07
1882219,user06
1882219,user08
3061719,user07
3061719,user09
123981,user08
123981,user10
2274940,user09
2274940,user11
4299226,user10
4299226,user12
2793014,user11
2793014,user13
3663642,user12
3663642,user14
1712482,user13
1712482,user15
2560675,user14
2560675,user16
421720,user15
421720,user17
3578857,user16
3578857,user18
4473268,user17
4473268,user19
3588193,user18
3588193,user20
208845,user19
208845,user21
3690310,user20
3690310,user01
4219939,user21
4219939,user02
1488723,user01
1488723,user05
3806667,user02
3806667,user06
3370760,user03
3370760,user07
1255958,user04
1255958,user08
3213363,user05
3213363,user09
966709,user06
966709,user10
1377216,user07
1377216,user11
4410736,user08
4410736,user12
2475547,user09
2475547,user13
472659,user10
472659,user14
959969,user11
959969,user15
974288,user12
974288,user16
1512486,user13
1512486,user17
2260559,user14
2260559,user18
1482939,user15
1482939,user19
4038057,user16
4038057,user20
4423742,user17
4423742,user21
4442511,user18
4442511,user01
68798,user19
68798,user02
3633550,user20
3633550,user03
1814704,user21
1814704,user04
3343679,user01
3343679,user06
2206911,user02
2206911,user07
1707770,user03
1707770,user08
3909682,user04
3909682,user09
3212057,user05
3212057,user10
121003,user06
121003,user11
1072494,user07
1072494,user12
3877914,user08
3877914,user13
2743657,user09
2743657,user14
902612,user10
902612,user15
3108474,user11
3108474,user16
4330281,user12
4330281,user17
3825994,user13
3825994,user18
326904,user14
326904,user19
1519069,user15
1519069,user20
4379065,user16
4379065,user21
2582469,user17
2582469,user01
3273548,user18
3273548,user02
1444380,user19
1444380,user03
1161384,user20
1161384,user04
2623865,user21
2623865,user05
2583921,user01
2583921,user09
1065570,user02
1065570,user10
4453425,user03
4453425,user11
432326,user04
432326,user12
4013135,user05
4013135,user13
181728,user06
181728,user14
2968760,user07
2968760,user15
1210832,user08
1210832,user16
4130459,user09
4130459,user17
2142108,user10
2142108,user18
4152706,user11
4152706,user19
3618356,user12
3618356,user20
1787089,user13
1787089,user21
2586288,user14
2586288,user01
2645774,user15
2645774,user02
4388505,user16
4388505,user03
4502308,user17
4502308,user04
2074984,user18
2074984,user05
2093766,user19
2093766,user06
3759406,user20
3759406,user07
3066403,user21
3066403,user08
27435,user01
27435,user11
2645179,user02
2645179,user12
3323170,user03
3323170,user13
2856434,user04
2856434,user14
879281,user05
879281,user15
3468485,user06
3468485,user16
2200262,user07
2200262,user17
2461858,user08
2461858,user18
3901227,user09
3901227,user19
1412830,user10
1412830,user20
1312037,user11
1312037,user21
4480541,user12
4480541,user01
437744,user13
437744,user02
2729924,user14
2729924,user03
1753985,user15
1753985,user04
3088053,user16
3088053,user05
1735229,user17
1735229,user06
3878766,user18
3878766,user07
4151999,user19
4151999,user08
2359475,user20
2359475,user09
1418284,user21
1418284,user10
3544173,user01
3544173,user02
1915880,user02
1915880,user03
4408989,user03
4408989,user04
2326490,user04
2326490,user05
223175,user05
223175,user06
4297264,user06
4297264,user07
3492714,user07
3492714,user08
1988739,user08
1988739,user09
4051594,user09
4051594,user10
1325834,user10
1325834,user11
1311029,user11
1311029,user12
702558,user12
702558,user13
170313,user13
170313,user14
2267646,user14
2267646,user15
3709613,user15
3709613,user16
611245,user16
611245,user17
2790867,user17
2790867,user18
4168688,user18
4168688,user19
422651,user19
422651,user20
4544061,user20
4544061,user21
961052,user21
961052,user01
3127571,user01
3127571,user03
778913,user02
778913,user04
4003971,user03
4003971,user05
2261394,user04
2261394,user06
4136898,user05
4136898,user07
1743725,user06
1743725,user08
628925,user07
628925,user09
2938546,user08
2938546,user10
3882975,user09
3882975,user11
4479919,user10
4479919,user12
1325246,user11
1325246,user13
3704928,user12
3704928,user14
2448409,user13
2448409,user15
1654948,user14
1654948,user16
3975705,user15
3975705,user17
2343172,user16
2343172,user18
1874078,user17
1874078,user19
3557463,user18
3557463,user20
2552974,user19
2552974,user21
3065595,user20
3065595,user01
3976543,user21
3976543,user02
1883392,user01
1883392,user05
3055212,user02
3055212,user06
3228173,user03
3228173,user07
940504,user04
940504,user08
392528,user05
392528,user09
1494116,user06
1494116,user10
3109392,user07
3109392,user11
1100466,user08
1100466,user12
2345114,user09
2345114,user13
2820136,user10
2820136,user14
984404,user11
984404,user15
508588,user12
508588,user16
1175542,user13
1175542,user17
472373,user14
472373,user18
483613,user15
483613,user19
1912406,user16
1912406,user20
79651,user17
79651,user21
2218034,user18
2218034,user01
1002714,user19
1002714,user02
1529067,user20
1529067,user03
4204395,user21
4204395,user04
4129038,user01
4129038,user06
3532490,user02
3532490,user07
1268019,user03
1268019,user08
4278896,user04
4278896,user09
3282189,user05
3282189,user10
3400805,user06
3400805,user11
3139983,user07
3139983,user12
2517598,user08
2517598,user13
1633738,user09
1633738,user14
1306375,user10
1306375,user15
4217283,user11
4217283,user16
1321038,user12
1321038,user17
2461504,user13
2461504,user18
2050110,user14
2050110,user19
2691142,user15
2691142,user20
2836695,user16
2836695,user21
1627566,user17
1627566,user01
735722,user18
735722,user02
3030965,user19
3030965,user03
2155934,user20
2155934,user04
1757758,user21
1757758,user05
1537407,user01
1537407,user09
1320555,user02
1320555,user10
2222875,user03
2222875,user11
661492,user04
661492,user12
4238685,user05
4238685,user13
928776,user06
928776,user14
4567285,user07
4567285,user15
2555532,user08
2555532,user16
700211,user09
700211,user17
4329747,user10
4329747,user18
434061,user11
434061,user19
1543510,user12
1543510,user20
4436377,user13
4436377,user21
4234716,user14
4234716,user01
552071,user15
552071,user02
1112159,user16
1112159,user03
3965557,user17
3965557,user04
4209569,user18
4209569,user05
3939527,user19
3939527,user06
953263,user20
953263,user07
2988921,user21
2988921,user08
441950,user01
441950,user11
435657,user02
435657,user12
330571,user03
330571,user13
367194,user04
367194,user14
3646107,user05
3646107,user15
4198458,user06
4198458,user16
3586751,user07
3586751,user17
2261005,user08
2261005,user18
1349946,user09
1349946,user19
4062932,user10
4062932,user20
4449614,user11
4449614,user21
2079489,user12
2079489,user01
528881,user13
528881,user02
2049518,user14
2049518,user03
1264225,user15
1264225,user04
477399,user16
477399,user05
849473,user17
849473,user06
4078715,user18
4078715,user07
1289004,user19
1289004,user08
4132743,user20
4132743,user09
46169,user21
46169,user10
2709718,user01
2709718,user02
3555874,user02
3555874,user03
2960327,user03
2960327,user04
2719451,user04
2719451,user05
458267,user05
458267,user06
3224433,user06
3224433,user07
1991629,user07
1991629,user08
470356,user08
470356,user09
857194,user09
857194,user10
414603,user10
414603,user11
1558955,user11
1558955,user12
483289,user12
483289,user13
2787690,user13
2787690,user14
2055384,user14
2055384,user15
462216,user15
462216,user16
2963987,user16
2963987,user17
1885158,user17
1885158,user18
2044168,user18
2044168,user19
4155301,user19
4155301,user20
2054128,user20
2054128,user21
3163347,user21
3163347,user01
3978531,user01
3978531,user03
1131297,user02
1131297,user04
4556167,user03
4556167,user05
3607136,user04
3607136,user06
265433,user05
265433,user07
1782143,user06
1782143,user08
4325646,user07
4325646,user09
3300158,user08
3300158,user10
4062794,user09
4062794,user11
3868331,user10
3868331,user12
2204437,user11
2204437,user13
16927,user12
16927,user14
429154,user13
429154,user15
4380241,user14
4380241,user16
3489991,user15
3489991,user17
2907019,user16
2907019,user18
821180,user17
821180,user19
2925108,user18
2925108,user20
2525956,user19
2525956,user21
2648307,user20
2648307,user01
3924498,user21
3924498,user02
1224961,user01
1224961,user05
720303,user02
720303,user06
4117046,user03
4117046,user07
8466,user04
8466,user08
3986553,user05
3986553,user09
1297859,user06
1297859,user10
2169758,user07
2169758,user11
2060343,user08
2060343,user12
3373014,user09
3373014,user13
398200,user10
398200,user14
2050313,user11
2050313,user15
1068758,user12
1068758,user16
715875,user13
715875,user17
3867158,user14
3867158,user18
2517052,user15
2517052,user19
3032210,user16
3032210,user20
2714898,user17
2714898,user21
4479922,user18
4479922,user01
2164579,user19
2164579,user02
2184064,user20
2184064,user03
2264972,user21
2264972,user04
2455415,user01
2455415,user06
867473,user02
867473,user07
122606,user03
122606,user08
470735,user04
470735,user09
3571197,user05
3571197,user10
2675484,user06
2675484,user11
2262435,user07
2262435,user12
1940262,user08
1940262,user13
2061224,user09
2061224,user14
2072342,user10
2072342,user15
1318115,user11
1318115,user16
3490039,user12
3490039,user17
111201,user13
111201,user18
367470,user14
367470,user19
1542220,user15
1542220,user20
3060106,user16
3060106,user21
17869,user17
17869,user01
932292,user18
932292,user02
2913055,user19
2913055,user03
871303,user20
871303,user04
3879912,user21
3879912,user05
751308,user01
751308,user09
594468,user02
594468,user10
2264444,user03
2264444,user11
3600704,user04
3600704,user12
1406663,user05
1406663,user13
2523395,user06
2523395,user14
43988,user07
43988,user15
2844955,user08
2844955,user16
3381267,user09
3381267,user17
3331108,user10
3331108,user18
1538243,user11
1538243,user19
757822,user12
757822,user20
1861429,user13
1861429,user21
1167625,user14
1167625,user01
2777050,user15
2777050,user02
3241903,user16
3241903,user03
543124,user17
543124,user04
2377235,user18
2377235,user05
1139993,user19
1139993,user06
3559689,user20
3559689,user07
3019163,user21
3019163,user08
1081483,user01
1081483,user11
2322495,user02
2322495,user12
2073609,user03
2073609,user13
4363107,user04
4363107,user14
4361233,user05
4361233,user15
4277063,user06
4277063,user16
4029905,user07
4029905,user17
2589184,user08
2589184,user18
3375897,user09
3375897,user19
1975309,user10
1975309,user20
1555747,user11
1555747,user21
2813255,user12
2813255,user01
3595332,user13
3595332,user02
245919,user14
245919,user03
1831401,user15
1831401,user04
1543606,user16
1543606,user05
3883015,user17
3883015,user06
1925937,user18
1925937,user07
2048415,user19
2048415,user08
2050188,user20
2050188,user09
855841,user21
855841,user10
3888475,user01
3888475,user02
4487878,user02
4487878,user03
4428662,user03
4428662,user04
2218009,user04
2218009,user05
2174007,user05
2174007,user06
4484319,user06
4484319,user07
3058329,user07
3058329,user08
3213579,user08
3213579,user09
3921820,user09
3921820,user10
1894013,user10
1894013,user11
505549,user11
505549,user12
3643701,user12
3643701,user13
1631828,user13
1631828,user14
3587862,user14
3587862,user15
2056860,user15
2056860,user16
4357349,user16
4357349,user17
1960972,user17
1960972,user18
2902152,user18
2902152,user19
2404047,user19
2404047,user20
107605,user20
107605,user21
1892861,user21
1892861,user01
121036,user01
121036,user03
1956093,user02
1956093,user04
4568138,user03
4568138,user05
3950206,user04
3950206,user06
3981888,user05
3981888,user07
3187075,user06
3187075,user08
2330143,user07
2330143,user09
4377672,user08
4377672,user10
4158078,user09
4158078,user11
3734928,user10
3734928,user12
2144605,user11
2144605,user13
3505683,user12
3505683,user14
4065857,user13
4065857,user15
4304855,user14
4304855,user16
181298,user15
181298,user17
1755653,user16
1755653,user18
4206227,user17
4206227,user19
3679114,user18
3679114,user20
2607009,user19
2607009,user21
2592357,user20
2592357,user01
1125528,user21
1125528,user02
1640923,user01
1640923,user05
4084111,user02
4084111,user06
130791,user03
130791,user07
3187804,user04
3187804,user08
1866874,user05
1866874,user09
3505147,user06
3505147,user10
2566541,user07
2566541,user11
1874148,user08
1874148,user12
520404,user09
520404,user13
3812969,user10
3812969,user14
2321987,user11
2321987,user15
2852690,user12
2852690,user16
567733,user13
567733,user17
366551,user14
366551,user18
1668734,user15
1668734,user19
2675018,user16
2675018,user20
50644,user17
50644,user21
4298342,user18
4298342,user01
1264105,user19
1264105,user02
1873664,user20
1873664,user03
221751,user21
221751,user04
3447513,user01
3447513,user06
1973077,user02
1973077,user07
3977301,user03
3977301,user08
3807254,user04
3807254,user09
2157693,user05
2157693,user10
400897,user06
400897,user11
1127235,user07
1127235,user12
566937,user08
566937,user13
601236,user09
601236,user14
3922186,user10
3922186,user15
4138194,user11
4138194,user16
1544048,user12
1544048,user17
3945237,user13
3945237,user18
169372,user14
169372,user19
3367900,user15
3367900,user20
2791906,user16
2791906,user21
976365,user17
976365,user01
3918263,user18
3918263,user02
2346281,user19
2346281,user03
1157158,user20
1157158,user04
1372149,user21
1372149,user05
3302061,user01
3302061,user09
3493752,user02
3493752,user10
93472,user03
93472,user11
2718866,user04
2718866,user12
921747,user05
921747,user13
3360167,user06
3360167,user14
921549,user07
921549,user15
3881475,user08
3881475,user16
1224987,user09
1224987,user17
1333843,user10
1333843,user18
300415,user11
300415,user19
2130396,user12
2130396,user20
1021929,user13
1021929,user21
1117819,user14
1117819,user01
4115851,user15
4115851,user02
2763666,user16
2763666,user03
4217623,user17
4217623,user04
1712491,user18
1712491,user05
3467336,user19
3467336,user06
1760200,user20
1760200,user07
1180069,user21
1180069,user08
1451418,user01
1451418,user11
3130455,user02
3130455,user12
1800621,user03
1800621,user13
2719619,user04
2719619,user14
49434,user05
49434,user15
3640019,user06
3640019,user16
4388118,user07
4388118,user17
4113133,user08
4113133,user18
3523462,user09
3523462,user19
3880809,user10
3880809,user20
3938296,user11
3938296,user21
325708,user12
325708,user01
120974,user13
120974,user02
2220184,user14
2220184,user03
3215022,user15
3215022,user04
3931958,user16
3931958,user05
3745372,user17
3745372,user06
1471224,user18
1471224,user07
1576887,user19
1576887,user08
1261094,user20
1261094,user09
1746554,user21
1746554,user10
2350025,user01
2350025,user02
1874543,user02
1874543,user03
407771,user03
407771,user04
1295300,user04
1295300,user05
3973091,user05
3973091,user06
3029222,user06
3029222,user07
1760853,user07
1760853,user08
1893423,user08
1893423,user09
984942,user09
984942,user10
1709628,user10
1709628,user11
458285,user11
458285,user12
3592273,user12
3592273,user13
3979913,user13
3979913,user14
1588799,user14
1588799,user15
3930989,user15
3930989,user16
3830167,user16
3830167,user17
2798111,user17
2798111,user18
2144240,user18
2144240,user19
1295296,user19
1295296,user20
508526,user20
508526,user21
2336245,user21
2336245,user01
4504427,user01
4504427,user03
2218025,user02
2218025,user04
1345810,user03
1345810,user05
196847,user04
196847,user06
441736,user05
441736,user07
3624915,user06
3624915,user08
3954824,user07
3954824,user09
40712,user08
40712,user10
486128,user09
486128,user11
2731546,user10
2731546,user12
3562603,user11
3562603,user13
446272,user12
446272,user14
4434888,user13
4434888,user15
2544277,user14
2544277,user16
3725323,user15
3725323,user17
20137,user16
20137,user18
421698,user17
421698,user19
966902,user18
966902,user20
4164629,user19
4164629,user21
24631,user20
24631,user01
3211844,user21
3211844,user02
898874,user01
898874,user05
4163380,user02
4163380,user06
4567325,user03
4567325,user07
63831,user04
63831,user08
1973043,user05
1973043,user09
3610688,user06
3610688,user10
1731224,user07
1731224,user11
1725754,user08
1725754,user12
1232252,user09
1232252,user13
4479030,user10
4479030,user14
978692,user11
978692,user15
3863884,user12
3863884,user16
2378821,user13
2378821,user17
2784199,user14
2784199,user18
4455698,user15
4455698,user19
23334,user16
23334,user20
2303265,user17
2303265,user21
1258677,user18
1258677,user01
1598692,user19
1598692,user02
5429,user20
5429,user03
4525971,user21
4525971,user04
333904,user01
333904,user06
1975788,user02
1975788,user07
811811,user03
811811,user08
2507779,user04
2507779,user09
1205700,user05
1205700,user10
477507,user06
477507,user11
2773077,user07
2773077,user12
2626664,user08
2626664,user13
3672506,user09
3672506,user14
555656,user10
555656,user15
2267542,user11
2267542,user16
1177062,user12
1177062,user17
3778197,user13
3778197,user18
3464455,user14
3464455,user19
3702817,user15
3702817,user20
1791878,user16
1791878,user21
2186826,user17
2186826,user01
3902793,user18
3902793,user02
477529,user19
477529,user03
480523,user20
480523,user04
661335,user21
661335,user05
690310,user01
690310,user09
355273,user02
355273,user10
1890253,user03
1890253,user11
983818,user04
983818,user12
2626732,user05
2626732,user13
721203,user06
721203,user14
124247,user07
124247,user15
2027072,user08
2027072,user16
2679444,user09
2679444,user17
396714,user10
396714,user18
2072831,user11
2072831,user19
3672515,user12
3672515,user20
1322012,user13
1322012,user21
625551,user14
625551,user01
478850,user15
478850,user02
519673,user16
519673,user03
3690677,user17
3690677,user04
3369920,user18
3369920,user05
568012,user19
568012,user06
3464502,user20
3464502,user07
3099016,user21
3099016,user08
4436861,user01
4436861,user11
113114,user02
113114,user12
3208025,user03
3208025,user13
404568,user04
404568,user14
1733043,user05
1733043,user15
2844983,user06
2844983,user16
2778467,user07
2778467,user17
2263735,user08
2263735,user18
2601,user09
2601,user19
85317,user10
85317,user20
2646380,user11
2646380,user21
1436734,user12
1436734,user01
3026826,user13
3026826,user02
3858771,user14
3858771,user03
553603,user15
553603,user04
1803182,user16
1803182,user05
1399996,user17
1399996,user06
939936,user18
939936,user07
4390799,user19
4390799,user08
472446,user20
472446,user09
1308789,user21
1308789,user10
1702796,user01
1702796,user02
3711539,user02
3711539,user03
2679081,user03
2679081,user04
1021920,user04
1021920,user05
3904004,user05
3904004,user06
2327940,user06
2327940,user07
315498,user07
315498,user08
2191446,user08
2191446,user09
1436266,user09
1436266,user10
3539982,user10
3539982,user11
2781220,user11
2781220,user12
2054872,user12
2054872,user13
1541951,user13
1541951,user14
1435593,user14
1435593,user15
374762,user15
374762,user16
4126127,user16
4126127,user17
2797755,user17
2797755,user18
3062545,user18
3062545,user19
3975389,user19
3975389,user20
4277694,user20
4277694,user21
2459548,user21
2459548,user01
4452810,user01
4452810,user03
3915290,user02
3915290,user04
1434557,user03
1434557,user05
1221433,user04
1221433,user06
2866627,user05
2866627,user07
4329358,user06
4329358,user08
1309174,user07
1309174,user09
264403,user08
264403,user10
3957478,user09
3957478,user11
1312859,user10
1312859,user12
3598160,user11
3598160,user13
2057196,user12
2057196,user14
513442,user13
513442,user15
1541752,user14
1541752,user16
3291687,user15
3291687,user17
527194,user16
527194,user18
3514145,user17
3514145,user19
4388504,user18
4388504,user20
3598152,user19
3598152,user21
2776539,user20
2776539,user01
4100054,user21
4100054,user02
2740494,user01
2740494,user05
1047144,user02
1047144,user06
4486376,user03
4486376,user07
4401701,user04
4401701,user08
1433300,user05
1433300,user09
1877142,user06
1877142,user10
4236356,user07
4236356,user11
2355626,user08
2355626,user12
55906,user09
55906,user13
425774,user10
425774,user14
3859879,user11
3859879,user15
2181637,user12
2181637,user16
4376364,user13
4376364,user17
405729,user14
405729,user18
2315898,user15
2315898,user19
2518563,user16
2518563,user20
4393898,user17
4393898,user21
1890343,user18
1890343,user01
3049982,user19
3049982,user02
2757126,user20
2757126,user03
1746424,user21
1746424,user04
366997,user01
366997,user06
677976,user02
677976,user07
404875,user03
404875,user08
1830970,user04
1830970,user09
1890460,user05
1890460,user10
4406140,user06
4406140,user11
2814315,user07
2814315,user12
591486,user08
591486,user13
3465183,user09
3465183,user14
3955072,user10
3955072,user15
1350822,user11
1350822,user16
4515285,user12
4515285,user17
1888491,user13
1888491,user18
4560434,user14
4560434,user19
4441541,user15
4441541,user20
858578,user16
858578,user21
2731519,user17
2731519,user01
2237035,user18
2237035,user02
2786238,user19
2786238,user03
1545050,user20
1545050,user04
3463017,user21
3463017,user05
785285,user01
785285,user09
1592624,user02
1592624,user10
3019142,user03
3019142,user11
4409660,user04
4409660,user12
2392302,user05
2392302,user13
2997404,user06
2997404,user14
4394614,user07
4394614,user15
4123812,user08
4123812,user16
4107669,user09
4107669,user17
3232786,user10
3232786,user18
423166,user11
423166,user19
1366202,user12
1366202,user20
1744554,user13
1744554,user21
288805,user14
288805,user01
2186834,user15
2186834,user02
3444402,user16
3444402,user03
2230949,user17
2230949,user04
4088050,user18
4088050,user05
2545555,user19
2545555,user06
2308107,user20
2308107,user07
3135771,user21
3135771,user08
4209230,user01
4209230,user11
2156327,user02
2156327,user12
3131229,user03
3131229,user13
443058,user04
443058,user14
4075909,user05
4075909,user15
4273069,user06
4273069,user16
4164804,user07
4164804,user17
1870371,user08
1870371,user18
3676648,user09
3676648,user19
1456059,user10
1456059,user20
751315,user11
751315,user21
3821630,user12
3821630,user01
3211817,user13
3211817,user02
2415384,user14
2415384,user03
402636,user15
402636,user04
4119737,user16
4119737,user05
1718303,user17
1718303,user06
2311964,user18
2311964,user07
3336226,user19
3336226,user08
1762921,user20
1762921,user09
91789,user21
91789,user10
1401071,user01
1401071,user02
4013516,user02
4013516,user03
3770743,user03
3770743,user04
2270655,user04
2270655,user05
968016,user05
968016,user06
1035298,user06
1035298,user07
1661168,user07
1661168,user08
4119292,user08
4119292,user09
4325642,user09
4325642,user10
4399535,user10
4399535,user11
3758092,user11
3758092,user12
2626655,user12
2626655,user13
3847911,user13
3847911,user14
2955080,user14
2955080,user15
3606685,user15
3606685,user16
2206405,user16
2206405,user17
2775106,user17
2775106,user18
3657438,user18
3657438,user19
352982,user19
352982,user20
2527523,user20
2527523,user21
2645453,user21
2645453,user01
2144198,user01
2144198,user03
3878755,user02
3878755,user04
844576,user03
844576,user05
3889570,user04
3889570,user06
4500933,user05
4500933,user07
751360,user06
751360,user08
3470641,user07
3470641,user09
2647651,user08
2647651,user10
1065568,user09
1065568,user11
90612,user10
90612,user12
122570,user11
122570,user13
886831,user12
886831,user14
3719665,user13
3719665,user15
301267,user14
301267,user16
3890723,user15
3890723,user17
1279315,user16
1279315,user18
4039398,user17
4039398,user19
2393107,user18
2393107,user20
669616,user19
669616,user21
737873,user20
737873,user01
4114180,user21
4114180,user02
1084721,user01
1084721,user05
1545912,user02
1545912,user06
363425,user03
363425,user07
364753,user04
364753,user08
59268,user05
59268,user09
2169571,user06
2169571,user10
700205,user07
700205,user11
3600957,user08
3600957,user12
941561,user09
941561,user13
4523335,user10
4523335,user14
3942804,user11
3942804,user15
3983055,user12
3983055,user16
380993,user13
380993,user17
1344507,user14
1344507,user18
84229,user15
84229,user19
685470,user16
685470,user20
1498368,user17
1498368,user21
4439666,user18
4439666,user01
4010455,user19
4010455,user02
2296296,user20
2296296,user03
1030668,user21
1030668,user04
4021514,user01
4021514,user06
3920864,user02
3920864,user07
1864983,user03
1864983,user08
2167719,user04
2167719,user09
1552417,user05
1552417,user10
3886282,user06
3886282,user11
1936542,user07
1936542,user12
1185917,user08
1185917,user13
3479978,user09
3479978,user14
3167110,user10
3167110,user15
3134171,user11
3134171,user16
1863921,user12
1863921,user17
1326675,user13
1326675,user18
2041108,user14
2041108,user19
2057199,user15
2057199,user20
4003572,user16
4003572,user21
423040,user17
423040,user01
1315764,user18
1315764,user02
367028,user19
367028,user03
2264432,user20
2264432,user04
3067156,user21
3067156,user05
2218028,user01
2218028,user09
2986673,user02
2986673,user10
1131289,user03
1131289,user11
3873102,user04
3873102,user12
3675594,user05
3675594,user13
1307002,user06
1307002,user14
2820830,user07
2820830,user15
2064894,user08
2064894,user16
2362578,user09
2362578,user17
1334495,user10
1334495,user18
1447389,user11
1447389,user19
1544006,user12
1544006,user20
1006051,user13
1006051,user21
1347799,user14
1347799,user01
3112289,user15
3112289,user02
932875,user16
932875,user03
3237687,user17
3237687,user04
1144776,user18
1144776,user05
3063118,user19
3063118,user06
1257782,user20
1257782,user07
391134,user21
391134,user08
2871918,user01
2871918,user11
4090807,user02
4090807,user12
3877760,user03
3877760,user13
169602,user04
169602,user14
2339230,user05
2339230,user15
3907254,user06
3907254,user16
3370765,user07
3370765,user17
2533892,user08
2533892,user18
3116116,user09
3116116,user19
2295101,user10
2295101,user20
2499787,user11
2499787,user21
2860897,user12
2860897,user01
2107502,user13
2107502,user02
811448,user14
811448,user03
3843856,user15
3843856,user04
3672516,user16
3672516,user05
2296155,user17
2296155,user06
950080,user18
950080,user07
3291718,user19
3291718,user08
1769763,user20
1769763,user09
1504824,user21
1504824,user10
3924913,user01
3924913,user02
2223745,user02
2223745,user03
3952782,user03
3952782,user04
4127684,user04
4127684,user05
506662,user05
506662,user06
1560144,user06
1560144,user07
1374666,user07
1374666,user08
2030273,user08
2030273,user09
3534246,user09
3534246,user10
4122385,user10
4122385,user11
3929419,user11
3929419,user12
2176139,user12
2176139,user13
3208245,user13
3208245,user14
3502968,user14
3502968,user15
4106901,user15
4106901,user16
914970,user16
914970,user17
2636884,user17
2636884,user18
1156218,user18
1156218,user19
313468,user19
313468,user20
1729285,user20
1729285,user21
4569377,user21
4569377,user01
3850142,user01
3850142,user03
3470379,user02
3470379,user04
2591117,user03
2591117,user05
3136837,user04
3136837,user06
597443,user05
597443,user07
3874576,user06
3874576,user08
113100,user07
113100,user09
2645362,user08
2645362,user10
3996960,user09
3996960,user11
3606516,user10
3606516,user12
2371938,user11
2371938,user13
535772,user12
535772,user14
595281,user13
595281,user15
2083059,user14
2083059,user16
4206398,user15
4206398,user17
4067565,user16
4067565,user18
49558,user17
49558,user19
3032863,user18
3032863,user20
1983133,user19
1983133,user21
865064,user20
865064,user01
1342746,user21
1342746,user02
3011665,user01
3011665,user05
3207310,user02
3207310,user06
1324402,user03
1324402,user07
3302044,user04
3302044,user08
479420,user05
479420,user09
672895,user06
672895,user10
3733567,user07
3733567,user11
1339831,user08
1339831,user12
4024507,user09
4024507,user13
2157178,user10
2157178,user14
3595363,user11
3595363,user15
2577857,user12
2577857,user16
79987,user13
79987,user17
179335,user14
179335,user18
2440550,user15
2440550,user19
461393,user16
461393,user20
4262970,user17
4262970,user21
1663843,user18
1663843,user01
3373931,user19
3373931,user02
3586408,user20
3586408,user03
1137085,user21
1137085,user04
1731545,user01
1731545,user06
1636959,user02
1636959,user07
2786215,user03
2786215,user08
1414148,user04
1414148,user09
4481684,user05
4481684,user10
2265633,user06
2265633,user11
1145593,user07
1145593,user12
1010397,user08
1010397,user13
182875,user09
182875,user14
370313,user10
370313,user15
3493338,user11
3493338,user16
1350818,user12
1350818,user17
661474,user13
661474,user18
4391034,user14
4391034,user19
875261,user15
875261,user20
769943,user16
769943,user21
733791,user17
733791,user01
1435107,user18
1435107,user02
1861916,user19
1861916,user03
1794238,user20
1794238,user04
2193440,user21
2193440,user05
3998268,user01
3998268,user09
3618697,user02
3618697,user10
1338274,user03
1338274,user11
3284191,user04
3284191,user12
4571257,user05
4571257,user13
1680937,user06
1680937,user14
111280,user07
111280,user15
990140,user08
990140,user16
376668,user09
376668,user17
2115249,user10
2115249,user18
1747070,user11
1747070,user19
1947817,user12
1947817,user20
979145,user13
979145,user21
2221561,user14
2221561,user01
4121369,user15
4121369,user02
400884,user16
400884,user03
2585868,user17
2585868,user04
3281763,user18
3281763,user05
849197,user19
849197,user06
2864051,user20
2864051,user07
3213345,user21
3213345,user08
1333109,user01
1333109,user11
3304227,user02
3304227,user12
23846,user03
23846,user13
2313328,user04
2313328,user14
2253698,user05
2253698,user15
2292698,user06
2292698,user16
3784879,user07
3784879,user17
1798695,user08
1798695,user18
2186137,user09
2186137,user19
1199713,user10
1199713,user20
1034056,user11
1034056,user21
1056091,user12
1056091,user01
1110518,user13
1110518,user02
4157714,user14
4157714,user03
1990600,user15
1990600,user04
3989441,user16
3989441,user05
4209501,user17
4209501,user06
377668,user18
377668,user07
554009,user19
554009,user08
4435863,user20
4435863,user09
1677614,user21
1677614,user10
3557760,user01
3557760,user02
1057670,user02
1057670,user03
3599858,user03
3599858,user04
4201458,user04
4201458,user05
612127,user05
612127,user06
181115,user06
181115,user07
2555618,user07
2555618,user08
1314164,user08
1314164,user09
682430,user09
682430,user10
4515454,user10
4515454,user11
1252428,user11
1252428,user12
4473802,user12
4473802,user13
4137073,user13
4137073,user14
4243948,user14
4243948,user15
1128109,user15
1128109,user16
4134232,user16
4134232,user17
2755505,user17
2755505,user18
3054899,user18
3054899,user19
3795662,user19
3795662,user20
3545248,user20
3545248,user21
1720220,user21
1720220,user01
3285239,user01
3285239,user03
3092924,user02
3092924,user04
3737525,user03
3737525,user05
1316038,user04
1316038,user06
3236842,user05
3236842,user07
1867444,user06
1867444,user08
3191945,user07
3191945,user09
3882895,user08
3882895,user10
2703157,user09
2703157,user11
2316040,user10
2316040,user12
278677,user11
278677,user13
1678106,user12
1678106,user14
404256,user13
404256,user15
238735,user14
238735,user16
4121814,user15
4121814,user17
85569,user16
85569,user18
2444245,user17
2444245,user19
230579,user18
230579,user20
2986439,user19
2986439,user21
2605588,user20
2605588,user01
240970,user21
240970,user02
3854883,user01
3854883,user05
3151992,user02
3151992,user06
1124508,user03
1124508,user07
99268,user04
99268,user08
1865803,user05
1865803,user09
3395049,user06
3395049,user10
729083,user07
729083,user11
300585,user08
300585,user12
3145860,user09
3145860,user13
3388232,user10
3388232,user14
377093,user11
377093,user15
616303,user12
616303,user16
3925202,user13
3925202,user17
93147,user14
93147,user18
420942,user15
420942,user19
2338870,user16
2338870,user20
2362300,user17
2362300,user21
4086616,user18
4086616,user01
491344,user19
491344,user02
2709386,user20
2709386,user03
3251673,user21
3251673,user04
3129182,user01
3129182,user06
1636413,user02
1636413,user07
2137156,user03
2137156,user08
4483959,user04
4483959,user09
843829,user05
843829,user10
3034508,user06
3034508,user11
67672,user07
67672,user12
1997317,user08
1997317,user13
415464,user09
415464,user14
393535,user10
393535,user15
3056345,user11
3056345,user16
3598349,user12
3598349,user17
2993488,user13
2993488,user18
2072513,user14
2072513,user19
39274,user15
39274,user20
93563,user16
93563,user21
1439275,user17
1439275,user01
4432164,user18
4432164,user02
2213249,user19
2213249,user03
732662,user20
732662,user04
2293956,user21
2293956,user05
1062909,user01
1062909,user09
2780816,user02
2780816,user10
1292358,user03
1292358,user11
2142210,user04
2142210,user12
3222461,user05
3222461,user13
468982,user06
468982,user14
2294886,user07
2294886,user15
329370,user08
329370,user16
1267024,user09
1267024,user17
498924,user10
498924,user18
3278109,user11
3278109,user19
2142140,user12
2142140,user20
667233,user13
667233,user21
3836507,user14
3836507,user01
3610016,user15
3610016,user02
397194,user16
397194,user03
21395,user17
21395,user04
921079,user18
921079,user05
1911793,user19
1911793,user06
3810812,user20
3810812,user07
3681904,user21
3681904,user08
1065556,user01
1065556,user11
2203569,user02
2203569,user12
3011667,user03
3011667,user13
4372713,user04
4372713,user14
2753208,user05
2753208,user15
331098,user06
331098,user16
1236211,user07
1236211,user17
4487323,user08
4487323,user18
1877842,user09
1877842,user19
2614667,user10
2614667,user20
2068740,user11
2068740,user21
2698503,user12
2698503,user01
1543530,user13
1543530,user02
483623,user14
483623,user03
1319836,user15
1319836,user04
3979506,user16
3979506,user05
1124650,user17
1124650,user06
2442257,user18
2442257,user07
3135377,user19
3135377,user08
442757,user20
442757,user09
1890935,user21
1890935,user10
2731391,user01
2731391,user02
396185,user02
396185,user03
44661,user03
44661,user04
1121906,user04
1121906,user05
4211684,user05
4211684,user06
1154432,user06
1154432,user07
2469193,user07
2469193,user08
3067020,user08
3067020,user09
2782150,user09
2782150,user10
2956439,user10
2956439,user11
2068130,user11
2068130,user12
1250008,user12
1250008,user13
2366175,user13
2366175,user14
4098932,user14
4098932,user15
4125533,user15
4125533,user16
2342931,user16
2342931,user17
2784954,user17
2784954,user18
4209233,user18
4209233,user19
1517372,user19
1517372,user20
2600420,user20
2600420,user21
40575,user21
40575,user01
3512581,user01
3512581,user03
114687,user02
114687,user04
4129569,user03
4129569,user05
1616048,user04
1616048,user06
3973383,user05
3973383,user07
3936354,user06
3936354,user08
2549304,user07
2549304,user09
1889408,user08
1889408,user10
4112901,user09
4112901,user11
2005319,user10
2005319,user12
2778709,user11
2778709,user13
999600,user12
999600,user14
2399732,user13
2399732,user15
2373156,user14
2373156,user16
691220,user15
691220,user17
1435753,user16
1435753,user18
1897144,user17
1897144,user19
1562177,user18
1562177,user20
2463259,user19
2463259,user21
2720920,user20
2720920,user01
3730530,user21
3730530,user02
1059836,user01
1059836,user05
3030834,user02
3030834,user06
1875727,user03
1875727,user07
1679740,user04
1679740,user08
4235188,user05
4235188,user09
2138694,user06
2138694,user10
4162185,user07
4162185,user11
3568418,user08
3568418,user12
3477535,user09
3477535,user13
3104851,user10
3104851,user14
3620745,user11
3620745,user15
471492,user12
471492,user16
539606,user13
539606,user17
3378967,user14
3378967,user18
1160228,user15
1160228,user19
40704,user16
40704,user20
4464335,user17
4464335,user21
2639775,user18
2639775,user01
2461059,user19
2461059,user02
1863547,user20
1863547,user03
148303,user21
148303,user04
380222,user01
380222,user06
403268,user02
403268,user07
3385057,user03
3385057,user08
48523,user04
48523,user09
4315155,user05
4315155,user10
2759541,user06
2759541,user11
4380147,user07
4380147,user12
3049986,user08
3049986,user13
721842,user09
721842,user14
2383926,user10
2383926,user15
1976357,user11
1976357,user16
1393691,user12
1393691,user17
1667894,user13
1667894,user18
2316964,user14
2316964,user19
538656,user15
538656,user20
1727544,user16
1727544,user21
3363563,user17
3363563,user01
4373945,user18
4373945,user02
3598193,user19
3598193,user03
477134,user20
477134,user04
2261085,user21
2261085,user05
433737,user01
433737,user09
3106419,user02
3106419,user10
2525861,user03
2525861,user11
2167559,user04
2167559,user12
439309,user05
439309,user13
33074,user06
33074,user14
3185488,user07
3185488,user15
314760,user08
314760,user16
4361007,user09
4361007,user17
728896,user10
728896,user18
3945708,user11
3945708,user19
2202023,user12
2202023,user20
4211051,user13
4211051,user21
1774760,user14
1774760,user01
1554720,user15
1554720,user02
3266664,user16
3266664,user03
2583235,user17
2583235,user04
1637281,user18
1637281,user05
2916711,user19
2916711,user06
1273975,user20
1273975,user07
3555885,user21
3555885,user08
3193925,user01
3193925,user11
1959494,user02
1959494,user12
2356774,user03
2356774,user13
1014353,user04
1014353,user14
1841249,user05
1841249,user15
1207491,user06
1207491,user16
1749262,user07
1749262,user17
4192987,user08
4192987,user18
4370032,user09
4370032,user19
3173429,user10
3173429,user20
3031611,user11
3031611,user21
983336,user12
983336,user01
3279013,user13
3279013,user02
4206243,user14
4206243,user03
2343179,user15
2343179,user04
3979746,user16
3979746,user05
2630698,user17
2630698,user06
1774484,user18
1774484,user07
596568,user19
596568,user08
1581338,user20
1581338,user09
1969437,user21
1969437,user10
153842,user01
153842,user02
3087837,user02
3087837,user03
3290426,user03
3290426,user04
431864,user04
431864,user05
867255,user05
867255,user06
1381695,user06
1381695,user07
3979258,user07
3979258,user08
1161260,user08
1161260,user09
2809440,user09
2809440,user10
3942647,user10
3942647,user11
420039,user11
420039,user12
610324,user12
610324,user13
2177606,user13
2177606,user14
2648289,user14
2648289,user15
114390,user15
114390,user16
3937759,user16
3937759,user17
175016,user17
175016,user18
3975586,user18
3975586,user19
3295965,user19
3295965,user20
3213513,user20
3213513,user21
422532,user21
422532,user01
4107485,user01
4107485,user03
2167815,user02
2167815,user04
1939712,user03
1939712,user05
2540934,user04
2540934,user06
2817954,user05
2817954,user07
1312110,user06
1312110,user08
169359,user07
169359,user09
1540540,user08
1540540,user10
4302883,user09
4302883,user11
1982521,user10
1982521,user12
577859,user11
577859,user13
1483636,user12
1483636,user14
2068794,user13
2068794,user15
3448115,user14
3448115,user16
1219691,user15
1219691,user17
4109367,user16
4109367,user18
1049513,user17
1049513,user19
2615643,user18
2615643,user20
2679331,user19
2679331,user21
3169224,user20
3169224,user01
4449666,user21
4449666,user02
2220199,user01
2220199,user05
3559723,user02
3559723,user06
2415550,user03
2415550,user07
94030,user04
94030,user08
1483639,user05
1483639,user09
3691492,user06
3691492,user10
4001712,user07
4001712,user11
2330040,user08
2330040,user12
563634,user09
563634,user13
4232674,user10
4232674,user14
4159588,user11
4159588,user15
3857434,user12
3857434,user16
2309864,user13
2309864,user17
721171,user14
721171,user18
3044859,user15
3044859,user19
156250,user16
156250,user20
4558771,user17
4558771,user21
1236062,user18
1236062,user01
2836892,user19
2836892,user02
3992518,user20
3992518,user03
3957831,user21
3957831,user04
2079044,user01
2079044,user06
1677808,user02
1677808,user07
1350482,user03
1350482,user08
4213190,user04
4213190,user09
385418,user05
385418,user10
3129295,user06
3129295,user11
3540610,user07
3540610,user12
2525881,user08
2525881,user13
492584,user09
492584,user14
4473583,user10
4473583,user15
1217031,user11
1217031,user16
2849201,user12
2849201,user17
3666960,user13
3666960,user18
3610029,user14
3610029,user19
4169857,user15
4169857,user20
1104341,user16
1104341,user21
1680016,user17
1680016,user01
1119039,user18
1119039,user02
2515561,user19
2515561,user03
1620503,user20
1620503,user04
2870795,user21
2870795,user05
1088278,user01
1088278,user09
1996639,user02
1996639,user10
2770436,user03
2770436,user11
3282198,user04
3282198,user12
1567550,user05
1567550,user13
3362697,user06
3362697,user14
620763,user07
620763,user15
114737,user08
114737,user16
969323,user09
969323,user17
2407890,user10
2407890,user18
4394507,user11
4394507,user19
469997,user12
469997,user20
1325760,user13
1325760,user21
2284609,user14
2284609,user01
220287,user15
220287,user02
1755650,user16
1755650,user03
916343,user17
916343,user04
2332102,user18
2332102,user05
1579338,user19
1579338,user06
4561853,user20
4561853,user07
751364,user21
751364,user08
1923006,user01
1923006,user11
372680,user02
372680,user12
1288085,user03
1288085,user13
709975,user04
709975,user14
4157871,user05
4157871,user15
3856388,user06
3856388,user16
1734922,user07
1734922,user17
3830139,user08
3830139,user18
2100149,user09
2100149,user19
677201,user10
677201,user20
4475924,user11
4475924,user21
2139655,user12
2139655,user01
2355720,user13
2355720,user02
3903060,user14
3903060,user03
42453,user15
42453,user04
3931178,user16
3931178,user05
4515501,user17
4515501,user06
528096,user18
528096,user07
2760285,user19
2760285,user08
583740,user20
583740,user09
3554974,user21
3554974,user10
206157,user01
206157,user02
960085,user02
960085,user03
3529017,user03
3529017,user04
4077596,user04
4077596,user05
2516521,user05
2516521,user06
1957302,user06
1957302,user07
106273,user07
106273,user08
3576676,user08
3576676,user09
2065893,user09
2065893,user10
3847910,user10
3847910,user11
96435,user11
96435,user12
3806761,user12
3806761,user13
329405,user13
329405,user14
4205591,user14
4205591,user15
1910623,user15
1910623,user16
3170277,user16
3170277,user17
4067039,user17
4067039,user18
4484028,user18
4484028,user19
1654945,user19
1654945,user20
4162646,user20
4162646,user21
3541634,user21
3541634,user01
813679,user01
813679,user03
15846,user02
15846,user04
1743823,user03
1743823,user05
1553927,user04
1553927,user06
624645,user05
624645,user07
2111949,user06
2111949,user08
1180143,user07
1180143,user09
2184060,user08
2184060,user10
1746231,user09
1746231,user11
2301975,user10
2301975,user12
4569283,user11
4569283,user13
168374,user12
168374,user14
60537,user13
60537,user15
53638,user14
53638,user16
3218681,user15
3218681,user17
241128,user16
241128,user18
4113591,user17
4113591,user19
4422669,user18
4422669,user20
980935,user19
980935,user21
4404950,user20
4404950,user01
1793663,user21
1793663,user02
1795568,user01
1795568,user05
2106006,user02
2106006,user06
3444975,user03
3444975,user07
3973741,user04
3973741,user08
212814,user05
212814,user09
1781531,user06
1781531,user10
4008314,user07
4008314,user11
4494702,user08
4494702,user12
556301,user09
556301,user13
4568669,user10
4568669,user14
2762894,user11
2762894,user15
2967846,user12
2967846,user16
1493148,user13
1493148,user17
2031846,user14
2031846,user18
1347628,user15
1347628,user19
8922,user16
8922,user20
2712476,user17
2712476,user21
3108764,user18
3108764,user01
4280113,user19
4280113,user02
3333137,user20
3333137,user03
3298154,user21
3298154,user04
2700253,user01
2700253,user06
1320582,user02
1320582,user07
1212551,user03
1212551,user08
404884,user04
404884,user09
3919116,user05
3919116,user10
3136708,user06
3136708,user11
472494,user07
472494,user12
210704,user08
210704,user13
3167078,user09
3167078,user14
1713711,user10
1713711,user15
3502624,user11
3502624,user16
2839443,user12
2839443,user17
257370,user13
257370,user18
4214282,user14
4214282,user19
2562806,user15
2562806,user20
3838198,user16
3838198,user21
1452607,user17
1452607,user01
1868593,user18
1868593,user02
3871434,user19
3871434,user03
3034287,user20
3034287,user04
4499792,user21
4499792,user05
4164987,user01
4164987,user09
3628872,user02
3628872,user10
3585407,user03
3585407,user11
1324887,user04
1324887,user12
1865759,user05
1865759,user13
400292,user06
400292,user14
3182733,user07
3182733,user15
1241480,user08
1241480,user16
3553887,user09
3553887,user17
427847,user10
427847,user18
498503,user11
498503,user19
3953494,user12
3953494,user20
3032052,user13
3032052,user21
434013,user14
434013,user01
103708,user15
103708,user02
1131263,user16
1131263,user03
1705737,user17
1705737,user04
4253113,user18
4253113,user05
419136,user19
419136,user06
377201,user20
377201,user07
1743477,user21
1743477,user08
1288638,user01
1288638,user11
1926100,user02
1926100,user12
3655973,user03
3655973,user13
917739,user04
917739,user14
1120736,user05
1120736,user15
1886842,user06
1886842,user16
1332422,user07
1332422,user17
606639,user08
606639,user18
2014838,user09
2014838,user19
4008946,user10
4008946,user20
605119,user11
605119,user21
4494130,user12
4494130,user01
1114097,user13
1114097,user02
4484729,user14
4484729,user03
2895416,user15
2895416,user04
3672784,user16
3672784,user05
2185172,user17
2185172,user06
326701,user18
326701,user07
89470,user19
89470,user08
2189849,user20
2189849,user09
2415540,user21
2415540,user10
3625768,user01
3625768,user02
3033284,user02
3033284,user03
2190570,user03
2190570,user04
4435231,user04
4435231,user05
3941096,user05
3941096,user06
779183,user06
779183,user07
194830,user07
194830,user08
2460505,user08
2460505,user09
3302695,user09
3302695,user10
4015349,user10
4015349,user11
3906394,user11
3906394,user12
1312156,user12
1312156,user13
3820483,user13
3820483,user14
598304,user14
598304,user15
2752592,user15
2752592,user16
1526555,user16
1526555,user17
85172,user17
85172,user18
1645813,user18
1645813,user19
2872615,user19
2872615,user20
934448,user20
934448,user21
1764226,user21
1764226,user01
982704,user01
982704,user03
728440,user02
728440,user04
2987367,user03
2987367,user05
1640993,user04
1640993,user06
2600295,user05
2600295,user07
2710254,user06
2710254,user08
1885768,user07
1885768,user09
2978493,user08
2978493,user10
3983821,user09
3983821,user11
1869725,user10
1869725,user12
1565033,user11
1565033,user13
1764099,user12
1764099,user14
2520600,user13
2520600,user15
4533480,user14
4533480,user16
1243511,user15
1243511,user17
3924277,user16
3924277,user18
824586,user17
824586,user19
2116746,user18
2116746,user20
111610,user19
111610,user21
3973391,user20
3973391,user01
216825,user21
216825,user02
3806265,user01
3806265,user05
586323,user02
586323,user06
2749484,user03
2749484,user07
2292739,user04
2292739,user08
2615741,user05
2615741,user09
1867568,user06
1867568,user10
963579,user07
963579,user11
1875741,user08
1875741,user12
4272386,user09
4272386,user13
3908981,user10
3908981,user14
2402216,user11
2402216,user15
1847518,user12
1847518,user16
792685,user13
792685,user17
2967944,user14
2967944,user18
2813140,user15
2813140,user19
3159262,user16
3159262,user20
181584,user17
181584,user21
1195932,user18
1195932,user01
2430852,user19
2430852,user02
1802600,user20
1802600,user03
4162640,user21
4162640,user04
2841775,user01
2841775,user06
4357355,user02
4357355,user07
4354882,user03
4354882,user08
4484732,user04
4484732,user09
3560262,user05
3560262,user10
2090242,user06
2090242,user11
689949,user07
689949,user12
2327863,user08
2327863,user13
3876494,user09
3876494,user14
2080953,user10
2080953,user15
3771683,user11
3771683,user16
2854487,user12
2854487,user17
2555771,user13
2555771,user18
1330843,user14
1330843,user19
1781534,user15
1781534,user20
4473265,user16
4473265,user21
668402,user17
668402,user01
3476962,user18
3476962,user02
3146984,user19
3146984,user03
4551249,user20
4551249,user04
4454078,user21
4454078,user05
384813,user01
384813,user09
2643476,user02
2643476,user10
3219727,user03
3219727,user11
2180380,user04
2180380,user12
683947,user05
683947,user13
612133,user06
612133,user14
2064229,user07
2064229,user15
3497718,user08
3497718,user16
472400,user09
472400,user17
2107481,user10
2107481,user18
2101959,user11
2101959,user19
279224,user12
279224,user20
1295307,user13
1295307,user21
1774656,user14
1774656,user01
1178449,user15
1178449,user02
2049960,user16
2049960,user03
1119727,user17
1119727,user04
1347454,user18
1347454,user05
4171517,user19
4171517,user06
33077,user20
33077,user07
270102,user21
270102,user08
2460509,user01
2460509,user11
2994151,user02
2994151,user12
2895042,user03
2895042,user13
192980,user04
192980,user14
2588568,user05
2588568,user15
425901,user06
425901,user16
2685101,user07
2685101,user17
3590560,user08
3590560,user18
2918175,user09
2918175,user19
4480499,user10
4480499,user20
98633,user11
98633,user21
2275967,user12
2275967,user01
3922668,user13
3922668,user02
3750416,user14
3750416,user03
368732,user15
368732,user04
804097,user16
804097,user05
192915,user17
192915,user06
2759982,user18
2759982,user07
4309927,user19
4309927,user08
3966578,user20
3966578,user09
1786117,user21
1786117,user10
2531406,user01
2531406,user02
4168457,user02
4168457,user03
42456,user03
42456,user04
2793022,user04
2793022,user05
3139986,user05
3139986,user06
949213,user06
949213,user07
979823,user07
979823,user08
425884,user08
425884,user09
929834,user09
929834,user10
2778534,user10
2778534,user11
3066718,user11
3066718,user12
553243,user12
553243,user13
2304203,user13
2304203,user14
2099974,user14
2099974,user15
2888244,user15
2888244,user16
3040509,user16
3040509,user17
3899829,user17
3899829,user18
4192539,user18
4192539,user19
4168508,user19
4168508,user20
333632,user20
333632,user21
3884527,user21
3884527,user01
4475884,user01
4475884,user03
3184561,user02
3184561,user04
4176220,user03
4176220,user05
3892306,user04
3892306,user06
3783723,user05
3783723,user07
2701962,user06
2701962,user08
1553924,user07
1553924,user09
330153,user08
330153,user10
2735061,user09
2735061,user11
1726005,user10
1726005,user12
2764123,user11
2764123,user13
1875853,user12
1875853,user14
2656740,user13
2656740,user15
565825,user14
565825,user16
2617902,user15
2617902,user17
4357652,user16
4357652,user18
2293961,user17
2293961,user19
1516688,user18
1516688,user20
770071,user19
770071,user21
2797839,user20
2797839,user01
2819373,user21
2819373,user02
4161000,user01
4161000,user05
1002129,user02
1002129,user06
3366503,user03
3366503,user07
347009,user04
347009,user08
1712516,user05
1712516,user09
2618556,user06
2618556,user10
1138275,user07
1138275,user11
1678273,user08
1678273,user12
3011343,user09
3011343,user13
1712608,user10
1712608,user14
2987252,user11
2987252,user15
102473,user12
102473,user16
651322,user13
651322,user17
1535481,user14
1535481,user18
1850591,user15
1850591,user19
1177737,user16
1177737,user20
3146254,user17
3146254,user21
2492406,user18
2492406,user01
1421666,user19
1421666,user02
1894045,user20
1894045,user03
1573198,user21
1573198,user04
1081374,user01
1081374,user06
897781,user02
897781,user07
121422,user03
121422,user08
1316757,user04
1316757,user09
3697048,user05
3697048,user10
1857604,user06
1857604,user11
395104,user07
395104,user12
2999582,user08
2999582,user13
2204660,user09
2204660,user14
3453938,user10
3453938,user15
3270811,user11
3270811,user16
1047145,user12
1047145,user17
1926106,user13
1926106,user18
1244098,user14
1244098,user19
2281476,user15
2281476,user20
3108090,user16
3108090,user21
4065966,user17
4065966,user01
640296,user18
640296,user02
71473,user19
71473,user03
2460408,user20
2460408,user04
3211999,user21
3211999,user05
3554293,user01
3554293,user09
2031839,user02
2031839,user10
3066719,user03
3066719,user11
2683867,user04
2683867,user12
4094613,user05
4094613,user13
3854580,user06
3854580,user14
477402,user07
477402,user15
707321,user08
707321,user16
3573747,user09
3573747,user17
1997300,user10
1997300,user18
2164947,user11
2164947,user19
721829,user12
721829,user20
4487103,user13
4487103,user21
978947,user14
978947,user01
17779,user15
17779,user02
969477,user16
969477,user03
2389597,user17
2389597,user04
3314727,user18
3314727,user05
119134,user19
119134,user06
3622993,user20
3622993,user07
2588383,user21
2588383,user08
4320868,user01
4320868,user11
104068,user02
104068,user12
2971330,user03
2971330,user13
2350830,user04
2350830,user14
751331,user05
751331,user15
965661,user06
965661,user16
1434200,user07
1434200,user17
2319374,user08
2319374,user18
3559175,user09
3559175,user19
2926311,user10
2926311,user20
3861330,user11
3861330,user21
2513909,user12
2513909,user01
2712324,user13
2712324,user02
3295013,user14
3295013,user03
1945985,user15
1945985,user04
1936158,user16
1936158,user05
73791,user17
73791,user06
1587455,user18
1587455,user07
1717617,user19
1717617,user08
3113606,user20
3113606,user09
2791724,user21
2791724,user10
3560044,user01
3560044,user02
3546955,user02
3546955,user03
2192133,user03
2192133,user04
1706600,user04
1706600,user05
2565258,user05
2565258,user06
2068064,user06
2068064,user07
2170936,user07
2170936,user08
648628,user08
648628,user09
2813092,user09
2813092,user10
1256161,user10
1256161,user11
2975958,user11
2975958,user12
783531,user12
783531,user13
2203889,user13
2203889,user14
258676,user14
258676,user15
4492597,user15
4492597,user16
942662,user16
942662,user17
1374677,user17
1374677,user18
2405305,user18
2405305,user19
107690,user19
107690,user20
1545815,user20
1545815,user21
581407,user21
581407,user01
1030048,user01
1030048,user03
1130290,user02
1130290,user04
4210051,user03
4210051,user05
2363873,user04
2363873,user06
417448,user05
417448,user07
243125,user06
243125,user08
3371083,user07
3371083,user09
4477759,user08
4477759,user10
2486056,user09
2486056,user11
2816436,user10
2816436,user12
1957681,user11
1957681,user13
1974840,user12
1974840,user14
2114408,user13
2114408,user15
973092,user14
973092,user16
1927249,user15
1927249,user17
2056355,user16
2056355,user18
265380,user17
265380,user19
768946,user18
768946,user20
2117482,user19
2117482,user21
3596862,user20
3596862,user01
301081,user21
301081,user02
4125472,user01
4125472,user05
519994,user02
519994,user06
1574527,user03
1574527,user07
3791374,user04
3791374,user08
570969,user05
570969,user09
4107409,user06
4107409,user10
3463806,user07
3463806,user11
4301031,user08
4301031,user12
1753946,user09
1753946,user13
1343349,user10
1343349,user14
292263,user11
292263,user15
474484,user12
474484,user16
1911779,user13
1911779,user17
1493199,user14
1493199,user18
3008874,user15
3008874,user19
512243,user16
512243,user20
357329,user17
357329,user21
1889108,user18
1889108,user01
986242,user19
986242,user02
196956,user20
196956,user03
1742223,user21
1742223,user04
2811457,user01
2811457,user06
2624893,user02
2624893,user07
1026250,user03
1026250,user08
4566743,user04
4566743,user09
1853822,user05
1853822,user10
1572228,user06
1572228,user11
3495002,user07
3495002,user12
176646,user08
176646,user13
106268,user09
106268,user14
41472,user10
41472,user15
3621645,user11
3621645,user16
1272539,user12
1272539,user17
3302071,user13
3302071,user18
2854860,user14
2854860,user19
1716896,user15
1716896,user20
419300,user16
419300,user21
3587593,user17
3587593,user01
2921914,user18
2921914,user02
4371077,user19
4371077,user03
2107267,user20
2107267,user04
3621988,user21
3621988,user05
4569564,user01
4569564,user09
2577651,user02
2577651,user10
2562812,user03
2562812,user11
3360505,user04
3360505,user12
393989,user05
393989,user13
3607385,user06
3607385,user14
80141,user07
80141,user15
2857167,user08
2857167,user16
1891246,user09
1891246,user17
2794968,user10
2794968,user18
1450279,user11
1450279,user19
2634605,user12
2634605,user20
4498879,user13
4498879,user21
751391,user14
751391,user01
2993585,user15
2993585,user02
554055,user16
554055,user03
59122,user17
59122,user04
2594093,user18
2594093,user05
3650099,user19
3650099,user06
2858185,user20
2858185,user07
520805,user21
520805,user08
1017407,user01
1017407,user11
3858611,user02
3858611,user12
1571082,user03
1571082,user13
4504823,user04
4504823,user14
3802336,user05
3802336,user15
2310538,user06
2310538,user16
2463063,user07
2463063,user17
683098,user08
683098,user18
2168992,user09
2168992,user19
613766,user10
613766,user20
1041349,user11
1041349,user21
3959397,user12
3959397,user01
1688885,user13
1688885,user02
4137315,user14
4137315,user03
4297961,user15
4297961,user04
1036612,user16
1036612,user05
3871985,user17
3871985,user06
2848517,user18
2848517,user07
3873209,user19
3873209,user08
2254614,user20
2254614,user09
4105062,user21
4105062,user10
2778420,user01
2778420,user02
528943,user02
528943,user03
971233,user03
971233,user04
3111200,user04
3111200,user05
925813,user05
925813,user06
470053,user06
470053,user07
1307674,user07
1307674,user08
113097,user08
113097,user09
2518345,user09
2518345,user10
3483154,user10
3483154,user11
4118146,user11
4118146,user12
2839941,user12
2839941,user13
2039290,user13
2039290,user14
1623570,user14
1623570,user15
4439264,user15
4439264,user16
1372538,user16
1372538,user17
3977037,user17
3977037,user18
3950721,user18
3950721,user19
3855387,user19
3855387,user20
1945561,user20
1945561,user21
2169428,user21
2169428,user01
3977088,user01
3977088,user03
3359431,user02
3359431,user04
4388883,user03
4388883,user05
1517711,user04
1517711,user06
3908180,user05
3908180,user07
1331265,user06
1331265,user08
2525511,user07
2525511,user09
3464322,user08
3464322,user10
3529188,user09
3529188,user11
4517388,user10
4517388,user12
3901354,user11
3901354,user13
2023185,user12
2023185,user14
2407624,user13
2407624,user15
3304763,user14
3304763,user16
3393453,user15
3393453,user17
4304353,user16
4304353,user18
569496,user17
569496,user19
4010722,user18
4010722,user20
3773192,user19
3773192,user21
3133548,user20
3133548,user01
768301,user21
768301,user02
3528426,user01
3528426,user05
3699703,user02
3699703,user06
1118175,user03
1118175,user07
3282109,user04
3282109,user08
2108799,user05
2108799,user09
1313660,user06
1313660,user10
725761,user07
725761,user11
2169392,user08
2169392,user12
1731423,user09
1731423,user13
149364,user10
149364,user14
2089853,user11
2089853,user15
3469525,user12
3469525,user16
2489243,user13
2489243,user17
1107076,user14
1107076,user18
2795753,user15
2795753,user19
4049863,user16
4049863,user20
2645363,user17
2645363,user21
1324737,user18
1324737,user01
122562,user19
122562,user02
2379482,user20
2379482,user03
839962,user21
839962,user04
1548111,user01
1548111,user06
213696,user02
213696,user07
2617868,user03
2617868,user08
1880695,user04
1880695,user09
3499960,user05
3499960,user10
1948736,user06
1948736,user11
1662591,user07
1662591,user12
2465378,user08
2465378,user13
2111767,user09
2111767,user14
3490583,user10
3490583,user15
3112293,user11
3112293,user16
3396112,user12
3396112,user17
3371079,user13
3371079,user18
611006,user14
611006,user19
4568919,user15
4568919,user20
4131124,user16
4131124,user21
4394743,user17
4394743,user01
144111,user18
144111,user02
2072369,user19
2072369,user03
1702455,user20
1702455,user04
1301258,user21
1301258,user05
471801,user01
471801,user09
2532464,user02
2532464,user10
925300,user03
925300,user11
714708,user04
714708,user12
1626472,user05
1626472,user13
404109,user06
404109,user14
855814,user07
855814,user15
1757439,user08
1757439,user16
4487766,user09
4487766,user17
3157702,user10
3157702,user18
2155601,user11
2155601,user19
1299902,user12
1299902,user20
2776913,user13
2776913,user21
3498022,user14
3498022,user01
4112735,user15
4112735,user02
561192,user16
561192,user03
226614,user17
226614,user04
1067287,user18
1067287,user05
2128012,user19
2128012,user06
222552,user20
222552,user07
1504098,user21
1504098,user08
4501972,user01
4501972,user11
973452,user02
973452,user12
4121357,user03
4121357,user13
2302155,user04
2302155,user14
777985,user05
777985,user15
3360243,user06
3360243,user16
1544000,user07
1544000,user17
3178930,user08
3178930,user18
1854550,user09
1854550,user19
42452,user10
42452,user20
2965020,user11
2965020,user21
3135316,user12
3135316,user01
4486720,user13
4486720,user02
2968182,user14
2968182,user03
2733732,user15
2733732,user04
1743248,user16
1743248,user05
1208714,user17
1208714,user06
2805981,user18
2805981,user07
2569850,user19
2569850,user08
3503882,user20
3503882,user09
40710,user21
40710,user10
3903284,user01
3903284,user02
843353,user02
843353,user03
262836,user03
262836,user04
3734907,user04
3734907,user05
567866,user05
567866,user06
2393085,user06
2393085,user07
180193,user07
180193,user08
1550319,user08
1550319,user09
759186,user09
759186,user10
2497228,user10
2497228,user11
4119455,user11
4119455,user12
561275,user12
561275,user13
550196,user13
550196,user14
3515255,user14
3515255,user15
3714185,user15
3714185,user16
2812934,user16
2812934,user17
1040820,user17
1040820,user18
2352245,user18
2352245,user19
4504069,user19
4504069,user20
2542903,user20
2542903,user21
4131906,user21
4131906,user01
959635,user01
959635,user03
3130093,user02
3130093,user04
3548233,user03
3548233,user05
2027429,user04
2027429,user06
55859,user05
55859,user07
3481407,user06
3481407,user08
4498698,user07
4498698,user09
2258149,user08
2258149,user10
886856,user09
886856,user11
2497758,user10
2497758,user12
2544288,user11
2544288,user13
326898,user12
326898,user14
91398,user13
91398,user15
1130508,user14
1130508,user16
3554533,user15
3554533,user17
116261,user16
116261,user18
4435774,user17
4435774,user19
2859510,user18
2859510,user20
2349957,user19
2349957,user21
2486516,user20
2486516,user01
1781511,user21
1781511,user02
4117239,user01
4117239,user05
950094,user02
950094,user06
2632333,user03
2632333,user07
1295728,user04
1295728,user08
605658,user05
605658,user09
974629,user06
974629,user10
107000,user07
107000,user11
1998343,user08
1998343,user12
390286,user09
390286,user13
3919413,user10
3919413,user14
2850002,user11
2850002,user15
3117463,user12
3117463,user16
3613342,user13
3613342,user17
1397498,user14
1397498,user18
3245432,user15
3245432,user19
3575832,user16
3575832,user20
1746786,user17
1746786,user21
3732940,user18
3732940,user01
3022587,user19
3022587,user02
3015320,user20
3015320,user03
249846,user21
249846,user04
2546163,user01
2546163,user06
1457419,user02
1457419,user07
3201148,user03
3201148,user08
2304647,user04
2304647,user09
760533,user05
760533,user10
4397307,user06
4397307,user11
1115116,user07
1115116,user12
3749050,user08
3749050,user13
2844928,user09
2844928,user14
1865764,user10
1865764,user15
729025,user11
729025,user16
2059274,user12
2059274,user17
2589351,user13
2589351,user18
3868973,user14
3868973,user19
421362,user15
421362,user20
4446598,user16
4446598,user21
77897,user17
77897,user01
25045,user18
25045,user02
4273769,user19
4273769,user03
862313,user20
862313,user04
2231164,user21
2231164,user05
774432,user01
774432,user09
1162425,user02
1162425,user10
963661,user03
963661,user11
4315982,user04
4315982,user12
1114435,user05
1114435,user13
435062,user06
435062,user14
2685097,user07
2685097,user15
3385738,user08
3385738,user16
115588,user09
115588,user17
1399997,user10
1399997,user18
3807940,user11
3807940,user19
2555512,user12
2555512,user20
2508907,user13
2508907,user21
3581109,user14
3581109,user01
3589027,user15
3589027,user02
1117429,user16
1117429,user03
4081623,user17
4081623,user04
1751947,user18
1751947,user05
699451,user19
699451,user06
3528818,user20
3528818,user07
2636883,user21
2636883,user08
2083227,user01
2083227,user11
1292856,user02
1292856,user12
2032037,user03
2032037,user13
1338292,user04
1338292,user14
1984052,user05
1984052,user15
2812885,user06
2812885,user16
3447174,user07
3447174,user17
4067347,user08
4067347,user18
221443,user09
221443,user19
70041,user10
70041,user20
2788188,user11
2788188,user21
3882893,user12
3882893,user01
4548080,user13
4548080,user02
809142,user14
809142,user03
1789541,user15
1789541,user04
4123067,user16
4123067,user05
962372,user17
962372,user06
2988551,user18
2988551,user07
2371036,user19
2371036,user08
2962713,user20
2962713,user09
1305249,user21
1305249,user10
122582,user01
122582,user02
2180148,user02
2180148,user03
103019,user03
103019,user04
3840728,user04
3840728,user05
38777,user05
38777,user06
445918,user06
445918,user07
4135527,user07
4135527,user08
4005082,user08
4005082,user09
3460591,user09
3460591,user10
4023064,user10
4023064,user11
1282914,user11
1282914,user12
4364540,user12
4364540,user13
301055,user13
301055,user14
3558790,user14
3558790,user15
1183204,user15
1183204,user16
3882021,user16
3882021,user17
3652294,user17
3652294,user18
660904,user18
660904,user19
1323864,user19
1323864,user20
1269592,user20
1269592,user21
1012006,user21
1012006,user01
2788905,user01
2788905,user03
4494552,user02
4494552,user04
2840754,user03
2840754,user05
906709,user04
906709,user06
1001695,user05
1001695,user07
1716542,user06
1716542,user08
1627818,user07
1627818,user09
3331006,user08
3331006,user10
3756394,user09
3756394,user11
3938115,user10
3938115,user12
2615663,user11
2615663,user13
2622262,user12
2622262,user14
3849823,user13
3849823,user15
1875846,user14
1875846,user16
2027127,user15
2027127,user17
3998502,user16
3998502,user18
3666986,user17
3666986,user19
4485068,user18
4485068,user20
1098018,user19
1098018,user21
2735527,user20
2735527,user01
505537,user21
505537,user02
1033407,user01
1033407,user05
2792663,user02
2792663,user06
2203919,user03
2203919,user07
3952704,user04
3952704,user08
3730706,user05
3730706,user09
2418106,user06
2418106,user10
466935,user07
466935,user11
3246001,user08
3246001,user12
386452,user09
386452,user13
2700971,user10
2700971,user14
4116522,user11
4116522,user15
3396250,user12
3396250,user16
932083,user13
932083,user17
373302,user14
373302,user18
3205079,user15
3205079,user19
3348641,user16
3348641,user20
365373,user17
365373,user21
280120,user18
280120,user01
180532,user19
180532,user02
3498931,user20
3498931,user03
1745326,user21
1745326,user04
3222078,user01
3222078,user06
3732934,user02
3732934,user07
985684,user03
985684,user08
49291,user04
49291,user09
1769266,user05
1769266,user10
1290111,user06
1290111,user11
1774767,user07
1774767,user12
4387651,user08
4387651,user13
4022741,user09
4022741,user14
929562,user10
929562,user15
1788437,user11
1788437,user16
1256603,user12
1256603,user17
2105826,user13
2105826,user18
3561670,user14
3561670,user19
4398357,user15
4398357,user20
2396786,user16
2396786,user21
433990,user17
433990,user01
4458134,user18
4458134,user02
3888833,user19
3888833,user03
691215,user20
691215,user04
1026687,user21
1026687,user05
659099,user01
659099,user09
4230688,user02
4230688,user10
2467698,user03
2467698,user11
2200254,user04
2200254,user12
2719483,user05
2719483,user13
2981563,user06
2981563,user14
4456941,user07
4456941,user15
3564427,user08
3564427,user16
343526,user09
343526,user17
669966,user10
669966,user18
3702721,user11
3702721,user19
266444,user12
266444,user20
1295280,user13
1295280,user21
811728,user14
811728,user01
170284,user15
170284,user02
84960,user16
84960,user03
1886921,user17
1886921,user04
169436,user18
169436,user05
1263111,user19
1263111,user06
1865130,user20
1865130,user07
921486,user21
921486,user08
4125614,user01
4125614,user11
4301407,user02
4301407,user12
1473332,user03
1473332,user13
1338111,user04
1338111,user14
251138,user05
251138,user15
1224886,user06
1224886,user16
312218,user07
312218,user17
771821,user08
771821,user18
3972554,user09
3972554,user19
4474430,user10
4474430,user20
1026971,user11
1026971,user21
18834,user12
18834,user01
1329113,user13
1329113,user02
479714,user14
479714,user03
1092615,user15
1092615,user04
3822703,user16
3822703,user05
2833364,user17
2833364,user06
2188005,user18
2188005,user07
4526708,user19
4526708,user08
1357091,user20
1357091,user09
4481390,user21
4481390,user10
1130294,user01
1130294,user02
429889,user02
429889,user03
4042706,user03
4042706,user04
1857211,user04
1857211,user05
928906,user05
928906,user06
2383656,user06
2383656,user07
2681843,user07
2681843,user08
2224546,user08
2224546,user09
4515453,user09
4515453,user10
3035153,user10
3035153,user11
223496,user11
223496,user12
553830,user12
553830,user13
2434290,user13
2434290,user14
3610043,user14
3610043,user15
589239,user15
589239,user16
409141,user16
409141,user17
4301110,user17
4301110,user18
441925,user18
441925,user19
1878758,user19
1878758,user20
481328,user20
481328,user21
666566,user21
666566,user01
33075,user01
33075,user03
4195152,user02
4195152,user04
1521077,user03
1521077,user05
3039317,user04
3039317,user06
224803,user05
224803,user07
122585,user06
122585,user08
3752259,user07
3752259,user09
2006565,user08
2006565,user10
538678,user09
538678,user11
4411045,user10
4411045,user12
4330083,user11
4330083,user13
3890233,user12
3890233,user14
1308993,user13
1308993,user15
2868287,user14
2868287,user16
1244296,user15
1244296,user17
3718056,user16
3718056,user18
2596017,user17
2596017,user19
3933378,user18
3933378,user20
653334,user19
653334,user21
4495530,user20
4495530,user01
232870,user21
232870,user02
4121770,user01
4121770,user05
3332645,user02
3332645,user06
60664,user03
60664,user07
3330166,user04
3330166,user08
915742,user05
915742,user09
429468,user06
429468,user10
3557701,user07
3557701,user11
3563918,user08
3563918,user12
3551014,user09
3551014,user13
1572585,user10
1572585,user14
312431,user11
312431,user15
2064481,user12
2064481,user16
3533275,user13
3533275,user17
1990601,user14
1990601,user18
4209399,user15
4209399,user19
2814304,user16
2814304,user20
964270,user17
964270,user21
2702642,user18
2702642,user01
4245645,user19
4245645,user02
574288,user20
574288,user03
280100,user21
280100,user04
3344723,user01
3344723,user06
4053297,user02
4053297,user07
1551981,user03
1551981,user08
1327422,user04
1327422,user09
4113187,user05
4113187,user10
2083271,user06
2083271,user11
2638819,user07
2638819,user12
245390,user08
245390,user13
4233789,user09
4233789,user14
87037,user10
87037,user15
3477277,user11
3477277,user16
2849627,user12
2849627,user17
1269562,user13
1269562,user18
2050464,user14
2050464,user19
4077580,user15
4077580,user20
153095,user16
153095,user21
253337,user17
253337,user01
2067661,user18
2067661,user02
2022390,user19
2022390,user03
1833244,user20
1833244,user04
1098716,user21
1098716,user05
3737510,user01
3737510,user09
330261,user02
330261,user10
477392,user03
477392,user11
314907,user04
314907,user12
3397191,user05
3397191,user13
3279262,user06
3279262,user14
3823164,user07
3823164,user15
3559691,user08
3559691,user16
1610982,user09
1610982,user17
4273983,user10
4273983,user18
329238,user11
329238,user19
4056416,user12
4056416,user20
3914832,user13
3914832,user21
2142196,user14
2142196,user01
3774537,user15
3774537,user02
4568930,user16
4568930,user03
736171,user17
736171,user04
1870238,user18
1870238,user05
4365547,user19
4365547,user06
868311,user20
868311,user07
2024289,user21
2024289,user08
2608550,user01
2608550,user11
3977579,user02
3977579,user12
3160791,user03
3160791,user13
1135994,user04
1135994,user14
1884872,user05
1884872,user15
354239,user06
354239,user16
925009,user07
925009,user17
969457,user08
969457,user18
757806,user09
757806,user19
4428031,user10
4428031,user20
1263524,user11
1263524,user21
38715,user12
38715,user01
3603037,user13
3603037,user02
2154281,user14
2154281,user03
268731,user15
268731,user04
148059,user16
148059,user05
1208148,user17
1208148,user06
1065561,user18
1065561,user07
261458,user19
261458,user08
2105913,user20
2105913,user09
1995155,user21
1995155,user10
3145841,user01
3145841,user02
3221598,user02
3221598,user03
1874170,user03
1874170,user04
1371373,user04
1371373,user05
3944603,user05
3944603,user06
3159837,user06
3159837,user07
2181167,user07
2181167,user08
4437124,user08
4437124,user09
1617916,user09
1617916,user10
1445282,user10
1445282,user11
2089392,user11
2089392,user12
433763,user12
433763,user13
2789074,user13
2789074,user14
485752,user14
485752,user15
4168611,user15
4168611,user16
383971,user16
383971,user17
3371557,user17
3371557,user18
231617,user18
231617,user19
4494551,user19
4494551,user20
3899797,user20
3899797,user21
3868000,user21
3868000,user01
4209777,user01
4209777,user03
2057640,user02
2057640,user04
938847,user03
938847,user05
664961,user04
664961,user06
1333636,user05
1333636,user07
3855577,user06
3855577,user08
31017,user07
31017,user09
366549,user08
366549,user10
1658164,user09
1658164,user11
4206369,user10
4206369,user12
1525984,user11
1525984,user13
1382826,user12
1382826,user14
3533803,user13
3533803,user15
3502532,user14
3502532,user16
3145858,user15
3145858,user17
1857204,user16
1857204,user18
620360,user17
620360,user19
4380157,user18
4380157,user20
3835855,user19
3835855,user21
4210038,user20
4210038,user01
1803605,user21
1803605,user02
2204402,user01
2204402,user05
2766433,user02
2766433,user06
777679,user03
777679,user07
4568474,user04
4568474,user08
791956,user05
791956,user09
4236327,user06
4236327,user10
4374616,user07
4374616,user11
3296977,user08
3296977,user12
3635647,user09
3635647,user13
212898,user10
212898,user14
3135850,user11
3135850,user15
516368,user12
516368,user16
2362004,user13
2362004,user17
2031680,user14
2031680,user18
448680,user15
448680,user19
2709318,user16
2709318,user20
149380,user17
149380,user21
3670902,user18
3670902,user01
1359341,user19
1359341,user02
2986055,user20
2986055,user03
2427157,user21
2427157,user04
96695,user01
96695,user06
3370623,user02
3370623,user07
2864039,user03
2864039,user08
1073710,user04
1073710,user09
921395,user05
921395,user10
4528513,user06
4528513,user11
103160,user07
103160,user12
4568696,user08
4568696,user13
2414253,user09
2414253,user14
345705,user10
345705,user15
1847804,user11
1847804,user16
1799215,user12
1799215,user17
1208726,user13
1208726,user18
783130,user14
783130,user19
369555,user15
369555,user20
111587,user16
111587,user21
3546403,user17
3546403,user01
400166,user18
400166,user02
3036684,user19
3036684,user03
4486382,user20
4486382,user04
38763,user21
38763,user05
3226853,user01
3226853,user09
1904549,user02
1904549,user10
480939,user03
480939,user11
3057165,user04
3057165,user12
3621675,user05
3621675,user13
3937269,user06
3937269,user14
1849627,user07
1849627,user15
2612482,user08
2612482,user16
1807449,user09
1807449,user17
1675165,user10
1675165,user18
3551272,user11
3551272,user19
3066314,user12
3066314,user20
1121895,user13
1121895,user21
3379493,user14
3379493,user01
1264515,user15
1264515,user02
2357880,user16
2357880,user03
922198,user17
922198,user04
1965576,user18
1965576,user05
1097619,user19
1097619,user06
828118,user20
828118,user07
1293578,user21
1293578,user08
4427974,user01
4427974,user11
2027083,user02
2027083,user12
1839867,user03
1839867,user13
59594,user04
59594,user14
552770,user05
552770,user15
3968879,user06
3968879,user16
3112311,user07
3112311,user17
1291250,user08
1291250,user18
1644706,user09
1644706,user19
1065560,user10
1065560,user20
3611759,user11
3611759,user21
2334092,user12
2334092,user01
4333572,user13
4333572,user02
1734896,user14
1734896,user03
4179845,user15
4179845,user04
3883783,user16
3883783,user05
1705211,user17
1705211,user06
2187242,user18
2187242,user07
1712328,user19
1712328,user08
3849400,user20
3849400,user09
602111,user21
602111,user10
382358,user01
382358,user02
2436377,user02
2436377,user03
3225264,user03
3225264,user04
55682,user04
55682,user05
492814,user05
492814,user06
2778417,user06
2778417,user07
1936551,user07
1936551,user08
3152439,user08
3152439,user09
1295305,user09
1295305,user10
3531033,user10
3531033,user11
3918153,user11
3918153,user12
2187548,user12
2187548,user13
3280614,user13
3280614,user14
3558794,user14
3558794,user15
2167891,user15
2167891,user16
86289,user16
86289,user17
1286780,user17
1286780,user18
3881467,user18
3881467,user19
685469,user19
685469,user20
960302,user20
960302,user21
1948145,user21
1948145,user01
3184310,user01
3184310,user03
468259,user02
468259,user04
3100213,user03
3100213,user05
1992204,user04
1992204,user06
1481458,user05
1481458,user07
3560623,user06
3560623,user08
1214289,user07
1214289,user09
1437516,user08
1437516,user10
416006,user09
416006,user11
1056930,user10
1056930,user12
638823,user11
638823,user13
1710181,user12
1710181,user14
1034518,user13
1034518,user15
2646276,user14
2646276,user16
4131443,user15
4131443,user17
947242,user16
947242,user18
1994824,user17
1994824,user19
1547007,user18
1547007,user20
3972270,user19
3972270,user21
3245586,user20
3245586,user01
1346839,user21
1346839,user02
2275964,user01
2275964,user05
1255292,user02
1255292,user06
729715,user03
729715,user07
2674717,user04
2674717,user08
365721,user05
365721,user09
181874,user06
181874,user10
1564691,user07
1564691,user11
1543466,user08
1543466,user12
2189666,user09
2189666,user13
3344075,user10
3344075,user14
1056634,user11
1056634,user15
2343419,user12
2343419,user16
4396749,user13
4396749,user17
1091929,user14
1091929,user18
4528512,user15
4528512,user19
3849991,user16
3849991,user20
4121508,user17
4121508,user21
4426442,user18
4426442,user01
685097,user19
685097,user02
3873140,user20
3873140,user03
2107394,user21
2107394,user04
1895334,user01
1895334,user06
1943147,user02
1943147,user07
1139576,user03
1139576,user08
3884260,user04
3884260,user09
4501444,user05
4501444,user10
480524,user06
480524,user11
3036975,user07
3036975,user12
2801743,user08
2801743,user13
2295637,user09
2295637,user14
1143377,user10
1143377,user15
1506897,user11
1506897,user16
4569574,user12
4569574,user17
877254,user13
877254,user18
675294,user14
675294,user19
29099,user15
29099,user20
2441670,user16
2441670,user21
3621873,user17
3621873,user01
3160527,user18
3160527,user02
1107943,user19
1107943,user03
2234241,user20
2234241,user04
1879158,user21
1879158,user05
3953652,user01
3953652,user09
989280,user02
989280,user10
921378,user03
921378,user11
1756679,user04
1756679,user12
2371203,user05
2371203,user13
108152,user06
108152,user14
3943588,user07
3943588,user15
3645889,user08
3645889,user16
397556,user09
397556,user17
779473,user10
779473,user18
2719671,user11
2719671,user19
595779,user12
595779,user20
981165,user13
981165,user21
3514012,user14
3514012,user01
3258448,user15
3258448,user02
1764694,user16
1764694,user03
4435764,user17
4435764,user04
1143372,user18
1143372,user05
2219167,user19
2219167,user06
4129473,user20
4129473,user07
3359623,user21
3359623,user08
49129,user01
49129,user11
456865,user02
456865,user12
2864786,user03
2864786,user13
4216327,user04
4216327,user14
2063249,user05
2063249,user15
486882,user06
486882,user16
4406556,user07
4406556,user17
1536678,user08
1536678,user18
451845,user09
451845,user19
3499635,user10
3499635,user20
2784308,user11
2784308,user21
106149,user12
106149,user01
710924,user13
710924,user02
3101462,user14
3101462,user03
4126637,user15
4126637,user04
1144336,user16
1144336,user05
483977,user17
483977,user06
3225897,user18
3225897,user07
1633566,user19
1633566,user08
4005391,user20
4005391,user09
51581,user21
51581,user10
749503,user01
749503,user02
3468523,user02
3468523,user03
1430322,user03
1430322,user04
4423472,user04
4423472,user05
354712,user05
354712,user06
3774375,user06
3774375,user07
2351246,user07
2351246,user08
4171210,user08
4171210,user09
3320027,user09
3320027,user10
3605316,user10
3605316,user11
1827777,user11
1827777,user12
852057,user12
852057,user13
3984515,user13
3984515,user14
1009151,user14
1009151,user15
3327284,user15
3327284,user16
4479444,user16
4479444,user17
1471229,user17
1471229,user18
3483722,user18
3483722,user19
3720534,user19
3720534,user20
2645460,user20
2645460,user21
2863816,user21
2863816,user01
3190722,user01
3190722,user03
688676,user02
688676,user04
2343173,user03
2343173,user05
2469248,user04
2469248,user06
4232295,user05
4232295,user07
1865526,user06
1865526,user08
3918949,user07
3918949,user09
3289357,user08
3289357,user10
1319815,user09
1319815,user11
1418319,user10
1418319,user12
4254549,user11
4254549,user13
4365978,user12
4365978,user14
389255,user13
389255,user15
3972423,user14
3972423,user16
4364215,user15
4364215,user17
368727,user16
368727,user18
2036726,user17
2036726,user19
3177186,user18
3177186,user20
2920057,user19
2920057,user21
51623,user20
51623,user01
2410613,user21
2410613,user02
299076,user01
299076,user05
3558751,user02
3558751,user06
3511677,user03
3511677,user07
398790,user04
398790,user08
3981976,user05
3981976,user09
4372132,user06
4372132,user10
2170812,user07
2170812,user11
3995142,user08
3995142,user12
874758,user09
874758,user13
778901,user10
778901,user14
1755651,user11
1755651,user15
73765,user12
73765,user16
3990705,user13
3990705,user17
1457430,user14
1457430,user18
4413504,user15
4413504,user19
429286,user16
429286,user20
3145280,user17
3145280,user21
598317,user18
598317,user01
4503020,user19
4503020,user02
3583827,user20
3583827,user03
4008075,user21
4008075,user04
778206,user01
778206,user06
85175,user02
85175,user07
269041,user03
269041,user08
518741,user04
518741,user09
4083799,user05
4083799,user10
4517586,user06
4517586,user11
3112007,user07
3112007,user12
1756478,user08
1756478,user13
2364027,user09
2364027,user14
3835172,user10
3835172,user15
1867442,user11
1867442,user16
3663633,user12
3663633,user17
2109261,user13
2109261,user18
3628721,user14
3628721,user19
677781,user15
677781,user20
1381040,user16
1381040,user21
1873486,user17
1873486,user01
3565137,user18
3565137,user02
2055529,user19
2055529,user03
3934975,user20
3934975,user04
403576,user21
403576,user05
3608002,user01
3608002,user09
4142840,user02
4142840,user10
898883,user03
898883,user11
3650540,user04
3650540,user12
3487379,user05
3487379,user13
2206753,user06
2206753,user14
3496494,user07
3496494,user15
3360335,user08
3360335,user16
2393089,user09
2393089,user17
1269555,user10
1269555,user18
140037,user11
140037,user19
463208,user12
463208,user20
2073223,user13
2073223,user21
4250970,user14
4250970,user01
742171,user15
742171,user02
2073606,user16
2073606,user03
4512693,user17
4512693,user04
331380,user18
331380,user05
3902106,user19
3902106,user06
733603,user20
733603,user07
3885482,user21
3885482,user08
1141912,user01
1141912,user11
1424571,user02
1424571,user12
2200553,user03
2200553,user13
2593797,user04
2593797,user14
1855635,user05
1855635,user15
1755655,user06
1755655,user16
1552250,user07
1552250,user17
1803476,user08
1803476,user18
804422,user09
804422,user19
4348880,user10
4348880,user20
1718304,user11
1718304,user21
1738552,user12
1738552,user01
870666,user13
870666,user02
3918025,user14
3918025,user03
2546341,user15
2546341,user04
2560963,user16
2560963,user05
4116731,user17
4116731,user06
3114188,user18
3114188,user07
1681016,user19
1681016,user08
505264,user20
505264,user09
2105011,user21
2105011,user10
1700517,user01
1700517,user02
48658,user02
48658,user03
117430,user03
117430,user04
4499141,user04
4499141,user05
691457,user05
691457,user06
3268607,user06
3268607,user07
3460602,user07
3460602,user08
2567694,user08
2567694,user09
1139545,user09
1139545,user10
3998306,user10
3998306,user11
879837,user11
879837,user12
4149476,user12
4149476,user13
332034,user13
332034,user14
4362471,user14
4362471,user15
1406750,user15
1406750,user16
2378120,user16
2378120,user17
2804822,user17
2804822,user18
697174,user18
697174,user19
2814197,user19
2814197,user20
4204282,user20
4204282,user21
1341675,user21
1341675,user01
472721,user01
472721,user03
3975929,user02
3975929,user04
3565900,user03
3565900,user05
3880880,user04
3880880,user06
3602658,user05
3602658,user07
1856063,user06
1856063,user08
2725696,user07
2725696,user09
648455,user08
648455,user10
4131312,user09
4131312,user11
249574,user10
249574,user12
2865455,user11
2865455,user13
4067544,user12
4067544,user14
422238,user13
422238,user15
4254700,user14
4254700,user16
973870,user15
973870,user17
160964,user16
160964,user18
4479773,user17
4479773,user19
1746139,user18
1746139,user20
2319156,user19
2319156,user21
2674704,user20
2674704,user01
433752,user21
433752,user02
121034,user01
121034,user05
3937923,user02
3937923,user06
2471686,user03
2471686,user07
3784886,user04
3784886,user08
4473261,user05
4473261,user09
1774197,user06
1774197,user10
2100296,user07
2100296,user11
4109352,user08
4109352,user12
1650918,user09
1650918,user13
1173620,user10
1173620,user14
694498,user11
694498,user15
3937087,user12
3937087,user16
3641642,user13
3641642,user17
4123647,user14
4123647,user18
2329255,user15
2329255,user19
1371174,user16
1371174,user20
1870036,user17
1870036,user21
1240449,user18
1240449,user01
301947,user19
301947,user02
2179096,user20
2179096,user03
3051304,user21
3051304,user04
3299909,user01
3299909,user06
1273633,user02
1273633,user07
2532145,user03
2532145,user08
4379194,user04
4379194,user09
4170646,user05
4170646,user10
3081101,user06
3081101,user11
105386,user07
105386,user12
2921310,user08
2921310,user13
1089372,user09
1089372,user14
2791628,user10
2791628,user15
1312153,user11
1312153,user16
615039,user12
615039,user17
4476732,user13
4476732,user18
898845,user14
898845,user19
785396,user15
785396,user20
493292,user16
493292,user21
2013400,user17
2013400,user01
1962075,user18
1962075,user02
3515777,user19
3515777,user03
3525859,user20
3525859,user04
1863970,user21
1863970,user05
3861833,user01
3861833,user09
1525985,user02
1525985,user10
1987072,user03
1987072,user11
2467632,user04
2467632,user12
1927798,user05
1927798,user13
3208060,user06
3208060,user14
3066080,user07
3066080,user15
3571444,user08
3571444,user16
1397895,user09
1397895,user17
520862,user10
520862,user18
834453,user11
834453,user19
3998015,user12
3998015,user20
4571726,user13
4571726,user21
3877244,user14
3877244,user01
1868683,user15
1868683,user02
1303010,user16
1303010,user03
4471320,user17
4471320,user04
1865131,user18
1865131,user05
1446502,user19
1446502,user06
3646091,user20
3646091,user07
3634203,user21
3634203,user08
928650,user01
928650,user11
2993242,user02
2993242,user12
85011,user03
85011,user13
2843534,user04
2843534,user14
2817679,user05
2817679,user15
3179565,user06
3179565,user16
962994,user07
962994,user17
253052,user08
253052,user18
447299,user09
447299,user19
2325009,user10
2325009,user20
4360264,user11
4360264,user21
1775718,user12
1775718,user01
4168616,user13
4168616,user02
3956368,user14
3956368,user03
4126002,user15
4126002,user04
3596898,user16
3596898,user05
2453578,user17
2453578,user06
1922475,user18
1922475,user07
3670716,user19
3670716,user08
2309883,user20
2309883,user09
4492581,user21
4492581,user10
167349,user01
167349,user02
4217595,user02
4217595,user03
2072464,user03
2072464,user04
3469235,user04
3469235,user05
2087242,user05
2087242,user06
3922504,user06
3922504,user07
1410915,user07
1410915,user08
2618073,user08
2618073,user09
3613165,user09
3613165,user10
2732230,user10
2732230,user11
625560,user11
625560,user12
4170969,user12
4170969,user13
1102853,user13
1102853,user14
2837938,user14
2837938,user15
3506298,user15
3506298,user16
3448952,user16
3448952,user17
2859841,user17
2859841,user18
4309086,user18
4309086,user19
4163885,user19
4163885,user20
965722,user20
965722,user21
3848489,user21
3848489,user01
3867266,user01
3867266,user03
369039,user02
369039,user04
3049984,user03
3049984,user05
4040416,user04
4040416,user06
4309106,user05
4309106,user07
3904938,user06
3904938,user08
864963,user07
864963,user09
933798,user08
933798,user10
2290472,user09
2290472,user11
2073619,user10
2073619,user12
429680,user11
429680,user13
1014626,user12
1014626,user14
1864091,user13
1864091,user15
4158962,user14
4158962,user16
354226,user15
354226,user17
4326966,user16
4326966,user18
1217040,user17
1217040,user19
2926322,user18
2926322,user20
51067,user19
51067,user21
3916696,user20
3916696,user01
3486668,user21
3486668,user02
1491460,user01
1491460,user05
4338701,user02
4338701,user06
4144395,user03
4144395,user07
4165930,user04
4165930,user08
397125,user05
397125,user09
4113389,user06
4113389,user10
1760204,user07
1760204,user11
1264069,user08
1264069,user12
3143456,user09
3143456,user13
197933,user10
197933,user14
1722561,user11
1722561,user15
2117200,user12
2117200,user16
706158,user13
706158,user17
915037,user14
915037,user18
332560,user15
332560,user19
3807751,user16
3807751,user20
2495536,user17
2495536,user21
4162854,user18
4162854,user01
776258,user19
776258,user02
1847708,user20
1847708,user03
29653,user21
29653,user04
1987621,user01
1987621,user06
1444466,user02
1444466,user07
175011,user03
175011,user08
3620605,user04
3620605,user09
1297191,user05
1297191,user10
865817,user06
865817,user11
4486703,user07
4486703,user12
2166362,user08
2166362,user13
2987887,user09
2987887,user14
4008084,user10
4008084,user15
2868202,user11
2868202,user16
1263004,user12
1263004,user17
981132,user13
981132,user18
4237739,user14
4237739,user19
1102721,user15
1102721,user20
71009,user16
71009,user21
1312405,user17
1312405,user01
3212073,user18
3212073,user02
1908545,user19
1908545,user03
1242105,user20
1242105,user04
3591848,user21
3591848,user05
3092478,user01
3092478,user09
4120920,user02
4120920,user10
12887,user03
12887,user11
2349310,user04
2349310,user12
2712323,user05
2712323,user13
2864121,user06
2864121,user14
4524360,user07
4524360,user15
3483365,user08
3483365,user16
932226,user09
932226,user17
3082537,user10
3082537,user18
2648856,user11
2648856,user19
4452805,user12
4452805,user20
1524352,user13
1524352,user21
1119601,user14
1119601,user01
810944,user15
810944,user02
563149,user16
563149,user03
556842,user17
556842,user04
2293579,user18
2293579,user05
1924868,user19
1924868,user06
1109709,user20
1109709,user07
4285772,user21
4285772,user08
2488634,user01
2488634,user11
4570003,user02
4570003,user12
1214639,user03
1214639,user13
2191765,user04
2191765,user14
2723962,user05
2723962,user15
4483163,user06
4483163,user16
183323,user07
183323,user17
369297,user08
369297,user18
1282486,user09
1282486,user19
1343340,user10
1343340,user20
3406938,user11
3406938,user21
1040674,user12
1040674,user01
184264,user13
184264,user02
497992,user14
497992,user03
2237985,user15
2237985,user04
3266117,user16
3266117,user05
4213165,user17
4213165,user06
3533899,user18
3533899,user07
4046806,user19
4046806,user08
1609741,user20
1609741,user09
2505662,user21
2505662,user10
1708470,user01
1708470,user02
2088054,user02
2088054,user03
3108897,user03
3108897,user04
3143770,user04
3143770,user05
3681392,user05
3681392,user06
475148,user06
475148,user07
2322539,user07
2322539,user08
453819,user08
453819,user09
873903,user09
873903,user10
2010932,user10
2010932,user11
4440997,user11
4440997,user12
1067722,user12
1067722,user13
1197401,user13
1197401,user14
3730831,user14
3730831,user15
2224910,user15
2224910,user16
253213,user16
253213,user17
4524807,user17
4524807,user18
3939580,user18
3939580,user19
4560028,user19
4560028,user20
2037016,user20
2037016,user21
1844119,user21
1844119,user01
68557,user01
68557,user03
325285,user02
325285,user04
839274,user03
839274,user05
472026,user04
472026,user06
2993471,user05
2993471,user07
4090505,user06
4090505,user08
1682395,user07
1682395,user09
449364,user08
449364,user10
4032680,user09
4032680,user11
1193070,user10
1193070,user12
3389900,user11
3389900,user13
939965,user12
939965,user14
968017,user13
968017,user15
3883049,user14
3883049,user16
3623181,user15
3623181,user17
3686423,user16
3686423,user18
4529970,user17
4529970,user19
3664371,user18
3664371,user20
367983,user19
367983,user21
4159032,user20
4159032,user01
3301830,user21
3301830,user02
105365,user01
105365,user05
4239350,user02
4239350,user06
1539729,user03
1539729,user07
4188603,user04
4188603,user08
3618720,user05
3618720,user09
484824,user06
484824,user10
2332584,user07
2332584,user11
4480198,user08
4480198,user12
3680908,user09
3680908,user13
4346182,user10
4346182,user14
1041405,user11
1041405,user15
2520335,user12
2520335,user16
517902,user13
517902,user17
2835449,user14
2835449,user18
3360559,user15
3360559,user19
804111,user16
804111,user20
2837695,user17
2837695,user21
3367162,user18
3367162,user01
498576,user19
498576,user02
802994,user20
802994,user03
2921742,user21
2921742,user04
3063430,user01
3063430,user06
3686385,user02
3686385,user07
466904,user03
466904,user08
4407739,user04
4407739,user09
803652,user05
803652,user10
1525215,user06
1525215,user11
1550707,user07
1550707,user12
3633467,user08
3633467,user13
4039552,user09
4039552,user14
4474136,user10
4474136,user15
2340752,user11
2340752,user16
125979,user12
125979,user17
3557191,user13
3557191,user18
1329760,user14
1329760,user19
1270041,user15
1270041,user20
60554,user16
60554,user21
3911765,user17
3911765,user01
4042633,user18
4042633,user02
418828,user19
418828,user03
4019799,user20
4019799,user04
2422763,user21
2422763,user05
2907013,user01
2907013,user09
3220396,user02
3220396,user10
233147,user03
233147,user11
88046,user04
88046,user12
1177720,user05
1177720,user13
2005068,user06
2005068,user14
3889083,user07
3889083,user15
2112769,user08
2112769,user16
4392614,user09
4392614,user17
3620148,user10
3620148,user18
569634,user11
569634,user19
3463639,user12
3463639,user20
477139,user13
477139,user21
677392,user14
677392,user01
3801616,user15
3801616,user02
1717346,user16
1717346,user03
104985,user17
104985,user04
87785,user18
87785,user05
3388952,user19
3388952,user06
4205716,user20
4205716,user07
394204,user21
394204,user08
3213042,user01
3213042,user11
3027449,user02
3027449,user12
941416,user03
941416,user13
2379676,user04
2379676,user14
2549064,user05
2549064,user15
3926993,user06
3926993,user16
1803768,user07
1803768,user17
374655,user08
374655,user18
4473606,user09
4473606,user19
258660,user10
258660,user20
4301055,user11
4301055,user21
4541186,user12
4541186,user01
650067,user13
650067,user02
476020,user14
476020,user03
4499227,user15
4499227,user04
3336646,user16
3336646,user05
2040502,user17
2040502,user06
1217206,user18
1217206,user07
4212919,user19
4212919,user08
3220047,user20
3220047,user09
4414642,user21
4414642,user10
3168274,user01
3168274,user02
2264228,user02
2264228,user03
923252,user03
923252,user04
4475687,user04
4475687,user05
4426239,user05
4426239,user06
2571636,user06
2571636,user07
1359382,user07
1359382,user08
4165011,user08
4165011,user09
3372822,user09
3372822,user10
3224612,user10
3224612,user11
1442856,user11
1442856,user12
11004,user12
11004,user13
3556958,user13
3556958,user14
883973,user14
883973,user15
722652,user15
722652,user16
2064505,user16
2064505,user17
3675769,user17
3675769,user18
1672027,user18
1672027,user19
2788128,user19
2788128,user20
3098741,user20
3098741,user21
1611976,user21
1611976,user01
1307789,user01
1307789,user03
3941515,user02
3941515,user04
423443,user03
423443,user05
1562661,user04
1562661,user06
80371,user05
80371,user07
4062581,user06
4062581,user08
1605346,user07
1605346,user09
415084,user08
415084,user10
4475147,user09
4475147,user11
523015,user10
523015,user12
1040821,user11
1040821,user13
1162773,user12
1162773,user14
4117238,user13
4117238,user15
4010759,user14
4010759,user16
3847433,user15
3847433,user17
364769,user16
364769,user18
474294,user17
474294,user19
324460,user18
324460,user20
4144099,user19
4144099,user21
4014529,user20
4014529,user01
2048437,user21
2048437,user02
2079941,user01
2079941,user05
2120046,user02
2120046,user06
4112867,user03
4112867,user07
1062911,user04
1062911,user08
93071,user05
93071,user09
3770627,user06
3770627,user10
1552900,user07
1552900,user11
2768961,user08
2768961,user12
1866860,user09
1866860,user13
193346,user10
193346,user14
1905201,user11
1905201,user15
422526,user12
422526,user16
17646,user13
17646,user17
16405,user14
16405,user18
163691,user15
163691,user19
1274993,user16
1274993,user20
4524832,user17
4524832,user21
3641378,user18
3641378,user01
4352015,user19
4352015,user02
3964535,user20
3964535,user03
947255,user21
947255,user04
1612968,user01
1612968,user06
3490316,user02
3490316,user07
4158219,user03
4158219,user08
2075719,user04
2075719,user09
2634137,user05
2634137,user10
3037530,user06
3037530,user11
4439510,user07
4439510,user12
2600634,user08
2600634,user13
3332641,user09
3332641,user14
2667271,user10
2667271,user15
4250018,user11
4250018,user16
3790149,user12
3790149,user17
4076173,user13
4076173,user18
933300,user14
933300,user19
1854572,user15
1854572,user20
3887247,user16
3887247,user21
1057972,user17
1057972,user01
1997971,user18
1997971,user02
359076,user19
359076,user03
640294,user20
640294,user04
2626775,user21
2626775,user05
4230689,user01
4230689,user09
835818,user02
835818,user10
3882308,user03
3882308,user11
1551979,user04
1551979,user12
91696,user05
91696,user13
2026003,user06
2026003,user14
3223208,user07
3223208,user15
2083459,user08
2083459,user16
2540226,user09
2540226,user17
3946694,user10
3946694,user18
1663372,user11
1663372,user19
351717,user12
351717,user20
3727513,user13
3727513,user21
1517116,user14
1517116,user01
1802492,user15
1802492,user02
1173594,user16
1173594,user03
293365,user17
293365,user04
2847627,user18
2847627,user05
1005814,user19
1005814,user06
1786686,user20
1786686,user07
1929640,user21
1929640,user08
2586907,user01
2586907,user11
2190257,user02
2190257,user12
2137638,user03
2137638,user13
840859,user04
840859,user14
1105185,user05
1105185,user15
472138,user06
472138,user16
3871832,user07
3871832,user17
117434,user08
117434,user18
484307,user09
484307,user19
1627899,user10
1627899,user20
2097784,user11
2097784,user21
1555336,user12
1555336,user01
3497051,user13
3497051,user02
262401,user14
262401,user03
241244,user15
241244,user04
2148934,user16
2148934,user05
2149554,user17
2149554,user06
119351,user18
119351,user07
1547415,user19
1547415,user08
4566862,user20
4566862,user09
278059,user21
278059,user10
1608107,user01
1608107,user02
497293,user02
497293,user03
450959,user03
450959,user04
1626166,user04
1626166,user05
226583,user05
226583,user06
876131,user06
876131,user07
59699,user07
59699,user08
599490,user08
599490,user09
1270557,user09
1270557,user10
4360992,user10
4360992,user11
2475536,user11
2475536,user12
3909429,user12
3909429,user13
2576840,user13
2576840,user14
2782767,user14
2782767,user15
137872,user15
137872,user16
4568599,user16
4568599,user17
3011488,user17
3011488,user18
4253871,user18
4253871,user19
2394414,user19
2394414,user20
1090408,user20
1090408,user21
3536005,user21
3536005,user01
4193010,user01
4193010,user03
3302688,user02
3302688,user04
3901657,user03
3901657,user05
3079306,user04
3079306,user06
1786734,user05
1786734,user07
1295395,user06
1295395,user08
69783,user07
69783,user09
4469930,user08
4469930,user10
2631770,user09
2631770,user11
1627737,user10
1627737,user12
316914,user11
316914,user13
2055497,user12
2055497,user14
2577570,user13
2577570,user15
1260301,user14
1260301,user16
100137,user15
100137,user17
1425035,user16
1425035,user18
127792,user17
127792,user19
3568427,user18
3568427,user20
4527409,user19
4527409,user21
2298697,user20
2298697,user01
406963,user21
406963,user02
2563238,user01
2563238,user05
3442553,user02
3442553,user06
2907018,user03
2907018,user07
2060804,user04
2060804,user08
4091683,user05
4091683,user09
960354,user06
960354,user10
2036219,user07
2036219,user11
155889,user08
155889,user12
3150941,user09
3150941,user13
3443552,user10
3443552,user14
1525486,user11
1525486,user15
2406205,user12
2406205,user16
395292,user13
395292,user17
1792921,user14
1792921,user18
3298512,user15
3298512,user19
425637,user16
425637,user20
251436,user17
251436,user21
3153702,user18
3153702,user01
3997282,user19
3997282,user02
1756909,user20
1756909,user03
1880935,user21
1880935,user04
539038,user01
539038,user06
4220813,user02
4220813,user07
2038836,user03
2038836,user08
16705,user04
16705,user09
4085968,user05
4085968,user10
356002,user06
356002,user11
2121598,user07
2121598,user12
3362910,user08
3362910,user13
2516824,user09
2516824,user14
2585394,user10
2585394,user15
17690,user11
17690,user16
2064508,user12
2064508,user17
1662355,user13
1662355,user18
729043,user14
729043,user19
1372837,user15
1372837,user20
4439501,user16
4439501,user21
145043,user17
145043,user01
4738,user18
4738,user02
707715,user19
707715,user03
2817812,user20
2817812,user04
4568366,user21
4568366,user05
4410746,user01
4410746,user09
3457613,user02
3457613,user10
3030929,user03
3030929,user11
3392145,user04
3392145,user12
124173,user05
124173,user13
4023169,user06
4023169,user14
1333631,user07
1333631,user15
2316766,user08
2316766,user16
478681,user09
478681,user17
2583816,user10
2583816,user18
2264147,user11
2264147,user19
683936,user12
683936,user20
3445535,user13
3445535,user21
3828380,user14
3828380,user01
908028,user15
908028,user02
2068671,user16
2068671,user03
3839434,user17
3839434,user04
3935493,user18
3935493,user05
3481380,user19
3481380,user06
4474859,user20
4474859,user07
905888,user21
905888,user08
4334535,user01
4334535,user11
1331579,user02
1331579,user12
3848194,user03
3848194,user13
1755135,user04
1755135,user14
3034505,user05
3034505,user15
2738344,user06
2738344,user16
2744708,user07
2744708,user17
3914207,user08
3914207,user18
372765,user09
372765,user19
4357097,user10
4357097,user20
4112732,user11
4112732,user21
2988559,user12
2988559,user01
2234439,user13
2234439,user02
1434367,user14
1434367,user03
3646357,user15
3646357,user04
377209,user16
377209,user05
2458157,user17
2458157,user06
1545484,user18
1545484,user07
3066631,user19
3066631,user08
932084,user20
932084,user09
4448329,user21
4448329,user10
4190492,user01
4190492,user02
1985129,user02
1985129,user03
597634,user03
597634,user04
4213160,user04
4213160,user05
4569722,user05
4569722,user06
545917,user06
545917,user07
1118325,user07
1118325,user08
3860134,user08
3860134,user09
3388553,user09
3388553,user10
93791,user10
93791,user11
122581,user11
122581,user12
966685,user12
966685,user13
4479935,user13
4479935,user14
2782725,user14
2782725,user15
3253007,user15
3253007,user16
3882006,user16
3882006,user17
2332687,user17
2332687,user18
3132545,user18
3132545,user19
3228416,user19
3228416,user20
2566536,user20
2566536,user21
2455421,user21
2455421,user01
2603311,user01
2603311,user03
3589640,user02
3589640,user04
3312586,user03
3312586,user05
1669917,user04
1669917,user06
2817788,user05
2817788,user07
1775939,user06
1775939,user08
972458,user07
972458,user09
1268309,user08
1268309,user10
2414264,user09
2414264,user11
3983819,user10
3983819,user12
1002475,user11
1002475,user13
458484,user12
458484,user14
1563299,user13
1563299,user15
1400561,user14
1400561,user16
3831751,user15
3831751,user17
1416079,user16
1416079,user18
2264548,user17
2264548,user19
2818536,user18
2818536,user20
450966,user19
450966,user21
4513843,user20
4513843,user01
3148363,user21
3148363,user02
2025637,user01
2025637,user05
3442202,user02
3442202,user06
3004253,user03
3004253,user07
4093898,user04
4093898,user08
2749362,user05
2749362,user09
2916431,user06
2916431,user10
1346718,user07
1346718,user11
401994,user08
401994,user12
2060798,user09
2060798,user13
2007315,user10
2007315,user14
1234085,user11
1234085,user15
4479031,user12
4479031,user16
3534534,user13
3534534,user17
422859,user14
422859,user18
2093495,user15
2093495,user19
2440297,user16
2440297,user20
3142025,user17
3142025,user21
4209515,user18
4209515,user01
3863618,user19
3863618,user02
3544316,user20
3544316,user03
248881,user21
248881,user04
3295845,user01
3295845,user06
1084455,user02
1084455,user07
3932664,user03
3932664,user08
2309177,user04
2309177,user09
477169,user05
477169,user10
2031671,user06
2031671,user11
3959940,user07
3959940,user12
2617903,user08
2617903,user13
53929,user09
53929,user14
688969,user10
688969,user15
405246,user11
405246,user16
883816,user12
883816,user17
121361,user13
121361,user18
2294583,user14
2294583,user19
2554356,user15
2554356,user20
2760859,user16
2760859,user21
1344502,user17
1344502,user01
895468,user18
895468,user02
1936200,user19
1936200,user03
3218896,user20
3218896,user04
3624569,user21
3624569,user05
886988,user01
886988,user09
4158298,user02
4158298,user10
59593,user03
59593,user11
1327700,user04
1327700,user12
1427977,user05
1427977,user13
1457404,user06
1457404,user14
3504131,user07
3504131,user15
1312404,user08
1312404,user16
4484589,user09
4484589,user17
4390465,user10
4390465,user18
3494795,user11
3494795,user19
580088,user12
580088,user20
401543,user13
401543,user21
2552596,user14
2552596,user01
1510979,user15
1510979,user02
105636,user16
105636,user03
1536842,user17
1536842,user04
1566657,user18
1566657,user05
849178,user19
849178,user06
3135169,user20
3135169,user07
302660,user21
302660,user08
1341803,user01
1341803,user11
1598509,user02
1598509,user12
3566061,user03
3566061,user13
834919,user04
834919,user14
1521079,user05
1521079,user15
1545491,user06
1545491,user16
1865756,user07
1865756,user17
427005,user08
427005,user18
3610077,user09
3610077,user19
3112292,user10
3112292,user20
3276021,user11
3276021,user21
1869795,user12
1869795,user01
2463515,user13
2463515,user02
47863,user14
47863,user03
1819837,user15
1819837,user04
239226,user16
239226,user05
2779413,user17
2779413,user06
4163472,user18
4163472,user07
4457035,user19
4457035,user08
1285733,user20
1285733,user09
421634,user21
421634,user10
390290,user01
390290,user02
2967999,user02
2967999,user03
1446617,user03
1446617,user04
673473,user04
673473,user05
3135318,user05
3135318,user06
3279255,user06
3279255,user07
2857461,user07
2857461,user08
3388872,user08
3388872,user09
2543215,user09
2543215,user10
2732062,user10
2732062,user11
122558,user11
122558,user12
155044,user12
155044,user13
4479644,user13
4479644,user14
1393580,user14
1393580,user15
2639525,user15
2639525,user16
4371067,user16
4371067,user17
2626727,user17
2626727,user18
33853,user18
33853,user19
2219347,user19
2219347,user20
3852908,user20
3852908,user21
1168991,user21
1168991,user01
1871344,user01
1871344,user03
2039972,user02
2039972,user04
4528511,user03
4528511,user05
4144586,user04
4144586,user06
3475921,user05
3475921,user07
4205581,user06
4205581,user08
2857363,user07
2857363,user09
2224692,user08
2224692,user10
4105073,user09
4105073,user11
4168441,user10
4168441,user12
3351167,user11
3351167,user13
4019855,user12
4019855,user14
2410080,user13
2410080,user15
1242212,user14
1242212,user16
2564468,user15
2564468,user17
684040,user16
684040,user18
4535165,user17
4535165,user19
365550,user18
365550,user20
3495406,user19
3495406,user21
1712676,user20
1712676,user01
568207,user21
568207,user02
1518076,user01
1518076,user05
4042419,user02
4042419,user06
2187473,user03
2187473,user07
1884860,user04
1884860,user08
2039583,user05
2039583,user09
947258,user06
947258,user10
654914,user07
654914,user11
3385940,user08
3385940,user12
880721,user09
880721,user13
3541735,user10
3541735,user14
3396138,user11
3396138,user15
4019779,user12
4019779,user16
4087435,user13
4087435,user17
2028935,user14
2028935,user18
1703602,user15
1703602,user19
2072904,user16
2072904,user20
2264505,user17
2264505,user21
1241728,user18
1241728,user01
496646,user19
496646,user02
1465991,user20
1465991,user03
483600,user21
483600,user04
4112757,user01
4112757,user06
4701,user02
4701,user07
241136,user03
241136,user08
3561154,user04
3561154,user09
314194,user05
314194,user10
3442347,user06
3442347,user11
582990,user07
582990,user12
1612126,user08
1612126,user13
406151,user09
406151,user14
4279984,user10
4279984,user15
4486104,user11
4486104,user16
2955115,user12
2955115,user17
2280487,user13
2280487,user18
3078262,user14
3078262,user19
1566509,user15
1566509,user20
1683874,user16
1683874,user21
1039022,user17
1039022,user01
974424,user18
974424,user02
2338845,user19
2338845,user03
2747815,user20
2747815,user04
423395,user21
423395,user05
2366055,user01
2366055,user09
4125520,user02
4125520,user10
698552,user03
698552,user11
4430758,user04
4430758,user12
3290462,user05
3290462,user13
1119879,user06
1119879,user14
4516768,user07
4516768,user15
304629,user08
304629,user16
2262698,user09
2262698,user17
2427280,user10
2427280,user18
4165301,user11
4165301,user19
481708,user12
481708,user20
94190,user13
94190,user21
2137699,user14
2137699,user01
1628263,user15
1628263,user02
898178,user16
898178,user03
2330972,user17
2330972,user04
4442165,user18
4442165,user05
1728833,user19
1728833,user06
2428453,user20
2428453,user07
497288,user21
497288,user08
3614514,user01
3614514,user11
2190580,user02
2190580,user12
878656,user03
878656,user13
2168302,user04
2168302,user14
1802708,user05
1802708,user15
2285296,user06
2285296,user16
2263949,user07
2263949,user17
1062929,user08
1062929,user18
3696995,user09
3696995,user19
332294,user10
332294,user20
4119207,user11
4119207,user21
2540912,user12
2540912,user01
779513,user13
779513,user02
1909623,user14
1909623,user03
3950487,user15
3950487,user04
2173593,user16
2173593,user05
3506168,user17
3506168,user06
4118998,user18
4118998,user07
4325594,user19
4325594,user08
363126,user20
363126,user09
4003571,user21
4003571,user10
4408224,user01
4408224,user02
2137568,user02
2137568,user03
473639,user03
473639,user04
2669215,user04
2669215,user05
582523,user05
582523,user06
3925236,user06
3925236,user07
1466478,user07
1466478,user08
4402320,user08
4402320,user09
2414827,user09
2414827,user10
4366310,user10
4366310,user11
1864038,user11
1864038,user12
494088,user12
494088,user13
4043290,user13
4043290,user14
1988173,user14
1988173,user15
114353,user15
114353,user16
3222158,user16
3222158,user17
2368898,user17
2368898,user18
1726632,user18
1726632,user19
1749031,user19
1749031,user20
929177,user20
929177,user21
2068052,user21
2068052,user01
1891558,user01
1891558,user03
1331186,user02
1331186,user04
683691,user03
683691,user05
3589334,user04
3589334,user06
3679226,user05
3679226,user07
3486314,user06
3486314,user08
4176282,user07
4176282,user09
4522183,user08
4522183,user10
2378891,user09
2378891,user11
449664,user10
449664,user12
2462486,user11
2462486,user13
3507282,user12
3507282,user14
447276,user13
447276,user15
2449731,user14
2449731,user16
392011,user15
392011,user17
3774568,user16
3774568,user18
1754179,user17
1754179,user19
2786374,user18
2786374,user20
1872067,user19
1872067,user21
2332648,user20
2332648,user01
3848990,user21
3848990,user02
4489492,user01
4489492,user05
2924029,user02
2924029,user06
410378,user03
410378,user07
4494259,user04
4494259,user08
3848187,user05
3848187,user09
92890,user06
92890,user10
228828,user07
228828,user11
2472553,user08
2472553,user12
2719787,user09
2719787,user13
4107488,user10
4107488,user14
4209583,user11
4209583,user15
2324000,user12
2324000,user16
3666956,user13
3666956,user17
1656487,user14
1656487,user18
364400,user15
364400,user19
870253,user16
870253,user20
3101262,user17
3101262,user21
3226197,user18
3226197,user01
668613,user19
668613,user02
1407961,user20
1407961,user03
2729524,user21
2729524,user04
1861912,user01
1861912,user06
1050104,user02
1050104,user07
3397894,user03
3397894,user08
2714457,user04
2714457,user09
62718,user05
62718,user10
497444,user06
497444,user11
1421486,user07
1421486,user12
3680731,user08
3680731,user13
2803335,user09
2803335,user14
1416178,user10
1416178,user15
510940,user11
510940,user16
2314442,user12
2314442,user17
4004419,user13
4004419,user18
1434576,user14
1434576,user19
4042515,user15
4042515,user20
3375238,user16
3375238,user21
1002718,user17
1002718,user01
3607654,user18
3607654,user02
2865902,user19
2865902,user03
1662230,user20
1662230,user04
91346,user21
91346,user05
222173,user01
222173,user09
3390345,user02
3390345,user10
474545,user03
474545,user11
204992,user04
204992,user12
2458102,user05
2458102,user13
2813097,user06
2813097,user14
414474,user07
414474,user15
3851672,user08
3851672,user16
2414618,user09
2414618,user17
3553359,user10
3553359,user18
3533273,user11
3533273,user19
2764187,user12
2764187,user20
2051097,user13
2051097,user21
2405172,user14
2405172,user01
132451,user15
132451,user02
4077577,user16
4077577,user03
3889864,user17
3889864,user04
2863507,user18
2863507,user05
3608006,user19
3608006,user06
4128837,user20
4128837,user07
2621210,user21
2621210,user08
1647440,user01
1647440,user11
2775107,user02
2775107,user12
4169111,user03
4169111,user13
1793310,user04
1793310,user14
3931816,user05
3931816,user15
750046,user06
750046,user16
2634047,user07
2634047,user17
2541418,user08
2541418,user18
2857147,user09
2857147,user19
2656634,user10
2656634,user20
2324027,user11
2324027,user21
430562,user12
430562,user01
1011174,user13
1011174,user02
3009735,user14
3009735,user03
3582060,user15
3582060,user04
4163398,user16
4163398,user05
3919168,user17
3919168,user06
2947584,user18
2947584,user07
2779213,user19
2779213,user08
1117695,user20
1117695,user09
1585988,user21
1585988,user10
3805696,user01
3805696,user02
1951922,user02
1951922,user03
4469328,user03
4469328,user04
2624510,user04
2624510,user05
3207315,user05
3207315,user06
2175010,user06
2175010,user07
1412826,user07
1412826,user08
117773,user08
117773,user09
3881885,user09
3881885,user10
3032894,user10
3032894,user11
506147,user11
506147,user12
4025075,user12
4025075,user13
2058540,user13
2058540,user14
3921935,user14
3921935,user15
3539442,user15
3539442,user16
1786101,user16
1786101,user17
4401120,user17
4401120,user18
1453156,user18
1453156,user19
711008,user19
711008,user20
4322557,user20
4322557,user21
241854,user21
241854,user01
3633428,user01
3633428,user03
1064149,user02
1064149,user04
3048288,user03
3048288,user05
2132738,user04
2132738,user06
1566243,user05
1566243,user07
4486698,user06
4486698,user08
255406,user07
255406,user09
4239710,user08
4239710,user10
2423528,user09
2423528,user11
1762154,user10
1762154,user12
4144337,user11
4144337,user13
3868351,user12
3868351,user14
2535463,user13
2535463,user15
630594,user14
630594,user16
127559,user15
127559,user17
2492407,user16
2492407,user18
4210345,user17
4210345,user19
3477047,user18
3477047,user20
3398233,user19
3398233,user21
4475070,user20
4475070,user01
3861871,user21
3861871,user02
111518,user01
111518,user05
2079046,user02
2079046,user06
3481854,user03
3481854,user07
1670030,user04
1670030,user08
2378823,user05
2378823,user09
104196,user06
104196,user10
1722782,user07
1722782,user11
2659283,user08
2659283,user12
3976497,user09
3976497,user13
1627761,user10
1627761,user14
2915352,user11
2915352,user15
1320767,user12
1320767,user16
1461711,user13
1461711,user17
1005820,user14
1005820,user18
4374462,user15
4374462,user19
1096495,user16
1096495,user20
3493726,user17
3493726,user21
1757556,user18
1757556,user01
3363616,user19
3363616,user02
2907669,user20
2907669,user03
3883087,user21
3883087,user04
4212447,user01
4212447,user06
512025,user02
512025,user07
2318806,user03
2318806,user08
95147,user04
95147,user09
4177112,user05
4177112,user10
4443625,user06
4443625,user11
967655,user07
967655,user12
1528450,user08
1528450,user13
3062708,user09
3062708,user14
3945375,user10
3945375,user15
2593112,user11
2593112,user16
3522640,user12
3522640,user17
3616198,user13
3616198,user18
3515929,user14
3515929,user19
596767,user15
596767,user20
1867286,user16
1867286,user21
3391413,user17
3391413,user01
3159852,user18
3159852,user02
3877324,user19
3877324,user03
2234647,user20
2234647,user04
1512566,user21
1512566,user05
2544987,user01
2544987,user09
2864028,user02
2864028,user10
3641634,user03
3641634,user11
3932988,user04
3932988,user12
268706,user05
268706,user13
1066622,user06
1066622,user14
3923562,user07
3923562,user15
2094045,user08
2094045,user16
4019885,user09
4019885,user17
2784434,user10
2784434,user18
1745103,user11
1745103,user19
4348746,user12
4348746,user20
550162,user13
550162,user21
624274,user14
624274,user01
3563703,user15
3563703,user02
1540645,user16
1540645,user03
4057179,user17
4057179,user04
2237155,user18
2237155,user05
4440495,user19
4440495,user06
2002061,user20
2002061,user07
659089,user21
659089,user08
4477237,user01
4477237,user11
4067077,user02
4067077,user12
3647844,user03
3647844,user13
3488389,user04
3488389,user14
1531799,user05
1531799,user15
3098490,user06
3098490,user16
1947653,user07
1947653,user17
1483662,user08
1483662,user18
791960,user09
791960,user19
907538,user10
907538,user20
2186468,user11
2186468,user21
482098,user12
482098,user01
918134,user13
918134,user02
417659,user14
417659,user03
3386849,user15
3386849,user04
4121869,user16
4121869,user05
120811,user17
120811,user06
3817270,user18
3817270,user07
1622930,user19
1622930,user08
3671916,user20
3671916,user09
250880,user21
250880,user10
706525,user01
706525,user02
933243,user02
933243,user03
222599,user03
222599,user04
4111204,user04
4111204,user05
1437900,user05
1437900,user06
4211048,user06
4211048,user07
252971,user07
252971,user08
393569,user08
393569,user09
3115964,user09
3115964,user10
2164524,user10
2164524,user11
2158462,user11
2158462,user12
3565507,user12
3565507,user13
1118328,user13
1118328,user14
1256869,user14
1256869,user15
2602499,user15
2602499,user16
27417,user16
27417,user17
2626959,user17
2626959,user18
1011196,user18
1011196,user19
2398845,user19
2398845,user20
2043461,user20
2043461,user21
1316499,user21
1316499,user01
17591,user01
17591,user03
2879654,user02
2879654,user04
2907016,user03
2907016,user05
510554,user04
510554,user06
921490,user05
921490,user07
1519310,user06
1519310,user08
4384583,user07
4384583,user09
1639936,user08
1639936,user10
1628454,user09
1628454,user11
4241333,user10
4241333,user12
231627,user11
231627,user13
2856827,user12
2856827,user14
1444486,user13
1444486,user15
796406,user14
796406,user16
721167,user15
721167,user17
3129955,user16
3129955,user18
867760,user17
867760,user19
3825996,user18
3825996,user20
2013750,user19
2013750,user21
3660179,user20
3660179,user01
783161,user21
783161,user02
3514580,user01
3514580,user05
2034478,user02
2034478,user06
3460280,user03
3460280,user07
407777,user04
407777,user08
1890838,user05
1890838,user09
3052938,user06
3052938,user10
496619,user07
496619,user11
4491452,user08
4491452,user12
3531275,user09
3531275,user13
811515,user10
811515,user14
3513923,user11
3513923,user15
3076025,user12
3076025,user16
4568134,user13
4568134,user17
3904635,user14
3904635,user18
3618719,user15
3618719,user19
370724,user16
370724,user20
912585,user17
912585,user21
98642,user18
98642,user01
2355719,user19
2355719,user02
3613368,user20
3613368,user03
4127954,user21
4127954,user04
2072017,user01
2072017,user06
626372,user02
626372,user07
918041,user03
918041,user08
3930393,user04
3930393,user09
3598157,user05
3598157,user10
3803264,user06
3803264,user11
2361253,user07
2361253,user12
2436235,user08
2436235,user13
1847971,user09
1847971,user14
3149417,user10
3149417,user15
3637743,user11
3637743,user16
1544890,user12
1544890,user17
2204401,user13
2204401,user18
825174,user14
825174,user19
2414979,user15
2414979,user20
3459842,user16
3459842,user21
1599165,user17
1599165,user01
4389714,user18
4389714,user02
2304718,user19
2304718,user03
1531877,user20
1531877,user04
585920,user21
585920,user05
678387,user01
678387,user09
2723616,user02
2723616,user10
3469005,user03
3469005,user11
154575,user04
154575,user12
3684878,user05
3684878,user13
2835450,user06
2835450,user14
3488225,user07
3488225,user15
1289428,user08
1289428,user16
179737,user09
179737,user17
2384848,user10
2384848,user18
2360489,user11
2360489,user19
3975380,user12
3975380,user20
3584474,user13
3584474,user21
150269,user14
150269,user01
2779372,user15
2779372,user02
2820730,user16
2820730,user03
2072854,user17
2072854,user04
4116500,user18
4116500,user05
1932521,user19
1932521,user06
3554469,user20
3554469,user07
2130397,user21
2130397,user08
4362435,user01
4362435,user11
1295169,user02
1295169,user12
3996351,user03
3996351,user13
1727691,user04
1727691,user14
2955071,user05
2955071,user15
2303959,user06
2303959,user16
901975,user07
901975,user17
3866771,user08
3866771,user18
1033410,user09
1033410,user19
1017211,user10
1017211,user20
1141870,user11
1141870,user21
3822070,user12
3822070,user01
1399126,user13
1399126,user02
62684,user14
62684,user03
2148904,user15
2148904,user04
3925995,user16
3925995,user05
4480641,user17
4480641,user06
966711,user18
966711,user07
2495546,user19
2495546,user08
4483482,user20
4483482,user09
2487247,user21
2487247,user10
3304713,user01
3304713,user02
3042352,user02
3042352,user03
3355461,user03
3355461,user04
2326799,user04
2326799,user05
2463507,user05
2463507,user06
2642503,user06
2642503,user07
4123407,user07
4123407,user08
2506858,user08
2506858,user09
393863,user09
393863,user10
4140628,user10
4140628,user11
4149275,user11
4149275,user12
2906602,user12
2906602,user13
4207521,user13
4207521,user14
1212653,user14
1212653,user15
1375003,user15
1375003,user16
102667,user16
102667,user17
933126,user17
933126,user18
604486,user18
604486,user19
479218,user19
479218,user20
3606732,user20
3606732,user21
733079,user21
733079,user01
1421646,user01
1421646,user03
3987106,user02
3987106,user04
1592618,user03
1592618,user05
2167733,user04
2167733,user06
3661480,user05
3661480,user07
3651488,user06
3651488,user08
3759767,user07
3759767,user09
691280,user08
691280,user10
1699162,user09
1699162,user11
931098,user10
931098,user12
514502,user11
514502,user13
2812883,user12
2812883,user14
346254,user13
346254,user15
1697400,user14
1697400,user16
4314110,user15
4314110,user17
690029,user16
690029,user18
2988808,user17
2988808,user19
626356,user18
626356,user20
3857627,user19
3857627,user21
1231864,user20
1231864,user01
3219690,user21
3219690,user02
3894959,user01
3894959,user05
2852671,user02
2852671,user06
652796,user03
652796,user07
3178203,user04
3178203,user08
605665,user05
605665,user09
3868343,user06
3868343,user10
3261757,user07
3261757,user11
1745917,user08
1745917,user12
1663767,user09
1663767,user13
2231374,user10
2231374,user14
739062,user11
739062,user15
1264565,user12
1264565,user16
2187619,user13
2187619,user17
1183302,user14
1183302,user18
2754681,user15
2754681,user19
2026182,user16
2026182,user20
4379048,user17
4379048,user21
3742778,user18
3742778,user01
3026585,user19
3026585,user02
1800997,user20
1800997,user03
1973892,user21
1973892,user04
3443424,user01
3443424,user06
1451987,user02
1451987,user07
111613,user03
111613,user08
2050127,user04
2050127,user09
1329863,user05
1329863,user10
312681,user06
312681,user11
1432729,user07
1432729,user12
2636902,user08
2636902,user13
1248246,user09
1248246,user14
1583469,user10
1583469,user15
1871615,user11
1871615,user16
1864652,user12
1864652,user17
1849251,user13
1849251,user18
1008705,user14
1008705,user19
770273,user15
770273,user20
2072359,user16
2072359,user21
2582467,user17
2582467,user01
1757315,user18
1757315,user02
1601861,user19
1601861,user03
4093434,user20
4093434,user04
3130912,user21
3130912,user05
3806868,user01
3806868,user09
87756,user02
87756,user10
2393108,user03
2393108,user11
2635114,user04
2635114,user12
4120004,user05
4120004,user13
938344,user06
938344,user14
3737870,user07
3737870,user15
2800604,user08
2800604,user16
4180654,user09
4180654,user17
4338752,user10
4338752,user18
3897739,user11
3897739,user19
4485836,user12
4485836,user20
4013769,user13
4013769,user21
3513715,user14
3513715,user01
2049598,user15
2049598,user02
1539559,user16
1539559,user03
80622,user17
80622,user04
480758,user18
480758,user05
4117242,user19
4117242,user06
1411208,user20
1411208,user07
3956871,user21
3956871,user08
333532,user01
333532,user11
3869801,user02
3869801,user12
2445573,user03
2445573,user13
3458545,user04
3458545,user14
3400798,user05
3400798,user15
3602152,user06
3602152,user16
4352509,user07
4352509,user17
288506,user08
288506,user18
862374,user09
862374,user19
1322158,user10
1322158,user20
186628,user11
186628,user21
2784188,user12
2784188,user01
1987940,user13
1987940,user02
79951,user14
79951,user03
667950,user15
667950,user04
2542875,user16
2542875,user05
4453749,user17
4453749,user06
3369012,user18
3369012,user07
2771461,user19
2771461,user08
2898341,user20
2898341,user09
1027084,user21
1027084,user10
3619813,user01
3619813,user02
4483032,user02
4483032,user03
1066597,user03
1066597,user04
3387960,user04
3387960,user05
4149267,user05
4149267,user06
2474801,user06
2474801,user07
2852675,user07
2852675,user08
1604956,user08
1604956,user09
487546,user09
487546,user10
1814771,user10
1814771,user11
3873839,user11
3873839,user12
1514911,user12
1514911,user13
4540078,user13
4540078,user14
3065816,user14
3065816,user15
4162217,user15
4162217,user16
492938,user16
492938,user17
409134,user17
409134,user18
3177114,user18
3177114,user19
1973742,user19
1973742,user20
3179057,user20
3179057,user21
1230439,user21
1230439,user01
195198,user01
195198,user03
2029440,user02
2029440,user04
3151551,user03
3151551,user05
4524697,user04
4524697,user06
1860452,user05
1860452,user07
4111519,user06
4111519,user08
1601782,user07
1601782,user09
95919,user08
95919,user10
2831494,user09
2831494,user11
3044852,user10
3044852,user12
4122380,user11
4122380,user13
4207187,user12
4207187,user14
1896165,user13
1896165,user15
4206214,user14
4206214,user16
2174090,user15
2174090,user17
3613604,user16
3613604,user18
3116027,user17
3116027,user19
1719975,user18
1719975,user20
354541,user19
354541,user21
1372439,user20
1372439,user01
364901,user21
364901,user02
1269598,user01
1269598,user05
1293009,user02
1293009,user06
2534065,user03
2534065,user07
3990720,user04
3990720,user08
2074514,user05
2074514,user09
4098939,user06
4098939,user10
984943,user07
984943,user11
2532133,user08
2532133,user12
4433491,user09
4433491,user13
598503,user10
598503,user14
3863713,user11
3863713,user15
4222412,user12
4222412,user16
2091817,user13
2091817,user17
407500,user14
407500,user18
1346685,user15
1346685,user19
2097263,user16
2097263,user20
2332732,user17
2332732,user21
3886186,user18
3886186,user01
4253535,user19
4253535,user02
401653,user20
401653,user03
2714233,user21
2714233,user04
4367133,user01
4367133,user06
706493,user02
706493,user07
2072922,user03
2072922,user08
1524883,user04
1524883,user09
2264732,user05
2264732,user10
3836898,user06
3836898,user11
3514732,user07
3514732,user12
2648228,user08
2648228,user13
3376534,user09
3376534,user14
2068864,user10
2068864,user15
229405,user11
229405,user16
4168618,user12
4168618,user17
3559708,user13
3559708,user18
3734002,user14
3734002,user19
1734487,user15
1734487,user20
3151549,user16
3151549,user21
2843029,user17
2843029,user01
3644457,user18
3644457,user02
4335694,user19
4335694,user03
4089173,user20
4089173,user04
1601353,user21
1601353,user05
247696,user01
247696,user09
3735069,user02
3735069,user10
4182324,user03
4182324,user11
1177794,user04
1177794,user12
535439,user05
535439,user13
4123597,user06
4123597,user14
2278265,user07
2278265,user15
3953358,user08
3953358,user16
1759957,user09
1759957,user17
3466514,user10
3466514,user18
3175268,user11
3175268,user19
3075987,user12
3075987,user20
1059932,user13
1059932,user21
1570095,user14
1570095,user01
4075942,user15
4075942,user02
2725054,user16
2725054,user03
3620152,user17
3620152,user04
1461922,user18
1461922,user05
3020393,user19
3020393,user06
4483180,user20
4483180,user07
1119686,user21
1119686,user08
2100134,user01
2100134,user11
428972,user02
428972,user12
2311252,user03
2311252,user13
2521974,user04
2521974,user14
4171282,user05
4171282,user15
3780869,user06
3780869,user16
1911081,user07
1911081,user17
4127344,user08
4127344,user18
4201935,user09
4201935,user19
760338,user10
760338,user20
1872649,user11
1872649,user21
2411808,user12
2411808,user01
3483406,user13
3483406,user02
433959,user14
433959,user03
751334,user15
751334,user04
2988934,user16
2988934,user05
2693172,user17
2693172,user06
2975574,user18
2975574,user07
4012509,user19
4012509,user08
88375,user20
88375,user09
1678049,user21
1678049,user10
3961518,user01
3961518,user02
1139152,user02
1139152,user03
3268855,user03
3268855,user04
31884,user04
31884,user05
2148940,user05
2148940,user06
3125746,user06
3125746,user07
2731400,user07
2731400,user08
69747,user08
69747,user09
1484079,user09
1484079,user10
3753986,user10
3753986,user11
798,user11
798,user12
3135250,user12
3135250,user13
2339553,user13
2339553,user14
3977238,user14
3977238,user15
1883331,user15
1883331,user16
1320554,user16
1320554,user17
2944075,user17
2944075,user18
1979297,user18
1979297,user19
1109060,user19
1109060,user20
3565523,user20
3565523,user21
4136240,user21
4136240,user01
1720007,user01
1720007,user03
4090735,user02
4090735,user04
3489112,user03
3489112,user05
1955963,user04
1955963,user06
1726501,user05
1726501,user07
3998962,user06
3998962,user08
1679640,user07
1679640,user09
4435776,user08
4435776,user10
2322512,user09
2322512,user11
3459903,user10
3459903,user12
4150022,user11
4150022,user13
2605559,user12
2605559,user14
2647751,user13
2647751,user15
2107160,user14
2107160,user16
2939138,user15
2939138,user17
1872390,user16
1872390,user18
3940720,user17
3940720,user19
3672553,user18
3672553,user20
2234660,user19
2234660,user21
2399546,user20
2399546,user01
3519745,user21
3519745,user02
477536,user01
477536,user05
2180292,user02
2180292,user06
3002646,user03
3002646,user07
3003841,user04
3003841,user08
913779,user05
913779,user09
3846237,user06
3846237,user10
2781452,user07
2781452,user11
4194874,user08
4194874,user12
955527,user09
955527,user13
2042350,user10
2042350,user14
2801436,user11
2801436,user15
1212909,user12
1212909,user16
472118,user13
472118,user17
3525011,user14
3525011,user18
2744712,user15
2744712,user19
1116640,user16
1116640,user20
3952712,user17
3952712,user21
3838721,user18
3838721,user01
358096,user19
358096,user02
169287,user20
169287,user03
2789206,user21
2789206,user04
1365881,user01
1365881,user06
268877,user02
268877,user07
3904649,user03
3904649,user08
3388979,user04
3388979,user09
4131484,user05
4131484,user10
1886372,user06
1886372,user11
298635,user07
298635,user12
4203837,user08
4203837,user13
394315,user09
394315,user14
2589180,user10
2589180,user15
1065562,user11
1065562,user16
53820,user12
53820,user17
362686,user13
362686,user18
1133504,user14
1133504,user19
1904254,user15
1904254,user20
223071,user16
223071,user21
4519046,user17
4519046,user01
2780731,user18
2780731,user02
2582459,user19
2582459,user03
2055088,user20
2055088,user04
118731,user21
118731,user05
461394,user01
461394,user09
3931970,user02
3931970,user10
2556951,user03
2556951,user11
4534234,user04
4534234,user12
4210262,user05
4210262,user13
117254,user06
117254,user14
910843,user07
910843,user15
4367992,user08
4367992,user16
4431079,user09
4431079,user17
333568,user10
333568,user18
2770711,user11
2770711,user19
3145881,user12
3145881,user20
2787504,user13
2787504,user21
1716622,user14
1716622,user01
2157383,user15
2157383,user02
3397186,user16
3397186,user03
1473739,user17
1473739,user04
4424661,user18
4424661,user05
2960253,user19
2960253,user06
4421591,user20
4421591,user07
4502295,user21
4502295,user08
4299058,user01
4299058,user11
2050899,user02
2050899,user12
4279976,user03
4279976,user13
3499933,user04
3499933,user14
1712560,user05
1712560,user15
1329257,user06
1329257,user16
1893768,user07
1893768,user17
80355,user08
80355,user18
934561,user09
934561,user19
2003456,user10
2003456,user20
2378918,user11
2378918,user21
3923197,user12
3923197,user01
2371151,user13
2371151,user02
1910074,user14
1910074,user03
2852998,user15
2852998,user04
3812157,user16
3812157,user05
3236554,user17
3236554,user06
2349914,user18
2349914,user07
4203897,user19
4203897,user08
1066478,user20
1066478,user09
352009,user21
352009,user10
3517328,user01
3517328,user02
4516657,user02
4516657,user03
1429196,user03
1429196,user04
2462830,user04
2462830,user05
1720304,user05
1720304,user06
1850595,user06
1850595,user07
2864020,user07
2864020,user08
939651,user08
939651,user09
4066323,user09
4066323,user10
525528,user10
525528,user11
2582612,user11
2582612,user12
2859532,user12
2859532,user13
1545562,user13
1545562,user14
3628858,user14
3628858,user15
2296931,user15
2296931,user16
4116815,user16
4116815,user17
3512052,user17
3512052,user18
3483456,user18
3483456,user19
3277553,user19
3277553,user20
1879497,user20
1879497,user21
1992460,user21
1992460,user01
503832,user01
503832,user03
966462,user02
966462,user04
2300304,user03
2300304,user05
1849837,user04
1849837,user06
3003703,user05
3003703,user07
1687167,user06
1687167,user08
1222841,user07
1222841,user09
2568648,user08
2568648,user10
570524,user09
570524,user11
479900,user10
479900,user12
2821837,user11
2821837,user13
748730,user12
748730,user14
1871826,user13
1871826,user15
284953,user14
284953,user16
3953897,user15
3953897,user17
3880859,user16
3880859,user18
427353,user17
427353,user19
2633641,user18
2633641,user20
776339,user19
776339,user21
1301896,user20
1301896,user01
422252,user21
422252,user02
3984516,user01
3984516,user05
751363,user02
751363,user06
2496991,user03
2496991,user07
177229,user04
177229,user08
39214,user05
39214,user09
1273632,user06
1273632,user10
3610679,user07
3610679,user11
524081,user08
524081,user12
1433599,user09
1433599,user13
3372592,user10
3372592,user14
62689,user11
62689,user15
1725642,user12
1725642,user16
3646097,user13
3646097,user17
4396911,user14
4396911,user18
3501245,user15
3501245,user19
3902782,user16
3902782,user20
3534237,user17
3534237,user21
3894315,user18
3894315,user01
989131,user19
989131,user02
3573560,user20
3573560,user03
2535289,user21
2535289,user04
4427537,user01
4427537,user06
520996,user02
520996,user07
2755726,user03
2755726,user08
3203867,user04
3203867,user09
179686,user05
179686,user10
779149,user06
779149,user11
1718646,user07
1718646,user12
3914077,user08
3914077,user13
3214102,user09
3214102,user14
2483516,user10
2483516,user15
1065558,user11
1065558,user16
2756539,user12
2756539,user17
433645,user13
433645,user18
169583,user14
169583,user19
963501,user15
963501,user20
122559,user16
122559,user21
1295626,user17
1295626,user01
2322496,user18
2322496,user02
4199103,user19
4199103,user03
1304699,user20
1304699,user04
550156,user21
550156,user05
53015,user01
53015,user09
3448126,user02
3448126,user10
965568,user03
965568,user11
965367,user04
965367,user12
925292,user05
925292,user13
4439492,user06
4439492,user14
4568084,user07
4568084,user15
1847580,user08
1847580,user16
2068379,user09
2068379,user17
3726846,user10
3726846,user18
255780,user11
255780,user19
694388,user12
694388,user20
4151986,user13
4151986,user21
4278078,user14
4278078,user01
4080862,user15
4080862,user02
2436345,user16
2436345,user03
1948308,user17
1948308,user04
1484362,user18
1484362,user05
1657817,user19
1657817,user06
2198795,user20
2198795,user07
1801697,user21
1801697,user08
1119616,user01
1119616,user11
2603505,user02
2603505,user12
3908188,user03
3908188,user13
723549,user04
723549,user14
3204173,user05
3204173,user15
4209516,user06
4209516,user16
37526,user07
37526,user17
3998216,user08
3998216,user18
3135381,user09
3135381,user19
1391733,user10
1391733,user20
1464757,user11
1464757,user21
472946,user12
472946,user01
936463,user13
936463,user02
89599,user14
89599,user03
2817178,user15
2817178,user04
4571649,user16
4571649,user05
2903391,user17
2903391,user06
2589187,user18
2589187,user07
3492257,user19
3492257,user08
946612,user20
946612,user09
2589987,user21
2589987,user10
33207,user01
33207,user02
2365957,user02
2365957,user03
4513844,user03
4513844,user04
485068,user04
485068,user05
1523800,user05
1523800,user06
638801,user06
638801,user07
926317,user07
926317,user08
1149469,user08
1149469,user09
947251,user09
947251,user10
3548539,user10
3548539,user11
1391129,user11
1391129,user12
4144547,user12
4144547,user13
1487702,user13
1487702,user14
1413318,user14
1413318,user15
3269075,user15
3269075,user16
1262849,user16
1262849,user17
2204383,user17
2204383,user18
393522,user18
393522,user19
3655094,user19
3655094,user20
1133204,user20
1133204,user21
3678427,user21
3678427,user01
2060174,user01
2060174,user03
805636,user02
805636,user04
1307784,user03
1307784,user05
2073607,user04
2073607,user06
4062098,user05
4062098,user07
3011648,user06
3011648,user08
3882368,user07
3882368,user09
948187,user08
948187,user10
4168450,user09
4168450,user11
2916015,user10
2916015,user12
33281,user11
33281,user13
2799820,user12
2799820,user14
1541743,user13
1541743,user15
3984618,user14
3984618,user16
4106188,user15
4106188,user17
1566470,user16
1566470,user18
2507984,user17
2507984,user19
2589982,user18
2589982,user20
37758,user19
37758,user21
4207259,user20
4207259,user01
2465829,user21
2465829,user02
1510976,user01
1510976,user05
1822922,user02
1822922,user06
637973,user03
637973,user07
2772787,user04
2772787,user08
6,user05
6,user09
3984546,user06
3984546,user10
1593011,user07
1593011,user11
757112,user08
757112,user12
3145875,user09
3145875,user13
2169732,user10
2169732,user14
4277793,user11
4277793,user15
1628067,user12
1628067,user16
4162631,user13
4162631,user17
422351,user14
422351,user18
1181304,user15
1181304,user19
2842008,user16
2842008,user20
3258252,user17
3258252,user21
2410444,user18
2410444,user01
1640320,user19
1640320,user02
195169,user20
195169,user03
4486701,user21
4486701,user04
2224765,user01
2224765,user06
3517774,user02
3517774,user07
2383921,user03
2383921,user08
3527087,user04
3527087,user09
4513225,user05
4513225,user10
625759,user06
625759,user11
2330101,user07
2330101,user12
3159843,user08
3159843,user13
1414998,user09
1414998,user14
4124381,user10
4124381,user15
2459883,user11
2459883,user16
4482052,user12
4482052,user17
1728684,user13
1728684,user18
3679160,user14
3679160,user19
124443,user15
124443,user20
111023,user16
111023,user21
866981,user17
866981,user01
2784121,user18
2784121,user02
602109,user19
602109,user03
574241,user20
574241,user04
3919334,user21
3919334,user05
4497975,user01
4497975,user09
1295732,user02
1295732,user10
1199709,user03
1199709,user11
1639196,user04
1639196,user12
2060336,user05
2060336,user13
4504454,user06
4504454,user14
751393,user07
751393,user15
1346678,user08
1346678,user16
3891861,user09
3891861,user17
403999,user10
403999,user18
4109217,user11
4109217,user19
1863334,user12
1863334,user20
102864,user13
102864,user21
3445448,user14
3445448,user01
2917711,user15
2917711,user02
3155167,user16
3155167,user03
3580830,user17
3580830,user04
367805,user18
367805,user05
473646,user19
473646,user06
4568594,user20
4568594,user07
3853932,user21
3853932,user08
3609967,user01
3609967,user11
3570444,user02
3570444,user12
1311829,user03
1311829,user13
1239457,user04
1239457,user14
567147,user05
567147,user15
93026,user06
93026,user16
4238926,user07
4238926,user17
833957,user08
833957,user18
3623409,user09
3623409,user19
2352042,user10
2352042,user20
2755897,user11
2755897,user21
1890949,user12
1890949,user01
2330111,user13
2330111,user02
3847061,user14
3847061,user03
2075203,user15
2075203,user04
4302053,user16
4302053,user05
3998215,user17
3998215,user06
1688604,user18
1688604,user07
1671840,user19
1671840,user08
1190438,user20
1190438,user09
4222236,user21
4222236,user10
795249,user01
795249,user02
393502,user02
393502,user03
364461,user03
364461,user04
2130395,user04
2130395,user05
3064575,user05
3064575,user06
2203619,user06
2203619,user07
1775937,user07
1775937,user08
835474,user08
835474,user09
687492,user09
687492,user10
3560319,user10
3560319,user11
1506859,user11
1506859,user12
2016689,user12
2016689,user13
4064269,user13
4064269,user14
2337105,user14
2337105,user15
2566849,user15
2566849,user16
4547945,user16
4547945,user17
1728655,user17
1728655,user18
3481813,user18
3481813,user19
1487681,user19
1487681,user20
886987,user20
886987,user21
3355778,user21
3355778,user01
3152046,user01
3152046,user03
3095529,user02
3095529,user04
991756,user03
991756,user05
4545613,user04
4545613,user06
539302,user05
539302,user07
2168860,user06
2168860,user08
83940,user07
83940,user09
1825511,user08
1825511,user10
2228896,user09
2228896,user11
2997374,user10
2997374,user12
3011351,user11
3011351,user13
1884924,user12
1884924,user14
1886888,user13
1886888,user15
1337638,user14
1337638,user16
1761591,user15
1761591,user17
2350837,user16
2350837,user18
3238903,user17
3238903,user19
4133565,user18
4133565,user20
4572890,user19
4572890,user21
1115636,user20
1115636,user01
287982,user21
287982,user02
807909,user01
807909,user05
462237,user02
462237,user06
2091632,user03
2091632,user07
216923,user04
216923,user08
4518983,user05
4518983,user09
3017356,user06
3017356,user10
1311031,user07
1311031,user11
4483612,user08
4483612,user12
4572368,user09
4572368,user13
3185064,user10
3185064,user14
2814165,user11
2814165,user15
2729767,user12
2729767,user16
622356,user13
622356,user17
3861777,user14
3861777,user18
2600302,user15
2600302,user19
899653,user16
899653,user20
3184532,user17
3184532,user21
1312469,user18
1312469,user01
3239389,user19
3239389,user02
691658,user20
691658,user03
977079,user21
977079,user04
3868316,user01
3868316,user06
2265285,user02
2265285,user07
2986188,user03
2986188,user08
1244607,user04
1244607,user09
4389115,user05
4389115,user10
469123,user06
469123,user11
1191488,user07
1191488,user12
4003957,user08
4003957,user13
601389,user09
601389,user14
3063512,user10
3063512,user15
269260,user11
269260,user16
2353777,user12
2353777,user17
2981564,user13
2981564,user18
3800352,user14
3800352,user19
1895649,user15
1895649,user20
1960970,user16
1960970,user21
587205,user17
587205,user01
1082301,user18
1082301,user02
2215596,user19
2215596,user03
4296867,user20
4296867,user04
930096,user21
930096,user05
4276826,user01
4276826,user09
1812930,user02
1812930,user10
2475747,user03
2475747,user11
1393734,user04
1393734,user12
1254787,user05
1254787,user13
1347194,user06
1347194,user14
2920053,user07
2920053,user15
3756754,user08
3756754,user16
1336038,user09
1336038,user17
1888586,user10
1888586,user18
1729132,user11
1729132,user19
471668,user12
471668,user20
3126101,user13
3126101,user21
4392144,user14
4392144,user01
3278998,user15
3278998,user02
50120,user16
50120,user03
38087,user17
38087,user04
1680635,user18
1680635,user05
2408875,user19
2408875,user06
2732383,user20
2732383,user07
532681,user21
532681,user08
2386902,user01
2386902,user11
887951,user02
887951,user12
2072434,user03
2072434,user13
1849640,user04
1849640,user14
2643118,user05
2643118,user15
120999,user06
120999,user16
2849490,user07
2849490,user17
2517588,user08
2517588,user18
2210506,user09
2210506,user19
2780723,user10
2780723,user20
3944858,user11
3944858,user21
586972,user12
586972,user01
3093872,user13
3093872,user02
1139572,user14
1139572,user03
3465723,user15
3465723,user04
1452272,user16
1452272,user05
2691984,user17
2691984,user06
1853823,user18
1853823,user07
2184727,user19
2184727,user08
4092407,user20
4092407,user09
3076724,user21
3076724,user10
2592350,user01
2592350,user02
1680315,user02
1680315,user03
4475138,user03
4475138,user04
3235354,user04
3235354,user05
179731,user05
179731,user06
3785328,user06
3785328,user07
3878751,user07
3878751,user08
600209,user08
600209,user09
391605,user09
391605,user10
3803268,user10
3803268,user11
948115,user11
948115,user12
758426,user12
758426,user13
1873674,user13
1873674,user14
1307768,user14
1307768,user15
1015978,user15
1015978,user16
1196886,user16
1196886,user17
3302441,user17
3302441,user18
1360047,user18
1360047,user19
3997279,user19
3997279,user20
1239496,user20
1239496,user21
3633225,user21
3633225,user01
2627408,user01
2627408,user03
880863,user02
880863,user04
928161,user03
928161,user05
3595398,user04
3595398,user06
3069300,user05
3069300,user07
3928941,user06
3928941,user08
1866878,user07
1866878,user09
1674341,user08
1674341,user10
2506854,user09
2506854,user11
4149551,user10
4149551,user12
4471834,user11
4471834,user13
4061363,user12
4061363,user14
1802167,user13
1802167,user15
2095533,user14
2095533,user16
431002,user15
431002,user17
4208223,user16
4208223,user18
3466488,user17
3466488,user19
2921312,user18
2921312,user20
40687,user19
40687,user21
2819278,user20
2819278,user01
3605335,user21
3605335,user02
3207184,user01
3207184,user05
2170174,user02
2170174,user06
1680637,user03
1680637,user07
1205910,user04
1205910,user08
1131660,user05
1131660,user09
2027706,user06
2027706,user10
3874550,user07
3874550,user11
1330852,user08
1330852,user12
4162282,user09
4162282,user13
2538913,user10
2538913,user14
105637,user11
105637,user15
3632118,user12
3632118,user16
2414004,user13
2414004,user17
4295731,user14
4295731,user18
1790025,user15
1790025,user19
1273725,user16
1273725,user20
2544958,user17
2544958,user21
3021089,user18
3021089,user01
1989069,user19
1989069,user02
2321998,user20
2321998,user03
1308528,user21
1308528,user04
3200249,user01
3200249,user06
4124187,user02
4124187,user07
1330650,user03
1330650,user08
3592936,user04
3592936,user09
507905,user05
507905,user10
1792177,user06
1792177,user11
1544528,user07
1544528,user12
2645226,user08
2645226,user13
367500,user09
367500,user14
3006292,user10
3006292,user15
3459164,user11
3459164,user16
2656731,user12
2656731,user17
2142156,user13
2142156,user18
889208,user14
889208,user19
1343605,user15
1343605,user20
3555625,user16
3555625,user21
4364812,user17
4364812,user01
2122730,user18
2122730,user02
2045725,user19
2045725,user03
3559681,user20
3559681,user04
4492462,user21
4492462,user05
2099561,user01
2099561,user09
1850247,user02
1850247,user10
1854570,user03
1854570,user11
3135188,user04
3135188,user12
3280579,user05
3280579,user13
1484350,user06
1484350,user14
2929392,user07
2929392,user15
424977,user08
424977,user16
495392,user09
495392,user17
4119869,user10
4119869,user18
3996000,user11
3996000,user19
398780,user12
398780,user20
3772510,user13
3772510,user21
4132463,user14
4132463,user01
2074033,user15
2074033,user02
1865790,user16
1865790,user03
2097602,user17
2097602,user04
527868,user18
527868,user05
413683,user19
413683,user06
43425,user20
43425,user07
1235,user21
1235,user08
2825431,user01
2825431,user11
1882352,user02
1882352,user12
3561891,user03
3561891,user13
853668,user04
853668,user14
1217029,user05
1217029,user15
2721423,user06
2721423,user16
2688875,user07
2688875,user17
4133536,user08
4133536,user18
971383,user09
971383,user19
1499512,user10
1499512,user20
2732348,user11
2732348,user21
3519978,user12
3519978,user01
47698,user13
47698,user02
2302640,user14
2302640,user03
3057070,user15
3057070,user04
895417,user16
895417,user05
264100,user17
264100,user06
3202563,user18
3202563,user07
4067137,user19
4067137,user08
2756217,user20
2756217,user09
2103631,user21
2103631,user10
2037712,user01
2037712,user02
3555322,user02
3555322,user03
4411831,user03
4411831,user04
1944314,user04
1944314,user05
3482613,user05
3482613,user06
1347633,user06
1347633,user07
3993028,user07
3993028,user08
419599,user08
419599,user09
3618810,user09
3618810,user10
3212531,user10
3212531,user11
2476966,user11
2476966,user12
3607434,user12
3607434,user13
426532,user13
426532,user14
4455031,user14
4455031,user15
4066031,user15
4066031,user16
788211,user16
788211,user17
233137,user17
233137,user18
2948829,user18
2948829,user19
1781524,user19
1781524,user20
2103280,user20
2103280,user21
2837969,user21
2837969,user01
1110526,user01
1110526,user03
470050,user02
470050,user04
792902,user03
792902,user05
3669427,user04
3669427,user06
4075906,user05
4075906,user07
520090,user06
520090,user08
4217739,user07
4217739,user09
2090393,user08
2090393,user10
4210352,user09
4210352,user11
4299405,user10
4299405,user12
1617740,user11
1617740,user13
1319820,user12
1319820,user14
2545268,user13
2545268,user15
3941062,user14
3941062,user16
3007116,user15
3007116,user17
4416211,user16
4416211,user18
912278,user17
912278,user19
2540922,user18
2540922,user20
2997386,user19
2997386,user21
4118575,user20
4118575,user01
1598641,user21
1598641,user02
1026970,user01
1026970,user05
687368,user02
687368,user06
1431515,user03
1431515,user07
4563311,user04
4563311,user08
3029534,user05
3029534,user09
3872867,user06
3872867,user10
2820471,user07
2820471,user11
1344506,user08
1344506,user12
4438369,user09
4438369,user13
376145,user10
376145,user14
2228949,user11
2228949,user15
205771,user12
205771,user16
3020353,user13
3020353,user17
1889367,user14
1889367,user18
4155457,user15
4155457,user19
1682298,user16
1682298,user20
4162212,user17
4162212,user21
1979285,user18
1979285,user01
3987104,user19
3987104,user02
3824946,user20
3824946,user03
511772,user21
511772,user04
3614439,user01
3614439,user06
3108076,user02
3108076,user07
33141,user03
33141,user08
25159,user04
25159,user09
951017,user05
951017,user10
1330833,user06
1330833,user11
2148933,user07
2148933,user12
2864027,user08
2864027,user13
3207309,user09
3207309,user14
1477267,user10
1477267,user15
404728,user11
404728,user16
1221516,user12
1221516,user17
2508250,user13
2508250,user18
1320963,user14
1320963,user19
3319026,user15
3319026,user20
2169427,user16
2169427,user21
4062099,user17
4062099,user01
3089294,user18
3089294,user02
3152214,user19
3152214,user03
4073821,user20
4073821,user04
1309769,user21
1309769,user05
2538937,user01
2538937,user09
1200102,user02
1200102,user10
2259447,user03
2259447,user11
1127177,user04
1127177,user12
4480080,user05
4480080,user13
1940375,user06
1940375,user14
2200319,user07
2200319,user15
2762669,user08
2762669,user16
2264373,user09
2264373,user17
6383,user10
6383,user18
4150853,user11
4150853,user19
3224127,user12
3224127,user20
598347,user13
598347,user21
2540155,user14
2540155,user01
4496588,user15
4496588,user02
508678,user16
508678,user03
3548846,user17
3548846,user04
2799265,user18
2799265,user05
153841,user19
153841,user06
3212072,user20
3212072,user07
2500790,user21
2500790,user08
3442196,user01
3442196,user11
444454,user02
444454,user12
3233305,user03
3233305,user13
713549,user04
713549,user14
2193539,user05
2193539,user15
2647505,user06
2647505,user16
3862291,user07
3862291,user17
1012444,user08
1012444,user18
69916,user09
69916,user19
481412,user10
481412,user20
609252,user11
609252,user21
2043561,user12
2043561,user01
1995498,user13
1995498,user02
1202693,user14
1202693,user03
3668390,user15
3668390,user04
3162070,user16
3162070,user05
3196094,user17
3196094,user06
4161438,user18
4161438,user07
3138120,user19
3138120,user08
835680,user20
835680,user09
4278789,user21
4278789,user10
3930827,user01
3930827,user02
2258933,user02
2258933,user03
3944639,user03
3944639,user04
678279,user04
678279,user05
3214628,user05
3214628,user06
1627565,user06
1627565,user07
3723580,user07
3723580,user08
865941,user08
865941,user09
2537000,user09
2537000,user10
2475834,user10
2475834,user11
37836,user11
37836,user12
4501196,user12
4501196,user13
1118178,user13
1118178,user14
2483609,user14
2483609,user15
1478300,user15
1478300,user16
4250971,user16
4250971,user17
4211823,user17
4211823,user18
4431474,user18
4431474,user19
4236868,user19
4236868,user20
2214942,user20
2214942,user21
921030,user21
921030,user01
1331789,user01
1331789,user03
3662130,user02
3662130,user04
3725301,user03
3725301,user05
699983,user04
699983,user06
4370152,user05
4370152,user07
154350,user06
154350,user08
2707932,user07
2707932,user09
624884,user08
624884,user10
790605,user09
790605,user11
3171069,user10
3171069,user12
3067145,user11
3067145,user13
584969,user12
584969,user14
182006,user13
182006,user15
1275971,user14
1275971,user16
91299,user15
91299,user17
3613330,user16
3613330,user18
791944,user17
791944,user19
3165163,user18
3165163,user20
1084160,user19
1084160,user21
3745902,user20
3745902,user01
2520759,user21
2520759,user02
2536844,user01
2536844,user05
495388,user02
495388,user06
1748579,user03
1748579,user07
2178105,user04
2178105,user08
1208152,user05
1208152,user09
3366624,user06
3366624,user10
4542765,user07
4542765,user11
2358688,user08
2358688,user12
72616,user09
72616,user13
940413,user10
940413,user14
721188,user11
721188,user15
1089528,user12
1089528,user16
1457215,user13
1457215,user17
2718624,user14
2718624,user18
382790,user15
382790,user19
4483607,user16
4483607,user20
821125,user17
821125,user21
2307562,user18
2307562,user01
654402,user19
654402,user02
2639774,user20
2639774,user03
4095466,user21
4095466,user04
3487377,user01
3487377,user06
2538925,user02
2538925,user07
2564528,user03
2564528,user08
1831413,user04
1831413,user09
720304,user05
720304,user10
2138671,user06
2138671,user11
2724994,user07
2724994,user12
1143383,user08
1143383,user13
1987316,user09
1987316,user14
1311817,user10
1311817,user15
2725881,user11
2725881,user16
4568212,user12
4568212,user17
3148795,user13
3148795,user18
1896552,user14
1896552,user19
4473806,user15
4473806,user20
1512864,user16
1512864,user21
3784924,user17
3784924,user01
3059178,user18
3059178,user02
2865882,user19
2865882,user03
3109833,user20
3109833,user04
1349414,user21
1349414,user05
4211415,user01
4211415,user09
2757784,user02
2757784,user10
474579,user03
474579,user11
1723145,user04
1723145,user12
3383102,user05
3383102,user13
206853,user06
206853,user14
2374582,user07
2374582,user15
2468925,user08
2468925,user16
3617990,user09
3617990,user17
1887446,user10
1887446,user18
2732323,user11
2732323,user19
3595596,user12
3595596,user20
181566,user13
181566,user21
1235794,user14
1235794,user01
3627553,user15
3627553,user02
4216325,user16
4216325,user03
4448633,user17
4448633,user04
1217030,user18
1217030,user05
2566961,user19
2566961,user06
3016696,user20
3016696,user07
164778,user21
164778,user08
3467021,user01
3467021,user11
2674981,user02
2674981,user12
694879,user03
694879,user13
4076073,user04
4076073,user14
3034504,user05
3034504,user15
914968,user06
914968,user16
3511354,user07
3511354,user17
2334015,user08
2334015,user18
664682,user09
664682,user19
3975022,user10
3975022,user20
821465,user11
821465,user21
3304241,user12
3304241,user01
1260465,user13
1260465,user02
47142,user14
47142,user03
2642265,user15
2642265,user04
1892946,user16
1892946,user05
2083590,user17
2083590,user06
425566,user18
425566,user07
2685302,user19
2685302,user08
2636893,user20
2636893,user09
4129118,user21
4129118,user10
617716,user01
617716,user02
1529608,user02
1529608,user03
3157876,user03
3157876,user04
1147008,user04
1147008,user05
2068414,user05
2068414,user06
3958383,user06
3958383,user07
3496427,user07
3496427,user08
4157461,user08
4157461,user09
2842406,user09
2842406,user10
2863506,user10
2863506,user11
3560647,user11
3560647,user12
2960471,user12
2960471,user13
136637,user13
136637,user14
3933008,user14
3933008,user15
3159850,user15
3159850,user16
2133158,user16
2133158,user17
3111204,user17
3111204,user18
4436136,user18
4436136,user19
117032,user19
117032,user20
2660436,user20
2660436,user21
80203,user21
80203,user01
3921428,user01
3921428,user03
380580,user02
380580,user04
1347923,user03
1347923,user05
3442535,user04
3442535,user06
1862948,user05
1862948,user07
3882268,user06
3882268,user08
1456069,user07
1456069,user09
3801014,user08
3801014,user10
4024289,user09
4024289,user11
897556,user10
897556,user12
482088,user11
482088,user13
4094767,user12
4094767,user14
2565301,user13
2565301,user15
3588075,user14
3588075,user16
1880629,user15
1880629,user17
2330979,user16
2330979,user18
2427274,user17
2427274,user19
2525880,user18
2525880,user20
3767509,user19
3767509,user21
3628632,user20
3628632,user01
1882287,user21
1882287,user02
3595020,user01
3595020,user05
2292676,user02
2292676,user06
406923,user03
406923,user07
3821636,user04
3821636,user08
3950720,user05
3950720,user09
23610,user06
23610,user10
1606172,user07
1606172,user11
2255662,user08
2255662,user12
1682911,user09
1682911,user13
1894022,user10
1894022,user14
3986216,user11
3986216,user15
3032486,user12
3032486,user16
2565251,user13
2565251,user17
3863817,user14
3863817,user18
1609690,user15
1609690,user19
3327277,user16
3327277,user20
1740874,user17
1740874,user21
2353750,user18
2353750,user01
2560901,user19
2560901,user02
1702554,user20
1702554,user03
3442526,user21
3442526,user04
1415059,user01
1415059,user06
1490373,user02
1490373,user07
470004,user03
470004,user08
3515158,user04
3515158,user09
586560,user05
586560,user10
1877384,user06
1877384,user11
1751535,user07
1751535,user12
3680385,user08
3680385,user13
3454259,user09
3454259,user14
982711,user10
982711,user15
458415,user11
458415,user16
1309581,user12
1309581,user17
338098,user13
338098,user18
1529075,user14
1529075,user19
369574,user15
369574,user20
3637096,user16
3637096,user21
2414904,user17
2414904,user01
2921365,user18
2921365,user02
248982,user19
248982,user03
3038815,user20
3038815,user04
925011,user21
925011,user05
497845,user01
497845,user09
969497,user02
969497,user10
3529995,user03
3529995,user11
3328871,user04
3328871,user12
1133815,user05
1133815,user13
930600,user06
930600,user14
789460,user07
789460,user15
676638,user08
676638,user16
2707858,user09
2707858,user17
2171463,user10
2171463,user18
1090751,user11
1090751,user19
3613331,user12
3613331,user20
3545289,user13
3545289,user21
1600792,user14
1600792,user01
407520,user15
407520,user02
2907577,user16
2907577,user03
2829931,user17
2829931,user04
2072837,user18
2072837,user05
3197137,user19
3197137,user06
3622437,user20
3622437,user07
24215,user21
24215,user08
175635,user01
175635,user11
556600,user02
556600,user12
3947460,user03
3947460,user13
2986044,user04
2986044,user14
2169806,user05
2169806,user15
48938,user06
48938,user16
1968482,user07
1968482,user17
1562246,user08
1562246,user18
684176,user09
684176,user19
1546564,user10
1546564,user20
2886685,user11
2886685,user21
2064223,user12
2064223,user01
637982,user13
637982,user02
1130787,user14
1130787,user03
4347072,user15
4347072,user04
760643,user16
760643,user05
2488777,user17
2488777,user06
116483,user18
116483,user07
2074016,user19
2074016,user08
4474915,user20
4474915,user09
4479779,user21
4479779,user10
853666,user01
853666,user02
412732,user02
412732,user03
3239578,user03
3239578,user04
1575820,user04
1575820,user05
1524933,user05
1524933,user06
478594,user06
478594,user07
4357698,user07
4357698,user08
1878283,user08
1878283,user09
368178,user09
368178,user10
2063242,user10
2063242,user11
3145034,user11
3145034,user12
4012888,user12
4012888,user13
3339987,user13
3339987,user14
2751672,user14
2751672,user15
2817168,user15
2817168,user16
513630,user16
513630,user17
2785071,user17
2785071,user18
71177,user18
71177,user19
3557764,user19
3557764,user20
2268831,user20
2268831,user21
367279,user21
367279,user01
4468332,user01
4468332,user03
2053453,user02
2053453,user04
2791703,user03
2791703,user05
3562862,user04
3562862,user06
1185893,user05
1185893,user07
3079801,user06
3079801,user08
358171,user07
358171,user09
4372950,user08
4372950,user10
1312157,user09
1312157,user11
906691,user10
906691,user12
3484993,user11
3484993,user13
3680333,user12
3680333,user14
417271,user13
417271,user15
145046,user14
145046,user16
1752822,user15
1752822,user17
2404340,user16
2404340,user18
93951,user17
93951,user19
747776,user18
747776,user20
367017,user19
367017,user21
2284941,user20
2284941,user01
2835181,user21
2835181,user02
1039015,user01
1039015,user05
475915,user02
475915,user06
2218018,user03
2218018,user07
3679917,user04
3679917,user08
4334432,user05
4334432,user09
330640,user06
330640,user10
3582528,user07
3582528,user11
2812939,user08
2812939,user12
2835460,user09
2835460,user13
834050,user10
834050,user14
442727,user11
442727,user15
400977,user12
400977,user16
2713945,user13
2713945,user17
1712365,user14
1712365,user18
965926,user15
965926,user19
1550769,user16
1550769,user20
190163,user17
190163,user21
2564485,user18
2564485,user01
2332499,user19
2332499,user02
4372540,user20
4372540,user03
2715201,user21
2715201,user04
1979283,user01
1979283,user06
2728697,user02
2728697,user07
97569,user03
97569,user08
1473327,user04
1473327,user09
2844094,user05
2844094,user10
1326240,user06
1326240,user11
3877927,user07
3877927,user12
495500,user08
495500,user13
3540681,user09
3540681,user14
1712792,user10
1712792,user15
1753996,user11
1753996,user16
1276829,user12
1276829,user17
3358561,user13
3358561,user18
3303346,user14
3303346,user19
3572430,user15
3572430,user20
2332502,user16
2332502,user21
1842219,user17
1842219,user01
497933,user18
497933,user02
38902,user19
38902,user03
3012758,user20
3012758,user04
4243029,user21
4243029,user05
3883169,user01
3883169,user09
4435890,user02
4435890,user10
1123342,user03
1123342,user11
1543251,user04
1543251,user12
3635446,user05
3635446,user13
3644336,user06
3644336,user14
1753192,user07
1753192,user15
1106513,user08
1106513,user16
1137090,user09
1137090,user17
4546313,user10
4546313,user18
3010342,user11
3010342,user19
3489566,user12
3489566,user20
2829710,user13
2829710,user21
4071390,user14
4071390,user01
2181603,user15
2181603,user02
3504081,user16
3504081,user03
2649177,user17
2649177,user04
347462,user18
347462,user05
2753399,user19
2753399,user06
3514889,user20
3514889,user07
1131239,user21
1131239,user08
2779685,user01
2779685,user11
1702573,user02
1702573,user12
369288,user03
369288,user13
1879159,user04
1879159,user14
3782343,user05
3782343,user15
3066409,user06
3066409,user16
4112285,user07
4112285,user17
4451951,user08
4451951,user18
568736,user09
568736,user19
1575815,user10
1575815,user20
230568,user11
230568,user21
2697825,user12
2697825,user01
3984528,user13
3984528,user02
746213,user14
746213,user03
159725,user15
159725,user04
3879444,user16
3879444,user05
2454649,user17
2454649,user06
1749791,user18
1749791,user07
25626,user19
25626,user08
1321547,user20
1321547,user09
3992652,user21
3992652,user10
3458162,user01
3458162,user02
263854,user02
263854,user03
1351849,user03
1351849,user04
2993252,user04
2993252,user05
1444108,user05
1444108,user06
2256360,user06
2256360,user07
168726,user07
168726,user08
1338066,user08
1338066,user09
522243,user09
522243,user10
2713930,user10
2713930,user11
1889020,user11
1889020,user12
3958414,user12
3958414,user13
374328,user13
374328,user14
902702,user14
902702,user15
4024652,user15
4024652,user16
3465359,user16
3465359,user17
967509,user17
967509,user18
978876,user18
978876,user19
3223385,user19
3223385,user20
974186,user20
974186,user21
3151861,user21
3151861,user01
1918182,user01
1918182,user03
3653655,user02
3653655,user04
3607961,user03
3607961,user05
3352626,user04
3352626,user06
1021221,user05
1021221,user07
1311314,user06
1311314,user08
53749,user07
53749,user09
244751,user08
244751,user10
2966508,user09
2966508,user11
1665115,user10
1665115,user12
4479932,user11
4479932,user13
4573086,user12
4573086,user14
2022408,user13
2022408,user15
211168,user14
211168,user16
4211032,user15
4211032,user17
2691132,user16
2691132,user18
3610069,user17
3610069,user19
2716414,user18
2716414,user20
4540962,user19
4540962,user21
4283188,user20
4283188,user01
3013899,user21
3013899,user02
3325841,user01
3325841,user05
4569417,user02
4569417,user06
2365192,user03
2365192,user07
537090,user04
537090,user08
120248,user05
120248,user09
4158077,user06
4158077,user10
4312460,user07
4312460,user11
3746000,user08
3746000,user12
312683,user09
312683,user13
4371596,user10
4371596,user14
4352002,user11
4352002,user15
1509154,user12
1509154,user16
3650247,user13
3650247,user17
4188234,user14
4188234,user18
999603,user15
999603,user19
260552,user16
260552,user20
241129,user17
241129,user21
691218,user18
691218,user01
373306,user19
373306,user02
100008,user20
100008,user03
479037,user21
479037,user04
4502119,user01
4502119,user06
53602,user02
53602,user07
2204399,user03
2204399,user08
1499506,user04
1499506,user09
2814152,user05
2814152,user10
2188144,user06
2188144,user11
4442479,user07
4442479,user12
3135156,user08
3135156,user13
2527920,user09
2527920,user14
3017569,user10
3017569,user15
1865039,user11
1865039,user16
499366,user12
499366,user17
1717310,user13
1717310,user18
2858113,user14
2858113,user19
4129996,user15
4129996,user20
905615,user16
905615,user21
611179,user17
611179,user01
1831930,user18
1831930,user02
3512019,user19
3512019,user03
3368455,user20
3368455,user04
4375346,user21
4375346,user05
1005805,user01
1005805,user09
1119679,user02
1119679,user10
3448117,user03
3448117,user11
2974305,user04
2974305,user12
3282168,user05
3282168,user13
2913283,user06
2913283,user14
1564491,user07
1564491,user15
2705090,user08
2705090,user16
3221565,user09
3221565,user17
2171835,user10
2171835,user18
649982,user11
649982,user19
4435860,user12
4435860,user20
2365985,user13
2365985,user21
1544011,user14
1544011,user01
3608171,user15
3608171,user02
2090066,user16
2090066,user03
1421102,user17
1421102,user04
3847897,user18
3847897,user05
3521297,user19
3521297,user06
4473911,user20
4473911,user07
962517,user21
962517,user08
2646585,user01
2646585,user11
1716476,user02
1716476,user12
3237748,user03
3237748,user13
3213419,user04
3213419,user14
4500896,user05
4500896,user15
475540,user06
475540,user16
4043433,user07
4043433,user17
882356,user08
882356,user18
3109393,user09
3109393,user19
902128,user10
902128,user20
59624,user11
59624,user21
3979228,user12
3979228,user01
3143036,user13
3143036,user02
537092,user14
537092,user03
4274501,user15
4274501,user04
222395,user16
222395,user05
4111630,user17
4111630,user06
20739,user18
20739,user07
2627085,user19
2627085,user08
624318,user20
624318,user09
2646760,user21
2646760,user10
3155152,user01
3155152,user02
2388655,user02
2388655,user03
4050758,user03
4050758,user04
556329,user04
556329,user05
438489,user05
438489,user06
3452766,user06
3452766,user07
208444,user07
208444,user08
4360091,user08
4360091,user09
480522,user09
480522,user10
3647608,user10
3647608,user11
3554010,user11
3554010,user12
2385204,user12
2385204,user13
1115839,user13
1115839,user14
3637903,user14
3637903,user15
3806267,user15
3806267,user16
943757,user16
943757,user17
976355,user17
976355,user18
3284126,user18
3284126,user19
1320565,user19
1320565,user20
4010845,user20
4010845,user21
3558391,user21
3558391,user01
664703,user01
664703,user03
2592353,user02
2592353,user04
811799,user03
811799,user05
4442276,user04
4442276,user06
3522937,user05
3522937,user07
1973860,user06
1973860,user08
2762425,user07
2762425,user09
2913027,user08
2913027,user10
1537070,user09
1537070,user11
3908060,user10
3908060,user12
1870532,user11
1870532,user13
1799471,user12
1799471,user14
3890891,user13
3890891,user15
1138642,user14
1138642,user16
451155,user15
451155,user17
4547593,user16
4547593,user18
2364946,user17
2364946,user19
4403440,user18
4403440,user20
2483805,user19
2483805,user21
3212074,user20
3212074,user01
4089066,user21
4089066,user02
3010843,user01
3010843,user05
2740876,user02
2740876,user06
2373143,user03
2373143,user07
3487510,user04
3487510,user08
247807,user05
247807,user09
1891095,user06
1891095,user10
1796799,user07
1796799,user11
2383294,user08
2383294,user12
3979232,user09
3979232,user13
3018378,user10
3018378,user14
2674688,user11
2674688,user15
1600747,user12
1600747,user16
4405205,user13
4405205,user17
3344021,user14
3344021,user18
3225618,user15
3225618,user19
4161806,user16
4161806,user20
51,user17
51,user21
2922351,user18
2922351,user01
2994152,user19
2994152,user02
128000,user20
128000,user03
3524196,user21
3524196,user04
3562620,user01
3562620,user06
473417,user02
473417,user07
76324,user03
76324,user08
3567792,user04
3567792,user09
517930,user05
517930,user10
1682466,user06
1682466,user11
2337955,user07
2337955,user12
2626823,user08
2626823,user13
3556124,user09
3556124,user14
2343299,user10
2343299,user15
3066632,user11
3066632,user16
4478498,user12
4478498,user17
2402592,user13
2402592,user18
4466117,user14
4466117,user19
1240344,user15
1240344,user20
2117106,user16
2117106,user21
1997957,user17
1997957,user01
2948391,user18
2948391,user02
4149467,user19
4149467,user03
2659747,user20
2659747,user04
228080,user21
228080,user05
1711852,user01
1711852,user09
2791527,user02
2791527,user10
4068641,user03
4068641,user11
4005758,user04
4005758,user12
2589191,user05
2589191,user13
3913788,user06
3913788,user14
818593,user07
818593,user15
804098,user08
804098,user16
2466083,user09
2466083,user17
2654221,user10
2654221,user18
770072,user11
770072,user19
3491680,user12
3491680,user20
49449,user13
49449,user21
3878501,user14
3878501,user01
3301835,user15
3301835,user02
3003512,user16
3003512,user03
3754289,user17
3754289,user04
2039998,user18
2039998,user05
3485960,user19
3485960,user06
1841227,user20
1841227,user07
2538598,user21
2538598,user08
1301642,user01
1301642,user11
2267662,user02
2267662,user12
1371745,user03
1371745,user13
3950896,user04
3950896,user14
2770495,user05
2770495,user15
2743432,user06
2743432,user16
1781514,user07
1781514,user17
1152127,user08
1152127,user18
3030926,user09
3030926,user19
3856620,user10
3856620,user20
2778707,user11
2778707,user21
4090736,user12
4090736,user01
1676580,user13
1676580,user02
1345165,user14
1345165,user03
3965365,user15
3965365,user04
1876382,user16
1876382,user05
2311877,user17
2311877,user06
2167737,user18
2167737,user07
494203,user19
494203,user08
2570131,user20
2570131,user09
2542890,user21
2542890,user10
599852,user01
599852,user02
1550405,user02
1550405,user03
3673974,user03
3673974,user04
1880434,user04
1880434,user05
2007175,user05
2007175,user06
1752783,user06
1752783,user07
924688,user07
924688,user08
3978791,user08
3978791,user09
3052977,user09
3052977,user10
2541423,user10
2541423,user11
3164015,user11
3164015,user12
2181606,user12
2181606,user13
475696,user13
475696,user14
781324,user14
781324,user15
3894313,user15
3894313,user16
610980,user16
610980,user17
494621,user17
494621,user18
829330,user18
829330,user19
2203566,user19
2203566,user20
2517583,user20
2517583,user21
2043781,user21
2043781,user01
1413222,user01
1413222,user03
3897219,user02
3897219,user04
2102057,user03
2102057,user05
3993467,user04
3993467,user06
4002044,user05
4002044,user07
928175,user06
928175,user08
1260309,user07
1260309,user09
266117,user08
266117,user10
430978,user09
430978,user11
1385540,user10
1385540,user12
3360029,user11
3360029,user13
2298483,user12
2298483,user14
1877834,user13
1877834,user15
1742215,user14
1742215,user16
4234566,user15
4234566,user17
3505300,user16
3505300,user18
4473377,user17
4473377,user19
3568323,user18
3568323,user20
204476,user19
204476,user21
436463,user20
436463,user01
504243,user21
504243,user02
2228741,user01
2228741,user05
4299091,user02
4299091,user06
1884660,user03
1884660,user07
1528600,user04
1528600,user08
156070,user05
156070,user09
887735,user06
887735,user10
469105,user07
469105,user11
227084,user08
227084,user12
612533,user09
612533,user13
655048,user10
655048,user14
1548239,user11
1548239,user15
3841413,user12
3841413,user16
1214634,user13
1214634,user17
3495731,user14
3495731,user18
1324405,user15
1324405,user19
3644404,user16
3644404,user20
4405870,user17
4405870,user21
2697739,user18
2697739,user01
994716,user19
994716,user02
709971,user20
709971,user03
4530843,user21
4530843,user04
441909,user01
441909,user06
485566,user02
485566,user07
422016,user03
422016,user08
53176,user04
53176,user09
13484,user05
13484,user10
1239286,user06
1239286,user11
1749793,user07
1749793,user12
2531115,user08
2531115,user13
1057981,user09
1057981,user14
2619170,user10
2619170,user15
2915366,user11
2915366,user16
839279,user12
839279,user17
786310,user13
786310,user18
4044842,user14
4044842,user19
2157195,user15
2157195,user20
1879040,user16
1879040,user21
1009292,user17
1009292,user01
2770603,user18
2770603,user02
3856912,user19
3856912,user03
998457,user20
998457,user04
4129127,user21
4129127,user05
989119,user01
989119,user09
2626131,user02
2626131,user10
478692,user03
478692,user11
3511994,user04
3511994,user12
3581053,user05
3581053,user13
511182,user06
511182,user14
3333542,user07
3333542,user15
2697024,user08
2697024,user16
477390,user09
477390,user17
2192224,user10
2192224,user18
642056,user11
642056,user19
3234405,user12
3234405,user20
3361127,user13
3361127,user21
1399978,user14
1399978,user01
3545935,user15
3545935,user02
3613354,user16
3613354,user03
3877242,user17
3877242,user04
4013390,user18
4013390,user05
2905806,user19
2905806,user06
3398216,user20
3398216,user07
3879820,user21
3879820,user08
740880,user01
740880,user11
2491539,user02
2491539,user12
1315004,user03
1315004,user13
2907025,user04
2907025,user14
660603,user05
660603,user15
2011530,user06
2011530,user16
2326922,user07
2326922,user17
4309933,user08
4309933,user18
503429,user09
503429,user19
221585,user10
221585,user20
83771,user11
83771,user21
1340976,user12
1340976,user01
219349,user13
219349,user02
4504665,user14
4504665,user03
222413,user15
222413,user04
4169501,user16
4169501,user05
2816765,user17
2816765,user06
1324400,user18
1324400,user07
3482535,user19
3482535,user08
1980514,user20
1980514,user09
142311,user21
142311,user10
4208699,user01
4208699,user02
1906066,user02
1906066,user03
1484325,user03
1484325,user04
845971,user04
845971,user05
2647747,user05
2647747,user06
3159009,user06
3159009,user07
3894930,user07
3894930,user08
4570106,user08
4570106,user09
602101,user09
602101,user10
1156047,user10
1156047,user11
2345388,user11
2345388,user12
81069,user12
81069,user13
3897150,user13
3897150,user14
815765,user14
815765,user15
948080,user15
948080,user16
1882249,user16
1882249,user17
2361035,user17
2361035,user18
1806861,user18
1806861,user19
617642,user19
617642,user20
3555886,user20
3555886,user21
4125619,user21
4125619,user01
2776865,user01
2776865,user03
3192573,user02
3192573,user04
2752449,user03
2752449,user05
2382401,user04
2382401,user06
1529084,user05
1529084,user07
1563213,user06
1563213,user08
4116240,user07
4116240,user09
330356,user08
330356,user10
830602,user09
830602,user11
1612474,user10
1612474,user12
3151987,user11
3151987,user13
2645277,user12
2645277,user14
4188612,user13
4188612,user15
473418,user14
473418,user16
4488718,user15
4488718,user17
1662151,user16
1662151,user18
1826345,user17
1826345,user19
1177061,user18
1177061,user20
1302706,user19
1302706,user21
3376618,user20
3376618,user01
19223,user21
19223,user02
76517,user01
76517,user05
1434435,user02
1434435,user06
4370742,user03
4370742,user07
3162204,user04
3162204,user08
4201456,user05
4201456,user09
4087721,user06
4087721,user10
3834368,user07
3834368,user11
2813856,user08
2813856,user12
4481716,user09
4481716,user13
22994,user10
22994,user14
2031690,user11
2031690,user15
2511693,user12
2511693,user16
2259522,user13
2259522,user17
3602643,user14
3602643,user18
3881996,user15
3881996,user19
3454281,user16
3454281,user20
2275084,user17
2275084,user21
2340600,user18
2340600,user01
595316,user19
595316,user02
1619684,user20
1619684,user03
2581470,user21
2581470,user04
778291,user01
778291,user06
1721215,user02
1721215,user07
4346303,user03
4346303,user08
1069456,user04
1069456,user09
1420822,user05
1420822,user10
4468364,user06
4468364,user11
23266,user07
23266,user12
268283,user08
268283,user13
3459165,user09
3459165,user14
3957067,user10
3957067,user15
901271,user11
901271,user16
3422763,user12
3422763,user17
1755054,user13
1755054,user18
2258042,user14
2258042,user19
397066,user15
397066,user20
921341,user16
921341,user21
3774551,user17
3774551,user01
680469,user18
680469,user02
3957835,user19
3957835,user03
3055228,user20
3055228,user04
2153839,user21
2153839,user05
1804538,user01
1804538,user09
1001728,user02
1001728,user10
643456,user03
643456,user11
723820,user04
723820,user12
247573,user05
247573,user13
2172328,user06
2172328,user14
4148889,user07
4148889,user15
3828791,user08
3828791,user16
2023184,user09
2023184,user17
527460,user10
527460,user18
3981895,user11
3981895,user19
969792,user12
969792,user20
1457925,user13
1457925,user21
1868254,user14
1868254,user01
3538143,user15
3538143,user02
3116881,user16
3116881,user03
3135393,user17
3135393,user04
3458633,user18
3458633,user05
3888856,user19
3888856,user06
2471949,user20
2471949,user07
4386561,user21
4386561,user08
2439096,user01
2439096,user11
1544003,user02
1544003,user12
3144628,user03
3144628,user13
1341965,user04
1341965,user14
1952256,user05
1952256,user15
1752327,user06
1752327,user16
2200160,user07
2200160,user17
1623038,user08
1623038,user18
1147364,user09
1147364,user19
4409073,user10
4409073,user20
3779337,user11
3779337,user21
493289,user12
493289,user01
3544175,user13
3544175,user02
1764388,user14
1764388,user03
3949906,user15
3949906,user04
3007075,user16
3007075,user05
3986267,user17
3986267,user06
585588,user18
585588,user07
2473314,user19
2473314,user08
3978869,user20
3978869,user09
650570,user21
650570,user10
924347,user01
924347,user02
3003126,user02
3003126,user03
3989691,user03
3989691,user04
1035371,user04
1035371,user05
1567664,user05
1567664,user06
4250056,user06
4250056,user07
1086499,user07
1086499,user08
2500579,user08
2500579,user09
3474362,user09
3474362,user10
2816446,user10
2816446,user11
1140208,user11
1140208,user12
1813560,user12
1813560,user13
3878808,user13
3878808,user14
3613289,user14
3613289,user15
3135225,user15
3135225,user16
125489,user16
125489,user17
2054135,user17
2054135,user18
2129052,user18
2129052,user19
2191827,user19
2191827,user20
1334275,user20
1334275,user21
4411138,user21
4411138,user01
4296803,user01
4296803,user03
4301421,user02
4301421,user04
101650,user03
101650,user05
704133,user04
704133,user06
4377367,user05
4377367,user07
3562093,user06
3562093,user08
2128008,user07
2128008,user09
3880846,user08
3880846,user10
260601,user09
260601,user11
2190323,user10
2190323,user12
2730252,user11
2730252,user13
717613,user12
717613,user14
947975,user13
947975,user15
1564020,user14
1564020,user16
3524626,user15
3524626,user17
3553253,user16
3553253,user18
3651106,user17
3651106,user19
1435142,user18
1435142,user20
373341,user19
373341,user21
3482838,user20
3482838,user01
1434371,user21
1434371,user02
1769796,user01
1769796,user05
326142,user02
326142,user06
2537056,user03
2537056,user07
2493131,user04
2493131,user08
4213317,user05
4213317,user09
1472079,user06
1472079,user10
3273434,user07
3273434,user11
4011149,user08
4011149,user12
3590740,user09
3590740,user13
624186,user10
624186,user14
1975076,user11
1975076,user15
3566212,user12
3566212,user16
2694776,user13
2694776,user17
33771,user14
33771,user18
472964,user15
472964,user19
3137691,user16
3137691,user20
2086462,user17
2086462,user21
3364720,user18
3364720,user01
2753588,user19
2753588,user02
1581467,user20
1581467,user03
2457517,user21
2457517,user04
1122500,user01
1122500,user06
4497177,user02
4497177,user07
4087293,user03
4087293,user08
1856246,user04
1856246,user09
1987525,user05
1987525,user10
2215545,user06
2215545,user11
1429375,user07
1429375,user12
2639293,user08
2639293,user13
1606763,user09
1606763,user14
3264614,user10
3264614,user15
4088667,user11
4088667,user16
1151944,user12
1151944,user17
3608339,user13
3608339,user18
3218523,user14
3218523,user19
4217601,user15
4217601,user20
997925,user16
997925,user21
3966507,user17
3966507,user01
2489221,user18
2489221,user02
39204,user19
39204,user03
3652094,user20
3652094,user04
4161328,user21
4161328,user05
2155827,user01
2155827,user09
3525725,user02
3525725,user10
1391619,user03
1391619,user11
1056125,user04
1056125,user12
1162601,user05
1162601,user13
3505637,user06
3505637,user14
620625,user07
620625,user15
1110301,user08
1110301,user16
3066035,user09
3066035,user17
803603,user10
803603,user18
3639214,user11
3639214,user19
4372268,user12
4372268,user20
105639,user13
105639,user21
1462031,user14
1462031,user01
1131512,user15
1131512,user02
1332950,user16
1332950,user03
809459,user17
809459,user04
1826333,user18
1826333,user05
1860457,user19
1860457,user06
363890,user20
363890,user07
3145888,user21
3145888,user08
4238551,user01
4238551,user11
902967,user02
902967,user12
2334009,user03
2334009,user13
3647604,user04
3647604,user14
4162146,user05
4162146,user15
4121387,user06
4121387,user16
4445612,user07
4445612,user17
115811,user08
115811,user18
562297,user09
562297,user19
4302881,user10
4302881,user20
2084059,user11
2084059,user21
2649173,user12
2649173,user01
2441230,user13
2441230,user02
910958,user14
910958,user03
1421681,user15
1421681,user04
3106522,user16
3106522,user05
1885027,user17
1885027,user06
3010699,user18
3010699,user07
2965544,user19
2965544,user08
121352,user20
121352,user09
1307124,user21
1307124,user10
4123672,user01
4123672,user02
1003802,user02
1003802,user03
966366,user03
966366,user04
3720526,user04
3720526,user05
3977191,user05
3977191,user06
3050853,user06
3050853,user07
4420403,user07
4420403,user08
593014,user08
593014,user09
2117597,user09
2117597,user10
2659481,user10
2659481,user11
1653802,user11
1653802,user12
331111,user12
331111,user13
3894842,user13
3894842,user14
4192988,user14
4192988,user15
3706568,user15
3706568,user16
4464572,user16
4464572,user17
2725660,user17
2725660,user18
2550675,user18
2550675,user19
2142194,user19
2142194,user20
1717496,user20
1717496,user21
970017,user21
970017,user01
947243,user01
947243,user03
422226,user02
422226,user04
3499872,user03
3499872,user05
4121820,user04
4121820,user06
2185220,user05
2185220,user07
1394445,user06
1394445,user08
1712763,user07
1712763,user09
32498,user08
32498,user10
4127849,user09
4127849,user11
621381,user10
621381,user12
1189008,user11
1189008,user13
458482,user12
458482,user14
2589190,user13
2589190,user15
4224000,user14
4224000,user16
1651900,user15
1651900,user17
1588812,user16
1588812,user18
1777388,user17
1777388,user19
84636,user18
84636,user20
3821307,user19
3821307,user21
3625419,user20
3625419,user01
2496984,user21
2496984,user02
223184,user01
223184,user05
1256180,user02
1256180,user06
1752726,user03
1752726,user07
4551528,user04
4551528,user08
152747,user05
152747,user09
2107166,user06
2107166,user10
3269074,user07
3269074,user11
3338417,user08
3338417,user12
683821,user09
683821,user13
2114893,user10
2114893,user14
1429407,user11
1429407,user15
875880,user12
875880,user16
4206226,user13
4206226,user17
2483804,user14
2483804,user18
122926,user15
122926,user19
3065855,user16
3065855,user20
2557051,user17
2557051,user21
3545238,user18
3545238,user01
3744556,user19
3744556,user02
1351671,user20
1351671,user03
2167233,user21
2167233,user04
1821677,user01
1821677,user06
4122406,user02
4122406,user07
4426445,user03
4426445,user08
4428422,user04
4428422,user09
3019212,user05
3019212,user10
477622,user06
477622,user11
4209514,user07
4209514,user12
3134216,user08
3134216,user13
3923522,user09
3923522,user14
3034742,user10
3034742,user15
706513,user11
706513,user16
713763,user12
713763,user17
3077210,user13
3077210,user18
493211,user14
493211,user19
2193376,user15
2193376,user20
4568682,user16
4568682,user21
4570011,user17
4570011,user01
3362776,user18
3362776,user02
3537051,user19
3537051,user03
2393116,user20
2393116,user04
2747315,user21
2747315,user05
1433922,user01
1433922,user09
1732226,user02
1732226,user10
4457654,user03
4457654,user11
2088782,user04
2088782,user12
261163,user05
261163,user13
2053468,user06
2053468,user14
3925090,user07
3925090,user15
334263,user08
334263,user16
2810948,user09
2810948,user17
1330861,user10
1330861,user18
4488448,user11
4488448,user19
705529,user12
705529,user20
4525906,user13
4525906,user21
1010019,user14
1010019,user01
2285299,user15
2285299,user02
390566,user16
390566,user03
2211713,user17
2211713,user04
3764871,user18
3764871,user05
379235,user19
379235,user06
966109,user20
966109,user07
1091389,user21
1091389,user08
831253,user01
831253,user11
877923,user02
877923,user12
3994965,user03
3994965,user13
529396,user04
529396,user14
703185,user05
703185,user15
3351852,user06
3351852,user16
3064153,user07
3064153,user17
2728169,user08
2728169,user18
3063230,user09
3063230,user19
2642140,user10
2642140,user20
123980,user11
123980,user21
2073608,user12
2073608,user01
4416098,user13
4416098,user02
3785309,user14
3785309,user03
2504705,user15
2504705,user04
1244293,user16
1244293,user05
3917940,user17
3917940,user06
2495523,user18
2495523,user07
2818738,user19
2818738,user08
2191961,user20
2191961,user09
1935005,user21
1935005,user10
2050113,user01
2050113,user02
3745459,user02
3745459,user03
2974841,user03
2974841,user04
1136275,user04
1136275,user05
3159073,user05
3159073,user06
2175465,user06
2175465,user07
2852704,user07
2852704,user08
2169469,user08
2169469,user09
3598952,user09
3598952,user10
4045615,user10
4045615,user11
4266659,user11
4266659,user12
3598135,user12
3598135,user13
727895,user13
727895,user14
304804,user14
304804,user15
3026788,user15
3026788,user16
1389167,user16
1389167,user17
1176748,user17
1176748,user18
4129187,user18
4129187,user19
2527747,user19
2527747,user20
4424434,user20
4424434,user21
1349192,user21
1349192,user01
193975,user01
193975,user03
3984054,user02
3984054,user04
939175,user03
939175,user05
1933373,user04
1933373,user06
2022329,user05
2022329,user07
591842,user06
591842,user08
933259,user07
933259,user09
2051094,user08
2051094,user10
2346222,user09
2346222,user11
3487761,user10
3487761,user12
426709,user11
426709,user13
3803288,user12
3803288,user14
451361,user13
451361,user15
2577173,user14
2577173,user16
2473593,user15
2473593,user17
1249691,user16
1249691,user18
1629394,user17
1629394,user19
500078,user18
500078,user20
4124108,user19
4124108,user21
400354,user20
400354,user01
4020031,user21
4020031,user02
3474038,user01
3474038,user05
867752,user02
867752,user06
4416862,user03
4416862,user07
102266,user04
102266,user08
449089,user05
449089,user09
4473797,user06
4473797,user10
2527650,user07
2527650,user11
3212529,user08
3212529,user12
3370786,user09
3370786,user13
3565896,user10
3565896,user14
4367418,user11
4367418,user15
417452,user12
417452,user16
2239975,user13
2239975,user17
17701,user14
17701,user18
1885899,user15
1885899,user19
2060713,user16
2060713,user20
746196,user17
746196,user21
2586274,user18
2586274,user01
2929767,user19
2929767,user02
3064753,user20
3064753,user03
4002696,user21
4002696,user04
225558,user01
225558,user06
441958,user02
441958,user07
1367726,user03
1367726,user08
1554832,user04
1554832,user09
1458124,user05
1458124,user10
3562438,user06
3562438,user11
1359934,user07
1359934,user12
2810270,user08
2810270,user13
2979265,user09
2979265,user14
2153855,user10
2153855,user15
959301,user11
959301,user16
1038502,user12
1038502,user17
1752163,user13
1752163,user18
472127,user14
472127,user19
243143,user15
243143,user20
1889593,user16
1889593,user21
2277537,user17
2277537,user01
3245407,user18
3245407,user02
815807,user19
815807,user03
3928088,user20
3928088,user04
3296732,user21
3296732,user05
116494,user01
116494,user09
3601204,user02
3601204,user10
3302822,user03
3302822,user11
3181284,user04
3181284,user12
1777551,user05
1777551,user13
3908026,user06
3908026,user14
2907015,user07
2907015,user15
4125537,user08
4125537,user16
789458,user09
789458,user17
1981504,user10
1981504,user18
861879,user11
861879,user19
1801688,user12
1801688,user20
3488221,user13
3488221,user21
477135,user14
477135,user01
1343895,user15
1343895,user02
4461393,user16
4461393,user03
84072,user17
84072,user04
370732,user18
370732,user05
122532,user19
122532,user06
371279,user20
371279,user07
2357977,user21
2357977,user08
4418656,user01
4418656,user11
1166698,user02
1166698,user12
3520757,user03
3520757,user13
3108080,user04
3108080,user14
2525092,user05
2525092,user15
472227,user06
472227,user16
2476863,user07
2476863,user17
2893168,user08
2893168,user18
1863438,user09
1863438,user19
1997963,user10
1997963,user20
2597143,user11
2597143,user21
2175549,user12
2175549,user01
3988039,user13
3988039,user02
2193379,user14
2193379,user03
4398475,user15
4398475,user04
2046992,user16
2046992,user05
220288,user17
220288,user06
6724,user18
6724,user07
481258,user19
481258,user08
1326716,user20
1326716,user09
1862014,user21
1862014,user10
346229,user01
346229,user02
3543918,user02
3543918,user03
1073530,user03
1073530,user04
3677963,user04
3677963,user05
49409,user05
49409,user06
2335154,user06
2335154,user07
1764419,user07
1764419,user08
3957182,user08
3957182,user09
248052,user09
248052,user10
421708,user10
421708,user11
3464686,user11
3464686,user12
839269,user12
839269,user13
1710554,user13
1710554,user14
1849257,user14
1849257,user15
3973834,user15
3973834,user16
385788,user16
385788,user17
3467869,user17
3467869,user18
664920,user18
664920,user19
4422667,user19
4422667,user20
476035,user20
476035,user21
3032216,user21
3032216,user01
3479062,user01
3479062,user03
1135963,user02
1135963,user04
3293422,user03
3293422,user05
3035090,user04
3035090,user06
4535275,user05
4535275,user07
925694,user06
925694,user08
4394182,user07
4394182,user09
3039906,user08
3039906,user10
2065888,user09
2065888,user11
3066417,user10
3066417,user12
8460,user11
8460,user13
903695,user12
903695,user14
1324020,user13
1324020,user15
1545148,user14
1545148,user16
4176226,user15
4176226,user17
1997311,user16
1997311,user18
895461,user17
895461,user19
3152204,user18
3152204,user20
3587561,user19
3587561,user21
4570027,user20
4570027,user01
1875987,user21
1875987,user02
3304084,user01
3304084,user05
3015321,user02
3015321,user06
434884,user03
434884,user07
2934114,user04
2934114,user08
3513527,user05
3513527,user09
2566581,user06
2566581,user10
3477386,user07
3477386,user11
2294265,user08
2294265,user12
4374908,user09
4374908,user13
637984,user10
637984,user14
1717569,user11
1717569,user15
4128979,user12
4128979,user16
4483584,user13
4483584,user17
472019,user14
472019,user18
3145844,user15
3145844,user19
4569664,user16
4569664,user20
4490100,user17
4490100,user21
1972035,user18
1972035,user01
3714841,user19
3714841,user02
1895552,user20
1895552,user03
2781892,user21
2781892,user04
486668,user01
486668,user06
668884,user02
668884,user07
3145877,user03
3145877,user08
704384,user04
704384,user09
931283,user05
931283,user10
280101,user06
280101,user11
4190338,user07
4190338,user12
902921,user08
902921,user13
2027587,user09
2027587,user14
599001,user10
599001,user15
1006052,user11
1006052,user16
3753977,user12
3753977,user17
1612138,user13
1612138,user18
4211562,user14
4211562,user19
2515895,user15
2515895,user20
4089006,user16
4089006,user21
83974,user17
83974,user01
1124261,user18
1124261,user02
3219898,user19
3219898,user03
4553018,user20
4553018,user04
4523268,user21
4523268,user05
425002,user01
425002,user09
146046,user02
146046,user10
2584404,user03
2584404,user11
895948,user04
895948,user12
1636734,user05
1636734,user13
4109338,user06
4109338,user14
2591467,user07
2591467,user15
4512974,user08
4512974,user16
3020737,user09
3020737,user17
673635,user10
673635,user18
4513767,user11
4513767,user19
3040507,user12
3040507,user20
221760,user13
221760,user21
108236,user14
108236,user01
3170315,user15
3170315,user02
1880649,user16
1880649,user03
1703547,user17
1703547,user04
2310404,user18
2310404,user05
1249990,user19
1249990,user06
2340749,user20
2340749,user07
883450,user21
883450,user08
2237724,user01
2237724,user11
3733667,user02
3733667,user12
2757441,user03
2757441,user13
1126814,user04
1126814,user14
4365525,user05
4365525,user15
2760386,user06
2760386,user16
1372847,user07
1372847,user17
1266127,user08
1266127,user18
3555725,user09
3555725,user19
1297830,user10
1297830,user20
470024,user11
470024,user21
4493997,user12
4493997,user01
1222857,user13
1222857,user02
4114195,user14
4114195,user03
1877754,user15
1877754,user04
4389861,user16
4389861,user05
2477561,user17
2477561,user06
269617,user18
269617,user07
1457389,user19
1457389,user08
4121842,user20
4121842,user09
901815,user21
901815,user10
504076,user01
504076,user02
4129445,user02
4129445,user03
102558,user03
102558,user04
918535,user04
918535,user05
1400978,user05
1400978,user06
4123375,user06
4123375,user07
4154480,user07
4154480,user08
2643008,user08
2643008,user09
326396,user09
326396,user10
1824263,user10
1824263,user11
2552089,user11
2552089,user12
2866938,user12
2866938,user13
2525742,user13
2525742,user14
1882201,user14
1882201,user15
4153400,user15
4153400,user16
4095788,user16
4095788,user17
3991827,user17
3991827,user18
3401480,user18
3401480,user19
3959905,user19
3959905,user20
2780724,user20
2780724,user21
695252,user21
695252,user01
4208610,user01
4208610,user03
4137017,user02
4137017,user04
3861336,user03
3861336,user05
2798299,user04
2798299,user06
568107,user05
568107,user07
418370,user06
418370,user08
300870,user07
300870,user09
2169264,user08
2169264,user10
2949642,user09
2949642,user11
2169493,user10
2169493,user12
2627134,user11
2627134,user13
732456,user12
732456,user14
4499363,user13
4499363,user15
4112900,user14
4112900,user16
3329526,user15
3329526,user17
3344103,user16
3344103,user18
3967032,user17
3967032,user19
123974,user18
123974,user20
707103,user19
707103,user21
2332839,user20
2332839,user01
1449939,user21
1449939,user02
378029,user01
378029,user05
941163,user02
941163,user06
1112157,user03
1112157,user07
1867441,user04
1867441,user08
877895,user05
877895,user09
2233117,user06
2233117,user10
3653643,user07
3653643,user11
3884076,user08
3884076,user12
112300,user09
112300,user13
3855649,user10
3855649,user14
2073652,user11
2073652,user15
2269598,user12
2269598,user16
3852321,user13
3852321,user17
839281,user14
839281,user18
4301040,user15
4301040,user19
2414241,user16
2414241,user20
181149,user17
181149,user21
4302313,user18
4302313,user01
3984861,user19
3984861,user02
429022,user20
429022,user03
593379,user21
593379,user04
2322588,user01
2322588,user06
3501752,user02
3501752,user07
983892,user03
983892,user08
329369,user04
329369,user09
88839,user05
88839,user10
375149,user06
375149,user11
1333628,user07
1333628,user12
3145851,user08
3145851,user13
3132219,user09
3132219,user14
404806,user10
404806,user15
4517405,user11
4517405,user16
3398055,user12
3398055,user17
3677059,user13
3677059,user18
1959770,user14
1959770,user19
4276252,user15
4276252,user20
985134,user16
985134,user21
611348,user17
611348,user01
1139989,user18
1139989,user02
307222,user19
307222,user03
50187,user20
50187,user04
1551227,user21
1551227,user05
3769188,user01
3769188,user09
2456848,user02
2456848,user10
3317396,user03
3317396,user11
434138,user04
434138,user12
1307776,user05
1307776,user13
2944023,user06
2944023,user14
2988389,user07
2988389,user15
2363222,user08
2363222,user16
2177559,user09
2177559,user17
116547,user10
116547,user18
883844,user11
883844,user19
2621327,user12
2621327,user20
1564389,user13
1564389,user21
4302764,user14
4302764,user01
222732,user15
222732,user02
2710599,user16
2710599,user03
2081764,user17
2081764,user04
1872702,user18
1872702,user05
1958968,user19
1958968,user06
2204806,user20
2204806,user07
379652,user21
379652,user08
1738544,user01
1738544,user11
363434,user02
363434,user12
163690,user03
163690,user13
3223278,user04
3223278,user14
3774565,user05
3774565,user15
1598623,user06
1598623,user16
4172136,user07
4172136,user17
776262,user08
776262,user18
425479,user09
425479,user19
3830390,user10
3830390,user20
1359371,user11
1359371,user21
2433175,user12
2433175,user01
1629147,user13
1629147,user02
4520905,user14
4520905,user03
1057973,user15
1057973,user04
1879723,user16
1879723,user05
2819675,user17
2819675,user06
537982,user18
537982,user07
2142094,user19
2142094,user08
1675169,user20
1675169,user09
4117015,user21
4117015,user10
3966970,user01
3966970,user02
812082,user02
812082,user03
477637,user03
477637,user04
3617305,user04
3617305,user05
482196,user05
482196,user06
3138344,user06
3138344,user07
1423857,user07
1423857,user08
1014643,user08
1014643,user09
374682,user09
374682,user10
1233959,user10
1233959,user11
1413957,user11
1413957,user12
2365900,user12
2365900,user13
1703571,user13
1703571,user14
1732494,user14
1732494,user15
3811252,user15
3811252,user16
4250973,user16
4250973,user17
1678125,user17
1678125,user18
1343457,user18
1343457,user19
1536096,user19
1536096,user20
1252340,user20
1252340,user21
600117,user21
600117,user01
3566222,user01
3566222,user03
4408707,user02
4408707,user04
4218008,user03
4218008,user05
3042033,user04
3042033,user06
2646566,user05
2646566,user07
374968,user06
374968,user08
2072923,user07
2072923,user09
3468660,user08
3468660,user10
613842,user09
613842,user11
3605338,user10
3605338,user12
440068,user11
440068,user13
3123113,user12
3123113,user14
49403,user13
49403,user15
3903610,user14
3903610,user16
1961700,user15
1961700,user17
3812699,user16
3812699,user18
2172062,user17
2172062,user19
2747607,user18
2747607,user20
1878661,user19
1878661,user21
190180,user20
190180,user01
4022110,user21
4022110,user02
1449911,user01
1449911,user05
675974,user02
675974,user06
4315316,user03
4315316,user07
2590001,user04
2590001,user08
2295435,user05
2295435,user09
1257944,user06
1257944,user10
2791944,user07
2791944,user11
1037689,user08
1037689,user12
475958,user09
475958,user13
4076082,user10
4076082,user14
1987314,user11
1987314,user15
4200275,user12
4200275,user16
7046,user13
7046,user17
3365637,user14
3365637,user18
3938157,user15
3938157,user19
3941094,user16
3941094,user20
3464154,user17
3464154,user21
1847194,user18
1847194,user01
2852711,user19
2852711,user02
476767,user20
476767,user03
94237,user21
94237,user04
2163741,user01
2163741,user06
4107824,user02
4107824,user07
722423,user03
722423,user08
1285696,user04
1285696,user09
2109249,user05
2109249,user10
973913,user06
973913,user11
2600834,user07
2600834,user12
3170327,user08
3170327,user13
1925518,user09
1925518,user14
2440085,user10
2440085,user15
4481063,user11
4481063,user16
3360879,user12
3360879,user17
1597053,user13
1597053,user18
3025491,user14
3025491,user19
1535863,user15
1535863,user20
1002981,user16
1002981,user21
4370033,user17
4370033,user01
36807,user18
36807,user02
1457365,user19
1457365,user03
2969604,user20
2969604,user04
412566,user21
412566,user05
3904303,user01
3904303,user09
1651762,user02
1651762,user10
1467928,user03
1467928,user11
2446256,user04
2446256,user12
2380552,user05
2380552,user13
2104412,user06
2104412,user14
4092681,user07
4092681,user15
2721386,user08
2721386,user16
1145792,user09
1145792,user17
4069834,user10
4069834,user18
237311,user11
237311,user19
3613524,user12
3613524,user20
2642042,user13
2642042,user21
3861869,user14
3861869,user01
4501406,user15
4501406,user02
3064496,user16
3064496,user03
4129454,user17
4129454,user04
1411171,user18
1411171,user05
1711391,user19
1711391,user06
2182070,user20
2182070,user07
3989756,user21
3989756,user08
1336962,user01
1336962,user11
4462060,user02
4462060,user12
2192849,user03
2192849,user13
2784175,user04
2784175,user14
2968183,user05
2968183,user15
125803,user06
125803,user16
913794,user07
913794,user17
721131,user08
721131,user18
2810697,user09
2810697,user19
1893147,user10
1893147,user20
2477746,user11
2477746,user21
1092944,user12
1092944,user01
1281485,user13
1281485,user02
51304,user14
51304,user03
190306,user15
190306,user04
1379799,user16
1379799,user05
2676258,user17
2676258,user06
1190446,user18
1190446,user07
3464244,user19
3464244,user08
3615937,user20
3615937,user09
3070898,user21
3070898,user10
473575,user01
473575,user02
1321718,user02
1321718,user03
774433,user03
774433,user04
1917916,user04
1917916,user05
829588,user05
829588,user06
3035289,user06
3035289,user07
3877903,user07
3877903,user08
252065,user08
252065,user09
1884185,user09
1884185,user10
2691122,user10
2691122,user11
2377902,user11
2377902,user12
2618355,user12
2618355,user13
382574,user13
382574,user14
3384216,user14
3384216,user15
3093561,user15
3093561,user16
1347559,user16
1347559,user17
326257,user17
326257,user18
2776535,user18
2776535,user19
1413958,user19
1413958,user20
2260005,user20
2260005,user21
1762094,user21
1762094,user01
111606,user01
111606,user03
512255,user02
512255,user04
1391001,user03
1391001,user05
580421,user04
580421,user06
3894059,user05
3894059,user07
830466,user06
830466,user08
1334157,user07
1334157,user09
2730130,user08
2730130,user10
2769316,user09
2769316,user11
1849143,user10
1849143,user12
2620264,user11
2620264,user13
811440,user12
811440,user14
49295,user13
49295,user15
3816656,user14
3816656,user16
4569935,user15
4569935,user17
3854130,user16
3854130,user18
2364115,user17
2364115,user19
522318,user18
522318,user20
802548,user19
802548,user21
3557196,user20
3557196,user01
3590674,user21
3590674,user02
4367578,user01
4367578,user05
250878,user02
250878,user06
4453363,user03
4453363,user07
3298822,user04
3298822,user08
4425220,user05
4425220,user09
504250,user06
504250,user10
2279587,user07
2279587,user11
4367804,user08
4367804,user12
1280267,user09
1280267,user13
268158,user10
268158,user14
1260331,user11
1260331,user15
4469245,user12
4469245,user16
3797322,user13
3797322,user17
1647144,user14
1647144,user18
332297,user15
332297,user19
3491430,user16
3491430,user20
3642467,user17
3642467,user21
1247189,user18
1247189,user01
3599391,user19
3599391,user02
260572,user20
260572,user03
2063843,user21
2063843,user04
1734268,user01
1734268,user06
2822164,user02
2822164,user07
751394,user03
751394,user08
1021913,user04
1021913,user09
2693388,user05
2693388,user10
4088047,user06
4088047,user11
1643016,user07
1643016,user12
404361,user08
404361,user13
1436673,user09
1436673,user14
738803,user10
738803,user15
3882351,user11
3882351,user16
3931943,user12
3931943,user17
665099,user13
665099,user18
3482824,user14
3482824,user19
924215,user15
924215,user20
4533357,user16
4533357,user21
4402668,user17
4402668,user01
3599294,user18
3599294,user02
4161035,user19
4161035,user03
2636892,user20
2636892,user04
3873107,user21
3873107,user05
3388071,user01
3388071,user09
1505730,user02
1505730,user10
3992698,user03
3992698,user11
2090346,user04
2090346,user12
4103708,user05
4103708,user13
159219,user06
159219,user14
1116060,user07
1116060,user15
652768,user08
652768,user16
58351,user09
58351,user17
4437193,user10
4437193,user18
3146744,user11
3146744,user19
70253,user12
70253,user20
4315985,user13
4315985,user21
2474145,user14
2474145,user01
877887,user15
877887,user02
3652149,user16
3652149,user03
3929030,user17
3929030,user04
1896857,user18
1896857,user05
2200451,user19
2200451,user06
3049062,user20
3049062,user07
2049978,user21
2049978,user08
606959,user01
606959,user11
1683462,user02
1683462,user12
4011529,user03
4011529,user13
50688,user04
50688,user14
2786723,user05
2786723,user15
3986940,user06
3986940,user16
3180427,user07
3180427,user17
3473010,user08
3473010,user18
2631480,user09
2631480,user19
1265530,user10
1265530,user20
493430,user11
493430,user21
2046464,user12
2046464,user01
4286502,user13
4286502,user02
4118621,user14
4118621,user03
249570,user15
249570,user04
4504404,user16
4504404,user05
1547976,user17
1547976,user06
2066640,user18
2066640,user07
1332715,user19
1332715,user08
4247769,user20
4247769,user09
3240297,user21
3240297,user10
4386978,user01
4386978,user02
1038474,user02
1038474,user03
1578871,user03
1578871,user04
3557713,user04
3557713,user05
104342,user05
104342,user06
3981904,user06
3981904,user07
4477812,user07
4477812,user08
4400543,user08
4400543,user09
3212078,user09
3212078,user10
3215032,user10
3215032,user11
2057735,user11
2057735,user12
3511697,user12
3511697,user13
405103,user13
405103,user14
3496942,user14
3496942,user15
1435330,user15
1435330,user16
2298936,user16
2298936,user17
4253485,user17
4253485,user18
4069108,user18
4069108,user19
2260006,user19
2260006,user20
4409833,user20
4409833,user21
3059748,user21
3059748,user01
2097475,user01
2097475,user03
556306,user02
556306,user04
4111260,user03
4111260,user05
1111529,user04
1111529,user06
413478,user05
413478,user07
4130329,user06
4130329,user08
2321977,user07
2321977,user09
3677648,user08
3677648,user10
3325833,user09
3325833,user11
3514110,user10
3514110,user12
728910,user11
728910,user13
3385973,user12
3385973,user14
1104680,user13
1104680,user15
3478951,user14
3478951,user16
2308140,user15
2308140,user17
811759,user16
811759,user18
3894927,user17
3894927,user19
2273484,user18
2273484,user20
38390,user19
38390,user21
3021118,user20
3021118,user01
84325,user21
84325,user02
348141,user01
348141,user05
4294678,user02
4294678,user06
3974766,user03
3974766,user07
3486299,user04
3486299,user08
612563,user05
612563,user09
2028222,user06
2028222,user10
641515,user07
641515,user11
4250784,user08
4250784,user12
173844,user09
173844,user13
1670497,user10
1670497,user14
474577,user11
474577,user15
473025,user12
473025,user16
422227,user13
422227,user17
2030803,user14
2030803,user18
1194386,user15
1194386,user19
3976055,user16
3976055,user20
2511853,user17
2511853,user21
788844,user18
788844,user01
3745995,user19
3745995,user02
2204397,user20
2204397,user03
535589,user21
535589,user04
1820099,user01
1820099,user06
3763601,user02
3763601,user07
925749,user03
925749,user08
3707990,user04
3707990,user09
2330794,user05
2330794,user10
3633498,user06
3633498,user11
2744710,user07
2744710,user12
162485,user08
162485,user13
418967,user09
418967,user14
3913646,user10
3913646,user15
386468,user11
386468,user16
2507646,user12
2507646,user17
1106518,user13
1106518,user18
5432,user14
5432,user19
437649,user15
437649,user20
3835437,user16
3835437,user21
281462,user17
281462,user01
4534034,user18
4534034,user02
4443629,user19
4443629,user03
4129897,user20
4129897,user04
3805707,user21
3805707,user05
1607447,user01
1607447,user09
3371735,user02
3371735,user10
2083178,user03
2083178,user11
233009,user04
233009,user12
820762,user05
820762,user13
3512313,user06
3512313,user14
3581876,user07
3581876,user15
1956151,user08
1956151,user16
401059,user09
401059,user17
1748563,user10
1748563,user18
1885029,user11
1885029,user19
3544854,user12
3544854,user20
431618,user13
431618,user21
1421755,user14
1421755,user01
779475,user15
779475,user02
1580412,user16
1580412,user03
3515129,user17
3515129,user04
4161360,user18
4161360,user05
3692566,user19
3692566,user06
1012235,user20
1012235,user07
2249395,user21
2249395,user08
3054,user01
3054,user11
2383918,user02
2383918,user12
2314840,user03
2314840,user13
973283,user04
973283,user14
563467,user05
563467,user15
4438262,user06
4438262,user16
1002923,user07
1002923,user17
3373015,user08
3373015,user18
468168,user09
468168,user19
204690,user10
204690,user20
221755,user11
221755,user21
3650260,user12
3650260,user01
1820106,user13
1820106,user02
2556423,user14
2556423,user03
3034317,user15
3034317,user04
599847,user16
599847,user05
218749,user17
218749,user06
2907027,user18
2907027,user07
1777076,user19
1777076,user08
1479273,user20
1479273,user09
1717624,user21
1717624,user10
1388675,user01
1388675,user02
2614052,user02
2614052,user03
4119772,user03
4119772,user04
2260493,user04
2260493,user05
1120730,user05
1120730,user06
2089515,user06
2089515,user07
2814359,user07
2814359,user08
323933,user08
323933,user09
442744,user09
442744,user10
3780534,user10
3780534,user11
3580978,user11
3580978,user12
3460075,user12
3460075,user13
2396524,user13
2396524,user14
431412,user14
431412,user15
12618,user15
12618,user16
3130842,user16
3130842,user17
1735560,user17
1735560,user18
2570033,user18
2570033,user19
2611575,user19
2611575,user20
2171428,user20
2171428,user21
3756565,user21
3756565,user01
2601764,user01
2601764,user03
2720517,user02
2720517,user04
2114323,user03
2114323,user05
431180,user04
431180,user06
3456153,user05
3456153,user07
377090,user06
377090,user08
2049906,user07
2049906,user09
1979310,user08
1979310,user10
2176515,user09
2176515,user11
3385638,user10
3385638,user12
1389840,user11
1389840,user13
3447148,user12
3447148,user14
3104350,user13
3104350,user15
675079,user14
675079,user16
4004329,user15
4004329,user17
2068720,user16
2068720,user18
3622259,user17
3622259,user19
3927435,user18
3927435,user20
2631649,user19
2631649,user21
2593016,user20
2593016,user01
695184,user21
695184,user02
1307710,user01
1307710,user05
611212,user02
611212,user06
3816444,user03
3816444,user07
580096,user04
580096,user08
3551743,user05
3551743,user09
3676612,user06
3676612,user10
279252,user07
279252,user11
2168357,user08
2168357,user12
627099,user09
627099,user13
437743,user10
437743,user14
3631392,user11
3631392,user15
2715310,user12
2715310,user16
1378661,user13
1378661,user17
4154320,user14
4154320,user18
1522174,user15
1522174,user19
1539730,user16
1539730,user20
3836080,user17
3836080,user21
1720236,user18
1720236,user01
839960,user19
839960,user02
2837996,user20
2837996,user03
3197877,user21
3197877,user04
1457407,user01
1457407,user06
2807972,user02
2807972,user07
1862573,user03
1862573,user08
3058845,user04
3058845,user09
279711,user05
279711,user10
1056413,user06
1056413,user11
1054964,user07
1054964,user12
658488,user08
658488,user13
3326050,user09
3326050,user14
822384,user10
822384,user15
2255619,user11
2255619,user16
3448263,user12
3448263,user17
3279795,user13
3279795,user18
3865489,user14
3865489,user19
1862454,user15
1862454,user20
3702583,user16
3702583,user21
3149760,user17
3149760,user01
1074283,user18
1074283,user02
1253371,user19
1253371,user03
4170105,user20
4170105,user04
2303108,user21
2303108,user05
413887,user01
413887,user09
1856168,user02
1856168,user10
1347055,user03
1347055,user11
4513840,user04
4513840,user12
120153,user05
120153,user13
1557061,user06
1557061,user14
4232675,user07
4232675,user15
4180657,user08
4180657,user16
472989,user09
472989,user17
1858846,user10
1858846,user18
1123529,user11
1123529,user19
2895902,user12
2895902,user20
2315435,user13
2315435,user21
3888003,user14
3888003,user01
175012,user15
175012,user02
2857148,user16
2857148,user03
1908601,user17
1908601,user04
2859987,user18
2859987,user05
1382170,user19
1382170,user06
3953823,user20
3953823,user07
4163001,user21
4163001,user08
494723,user01
494723,user11
4436692,user02
4436692,user12
2930187,user03
2930187,user13
1298914,user04
1298914,user14
3032564,user05
3032564,user15
2388647,user06
2388647,user16
839302,user07
839302,user17
1519067,user08
1519067,user18
3679984,user09
3679984,user19
1854847,user10
1854847,user20
1426617,user11
1426617,user21
121012,user12
121012,user01
1537513,user13
1537513,user02
2725086,user14
2725086,user03
116484,user15
116484,user04
3032174,user16
3032174,user05
4077437,user17
4077437,user06
833956,user18
833956,user07
2575145,user19
2575145,user08
4409892,user20
4409892,user09
3863297,user21
3863297,user10
4313583,user01
4313583,user02
1676305,user02
1676305,user03
3669271,user03
3669271,user04
3998010,user04
3998010,user05
2615270,user05
2615270,user06
3533322,user06
3533322,user07
4163163,user07
4163163,user08
3013327,user08
3013327,user09
2034127,user09
2034127,user10
973404,user10
973404,user11
1418997,user11
1418997,user12
2829708,user12
2829708,user13
40585,user13
40585,user14
1882021,user14
1882021,user15
1978063,user15
1978063,user16
3344923,user16
3344923,user17
2356768,user17
2356768,user18
1677195,user18
1677195,user19
940994,user19
940994,user20
663975,user20
663975,user21
1519699,user21
1519699,user01
1351317,user01
1351317,user03
829577,user02
829577,user04
2983552,user03
2983552,user05
879279,user04
879279,user06
3499138,user05
3499138,user07
3947902,user06
3947902,user08
2832288,user07
2832288,user09
3461580,user08
3461580,user10
3880909,user09
3880909,user11
4046981,user10
4046981,user12
2209941,user11
2209941,user13
2032030,user12
2032030,user14
933140,user13
933140,user15
647714,user14
647714,user16
4202296,user15
4202296,user17
2190991,user16
2190991,user18
2054784,user17
2054784,user19
2691123,user18
2691123,user20
667957,user19
667957,user21
119693,user20
119693,user01
4438837,user21
4438837,user02
928614,user01
928614,user05
507877,user02
507877,user06
1912923,user03
1912923,user07
2564793,user04
2564793,user08
511945,user05
511945,user09
1668756,user06
1668756,user10
4279368,user07
4279368,user11
3611758,user08
3611758,user12
4488011,user09
4488011,user13
1286028,user10
1286028,user14
3307795,user11
3307795,user15
4319712,user12
4319712,user16
3846675,user13
3846675,user17
3613533,user14
3613533,user18
877801,user15
877801,user19
3331147,user16
3331147,user20
4011043,user17
4011043,user21
392124,user18
392124,user01
1671918,user19
1671918,user02
496775,user20
496775,user03
4068288,user21
4068288,user04
2068591,user01
2068591,user06
3096495,user02
3096495,user07
592961,user03
592961,user08
4022022,user04
4022022,user09
1670895,user05
1670895,user10
3477281,user06
3477281,user11
2785983,user07
2785983,user12
2577856,user08
2577856,user13
3607641,user09
3607641,user14
1346595,user10
1346595,user15
496100,user11
496100,user16
2390285,user12
2390285,user17
3302839,user13
3302839,user18
1731541,user14
1731541,user19
1898962,user15
1898962,user20
940414,user16
940414,user21
3990764,user17
3990764,user01
472493,user18
472493,user02
4449079,user19
4449079,user03
314863,user20
314863,user04
4484493,user21
4484493,user05
1439269,user01
1439269,user09
1039714,user02
1039714,user10
1112705,user03
1112705,user11
3841412,user04
3841412,user12
21106,user05
21106,user13
2056760,user06
2056760,user14
2260481,user07
2260481,user15
3170766,user08
3170766,user16
2350083,user09
2350083,user17
2363874,user10
2363874,user18
3304537,user11
3304537,user19
111560,user12
111560,user20
2076622,user13
2076622,user21
2265242,user14
2265242,user01
96910,user15
96910,user02
3482649,user16
3482649,user03
938150,user17
938150,user04
932414,user18
932414,user05
3395173,user19
3395173,user06
4566855,user20
4566855,user07
1217035,user21
1217035,user08
2417569,user01
2417569,user11
2231145,user02
2231145,user12
3010077,user03
3010077,user13
1751540,user04
1751540,user14
784864,user05
784864,user15
1342115,user06
1342115,user16
455703,user07
455703,user17
2721991,user08
2721991,user18
1278123,user09
1278123,user19
812024,user10
812024,user20
3623428,user11
3623428,user21
3323040,user12
3323040,user01
3508089,user13
3508089,user02
3979255,user14
3979255,user03
91491,user15
91491,user04
498591,user16
498591,user05
3865490,user17
3865490,user06
194792,user18
194792,user07
1569109,user19
1569109,user08
336417,user20
336417,user09
1708362,user21
1708362,user10
2364110,user01
2364110,user02
3774532,user02
3774532,user03
3897705,user03
3897705,user04
1557033,user04
1557033,user05
451857,user05
451857,user06
2503694,user06
2503694,user07
1855261,user07
1855261,user08
4325174,user08
4325174,user09
1813919,user09
1813919,user10
1056314,user10
1056314,user11
1337230,user11
1337230,user12
1812762,user12
1812762,user13
1661187,user13
1661187,user14
1855269,user14
1855269,user15
668890,user15
668890,user16
3932126,user16
3932126,user17
504322,user17
504322,user18
409137,user18
409137,user19
326502,user19
326502,user20
1547412,user20
1547412,user21
476852,user21
476852,user01
2541425,user01
2541425,user03
97350,user02
97350,user04
1830983,user03
1830983,user05
723811,user04
723811,user06
1764687,user05
1764687,user07
3714855,user06
3714855,user08
3151986,user07
3151986,user09
3474517,user08
3474517,user10
4123711,user09
4123711,user11
2064231,user10
2064231,user12
1974827,user11
1974827,user13
2332647,user12
2332647,user14
4128159,user13
4128159,user15
1738037,user14
1738037,user16
3040669,user15
3040669,user17
3119218,user16
3119218,user18
3002273,user17
3002273,user19
2738847,user18
2738847,user20
2690384,user19
2690384,user21
4468850,user20
4468850,user01
1333627,user21
1333627,user02
4116826,user01
4116826,user05
46498,user02
46498,user06
478292,user03
478292,user07
2261066,user04
2261066,user08
1752795,user05
1752795,user09
3054496,user06
3054496,user10
3504024,user07
3504024,user11
3624325,user08
3624325,user12
3498564,user09
3498564,user13
3021095,user10
3021095,user14
191204,user11
191204,user15
3301604,user12
3301604,user16
3504135,user13
3504135,user17
1102640,user14
1102640,user18
1870357,user15
1870357,user19
3582381,user16
3582381,user20
3556491,user17
3556491,user21
4300560,user18
4300560,user01
482857,user19
482857,user02
406974,user20
406974,user03
3473303,user21
3473303,user04
1882497,user01
1882497,user06
2829025,user02
2829025,user07
3818166,user03
3818166,user08
4180655,user04
4180655,user09
137350,user05
137350,user10
2864023,user06
2864023,user11
2191282,user07
2191282,user12
3731062,user08
3731062,user13
2659244,user09
2659244,user14
2814332,user10
2814332,user15
94194,user11
94194,user16
3132178,user12
3132178,user17
2523296,user13
2523296,user18
4129311,user14
4129311,user19
2349300,user15
2349300,user20
372752,user16
372752,user21
1988877,user17
1988877,user01
4023405,user18
4023405,user02
3879747,user19
3879747,user03
750280,user20
750280,user04
3557926,user21
3557926,user05
1314993,user01
1314993,user09
1268746,user02
1268746,user10
4347774,user03
4347774,user11
3453148,user04
3453148,user12
656277,user05
656277,user13
4112882,user06
4112882,user14
3613341,user07
3613341,user15
2153725,user08
2153725,user16
4052645,user09
4052645,user17
4480230,user10
4480230,user18
1534657,user11
1534657,user19
2299079,user12
2299079,user20
1073150,user13
1073150,user21
3856567,user14
3856567,user01
2415553,user15
2415553,user02
3921291,user16
3921291,user03
104768,user17
104768,user04
1627165,user18
1627165,user05
4166467,user19
4166467,user06
918545,user20
918545,user07
2886219,user21
2886219,user08
3170771,user01
3170771,user11
998964,user02
998964,user12
3025842,user03
3025842,user13
496063,user04
496063,user14
1895615,user05
1895615,user15
2068867,user06
2068867,user16
1452524,user07
1452524,user17
1986982,user08
1986982,user18
1731524,user09
1731524,user19
1269599,user10
1269599,user20
3087662,user11
3087662,user21
2586278,user12
2586278,user01
3451440,user13
3451440,user02
3757592,user14
3757592,user03
3957598,user15
3957598,user04
1535361,user16
1535361,user05
733600,user17
733600,user06
4428208,user18
4428208,user07
903463,user19
903463,user08
3764852,user20
3764852,user09
2522732,user21
2522732,user10
1005785,user01
1005785,user02
3761377,user02
3761377,user03
2725880,user03
2725880,user04
4129125,user04
4129125,user05
1570126,user05
1570126,user06
636230,user06
636230,user07
3184336,user07
3184336,user08
3520765,user08
3520765,user09
4415336,user09
4415336,user10
1761622,user10
1761622,user11
2309259,user11
2309259,user12
1746143,user12
1746143,user13
4483093,user13
4483093,user14
3351578,user14
3351578,user15
1754099,user15
1754099,user16
2078052,user16
2078052,user17
32825,user17
32825,user18
1600755,user18
1600755,user19
626616,user19
626616,user20
479570,user20
479570,user21
2393086,user21
2393086,user01
974332,user01
974332,user03
3327469,user02
3327469,user04
3180060,user03
3180060,user05
2617872,user04
2617872,user06
4347875,user05
4347875,user07
4216891,user06
4216891,user08
4286969,user07
4286969,user09
1311913,user08
1311913,user10
1886967,user09
1886967,user11
23564,user10
23564,user12
4313402,user11
4313402,user13
4243294,user12
4243294,user14
2201270,user13
2201270,user15
1433150,user14
1433150,user16
2280191,user15
2280191,user17
831846,user16
831846,user18
322760,user17
322760,user19
4114871,user18
4114871,user20
2599864,user19
2599864,user21
2307563,user20
2307563,user01
1573476,user21
1573476,user02
1391321,user01
1391321,user05
653467,user02
653467,user06
854724,user03
854724,user07
2013875,user04
2013875,user08
3672170,user05
3672170,user09
854732,user06
854732,user10
2756492,user07
2756492,user11
938758,user08
938758,user12
1270596,user09
1270596,user13
3009407,user10
3009407,user14
3909390,user11
3909390,user15
405923,user12
405923,user16
2052371,user13
2052371,user17
334001,user14
334001,user18
1478256,user15
1478256,user19
51397,user16
51397,user20
3375450,user17
3375450,user21
1725102,user18
1725102,user01
1757603,user19
1757603,user02
3198669,user20
3198669,user03
2181811,user21
2181811,user04
491276,user01
491276,user06
1867341,user02
1867341,user07
422359,user03
422359,user08
4370259,user04
4370259,user09
474962,user05
474962,user10
2144948,user06
2144948,user11
2705667,user07
2705667,user12
2981551,user08
2981551,user13
4377378,user09
4377378,user14
2346516,user10
2346516,user15
2263582,user11
2263582,user16
942769,user12
942769,user17
415413,user13
415413,user18
3676649,user14
3676649,user19
4483510,user15
4483510,user20
1397661,user16
1397661,user21
1882414,user17
1882414,user01
2329912,user18
2329912,user02
3553758,user19
3553758,user03
24518,user20
24518,user04
427794,user21
427794,user05
479100,user01
479100,user09
1885617,user02
1885617,user10
1213551,user03
1213551,user11
2059011,user04
2059011,user12
3980997,user05
3980997,user13
4480528,user06
4480528,user14
3458045,user07
3458045,user15
3869564,user08
3869564,user16
2009230,user09
2009230,user17
4342129,user10
4342129,user18
1382171,user11
1382171,user19
400528,user12
400528,user20
4273844,user13
4273844,user21
3873837,user14
3873837,user01
1293291,user15
1293291,user02
1547017,user16
1547017,user03
3340215,user17
3340215,user04
409005,user18
409005,user05
4425876,user19
4425876,user06
3562567,user20
3562567,user07
3145834,user21
3145834,user08
3633249,user01
3633249,user11
935686,user02
935686,user12
274875,user03
274875,user13
1981327,user04
1981327,user14
2969588,user05
2969588,user15
1872705,user06
1872705,user16
1189875,user07
1189875,user17
2585322,user08
2585322,user18
157984,user09
157984,user19
1419536,user10
1419536,user20
3458535,user11
3458535,user21
112929,user12
112929,user01
1732721,user13
1732721,user02
2083553,user14
2083553,user03
3187973,user15
3187973,user04
3304220,user16
3304220,user05
3230574,user17
3230574,user06
1795458,user18
1795458,user07
2468058,user19
2468058,user08
1218366,user20
1218366,user09
2295323,user21
2295323,user10
453924,user01
453924,user02
244441,user02
244441,user03
1841234,user03
1841234,user04
4003972,user04
4003972,user05
2635907,user05
2635907,user06
390940,user06
390940,user07
2684427,user07
2684427,user08
3702849,user08
3702849,user09
661486,user09
661486,user10
3981740,user10
3981740,user11
2033521,user11
2033521,user12
1752979,user12
1752979,user13
3909538,user13
3909538,user14
3623403,user14
3623403,user15
2057155,user15
2057155,user16
3034746,user16
3034746,user17
1264573,user17
1264573,user18
4160767,user18
4160767,user19
801134,user19
801134,user20
1566237,user20
1566237,user21
382345,user21
382345,user01
2091131,user01
2091131,user03
3873193,user02
3873193,user04
4046427,user03
4046427,user05
684186,user04
684186,user06
3146013,user05
3146013,user07
485337,user06
485337,user08
4136258,user07
4136258,user09
1676826,user08
1676826,user10
3522074,user09
3522074,user11
121061,user10
121061,user12
3557197,user11
3557197,user13
3023243,user12
3023243,user14
1610950,user13
1610950,user15
1452532,user14
1452532,user16
1138639,user15
1138639,user17
374217,user16
374217,user18
208833,user17
208833,user19
1409018,user18
1409018,user20
2497497,user19
2497497,user21
3035277,user20
3035277,user01
3733279,user21
3733279,user02
1089350,user01
1089350,user05
1202540,user02
1202540,user06
180950,user03
180950,user07
4163599,user04
4163599,user08
4190497,user05
4190497,user09
3033153,user06
3033153,user10
4241952,user07
4241952,user11
3498021,user08
3498021,user12
2276701,user09
2276701,user13
4447633,user10
4447633,user14
402107,user11
402107,user15
870256,user12
870256,user16
4486704,user13
4486704,user17
40345,user14
40345,user18
3466197,user15
3466197,user19
1088541,user16
1088541,user20
2501626,user17
2501626,user21
2968073,user18
2968073,user01
4122262,user19
4122262,user02
2005299,user20
2005299,user03
2134415,user21
2134415,user04
4486346,user01
4486346,user06
4157053,user02
4157053,user07
4005035,user03
4005035,user08
3539879,user04
3539879,user09
2806719,user05
2806719,user10
3663739,user06
3663739,user11
4375642,user07
4375642,user12
1173493,user08
1173493,user13
3237096,user09
3237096,user14
1273634,user10
1273634,user15
3030924,user11
3030924,user16
2402302,user12
2402302,user17
2140580,user13
2140580,user18
1968029,user14
1968029,user19
4210987,user15
4210987,user20
2083626,user16
2083626,user21
1377307,user17
1377307,user01
1868591,user18
1868591,user02
1619272,user19
1619272,user03
2782707,user20
2782707,user04
3350234,user21
3350234,user05
963684,user01
963684,user09
4123956,user02
4123956,user10
707716,user03
707716,user11
2778084,user04
2778084,user12
445389,user05
445389,user13
3622799,user06
3622799,user14
915064,user07
915064,user15
2261128,user08
2261128,user16
3615264,user09
3615264,user17
3784890,user10
3784890,user18
2642470,user11
2642470,user19
72086,user12
72086,user20
1509993,user13
1509993,user21
2819282,user14
2819282,user01
1426605,user15
1426605,user02
3897867,user16
3897867,user03
2790915,user17
2790915,user04
70961,user18
70961,user05
50183,user19
50183,user06
2167766,user20
2167766,user07
1677852,user21
1677852,user08
2806735,user01
2806735,user11
32205,user02
32205,user12
66172,user03
66172,user13
2568894,user04
2568894,user14
3559115,user05
3559115,user15
960146,user06
960146,user16
3327286,user07
3327286,user17
3595651,user08
3595651,user18
4373784,user09
4373784,user19
39487,user10
39487,user20
294664,user11
294664,user21
4263815,user12
4263815,user01
2382866,user13
2382866,user02
2654574,user14
2654574,user03
1123981,user15
1123981,user04
39475,user16
39475,user05
726064,user17
726064,user06
3851740,user18
3851740,user07
3846692,user19
3846692,user08
1214659,user20
1214659,user09
3401334,user21
3401334,user10
4209401,user01
4209401,user02
2169771,user02
2169771,user03
30893,user03
30893,user04
221973,user04
221973,user05
4441140,user05
4441140,user06
373199,user06
373199,user07
122576,user07
122576,user08
3853841,user08
3853841,user09
278446,user09
278446,user10
3487479,user10
3487479,user11
4376280,user11
4376280,user12
931094,user12
931094,user13
2571631,user13
2571631,user14
2901943,user14
2901943,user15
3891752,user15
3891752,user16
661487,user16
661487,user17
851182,user17
851182,user18
1865001,user18
1865001,user19
3946663,user19
3946663,user20
839359,user20
839359,user21
2414153,user21
2414153,user01
2585302,user01
2585302,user03
3980996,user02
3980996,user04
508080,user03
508080,user05
3903055,user04
3903055,user06
4096549,user05
4096549,user07
1329625,user06
1329625,user08
1775950,user07
1775950,user09
3669447,user08
3669447,user10
3544922,user09
3544922,user11
2949037,user10
2949037,user12
2629349,user11
2629349,user13
1289471,user12
1289471,user14
3057840,user13
3057840,user15
2007316,user14
2007316,user16
1206179,user15
1206179,user17
1746455,user16
1746455,user18
977234,user17
977234,user19
736736,user18
736736,user20
1546981,user19
1546981,user21
2188442,user20
2188442,user01
3890922,user21
3890922,user02
3112261,user01
3112261,user05
3135951,user02
3135951,user06
2972892,user03
2972892,user07
4188677,user04
4188677,user08
69531,user05
69531,user09
692327,user06
692327,user10
3576523,user07
3576523,user11
1137180,user08
1137180,user12
3019139,user09
3019139,user13
204328,user10
204328,user14
2175439,user11
2175439,user15
1666922,user12
1666922,user16
1943146,user13
1943146,user17
1021278,user14
1021278,user18
1712107,user15
1712107,user19
4108658,user16
4108658,user20
1257783,user17
1257783,user21
1263113,user18
1263113,user01
459762,user19
459762,user02
2453183,user20
2453183,user03
2625132,user21
2625132,user04
2708838,user01
2708838,user06
1882329,user02
1882329,user07
4180671,user03
4180671,user08
4571574,user04
4571574,user09
1882268,user05
1882268,user10
3511687,user06
3511687,user11
2813825,user07
2813825,user12
2454590,user08
2454590,user13
2013772,user09
2013772,user14
1473347,user10
1473347,user15
1715583,user11
1715583,user16
2966493,user12
2966493,user17
1261218,user13
1261218,user18
2475757,user14
2475757,user19
1033362,user15
1033362,user20
4163594,user16
4163594,user21
3226442,user17
3226442,user01
3764848,user18
3764848,user02
1270044,user19
1270044,user03
2522209,user20
2522209,user04
4065055,user21
4065055,user05
4010501,user01
4010501,user09
508649,user02
508649,user10
3987110,user03
3987110,user11
959303,user04
959303,user12
4020691,user05
4020691,user13
1263579,user06
1263579,user14
1592087,user07
1592087,user15
1756001,user08
1756001,user16
1065599,user09
1065599,user17
2523893,user10
2523893,user18
1118950,user11
1118950,user19
3006598,user12
3006598,user20
3610042,user13
3610042,user21
3907803,user14
3907803,user01
969205,user15
969205,user02
4108846,user16
4108846,user03
947257,user17
947257,user04
369060,user18
369060,user05
156243,user19
156243,user06
3222092,user20
3222092,user07
3229126,user21
3229126,user08
3613536,user01
3613536,user11
1989291,user02
1989291,user12
1388665,user03
1388665,user13
232558,user04
232558,user14
959811,user05
959811,user15
2098324,user06
2098324,user16
2819255,user07
2819255,user17
429673,user08
429673,user18
1945486,user09
1945486,user19
2350834,user10
2350834,user20
393080,user11
393080,user21
3503907,user12
3503907,user01
4209504,user13
4209504,user02
1021918,user14
1021918,user03
1321469,user15
1321469,user04
4112661,user16
4112661,user05
2054782,user17
2054782,user06
618213,user18
618213,user07
2792509,user19
2792509,user08
2995832,user20
2995832,user09
4239734,user21
4239734,user10
2171631,user01
2171631,user02
3018386,user02
3018386,user03
265475,user03
265475,user04
2429140,user04
2429140,user05
685140,user05
685140,user06
3853497,user06
3853497,user07
1571910,user07
1571910,user08
1163257,user08
1163257,user09
1265161,user09
1265161,user10
2538190,user10
2538190,user11
2835453,user11
2835453,user12
4528518,user12
4528518,user13
930089,user13
930089,user14
1987409,user14
1987409,user15
1566880,user15
1566880,user16
1971942,user16
1971942,user17
2146062,user17
2146062,user18
2183033,user18
2183033,user19
3771708,user19
3771708,user20
1708062,user20
1708062,user21
2778367,user21
2778367,user01
2017042,user01
2017042,user03
3610019,user02
3610019,user04
396609,user03
396609,user05
1826357,user04
1826357,user06
210748,user05
210748,user07
2617423,user06
2617423,user08
2988359,user07
2988359,user09
2235105,user08
2235105,user10
3628745,user09
3628745,user11
3372419,user10
3372419,user12
889317,user11
889317,user13
4436129,user12
4436129,user14
3170323,user13
3170323,user15
129896,user14
129896,user16
3867993,user15
3867993,user17
1427620,user16
1427620,user18
1570313,user17
1570313,user19
2174085,user18
2174085,user20
1136617,user19
1136617,user21
3551763,user20
3551763,user01
4137261,user21
4137261,user02
104027,user01
104027,user05
1579344,user02
1579344,user06
1253110,user03
1253110,user07
1712519,user04
1712519,user08
4283131,user05
4283131,user09
3204956,user06
3204956,user10
3104639,user07
3104639,user11
1708321,user08
1708321,user12
3088869,user09
3088869,user13
3938295,user10
3938295,user14
1236192,user11
1236192,user15
1522173,user12
1522173,user16
2646272,user13
2646272,user17
661493,user14
661493,user18
258673,user15
258673,user19
4065396,user16
4065396,user20
561291,user17
561291,user21
2569114,user18
2569114,user01
1236781,user19
1236781,user02
2302583,user20
2302583,user03
2111432,user21
2111432,user04
190670,user01
190670,user06
3984530,user02
3984530,user07
1283446,user03
1283446,user08
4288904,user04
4288904,user09
3832141,user05
3832141,user10
3611756,user06
3611756,user11
3204178,user07
3204178,user12
2334242,user08
2334242,user13
122561,user09
122561,user14
3180948,user10
3180948,user15
471833,user11
471833,user16
337879,user12
337879,user17
1041342,user13
1041342,user18
1264814,user14
1264814,user19
66163,user15
66163,user20
4118749,user16
4118749,user21
3312651,user17
3312651,user01
3799125,user18
3799125,user02
3560484,user19
3560484,user03
119978,user20
119978,user04
493446,user21
493446,user05
4117240,user01
4117240,user09
3911605,user02
3911605,user10
948098,user03
948098,user11
1432613,user04
1432613,user12
751365,user05
751365,user13
1844136,user06
1844136,user14
2413073,user07
2413073,user15
1295771,user08
1295771,user16
1202250,user09
1202250,user17
2005307,user10
2005307,user18
2804791,user11
2804791,user19
2217901,user12
2217901,user20
541846,user13
541846,user21
3888101,user14
3888101,user01
3613530,user15
3613530,user02
2429054,user16
2429054,user03
3511212,user17
3511212,user04
91686,user18
91686,user05
4075177,user19
4075177,user06
17578,user20
17578,user07
1142006,user21
1142006,user08
3923921,user01
3923921,user11
581445,user02
581445,user12
2788830,user03
2788830,user13
2071237,user04
2071237,user14
2830193,user05
2830193,user15
909534,user06
909534,user16
517925,user07
517925,user17
1850644,user08
1850644,user18
3539196,user09
3539196,user19
611753,user10
611753,user20
4017384,user11
4017384,user21
3565363,user12
3565363,user01
3650554,user13
3650554,user02
395132,user14
395132,user03
1983599,user15
1983599,user04
1991839,user16
1991839,user05
2344222,user17
2344222,user06
2027270,user18
2027270,user07
1976031,user19
1976031,user08
2199973,user20
2199973,user09
4208031,user21
4208031,user10
3930384,user01
3930384,user02
3478777,user02
3478777,user03
2831655,user03
2831655,user04
626500,user04
626500,user05
364751,user05
364751,user06
918620,user06
918620,user07
2148951,user07
2148951,user08
4519037,user08
4519037,user09
118113,user09
118113,user10
2479794,user10
2479794,user11
352362,user11
352362,user12
290735,user12
290735,user13
2850329,user13
2850329,user14
325753,user14
325753,user15
3810787,user15
3810787,user16
4361347,user16
4361347,user17
2213931,user17
2213931,user18
4257031,user18
4257031,user19
369298,user19
369298,user20
3108898,user20
3108898,user21
1121874,user21
1121874,user01
4551403,user01
4551403,user03
16025,user02
16025,user04
1320875,user03
1320875,user05
2079045,user04
2079045,user06
88671,user05
88671,user07
3902791,user06
3902791,user08
1628663,user07
1628663,user09
3613305,user08
3613305,user10
2422420,user09
2422420,user11
3006511,user10
3006511,user12
265575,user11
265575,user13
3026094,user12
3026094,user14
4300977,user13
4300977,user15
2180838,user14
2180838,user16
2710250,user15
2710250,user17
606862,user16
606862,user18
2369735,user17
2369735,user19
253215,user18
253215,user20
2331535,user19
2331535,user21
2685113,user20
2685113,user01
4231402,user21
4231402,user02
2576159,user01
2576159,user05
1010615,user02
1010615,user06
3882320,user03
3882320,user07
1038473,user04
1038473,user08
4168449,user05
4168449,user09
505287,user06
505287,user10
3574250,user07
3574250,user11
2752538,user08
2752538,user12
4569738,user09
4569738,user13
747778,user10
747778,user14
717572,user11
717572,user15
2825449,user12
2825449,user16
3066411,user13
3066411,user17
1011452,user14
1011452,user18
4294334,user15
4294334,user19
2912148,user16
2912148,user20
311541,user17
311541,user21
492810,user18
492810,user01
3026762,user19
3026762,user02
389289,user20
389289,user03
1582999,user21
1582999,user04
3835519,user01
3835519,user06
2786621,user02
2786621,user07
4188494,user03
4188494,user08
4217616,user04
4217616,user09
2592186,user05
2592186,user10
3190235,user06
3190235,user11
4066745,user07
4066745,user12
3636206,user08
3636206,user13
1295736,user09
1295736,user14
4109327,user10
4109327,user15
1122986,user11
1122986,user16
3580936,user12
3580936,user17
2834121,user13
2834121,user18
4079681,user14
4079681,user19
2473559,user15
2473559,user20
1560523,user16
1560523,user21
3820729,user17
3820729,user01
2181601,user18
2181601,user02
1972036,user19
1972036,user03
3235226,user20
3235226,user04
4011525,user21
4011525,user05
3887864,user01
3887864,user09
742168,user02
742168,user10
2517290,user03
2517290,user11
614148,user04
614148,user12
1125519,user05
1125519,user13
1134413,user06
1134413,user14
3310229,user07
3310229,user15
1913912,user08
1913912,user16
4199623,user09
4199623,user17
4193012,user10
4193012,user18
508659,user11
508659,user19
563791,user12
563791,user20
1653530,user13
1653530,user21
4125056,user14
4125056,user01
3835266,user15
3835266,user02
2643120,user16
2643120,user03
3675844,user17
3675844,user04
2135506,user18
2135506,user05
4300249,user19
4300249,user06
1618818,user20
1618818,user07
2448835,user21
2448835,user08
512936,user01
512936,user11
4377358,user02
4377358,user12
312685,user03
312685,user13
4539105,user04
4539105,user14
3734649,user05
3734649,user15
1882323,user06
1882323,user16
3539830,user07
3539830,user17
1344630,user08
1344630,user18
49414,user09
49414,user19
3066428,user10
3066428,user20
3902281,user11
3902281,user21
3560601,user12
3560601,user01
1580951,user13
1580951,user02
250860,user14
250860,user03
4403604,user15
4403604,user04
4062296,user16
4062296,user05
2335676,user17
2335676,user06
1243661,user18
1243661,user07
1440488,user19
1440488,user08
3772785,user20
3772785,user09
32828,user21
32828,user10
1297985,user01
1297985,user02
1720222,user02
1720222,user03
4208711,user03
4208711,user04
664912,user04
664912,user05
933157,user05
933157,user06
437754,user06
437754,user07
3602278,user07
3602278,user08
2104249,user08
2104249,user09
413481,user09
413481,user10
4411659,user10
4411659,user11
2720242,user11
2720242,user12
3570396,user12
3570396,user13
2136295,user13
2136295,user14
3476899,user14
3476899,user15
3284152,user15
3284152,user16
895785,user16
895785,user17
3485982,user17
3485982,user18
4079471,user18
4079471,user19
687578,user19
687578,user20
3041720,user20
3041720,user21
1546581,user21
1546581,user01
1774775,user01
1774775,user03
3967996,user02
3967996,user04
59269,user03
59269,user05
936932,user04
936932,user06
3885335,user05
3885335,user07
1329441,user06
1329441,user08
3509024,user07
3509024,user09
2400865,user08
2400865,user10
3938083,user09
3938083,user11
4250987,user10
4250987,user12
1750135,user11
1750135,user13
493249,user12
493249,user14
966414,user13
966414,user15
1416590,user14
1416590,user16
4188723,user15
4188723,user17
4273834,user16
4273834,user18
620735,user17
620735,user19
2606252,user18
2606252,user20
2777665,user19
2777665,user21
2860876,user20
2860876,user01
3485806,user21
3485806,user02
2372849,user01
2372849,user05
1487647,user02
1487647,user06
1762102,user03
1762102,user07
479898,user04
479898,user08
3221865,user05
3221865,user09
3042703,user06
3042703,user10
1563343,user07
1563343,user11
39827,user08
39827,user12
142460,user09
142460,user13
4569830,user10
4569830,user14
654523,user11
654523,user15
937874,user12
937874,user16
2616613,user13
2616613,user17
2084380,user14
2084380,user18
130278,user15
130278,user19
897680,user16
897680,user20
2190107,user17
2190107,user21
4435646,user18
4435646,user01
141517,user19
141517,user02
3902632,user20
3902632,user03
3979120,user21
3979120,user04
2817805,user01
2817805,user06
1009604,user02
1009604,user07
4170230,user03
4170230,user08
3529213,user04
3529213,user09
422242,user05
422242,user10
4123354,user06
4123354,user11
279028,user07
279028,user12
2186143,user08
2186143,user13
1493163,user09
1493163,user14
4414946,user10
4414946,user15
1513026,user11
1513026,user16
4073989,user12
4073989,user17
993794,user13
993794,user18
3516691,user14
3516691,user19
2511712,user15
2511712,user20
2500461,user16
2500461,user21
3532546,user17
3532546,user01
2142124,user18
2142124,user02
777534,user19
777534,user03
3911311,user20
3911311,user04
24512,user21
24512,user05
643975,user01
643975,user09
4127269,user02
4127269,user10
3642679,user03
3642679,user11
2090069,user04
2090069,user12
2481573,user05
2481573,user13
3883004,user06
3883004,user14
1749011,user07
1749011,user15
2172831,user08
2172831,user16
470046,user09
470046,user17
235243,user10
235243,user18
4429194,user11
4429194,user19
3471103,user12
3471103,user20
1940515,user13
1940515,user21
2797017,user14
2797017,user01
3603262,user15
3603262,user02
230539,user16
230539,user03
1269640,user17
1269640,user04
1544539,user18
1544539,user05
3145885,user19
3145885,user06
3984542,user20
3984542,user07
3321995,user21
3321995,user08
482809,user01
482809,user11
642996,user02
642996,user12
1412833,user03
1412833,user13
3771019,user04
3771019,user14
3016403,user05
3016403,user15
1410914,user06
1410914,user16
1345594,user07
1345594,user17
1010400,user08
1010400,user18
2794398,user09
2794398,user19
2522742,user10
2522742,user20
4438337,user11
4438337,user21
1325966,user12
1325966,user01
3552977,user13
3552977,user02
2320823,user14
2320823,user03
1847167,user15
1847167,user04
393074,user16
393074,user05
3877647,user17
3877647,user06
223161,user18
223161,user07
179329,user19
179329,user08
1527599,user20
1527599,user09
4538725,user21
4538725,user10
4438844,user01
4438844,user02
1343357,user02
1343357,user03
673844,user03
673844,user04
2006878,user04
2006878,user05
2860127,user05
2860127,user06
3622546,user06
3622546,user07
3067099,user07
3067099,user08
4451877,user08
4451877,user09
1516238,user09
1516238,user10
1420721,user10
1420721,user11
3896473,user11
3896473,user12
3011544,user12
3011544,user13
1856247,user13
1856247,user14
2525800,user14
2525800,user15
4487157,user15
4487157,user16
2576841,user16
2576841,user17
3841931,user17
3841931,user18
3711830,user18
3711830,user19
1057358,user19
1057358,user20
3841511,user20
3841511,user21
1519764,user21
1519764,user01
3586622,user01
3586622,user03
1556853,user02
1556853,user04
1160925,user03
1160925,user05
1563745,user04
1563745,user06
1954152,user05
1954152,user07
1444101,user06
1444101,user08
1293559,user07
1293559,user09
4446206,user08
4446206,user10
2547016,user09
2547016,user11
621173,user10
621173,user12
1355544,user11
1355544,user13
3737866,user12
3737866,user14
3491515,user13
3491515,user15
4230932,user14
4230932,user16
864956,user15
864956,user17
4129403,user16
4129403,user18
3621257,user17
3621257,user19
3949092,user18
3949092,user20
2895690,user19
2895690,user21
1803102,user20
1803102,user01
2812891,user21
2812891,user02
2407379,user01
2407379,user05
879251,user02
879251,user06
1674200,user03
1674200,user07
1988702,user04
1988702,user08
2780536,user05
2780536,user09
2517596,user06
2517596,user10
3565938,user07
3565938,user11
2260436,user08
2260436,user12
3568724,user09
3568724,user13
1057484,user10
1057484,user14
2738820,user11
2738820,user15
649222,user12
649222,user16
3845254,user13
3845254,user17
2788254,user14
2788254,user18
4545085,user15
4545085,user19
3961491,user16
3961491,user20
2476885,user17
2476885,user21
3295375,user18
3295375,user01
4385810,user19
4385810,user02
769347,user20
769347,user03
2165026,user21
2165026,user04
1027092,user01
1027092,user06
3715811,user02
3715811,user07
2171987,user03
2171987,user08
728919,user04
728919,user09
2192196,user05
2192196,user10
3396152,user06
3396152,user11
2313339,user07
2313339,user12
80603,user08
80603,user13
960156,user09
960156,user14
483680,user10
483680,user15
3810794,user11
3810794,user16
3066406,user12
3066406,user17
117651,user13
117651,user18
1269566,user14
1269566,user19
3640127,user15
3640127,user20
704699,user16
704699,user21
4569473,user17
4569473,user01
2320888,user18
2320888,user02
1026316,user19
1026316,user03
4479782,user20
4479782,user04
3389893,user21
3389893,user05
2777185,user01
2777185,user09
865846,user02
865846,user10
2528037,user03
2528037,user11
4266613,user04
4266613,user12
2020277,user05
2020277,user13
3894929,user06
3894929,user14
3487566,user07
3487566,user15
3104923,user08
3104923,user16
3108939,user09
3108939,user17
4452462,user10
4452462,user18
4172156,user11
4172156,user19
3548844,user12
3548844,user20
1362786,user13
1362786,user21
2492796,user14
2492796,user01
3197890,user15
3197890,user02
4467978,user16
4467978,user03
3390587,user17
3390587,user04
3684903,user18
3684903,user05
3912421,user19
3912421,user06
4230766,user20
4230766,user07
1627735,user21
1627735,user08
3135658,user01
3135658,user11
2184531,user02
2184531,user12
483429,user03
483429,user13
3614322,user04
3614322,user14
1752251,user05
1752251,user15
1925998,user06
1925998,user16
70235,user07
70235,user17
2495529,user08
2495529,user18
1566819,user09
1566819,user19
3020392,user10
3020392,user20
3858079,user11
3858079,user21
2581810,user12
2581810,user01
2808188,user13
2808188,user02
2680718,user14
2680718,user03
2664240,user15
2664240,user04
2263573,user16
2263573,user05
3180047,user17
3180047,user06
1566231,user18
1566231,user07
3979709,user19
3979709,user08
3327285,user20
3327285,user09
2069186,user21
2069186,user10
3531956,user01
3531956,user02
1707047,user02
1707047,user03
3302052,user03
3302052,user04
1738665,user04
1738665,user05
606607,user05
606607,user06
2720444,user06
2720444,user07
3389887,user07
3389887,user08
708279,user08
708279,user09
2385202,user09
2385202,user10
2744360,user10
2744360,user11
2486362,user11
2486362,user12
4548089,user12
4548089,user13
3877221,user13
3877221,user14
640330,user14
640330,user15
153291,user15
153291,user16
4130223,user16
4130223,user17
1721003,user17
1721003,user18
2634052,user18
2634052,user19
2106674,user19
2106674,user20
2677949,user20
2677949,user21
4415332,user21
4415332,user01
991772,user01
991772,user03
684541,user02
684541,user04
4067119,user03
4067119,user05
1898224,user04
1898224,user06
2998078,user05
2998078,user07
1785168,user06
1785168,user08
4217607,user07
4217607,user09
1968485,user08
1968485,user10
2072827,user09
2072827,user11
4482109,user10
4482109,user12
592299,user11
592299,user13
518498,user12
518498,user14
3287578,user13
3287578,user15
3637040,user14
3637040,user16
1254797,user15
1254797,user17
1448101,user16
1448101,user18
2938534,user17
2938534,user19
4116016,user18
4116016,user20
2352046,user19
2352046,user21
2646820,user20
2646820,user01
2048782,user21
2048782,user02
400099,user01
400099,user05
1802789,user02
1802789,user06
3617726,user03
3617726,user07
1890316,user04
1890316,user08
971352,user05
971352,user09
3013800,user06
3013800,user10
3060538,user07
3060538,user11
231125,user08
231125,user12
2103485,user09
2103485,user13
197660,user10
197660,user14
1901518,user11
1901518,user15
2116956,user12
2116956,user16
4113632,user13
4113632,user17
677330,user14
677330,user18
3922557,user15
3922557,user19
3626849,user16
3626849,user20
617758,user17
617758,user21
2262825,user18
2262825,user01
479904,user19
479904,user02
37418,user20
37418,user03
2825630,user21
2825630,user04
2814252,user01
2814252,user06
2472164,user02
2472164,user07
3613288,user03
3613288,user08
3541847,user04
3541847,user09
3202573,user05
3202573,user10
2614954,user06
2614954,user11
1457644,user07
1457644,user12
502790,user08
502790,user13
222415,user09
222415,user14
1865582,user10
1865582,user15
3135356,user11
3135356,user16
80941,user12
80941,user17
1264842,user13
1264842,user18
3734873,user14
3734873,user19
2652433,user15
2652433,user20
2072339,user16
2072339,user21
424605,user17
424605,user01
93064,user18
93064,user02
2625387,user19
2625387,user03
1631246,user20
1631246,user04
2627083,user21
2627083,user05
2458022,user01
2458022,user09
2719245,user02
2719245,user10
2626751,user03
2626751,user11
781202,user04
781202,user12
4390594,user05
4390594,user13
958834,user06
958834,user14
1666030,user07
1666030,user15
3894347,user08
3894347,user16
3105442,user09
3105442,user17
1736875,user10
1736875,user18
782609,user11
782609,user19
1299761,user12
1299761,user20
2190878,user13
2190878,user21
3319114,user14
3319114,user01
2036185,user15
2036185,user02
1526001,user16
1526001,user03
230140,user17
230140,user04
448364,user18
448364,user05
666057,user19
666057,user06
3993581,user20
3993581,user07
2350344,user21
2350344,user08
1379096,user01
1379096,user11
553596,user02
553596,user12
2456299,user03
2456299,user13
1268038,user04
1268038,user14
1708630,user05
1708630,user15
478674,user06
478674,user16
4386562,user07
4386562,user17
2719489,user08
2719489,user18
563620,user09
563620,user19
4102890,user10
4102890,user20
600118,user11
600118,user21
328785,user12
328785,user01
1831937,user13
1831937,user02
3953014,user14
3953014,user03
1709718,user15
1709718,user04
2506879,user16
2506879,user05
1663852,user17
1663852,user06
683204,user18
683204,user07
3167536,user19
3167536,user08
4161430,user20
4161430,user09
1028869,user21
1028869,user10
2441877,user01
2441877,user02
2099715,user02
2099715,user03
2181165,user03
2181165,user04
2305189,user04
2305189,user05
777616,user05
777616,user06
285184,user06
285184,user07
3694954,user07
3694954,user08
369293,user08
369293,user09
3532887,user09
3532887,user10
1555324,user10
1555324,user11
3187827,user11
3187827,user12
3670355,user12
3670355,user13
4310455,user13
4310455,user14
4296802,user14
4296802,user15
4570063,user15
4570063,user16
2542851,user16
2542851,user17
964097,user17
964097,user18
3487935,user18
3487935,user19
1523804,user19
1523804,user20
3563447,user20
3563447,user21
3381277,user21
3381277,user01
2626718,user01
2626718,user03
114638,user02
114638,user04
3477254,user03
3477254,user05
4563309,user04
4563309,user06
4441785,user05
4441785,user07
3065898,user06
3065898,user08
4120812,user07
4120812,user09
1084181,user08
1084181,user10
3522123,user09
3522123,user11
1357975,user10
1357975,user12
3095237,user11
3095237,user13
4127692,user12
4127692,user14
3486127,user13
3486127,user15
4571571,user14
4571571,user16
1889979,user15
1889979,user17
109579,user16
109579,user18
170310,user17
170310,user19
3024107,user18
3024107,user20
1776828,user19
1776828,user21
3230572,user20
3230572,user01
3892664,user21
3892664,user02
3369303,user01
3369303,user05
3558302,user02
3558302,user06
868360,user03
868360,user07
750557,user04
750557,user08
3121520,user05
3121520,user09
3170333,user06
3170333,user10
840662,user07
840662,user11
4161652,user08
4161652,user12
2643122,user09
2643122,user13
3127581,user10
3127581,user14
2813107,user11
2813107,user15
3306998,user12
3306998,user16
4524125,user13
4524125,user17
1862146,user14
1862146,user18
567714,user15
567714,user19
1424908,user16
1424908,user20
1539111,user17
1539111,user21
3460584,user18
3460584,user01
977620,user19
977620,user02
1309401,user20
1309401,user03
393068,user21
393068,user04
1481473,user01
1481473,user06
2742033,user02
2742033,user07
1842347,user03
1842347,user08
1166247,user04
1166247,user09
3859800,user05
3859800,user10
1717601,user06
1717601,user11
795220,user07
795220,user12
3892251,user08
3892251,user13
1783779,user09
1783779,user14
740397,user10
740397,user15
2732340,user11
2732340,user16
563465,user12
563465,user17
251957,user13
251957,user18
3862342,user14
3862342,user19
2267637,user15
2267637,user20
594466,user16
594466,user21
4121827,user17
4121827,user01
925610,user18
925610,user02
3149424,user19
3149424,user03
3479345,user20
3479345,user04
2959561,user21
2959561,user05
4163341,user01
4163341,user09
587227,user02
587227,user10
1826990,user03
1826990,user11
2731301,user04
2731301,user12
3635052,user05
3635052,user13
2451121,user06
2451121,user14
2350841,user07
2350841,user15
4522237,user08
4522237,user16
3490026,user09
3490026,user17
1689444,user10
1689444,user18
567940,user11
567940,user19
371372,user12
371372,user20
3079307,user13
3079307,user21
2155065,user14
2155065,user01
4123667,user15
4123667,user02
245640,user16
245640,user03
2780720,user17
2780720,user04
2520028,user18
2520028,user05
3886755,user19
3886755,user06
3882325,user20
3882325,user07
535482,user21
535482,user08
3259935,user01
3259935,user11
331288,user02
331288,user12
411065,user03
411065,user13
3297443,user04
3297443,user14
597322,user05
597322,user15
3572493,user06
3572493,user16
4280278,user07
4280278,user17
2674986,user08
2674986,user18
1929591,user09
1929591,user19
3066042,user10
3066042,user20
2979154,user11
2979154,user21
2073385,user12
2073385,user01
126081,user13
126081,user02
2608070,user14
2608070,user03
4209568,user15
4209568,user04
3533492,user16
3533492,user05
653519,user17
653519,user06
4205140,user18
4205140,user07
1005812,user19
1005812,user08
2971864,user20
2971864,user09
2585364,user21
2585364,user10
2675888,user01
2675888,user02
1888143,user02
1888143,user03
4213609,user03
4213609,user04
884988,user04
884988,user05
3470639,user05
3470639,user06
3809355,user06
3809355,user07
4376806,user07
4376806,user08
2184733,user08
2184733,user09
775247,user09
775247,user10
1567507,user10
1567507,user11
1527598,user11
1527598,user12
2857341,user12
2857341,user13
2939140,user13
2939140,user14
330040,user14
330040,user15
3861215,user15
3861215,user16
1850242,user16
1850242,user17
3598173,user17
3598173,user18
1710928,user18
1710928,user19
3646993,user19
3646993,user20
4346830,user20
4346830,user21
418378,user21
418378,user01
2330863,user01
2330863,user03
3876271,user02
3876271,user04
877817,user03
877817,user05
2363155,user04
2363155,user06
1987693,user05
1987693,user07
2633858,user06
2633858,user08
553620,user07
553620,user09
1001707,user08
1001707,user10
2587193,user09
2587193,user11
1101811,user10
1101811,user12
1493380,user11
1493380,user13
3296774,user12
3296774,user14
1111394,user13
1111394,user15
2334021,user14
2334021,user16
3836058,user15
3836058,user17
1339832,user16
1339832,user18
4146161,user17
4146161,user19
1345693,user18
1345693,user20
511361,user19
511361,user21
251137,user20
251137,user01
2050101,user21
2050101,user02
2731536,user01
2731536,user05
2627471,user02
2627471,user06
936718,user03
936718,user07
3960002,user04
3960002,user08
102294,user05
102294,user09
1507654,user06
1507654,user10
1307704,user07
1307704,user11
1441960,user08
1441960,user12
3514461,user09
3514461,user13
1676582,user10
1676582,user14
2090387,user11
2090387,user15
1909628,user12
1909628,user16
2790983,user13
2790983,user17
645868,user14
645868,user18
3071901,user15
3071901,user19
381853,user16
381853,user20
3561234,user17
3561234,user21
2324716,user18
2324716,user01
1958055,user19
1958055,user02
1945414,user20
1945414,user03
2350840,user21
2350840,user04
3629118,user01
3629118,user06
742517,user02
742517,user07
3229738,user03
3229738,user08
120804,user04
120804,user09
3038749,user05
3038749,user10
2028977,user06
2028977,user11
1889173,user07
1889173,user12
1904138,user08
1904138,user13
3498938,user09
3498938,user14
4160422,user10
4160422,user15
1246210,user11
1246210,user16
336853,user12
336853,user17
1291884,user13
1291884,user18
124066,user14
124066,user19
3647611,user15
3647611,user20
4166610,user16
4166610,user21
3626607,user17
3626607,user01
3245997,user18
3245997,user02
678363,user19
678363,user03
396203,user20
396203,user04
4206275,user21
4206275,user05
3631739,user01
3631739,user09
4022346,user02
4022346,user10
4261547,user03
4261547,user11
2709389,user04
2709389,user12
1891089,user05
1891089,user13
2140994,user06
2140994,user14
3469631,user07
3469631,user15
3609966,user08
3609966,user16
1888493,user09
1888493,user17
263308,user10
263308,user18
4210347,user11
4210347,user19
1167636,user12
1167636,user20
1426122,user13
1426122,user21
2282135,user14
2282135,user01
4443621,user15
4443621,user02
1865143,user16
1865143,user03
3919623,user17
3919623,user04
960176,user18
960176,user05
2337958,user19
2337958,user06
1864085,user20
1864085,user07
2324596,user21
2324596,user08
3710349,user01
3710349,user11
827380,user02
827380,user12
2229167,user03
2229167,user13
3883092,user04
3883092,user14
3221601,user05
3221601,user15
2869328,user06
2869328,user16
1615104,user07
1615104,user17
1548076,user08
1548076,user18
3562632,user09
3562632,user19
1738598,user10
1738598,user20
394360,user11
394360,user21
4471546,user12
4471546,user01
1713350,user13
1713350,user02
1543529,user14
1543529,user03
2884071,user15
2884071,user04
921368,user16
921368,user05
2363158,user17
2363158,user06
3221179,user18
3221179,user07
4569595,user19
4569595,user08
1034471,user20
1034471,user09
2218029,user21
2218029,user10
3921036,user01
3921036,user02
401827,user02
401827,user03
4261559,user03
4261559,user04
1374671,user04
1374671,user05
2744051,user05
2744051,user06
4234555,user06
4234555,user07
543886,user07
543886,user08
2626061,user08
2626061,user09
3732603,user09
3732603,user10
2618525,user10
2618525,user11
939966,user11
939966,user12
1784577,user12
1784577,user13
2049855,user13
2049855,user14
2306745,user14
2306745,user15
3996350,user15
3996350,user16
2101507,user16
2101507,user17
2294842,user17
2294842,user18
1923543,user18
1923543,user19
4248475,user19
4248475,user20
565174,user20
565174,user21
1419036,user21
1419036,user01
1753412,user01
1753412,user03
3550962,user02
3550962,user04
219105,user03
219105,user05
4164749,user04
4164749,user06
1877152,user05
1877152,user07
1499923,user06
1499923,user08
960793,user07
960793,user09
3504089,user08
3504089,user10
4056399,user09
4056399,user11
133419,user10
133419,user12
1317580,user11
1317580,user13
2486039,user12
2486039,user14
2859934,user13
2859934,user15
4373521,user14
4373521,user16
2090662,user15
2090662,user17
2720355,user16
2720355,user18
1645728,user17
1645728,user19
1680630,user18
1680630,user20
176443,user19
176443,user21
996674,user20
996674,user01
4210107,user21
4210107,user02
190150,user01
190150,user05
1006490,user02
1006490,user06
1542870,user03
1542870,user07
138454,user04
138454,user08
2391993,user05
2391993,user09
2438188,user06
2438188,user10
4527140,user07
4527140,user11
317353,user08
317353,user12
625515,user09
625515,user13
4354786,user10
4354786,user14
925948,user11
925948,user15
3442540,user12
3442540,user16
2518353,user13
2518353,user17
3761863,user14
3761863,user18
2959557,user15
2959557,user19
3667529,user16
3667529,user20
4548088,user17
4548088,user21
1035176,user18
1035176,user01
3490650,user19
3490650,user02
4365479,user20
4365479,user03
1255140,user21
1255140,user04
2890570,user01
2890570,user06
3957095,user02
3957095,user07
191953,user03
191953,user08
613759,user04
613759,user09
1754243,user05
1754243,user10
4076103,user06
4076103,user11
3958016,user07
3958016,user12
3130813,user08
3130813,user13
4128299,user09
4128299,user14
475679,user10
475679,user15
851195,user11
851195,user16
3555873,user12
3555873,user17
3946774,user13
3946774,user18
1265798,user14
1265798,user19
1830229,user15
1830229,user20
340544,user16
340544,user21
4207527,user17
4207527,user01
1877381,user18
1877381,user02
69690,user19
69690,user03
4011146,user20
4011146,user04
1319297,user21
1319297,user05
1968748,user01
1968748,user09
2050079,user02
2050079,user10
3462195,user03
3462195,user11
187996,user04
187996,user12
2470499,user05
2470499,user13
2062349,user06
2062349,user14
2567893,user07
2567893,user15
2979324,user08
2979324,user16
2664991,user09
2664991,user17
3396462,user10
3396462,user18
3919055,user11
3919055,user19
2864498,user12
2864498,user20
2781096,user13
2781096,user21
345260,user14
345260,user01
1885522,user15
1885522,user02
2774773,user16
2774773,user03
2214238,user17
2214238,user04
3599099,user18
3599099,user05
3581655,user19
3581655,user06
942363,user20
942363,user07
2184535,user21
2184535,user08
3062498,user01
3062498,user11
1264615,user02
1264615,user12
1865573,user03
1865573,user13
3312650,user04
3312650,user14
8110,user05
8110,user15
2259943,user06
2259943,user16
1534097,user07
1534097,user17
683159,user08
683159,user18
3885316,user09
3885316,user19
1268629,user10
1268629,user20
3080542,user11
3080542,user21
2720278,user12
2720278,user01
3443332,user13
3443332,user02
69787,user14
69787,user03
2820397,user15
2820397,user04
3197845,user16
3197845,user05
2632689,user17
2632689,user06
14630,user18
14630,user07
315714,user19
315714,user08
2385247,user20
2385247,user09
3361182,user21
3361182,user10
4214957,user01
4214957,user02
966971,user02
966971,user03
79636,user03
79636,user04
1260106,user04
1260106,user05
217693,user05
217693,user06
549029,user06
549029,user07
1573888,user07
1573888,user08
1256190,user08
1256190,user09
2890549,user09
2890549,user10
4150928,user10
4150928,user11
487163,user11
487163,user12
2211088,user12
2211088,user13
2785995,user13
2785995,user14
1545536,user14
1545536,user15
405953,user15
405953,user16
2921313,user16
2921313,user17
712393,user17
712393,user18
1115918,user18
1115918,user19
4538724,user19
4538724,user20
80606,user20
80606,user21
393534,user21
393534,user01
24899,user01
24899,user03
3319053,user02
3319053,user04
2345032,user03
2345032,user05
2465368,user04
2465368,user06
3843839,user05
3843839,user07
4495528,user06
4495528,user08
653443,user07
653443,user09
4452153,user08
4452153,user10
3770740,user09
3770740,user11
2481687,user10
2481687,user12
4445070,user11
4445070,user13
3331904,user12
3331904,user14
148650,user13
148650,user15
644375,user14
644375,user16
694188,user15
694188,user17
4210310,user16
4210310,user18
1763692,user17
1763692,user19
3515102,user18
3515102,user20
3877959,user19
3877959,user21
463630,user20
463630,user01
1707994,user21
1707994,user02
108235,user01
108235,user05
1157203,user02
1157203,user06
1978610,user03
1978610,user07
400186,user04
400186,user08
2047837,user05
2047837,user09
1244582,user06
1244582,user10
4117432,user07
4117432,user11
2641430,user08
2641430,user12
2083270,user09
2083270,user13
243052,user10
243052,user14
574657,user11
574657,user15
103729,user12
103729,user16
1860193,user13
1860193,user17
2357881,user14
2357881,user18
4379882,user15
4379882,user19
1139568,user16
1139568,user20
428040,user17
428040,user21
2296768,user18
2296768,user01
4452036,user19
4452036,user02
3106520,user20
3106520,user03
2710253,user21
2710253,user04
2349736,user01
2349736,user06
1416589,user02
1416589,user07
785430,user03
785430,user08
3896086,user04
3896086,user09
404790,user05
404790,user10
1490036,user06
1490036,user11
565820,user07
565820,user12
2721610,user08
2721610,user13
3868339,user09
3868339,user14
2047291,user10
2047291,user15
2979901,user11
2979901,user16
1945970,user12
1945970,user17
2530752,user13
2530752,user18
3485112,user14
3485112,user19
233139,user15
233139,user20
1308255,user16
1308255,user21
2805718,user17
2805718,user01
3228369,user18
3228369,user02
4262069,user19
4262069,user03
997901,user20
997901,user04
4380179,user21
4380179,user05
796371,user01
796371,user09
2192016,user02
2192016,user10
2784859,user03
2784859,user11
2644956,user04
2644956,user12
2024657,user05
2024657,user13
4159273,user06
4159273,user14
4133537,user07
4133537,user15
4123842,user08
4123842,user16
2626115,user09
2626115,user17
2310631,user10
2310631,user18
3061538,user11
3061538,user19
3627780,user12
3627780,user20
1918986,user13
1918986,user21
969274,user14
969274,user01
4482607,user15
4482607,user02
2465367,user16
2465367,user03
4190045,user17
4190045,user04
4325644,user18
4325644,user05
1639443,user19
1639443,user06
1261099,user20
1261099,user07
2814194,user21
2814194,user08
1235746,user01
1235746,user11
2349096,user02
2349096,user12
4185194,user03
4185194,user13
4013474,user04
4013474,user14
4046839,user05
4046839,user15
1489889,user06
1489889,user16
3281085,user07
3281085,user17
2325721,user08
2325721,user18
1256169,user09
1256169,user19
3889651,user10
3889651,user20
3622293,user11
3622293,user21
1893775,user12
1893775,user01
2166763,user13
2166763,user02
1318080,user14
1318080,user03
2297991,user15
2297991,user04
3894547,user16
3894547,user05
821119,user17
821119,user06
4332883,user18
4332883,user07
3370313,user19
3370313,user08
4127746,user20
4127746,user09
3734841,user21
3734841,user10
4453351,user01
4453351,user02
921746,user02
921746,user03
798768,user03
798768,user04
751294,user04
751294,user05
1988701,user05
1988701,user06
3201150,user06
3201150,user07
601050,user07
601050,user08
3336611,user08
3336611,user09
4119163,user09
4119163,user10
1774485,user10
1774485,user11
32167,user11
32167,user12
144397,user12
144397,user13
2782710,user13
2782710,user14
2102048,user14
2102048,user15
4472929,user15
4472929,user16
2842663,user16
2842663,user17
4127676,user17
4127676,user18
4121839,user18
4121839,user19
472093,user19
472093,user20
4207127,user20
4207127,user21
1548094,user21
1548094,user01
383299,user01
383299,user03
751362,user02
751362,user04
643988,user03
643988,user05
1177065,user04
1177065,user06
964062,user05
964062,user07
2562712,user06
2562712,user08
4118773,user07
4118773,user09
1800796,user08
1800796,user10
1110292,user09
1110292,user11
921144,user10
921144,user12
1636428,user11
1636428,user13
1890318,user12
1890318,user14
79628,user13
79628,user15
4560317,user14
4560317,user16
2674693,user15
2674693,user17
2212154,user16
2212154,user18
3606751,user17
3606751,user19
3501861,user18
3501861,user20
431800,user19
431800,user21
2782626,user20
2782626,user01
3672484,user21
3672484,user02
268155,user01
268155,user05
4440996,user02
4440996,user06
2166874,user03
2166874,user07
1666997,user04
1666997,user08
584952,user05
584952,user09
4363531,user06
4363531,user10
1741601,user07
1741601,user11
4210757,user08
4210757,user12
3492136,user09
3492136,user13
1988302,user10
1988302,user14
2951217,user11
2951217,user15
1640312,user12
1640312,user16
406559,user13
406559,user17
3858337,user14
3858337,user18
1824259,user15
1824259,user19
593640,user16
593640,user20
2067282,user17
2067282,user21
3565936,user18
3565936,user01
3791876,user19
3791876,user02
4400477,user20
4400477,user03
1647157,user21
1647157,user04
1860709,user01
1860709,user06
668062,user02
668062,user07
3574162,user03
3574162,user08
3134340,user04
3134340,user09
400171,user05
400171,user10
1756678,user06
1756678,user11
721208,user07
721208,user12
3221689,user08
3221689,user13
3554559,user09
3554559,user14
3903676,user10
3903676,user15
1312355,user11
1312355,user16
1483493,user12
1483493,user17
2049757,user13
2049757,user18
3628181,user14
3628181,user19
3001594,user15
3001594,user20
434025,user16
434025,user21
1746151,user17
1746151,user01
331378,user18
331378,user02
1760954,user19
1760954,user03
3505634,user20
3505634,user04
3405783,user21
3405783,user05
4209180,user01
4209180,user09
233530,user02
233530,user10
3204944,user03
3204944,user11
3628991,user04
3628991,user12
1781523,user05
1781523,user13
4143951,user06
4143951,user14
2148950,user07
2148950,user15
2050475,user08
2050475,user16
1375633,user09
1375633,user17
1966258,user10
1966258,user18
1893146,user11
1893146,user19
779319,user12
779319,user20
3278993,user13
3278993,user21
2766918,user14
2766918,user01
2776812,user15
2776812,user02
2304397,user16
2304397,user03
1759033,user17
1759033,user04
3853690,user18
3853690,user05
1297526,user19
1297526,user06
153889,user20
153889,user07
877807,user21
877807,user08
3501930,user01
3501930,user11
2647668,user02
2647668,user12
405234,user03
405234,user13
3877763,user04
3877763,user14
1819566,user05
1819566,user15
4477861,user06
4477861,user16
4348583,user07
4348583,user17
475355,user08
475355,user18
1883000,user09
1883000,user19
312220,user10
312220,user20
2801967,user11
2801967,user21
2636909,user12
2636909,user01
2497973,user13
2497973,user02
3229127,user14
3229127,user03
1715052,user15
1715052,user04
947264,user16
947264,user05
3526707,user17
3526707,user06
3064605,user18
3064605,user07
4336863,user19
4336863,user08
2350832,user20
2350832,user09
2411611,user21
2411611,user10
3979243,user01
3979243,user02
4210997,user02
4210997,user03
2979327,user03
2979327,user04
3117461,user04
3117461,user05
2426812,user05
2426812,user06
2039161,user06
2039161,user07
2659910,user07
2659910,user08
3181908,user08
3181908,user09
3312738,user09
3312738,user10
676360,user10
676360,user11
3496945,user11
3496945,user12
381472,user12
381472,user13
1512559,user13
1512559,user14
4086217,user14
4086217,user15
1928244,user15
1928244,user16
260676,user16
260676,user17
144090,user17
144090,user18
2362966,user18
2362966,user19
2416392,user19
2416392,user20
3110763,user20
3110763,user21
373045,user21
373045,user01
2664856,user01
2664856,user03
1864778,user02
1864778,user04
257349,user03
257349,user05
3168606,user04
3168606,user06
1426523,user05
1426523,user07
4229676,user06
4229676,user08
1586228,user07
1586228,user09
3442192,user08
3442192,user10
1712023,user09
1712023,user11
2463990,user10
2463990,user12
347810,user11
347810,user13
2306833,user12
2306833,user14
726063,user13
726063,user15
1682686,user14
1682686,user16
2459781,user15
2459781,user17
1719219,user16
1719219,user18
3369724,user17
3369724,user19
3460624,user18
3460624,user20
3490677,user19
3490677,user21
3029162,user20
3029162,user01
3642518,user21
3642518,user02
2347191,user01
2347191,user05
3112386,user02
3112386,user06
4093841,user03
4093841,user07
3025002,user04
3025002,user08
40867,user05
40867,user09
2440089,user06
2440089,user10
2608548,user07
2608548,user11
3385811,user08
3385811,user12
4131380,user09
4131380,user13
902078,user10
902078,user14
376302,user11
376302,user15
3547212,user12
3547212,user16
4090477,user13
4090477,user17
2096915,user14
2096915,user18
4119756,user15
4119756,user19
3221178,user16
3221178,user20
880821,user17
880821,user21
981649,user18
981649,user01
1324406,user19
1324406,user02
696504,user20
696504,user03
3542714,user21
3542714,user04
1248249,user01
1248249,user06
704078,user02
704078,user07
2908825,user03
2908825,user08
3499715,user04
3499715,user09
4391158,user05
4391158,user10
3922498,user06
3922498,user11
1863269,user07
1863269,user12
1858199,user08
1858199,user13
4151380,user09
4151380,user14
968866,user10
968866,user15
2682262,user11
2682262,user16
2794395,user12
2794395,user17
496287,user13
496287,user18
3452499,user14
3452499,user19
2685980,user15
2685980,user20
380577,user16
380577,user21
839292,user17
839292,user01
4161644,user18
4161644,user02
1756243,user19
1756243,user03
2181464,user20
2181464,user04
1788348,user21
1788348,user05
4004777,user01
4004777,user09
1647267,user02
1647267,user10
927959,user03
927959,user11
392867,user04
392867,user12
2776720,user05
2776720,user13
2102470,user06
2102470,user14
3152203,user07
3152203,user15
2290439,user08
2290439,user16
2175396,user09
2175396,user17
477924,user10
477924,user18
4502931,user11
4502931,user19
2294069,user12
2294069,user20
419511,user13
419511,user21
1888725,user14
1888725,user01
3707149,user15
3707149,user02
4455684,user16
4455684,user03
2410345,user17
2410345,user04
3337507,user18
3337507,user05
4262074,user19
4262074,user06
874670,user20
874670,user07
1727445,user21
1727445,user08
85294,user01
85294,user11
2130957,user02
2130957,user12
498647,user03
498647,user13
1523609,user04
1523609,user14
2189336,user05
2189336,user15
3481476,user06
3481476,user16
3861195,user07
3861195,user17
2128709,user08
2128709,user18
3067030,user09
3067030,user19
2259970,user10
2259970,user20
2486319,user11
2486319,user21
1668406,user12
1668406,user01
385875,user13
385875,user02
2346150,user14
2346150,user03
80367,user15
80367,user04
2292749,user16
2292749,user05
179733,user17
179733,user06
3990103,user18
3990103,user07
2084392,user19
2084392,user08
367007,user20
367007,user09
1867511,user21
1867511,user10
4301517,user01
4301517,user02
3598727,user02
3598727,user03
4462344,user03
4462344,user04
3006503,user04
3006503,user05
2634433,user05
2634433,user06
910037,user06
910037,user07
3835271,user07
3835271,user08
2810050,user08
2810050,user09
2011132,user09
2011132,user10
594608,user10
594608,user11
897250,user11
897250,user12
2261218,user12
2261218,user13
4275940,user13
4275940,user14
2625571,user14
2625571,user15
36171,user15
36171,user16
528045,user16
528045,user17
1739184,user17
1739184,user18
1522414,user18
1522414,user19
1322962,user19
1322962,user20
4114777,user20
4114777,user21
642980,user21
642980,user01
4121592,user01
4121592,user03
1087601,user02
1087601,user04
1576682,user03
1576682,user05
1033169,user04
1033169,user06
36122,user05
36122,user07
250016,user06
250016,user08
3212058,user07
3212058,user09
2074498,user08
2074498,user10
1132502,user09
1132502,user11
198514,user10
198514,user12
1630438,user11
1630438,user13
3596829,user12
3596829,user14
2784306,user13
2784306,user15
2563590,user14
2563590,user16
3177883,user15
3177883,user17
3628506,user16
3628506,user18
3627145,user17
3627145,user19
1475907,user18
1475907,user20
486252,user19
486252,user21
3172238,user20
3172238,user01
1831526,user21
1831526,user02
496052,user01
496052,user05
2705345,user02
2705345,user06
4067099,user03
4067099,user07
1115640,user04
1115640,user08
1418758,user05
1418758,user09
2176140,user06
2176140,user10
1575505,user07
1575505,user11
909394,user08
909394,user12
2558468,user09
2558468,user13
2217784,user10
2217784,user14
3565671,user11
3565671,user15
2322517,user12
2322517,user16
1414144,user13
1414144,user17
400185,user14
400185,user18
3614542,user15
3614542,user19
225925,user16
225925,user20
3335116,user17
3335116,user21
4065848,user18
4065848,user01
3861231,user19
3861231,user02
755854,user20
755854,user03
236830,user21
236830,user04
406967,user01
406967,user06
3192432,user02
3192432,user07
3040459,user03
3040459,user08
4154431,user04
4154431,user09
1091998,user05
1091998,user10
3895199,user06
3895199,user11
1657973,user07
1657973,user12
1938854,user08
1938854,user13
774707,user09
774707,user14
1796804,user10
1796804,user15
592446,user11
592446,user16
2193603,user12
2193603,user17
1987299,user13
1987299,user18
1114418,user14
1114418,user19
2794124,user15
2794124,user20
4005756,user16
4005756,user21
428897,user17
428897,user01
115888,user18
115888,user02
3452076,user19
3452076,user03
3984550,user20
3984550,user04
671923,user21
671923,user05
354529,user01
354529,user09
2103654,user02
2103654,user10
3555911,user03
3555911,user11
3034499,user04
3034499,user12
682337,user05
682337,user13
925030,user06
925030,user14
29638,user07
29638,user15
1863246,user08
1863246,user16
1791864,user09
1791864,user17
1636715,user10
1636715,user18
4111712,user11
4111712,user19
3828550,user12
3828550,user20
1419277,user13
1419277,user21
921350,user14
921350,user01
1092947,user15
1092947,user02
1378939,user16
1378939,user03
3739011,user17
3739011,user04
4443556,user18
4443556,user05
3557076,user19
3557076,user06
4120033,user20
4120033,user07
102779,user21
102779,user08
2993463,user01
2993463,user11
3490596,user02
3490596,user12
3618701,user03
3618701,user13
3302703,user04
3302703,user14
3360017,user05
3360017,user15
3126964,user06
3126964,user16
4121735,user07
4121735,user17
3011954,user08
3011954,user18
4506403,user09
4506403,user19
2259613,user10
2259613,user20
4310111,user11
4310111,user21
1176041,user12
1176041,user01
3072680,user13
3072680,user02
3483626,user14
3483626,user03
4112248,user15
4112248,user04
498334,user16
498334,user05
1914553,user17
1914553,user06
2988932,user18
2988932,user07
4511904,user19
4511904,user08
1861769,user20
1861769,user09
481273,user21
481273,user10
4522557,user01
4522557,user02
1155736,user02
1155736,user03
2538938,user03
2538938,user04
3554993,user04
3554993,user05
751355,user05
751355,user06
1102111,user06
1102111,user07
2664862,user07
2664862,user08
3108027,user08
3108027,user09
3634925,user09
3634925,user10
1864155,user10
1864155,user11
1663814,user11
1663814,user12
2431879,user12
2431879,user13
3023678,user13
3023678,user14
231771,user14
231771,user15
3894317,user15
3894317,user16
2208102,user16
2208102,user17
4024491,user17
4024491,user18
3585557,user18
3585557,user19
1866879,user19
1866879,user20
1322776,user20
1322776,user21
552067,user21
552067,user01
3605328,user01
3605328,user03
1746145,user02
1746145,user04
3013384,user03
3013384,user05
3013363,user04
3013363,user06
3145868,user05
3145868,user07
285247,user06
285247,user08
2989230,user07
2989230,user09
598111,user08
598111,user10
4357263,user09
4357263,user11
1963464,user10
1963464,user12
3979229,user11
3979229,user13
3999566,user12
3999566,user14
448155,user13
448155,user15
2264650,user14
2264650,user16
1522429,user15
1522429,user17
408089,user16
408089,user18
4454894,user17
4454894,user19
1672841,user18
1672841,user20
336414,user19
336414,user21
2491270,user20
2491270,user01
3678997,user21
3678997,user02
738533,user01
738533,user05
1975110,user02
1975110,user06
1321415,user03
1321415,user07
3584706,user04
3584706,user08
318645,user05
318645,user09
2233549,user06
2233549,user10
1663837,user07
1663837,user11
436911,user08
436911,user12
3931538,user09
3931538,user13
2181604,user10
2181604,user14
2093494,user11
2093494,user15
2369842,user12
2369842,user16
4436576,user13
4436576,user17
1784372,user14
1784372,user18
2174967,user15
2174967,user19
1190880,user16
1190880,user20
2360018,user17
2360018,user21
2261048,user18
2261048,user01
1114083,user19
1114083,user02
3894256,user20
3894256,user03
2960010,user21
2960010,user04
4123504,user01
4123504,user06
3520115,user02
3520115,user07
3167099,user03
3167099,user08
4567287,user04
4567287,user09
2532981,user05
2532981,user10
3819930,user06
3819930,user11
4211734,user07
4211734,user12
465203,user08
465203,user13
2261050,user09
2261050,user14
3232919,user10
3232919,user15
2653627,user11
2653627,user16
4143847,user12
4143847,user17
1546365,user13
1546365,user18
2794234,user14
2794234,user19
3202560,user15
3202560,user20
2014984,user16
2014984,user21
1728683,user17
1728683,user01
3871791,user18
3871791,user02
2917533,user19
2917533,user03
1704105,user20
1704105,user04
3452050,user21
3452050,user05
3368701,user01
3368701,user09
1426848,user02
1426848,user10
572627,user03
572627,user11
331284,user04
331284,user12
706563,user05
706563,user13
3264029,user06
3264029,user14
1716625,user07
1716625,user15
396849,user08
396849,user16
370639,user09
370639,user17
2323657,user10
2323657,user18
3872631,user11
3872631,user19
2583721,user12
2583721,user20
481043,user13
481043,user21
3675995,user14
3675995,user01
2231143,user15
2231143,user02
2107164,user16
2107164,user03
4522917,user17
4522917,user04
2522336,user18
2522336,user05
300178,user19
300178,user06
116626,user20
116626,user07
3491527,user21
3491527,user08
2393110,user01
2393110,user11
2439084,user02
2439084,user12
2758162,user03
2758162,user13
3558420,user04
3558420,user14
380750,user05
380750,user15
4178114,user06
4178114,user16
3921461,user07
3921461,user17
186065,user08
186065,user18
3314143,user09
3314143,user19
1138058,user10
1138058,user20
2646269,user11
2646269,user21
2363039,user12
2363039,user01
482407,user13
482407,user02
3179618,user14
3179618,user03
2710226,user15
2710226,user04
1889090,user16
1889090,user05
4159269,user17
4159269,user06
2343455,user18
2343455,user07
2504354,user19
2504354,user08
324686,user20
324686,user09
4004406,user21
4004406,user10
495905,user01
495905,user02
2781200,user02
2781200,user03
2200860,user03
2200860,user04
3989159,user04
3989159,user05
580083,user05
580083,user06
233802,user06
233802,user07
1360044,user07
1360044,user08
886247,user08
886247,user09
66248,user09
66248,user10
1720851,user10
1720851,user11
3152197,user11
3152197,user12
1257627,user12
1257627,user13
4207524,user13
4207524,user14
1396290,user14
1396290,user15
1879517,user15
1879517,user16
62665,user16
62665,user17
605688,user17
605688,user18
102277,user18
102277,user19
377566,user19
377566,user20
3562655,user20
3562655,user21
483707,user21
483707,user01
886918,user01
886918,user03
4239689,user02
4239689,user04
875789,user03
875789,user05
587206,user04
587206,user06
597635,user05
597635,user07
685468,user06
685468,user08
84545,user07
84545,user09
1436190,user08
1436190,user10
14430,user09
14430,user11
3191807,user10
3191807,user12
4208013,user11
4208013,user13
3046889,user12
3046889,user14
4143893,user13
4143893,user15
1242112,user14
1242112,user16
1224943,user15
1224943,user17
2349091,user16
2349091,user18
4363392,user17
4363392,user19
1116794,user18
1116794,user20
3145867,user19
3145867,user21
1056777,user20
1056777,user01
2979325,user21
2979325,user02
4117043,user01
4117043,user05
4445308,user02
4445308,user06
2584375,user03
2584375,user07
1037690,user04
1037690,user08
3029316,user05
3029316,user09
4205307,user06
4205307,user10
570985,user07
570985,user11
1275506,user08
1275506,user12
3588844,user09
3588844,user13
4204466,user10
4204466,user14
3910687,user11
3910687,user15
87385,user12
87385,user16
3200671,user13
3200671,user17
3478225,user14
3478225,user18
3486972,user15
3486972,user19
2256566,user16
2256566,user20
3567987,user17
3567987,user21
427971,user18
427971,user01
2374816,user19
2374816,user02
4426226,user20
4426226,user03
4525874,user21
4525874,user04
551166,user01
551166,user06
956617,user02
956617,user07
1433136,user03
1433136,user08
2090513,user04
2090513,user09
296903,user05
296903,user10
1880443,user06
1880443,user11
3497549,user07
3497549,user12
2866934,user08
2866934,user13
1911827,user09
1911827,user14
3672554,user10
3672554,user15
466427,user11
466427,user16
1890326,user12
1890326,user17
4571509,user13
4571509,user18
1248088,user14
1248088,user19
2329724,user15
2329724,user20
2322566,user16
2322566,user21
1119617,user17
1119617,user01
1940610,user18
1940610,user02
3712576,user19
3712576,user03
121013,user20
121013,user04
1449095,user21
1449095,user05
2144956,user01
2144956,user09
3321061,user02
3321061,user10
2577735,user03
2577735,user11
3181088,user04
3181088,user12
462354,user05
462354,user13
3545783,user06
3545783,user14
2791925,user07
2791925,user15
751324,user08
751324,user16
3918975,user09
3918975,user17
3990899,user10
3990899,user18
3146726,user11
3146726,user19
2192627,user12
2192627,user20
2844055,user13
2844055,user21
3773057,user14
3773057,user01
3995732,user15
3995732,user02
3607135,user16
3607135,user03
1945430,user17
1945430,user04
2370894,user18
2370894,user05
2055238,user19
2055238,user06
627402,user20
627402,user07
2834181,user21
2834181,user08
1147653,user01
1147653,user11
449577,user02
449577,user12
505258,user03
505258,user13
2593978,user04
2593978,user14
1598688,user05
1598688,user15
141186,user06
141186,user16
197931,user07
197931,user17
661359,user08
661359,user18
505642,user09
505642,user19
2147345,user10
2147345,user20
3513533,user11
3513533,user21
1581615,user12
1581615,user01
3813291,user13
3813291,user02
2441484,user14
2441484,user03
4424938,user15
4424938,user04
3461200,user16
3461200,user05
318852,user17
318852,user06
3506639,user18
3506639,user07
1137314,user19
1137314,user08
3279110,user20
3279110,user09
1738939,user21
1738939,user10
3012770,user01
3012770,user02
3344977,user02
3344977,user03
98874,user03
98874,user04
2476179,user04
2476179,user05
1234767,user05
1234767,user06
3618484,user06
3618484,user07
481312,user07
481312,user08
1949262,user08
1949262,user09
3475681,user09
3475681,user10
4414607,user10
4414607,user11
2015927,user11
2015927,user12
4274961,user12
4274961,user13
1346369,user13
1346369,user14
3612817,user14
3612817,user15
4018330,user15
4018330,user16
3115353,user16
3115353,user17
1927057,user17
1927057,user18
1621052,user18
1621052,user19
558135,user19
558135,user20
2825259,user20
2825259,user21
1356197,user21
1356197,user01
59267,user01
59267,user03
2073174,user02
2073174,user04
4209811,user03
4209811,user05
425188,user04
425188,user06
1898550,user05
1898550,user07
2995958,user06
2995958,user08
4294945,user07
4294945,user09
4513749,user08
4513749,user10
2089003,user09
2089003,user11
3617691,user10
3617691,user12
3907201,user11
3907201,user13
3622291,user12
3622291,user14
1922130,user13
1922130,user15
1167544,user14
1167544,user16
4064379,user15
4064379,user17
665213,user16
665213,user18
376296,user17
376296,user19
2462523,user18
2462523,user20
498610,user19
498610,user21
4289002,user20
4289002,user01
1781893,user21
1781893,user02
457693,user01
457693,user05
4008642,user02
4008642,user06
2761994,user03
2761994,user07
3359230,user04
3359230,user08
2538008,user05
2538008,user09
4426918,user06
4426918,user10
1327994,user07
1327994,user11
812266,user08
812266,user12
4448704,user09
4448704,user13
1415134,user10
1415134,user14
2639583,user11
2639583,user15
2796278,user12
2796278,user16
1900014,user13
1900014,user17
616910,user14
616910,user18
2587656,user15
2587656,user19
4203647,user16
4203647,user20
609041,user17
609041,user21
1005406,user18
1005406,user01
896586,user19
896586,user02
1465123,user20
1465123,user03
4011190,user21
4011190,user04
1734116,user01
1734116,user06
1546654,user02
1546654,user07
424889,user03
424889,user08
603597,user04
603597,user09
3942143,user05
3942143,user10
4421082,user06
4421082,user11
3112388,user07
3112388,user12
122018,user08
122018,user13
2312309,user09
2312309,user14
4207535,user10
4207535,user15
1636609,user11
1636609,user16
155929,user12
155929,user17
3502362,user13
3502362,user18
4207387,user14
4207387,user19
449395,user15
449395,user20
3386571,user16
3386571,user21
639303,user17
639303,user01
4480502,user18
4480502,user02
3641156,user19
3641156,user03
3559087,user20
3559087,user04
4121760,user21
4121760,user05
3894267,user01
3894267,user09
4070402,user02
4070402,user10
3625667,user03
3625667,user11
1309493,user04
1309493,user12
3355582,user05
3355582,user13
959379,user06
959379,user14
3465391,user07
3465391,user15
1124649,user08
1124649,user16
1865077,user09
1865077,user17
4272156,user10
4272156,user18
3241902,user11
3241902,user19
3988331,user12
3988331,user20
4242262,user13
4242262,user21
4149547,user14
4149547,user01
1502343,user15
1502343,user02
4460119,user16
4460119,user03
2624125,user17
2624125,user04
4003538,user18
4003538,user05
3238906,user19
3238906,user06
222976,user20
222976,user07
3999665,user21
3999665,user08
4159589,user01
4159589,user11
3673754,user02
3673754,user12
363704,user03
363704,user13
1061353,user04
1061353,user14
37408,user05
37408,user15
1424911,user06
1424911,user16
3752002,user07
3752002,user17
3557459,user08
3557459,user18
4446577,user09
4446577,user19
89425,user10
89425,user20
1547006,user11
1547006,user21
3805112,user12
3805112,user01
1548108,user13
1548108,user02
3079297,user14
3079297,user03
4481738,user15
4481738,user04
3065600,user16
3065600,user05
2022055,user17
2022055,user06
1254799,user18
1254799,user07
479181,user19
479181,user08
2542909,user20
2542909,user09
4568542,user21
4568542,user10
2039699,user01
2039699,user02
992358,user02
992358,user03
1581437,user03
1581437,user04
4511302,user04
4511302,user05
2384505,user05
2384505,user06
1308455,user06
1308455,user07
3713060,user07
3713060,user08
2218021,user08
2218021,user09
4121840,user09
4121840,user10
1565659,user10
1565659,user11
3147430,user11
3147430,user12
1836105,user12
1836105,user13
2317438,user13
2317438,user14
371558,user14
371558,user15
777589,user15
777589,user16
2901953,user16
2901953,user17
3624849,user17
3624849,user18
1514232,user18
1514232,user19
2447613,user19
2447613,user20
4295021,user20
4295021,user21
40344,user21
40344,user01
3596575,user01
3596575,user03
1322147,user02
1322147,user04
2405492,user03
2405492,user05
1320547,user04
1320547,user06
3471101,user05
3471101,user07
2414553,user06
2414553,user08
1219027,user07
1219027,user09
679864,user08
679864,user10
3135280,user09
3135280,user11
2626127,user10
2626127,user12
1264904,user11
1264904,user13
3652484,user12
3652484,user14
3348758,user13
3348758,user15
3506990,user14
3506990,user16
473408,user15
473408,user17
3278104,user16
3278104,user18
393069,user17
393069,user19
889226,user18
889226,user20
858681,user19
858681,user21
921076,user20
921076,user01
4211405,user21
4211405,user02
3646961,user01
3646961,user05
2415179,user02
2415179,user06
2169555,user03
2169555,user07
2951644,user04
2951644,user08
1278458,user05
1278458,user09
691349,user06
691349,user10
2261311,user07
2261311,user11
1978558,user08
1978558,user12
1880412,user09
1880412,user13
1542674,user10
1542674,user14
255803,user11
255803,user15
4229019,user12
4229019,user16
1723904,user13
1723904,user17
204856,user14
204856,user18
111310,user15
111310,user19
1566297,user16
1566297,user20
3745994,user17
3745994,user21
824126,user18
824126,user01
2324006,user19
2324006,user02
470138,user20
470138,user03
514598,user21
514598,user04
3836033,user01
3836033,user06
3456664,user02
3456664,user07
4099312,user03
4099312,user08
3940391,user04
3940391,user09
2276913,user05
2276913,user10
425468,user06
425468,user11
4010189,user07
4010189,user12
2079050,user08
2079050,user13
1513486,user09
1513486,user14
3666962,user10
3666962,user15
3440621,user11
3440621,user16
1239464,user12
1239464,user17
348727,user13
348727,user18
3331906,user14
3331906,user19
128013,user15
128013,user20
2850084,user16
2850084,user21
4026261,user17
4026261,user01
2569505,user18
2569505,user02
4090861,user19
4090861,user03
1084426,user20
1084426,user04
3885862,user21
3885862,user05
3378961,user01
3378961,user09
1683916,user02
1683916,user10
2009231,user03
2009231,user11
2813630,user04
2813630,user12
109326,user05
109326,user13
3617458,user06
3617458,user14
4563370,user07
4563370,user15
1742211,user08
1742211,user16
4559804,user09
4559804,user17
395188,user10
395188,user18
3514931,user11
3514931,user19
2089263,user12
2089263,user20
3734338,user13
3734338,user21
3363360,user14
3363360,user01
1781532,user15
1781532,user02
4030373,user16
4030373,user03
4166839,user17
4166839,user04
2467524,user18
2467524,user05
374963,user19
374963,user06
751309,user20
751309,user07
3545045,user21
3545045,user08
475097,user01
475097,user11
2160787,user02
2160787,user12
684177,user03
684177,user13
3899862,user04
3899862,user14
63239,user05
63239,user15
2384981,user06
2384981,user16
2781093,user07
2781093,user17
468369,user08
468369,user18
2309863,user09
2309863,user19
4504948,user10
4504948,user20
568503,user11
568503,user21
470061,user12
470061,user01
440219,user13
440219,user02
1753415,user14
1753415,user03
3160099,user15
3160099,user04
2642471,user16
2642471,user05
2053432,user17
2053432,user06
138514,user18
138514,user07
2616593,user19
2616593,user08
733604,user20
733604,user09
3528808,user21
3528808,user10
4405283,user01
4405283,user02
4211072,user02
4211072,user03
3574582,user03
3574582,user04
2047559,user04
2047559,user05
2019233,user05
2019233,user06
4352511,user06
4352511,user07
3842047,user07
3842047,user08
3953819,user08
3953819,user09
4000137,user09
4000137,user10
1705199,user10
1705199,user11
189714,user11
189714,user12
2166760,user12
2166760,user13
4149484,user13
4149484,user14
3914165,user14
3914165,user15
1233067,user15
1233067,user16
2030287,user16
2030287,user17
3065546,user17
3065546,user18
1260431,user18
1260431,user19
3780595,user19
3780595,user20
948460,user20
948460,user21
435689,user21
435689,user01
1716367,user01
1716367,user03
2378636,user02
2378636,user04
1989313,user03
1989313,user05
2861539,user04
2861539,user06
4112672,user05
4112672,user07
2964792,user06
2964792,user08
1754242,user07
1754242,user09
1831494,user08
1831494,user10
2549299,user09
2549299,user11
2837959,user10
2837959,user12
2334729,user11
2334729,user13
707066,user12
707066,user14
365382,user13
365382,user15
2581540,user14
2581540,user16
3560091,user15
3560091,user17
3114189,user16
3114189,user18
3145891,user17
3145891,user19
4478570,user18
4478570,user20
1564001,user19
1564001,user21
3916141,user20
3916141,user01
1473340,user21
1473340,user02
13271,user01
13271,user05
3490656,user02
3490656,user06
1377212,user03
1377212,user07
2666567,user04
2666567,user08
4206254,user05
4206254,user09
1791871,user06
1791871,user10
2179849,user07
2179849,user11
4569605,user08
4569605,user12
4209508,user09
4209508,user13
4130357,user10
4130357,user14
2221973,user11
2221973,user15
354785,user12
354785,user16
3512027,user13
3512027,user17
638601,user14
638601,user18
723601,user15
723601,user19
4007934,user16
4007934,user20
2674397,user17
2674397,user21
3212059,user18
3212059,user01
959819,user19
959819,user02
2031915,user20
2031915,user03
685467,user21
685467,user04
2958512,user01
2958512,user06
2384184,user02
2384184,user07
1276423,user03
1276423,user08
2480597,user04
2480597,user09
2540924,user05
2540924,user10
4471072,user06
4471072,user11
2181088,user07
2181088,user12
1420719,user08
1420719,user13
3843309,user09
3843309,user14
2676262,user10
2676262,user15
1536844,user11
1536844,user16
3882187,user12
3882187,user17
2626820,user13
2626820,user18
748854,user14
748854,user19
4455985,user15
4455985,user20
3506642,user16
3506642,user21
508662,user17
508662,user01
2415407,user18
2415407,user02
495788,user19
495788,user03
4487647,user20
4487647,user04
3993522,user21
3993522,user05
431423,user01
431423,user09
2144943,user02
2144943,user10
2967659,user03
2967659,user11
58044,user04
58044,user12
2953375,user05
2953375,user13
1651766,user06
1651766,user14
778286,user07
778286,user15
3861809,user08
3861809,user16
1261138,user09
1261138,user17
4246789,user10
4246789,user18
3269137,user11
3269137,user19
3396283,user12
3396283,user20
111248,user13
111248,user21
540403,user14
540403,user01
2552590,user15
2552590,user02
3791362,user16
3791362,user03
818131,user17
818131,user04
2298989,user18
2298989,user05
1517336,user19
1517336,user06
600758,user20
600758,user07
2924054,user21
2924054,user08
1376420,user01
1376420,user11
4113847,user02
4113847,user12
232784,user03
232784,user13
4094342,user04
4094342,user14
2319363,user05
2319363,user15
3371332,user06
3371332,user16
2626827,user07
2626827,user17
4075913,user08
4075913,user18
3360728,user09
3360728,user19
1888674,user10
1888674,user20
2733844,user11
2733844,user21
945223,user12
945223,user01
247799,user13
247799,user02
2172544,user14
2172544,user03
2417292,user15
2417292,user04
2859243,user16
2859243,user05
431231,user17
431231,user06
3556492,user18
3556492,user07
5780,user19
5780,user08
4428017,user20
4428017,user09
2718627,user21
2718627,user10
351568,user01
351568,user02
2128035,user02
2128035,user03
4130269,user03
4130269,user04
504244,user04
504244,user05
1719520,user05
1719520,user06
1313746,user06
1313746,user07
1677155,user07
1677155,user08
419354,user08
419354,user09
2374851,user09
2374851,user10
137346,user10
137346,user11
2942062,user11
2942062,user12
4100078,user12
4100078,user13
4365507,user13
4365507,user14
2102488,user14
2102488,user15
3566705,user15
3566705,user16
1517373,user16
1517373,user17
2616788,user17
2616788,user18
3745370,user18
3745370,user19
2168494,user19
2168494,user20
1746302,user20
1746302,user21
789123,user21
789123,user01
67255,user01
67255,user03
477118,user02
477118,user04
3605950,user03
3605950,user05
1713261,user04
1713261,user06
1756676,user05
1756676,user07
2147801,user06
2147801,user08
1853868,user07
1853868,user09
2469832,user08
2469832,user10
427001,user09
427001,user11
1987697,user10
1987697,user12
4368441,user11
4368441,user13
3460007,user12
3460007,user14
2290788,user13
2290788,user15
3144235,user14
3144235,user16
925067,user15
925067,user17
4499174,user16
4499174,user18
2320135,user17
2320135,user19
3525116,user18
3525116,user20
2743046,user19
2743046,user21
2471697,user20
2471697,user01
894771,user21
894771,user02
4075192,user01
4075192,user05
4112739,user02
4112739,user06
2582514,user03
2582514,user07
3089848,user04
3089848,user08
1396041,user05
1396041,user09
4409809,user06
4409809,user10
3612073,user07
3612073,user11
4116530,user08
4116530,user12
85187,user09
85187,user13
3146284,user10
3146284,user14
3082790,user11
3082790,user15
156890,user12
156890,user16
4474427,user13
4474427,user17
3617353,user14
3617353,user18
3982908,user15
3982908,user19
427240,user16
427240,user20
102293,user17
102293,user21
1309135,user18
1309135,user01
4481125,user19
4481125,user02
2307558,user20
2307558,user03
3956548,user21
3956548,user04
2264925,user01
2264925,user06
1198686,user02
1198686,user07
3547593,user03
3547593,user08
3206006,user04
3206006,user09
395278,user05
395278,user10
2298489,user06
2298489,user11
2605291,user07
2605291,user12
2843107,user08
2843107,user13
2634660,user09
2634660,user14
1414154,user10
1414154,user15
2112749,user11
2112749,user16
3806446,user12
3806446,user17
1598617,user13
1598617,user18
3694982,user14
3694982,user19
2463487,user15
2463487,user20
564202,user16
564202,user21
2303409,user17
2303409,user01
1518592,user18
1518592,user02
3055207,user19
3055207,user03
4426238,user20
4426238,user04
4017753,user21
4017753,user05
3847351,user01
3847351,user09
1627704,user02
1627704,user10
4211413,user03
4211413,user11
821768,user04
821768,user12
282808,user05
282808,user13
4397615,user06
4397615,user14
675087,user07
675087,user15
4435762,user08
4435762,user16
1363111,user09
1363111,user17
708866,user10
708866,user18
3506367,user11
3506367,user19
1160371,user12
1160371,user20
2867220,user13
2867220,user21
497939,user14
497939,user01
3016771,user15
3016771,user02
984327,user16
984327,user03
4283456,user17
4283456,user04
3563080,user18
3563080,user05
3159384,user19
3159384,user06
3370782,user20
3370782,user07
4210111,user21
4210111,user08
4206291,user01
4206291,user11
1356757,user02
1356757,user12
1225004,user03
1225004,user13
3680698,user04
3680698,user14
364287,user05
364287,user15
2371037,user06
2371037,user16
117935,user07
117935,user17
3830137,user08
3830137,user18
1472298,user09
1472298,user19
3850586,user10
3850586,user20
1517364,user11
1517364,user21
1215300,user12
1215300,user01
121011,user13
121011,user02
1532983,user14
1532983,user03
2469454,user15
2469454,user04
3180304,user16
3180304,user05
3702877,user17
3702877,user06
1931033,user18
1931033,user07
2148410,user19
2148410,user08
13275,user20
13275,user09
763653,user21
763653,user10
375721,user01
375721,user02
2965401,user02
2965401,user03
883460,user03
883460,user04
1263533,user04
1263533,user05
771737,user05
771737,user06
398335,user06
398335,user07
3561339,user07
3561339,user08
1357290,user08
1357290,user09
1085421,user09
1085421,user10
3371726,user10
3371726,user11
1058447,user11
1058447,user12
4112428,user12
4112428,user13
465976,user13
465976,user14
3983192,user14
3983192,user15
3278976,user15
3278976,user16
289414,user16
289414,user17
3357417,user17
3357417,user18
3050522,user18
3050522,user19
1605350,user19
1605350,user20
2258175,user20
2258175,user21
3151894,user21
3151894,user01
130323,user01
130323,user03
1554749,user02
1554749,user04
2321995,user03
2321995,user05
1910070,user04
1910070,user06
2353709,user05
2353709,user07
2756643,user06
2756643,user08
2766131,user07
2766131,user09
4149534,user08
4149534,user10
1167928,user09
1167928,user11
3340012,user10
3340012,user12
4209815,user11
4209815,user13
3192064,user12
3192064,user14
3238584,user13
3238584,user15
2182017,user14
2182017,user16
4116205,user15
4116205,user17
3002402,user16
3002402,user18
515160,user17
515160,user19
1299237,user18
1299237,user20
407626,user19
407626,user21
3221458,user20
3221458,user01
3020391,user21
3020391,user02
4349837,user01
4349837,user05
709974,user02
709974,user06
732378,user03
732378,user07
243144,user04
243144,user08
3677404,user05
3677404,user09
3392143,user06
3392143,user10
3098523,user07
3098523,user11
372938,user08
372938,user12
2589194,user09
2589194,user13
2103646,user10
2103646,user14
330415,user11
330415,user15
4411279,user12
4411279,user16
496579,user13
496579,user17
2512968,user14
2512968,user18
4452046,user15
4452046,user19
1314159,user16
1314159,user20
231766,user17
231766,user21
932276,user18
932276,user01
1796045,user19
1796045,user02
2309884,user20
2309884,user03
2520726,user21
2520726,user04
2467131,user01
2467131,user06
1483649,user02
1483649,user07
3072535,user03
3072535,user08
51123,user04
51123,user09
518718,user05
518718,user10
473410,user06
473410,user11
2586273,user07
2586273,user12
4049561,user08
4049561,user13
410715,user09
410715,user14
3470887,user10
3470887,user15
2544743,user11
2544743,user16
3780594,user12
3780594,user17
1537988,user13
1537988,user18
2973527,user14
2973527,user19
249552,user15
249552,user20
199740,user16
199740,user21
1424611,user17
1424611,user01
575784,user18
575784,user02
2660447,user19
2660447,user03
3855336,user20
3855336,user04
59444,user21
59444,user05
1582257,user01
1582257,user09
915815,user02
915815,user10
1886010,user03
1886010,user11
1185274,user04
1185274,user12
1549031,user05
1549031,user13
969430,user06
969430,user14
4457354,user07
4457354,user15
470141,user08
470141,user16
1473346,user09
1473346,user17
3197860,user10
3197860,user18
2778460,user11
2778460,user19
4096673,user12
4096673,user20
3157841,user13
3157841,user21
3908379,user14
3908379,user01
1434549,user15
1434549,user02
2548051,user16
2548051,user03
3978992,user17
3978992,user04
1118059,user18
1118059,user05
963088,user19
963088,user06
933658,user20
933658,user07
3711645,user21
3711645,user08
4110229,user01
4110229,user11
2819379,user02
2819379,user12
3994801,user03
3994801,user13
523012,user04
523012,user14
1680624,user05
1680624,user15
966008,user06
966008,user16
3894919,user07
3894919,user17
535707,user08
535707,user18
1209798,user09
1209798,user19
1311318,user10
1311318,user20
1616160,user11
1616160,user21
1407887,user12
1407887,user01
2371020,user13
2371020,user02
3829554,user14
3829554,user03
1864415,user15
1864415,user04
1750332,user16
1750332,user05
2946343,user17
2946343,user06
4005266,user18
4005266,user07
2224169,user19
2224169,user08
1821382,user20
1821382,user09
2796688,user21
2796688,user10
2973691,user01
2973691,user02
2484327,user02
2484327,user03
1930672,user03
1930672,user04
3129995,user04
3129995,user05
3580399,user05
3580399,user06
1612635,user06
1612635,user07
1273953,user07
1273953,user08
3731234,user08
3731234,user09
2128369,user09
2128369,user10
1138060,user10
1138060,user11
1544034,user11
1544034,user12
431161,user12
431161,user13
72505,user13
72505,user14
4211685,user14
4211685,user15
2343303,user15
2343303,user16
2586270,user16
2586270,user17
3870587,user17
3870587,user18
3501524,user18
3501524,user19
2502564,user19
2502564,user20
3717379,user20
3717379,user21
1264527,user21
1264527,user01
4086651,user01
4086651,user03
2986079,user02
2986079,user04
3605204,user03
3605204,user05
3538389,user04
3538389,user06
3890985,user05
3890985,user07
1266900,user06
1266900,user08
408754,user07
408754,user09
960373,user08
960373,user10
2725843,user09
2725843,user11
42449,user10
42449,user12
2988234,user11
2988234,user13
1434105,user12
1434105,user14
779579,user13
779579,user15
3813676,user14
3813676,user16
3192418,user15
3192418,user17
798066,user16
798066,user18
1447510,user17
1447510,user19
1793974,user18
1793974,user20
1332035,user19
1332035,user21
4236416,user20
4236416,user01
1869974,user21
1869974,user02
1093123,user01
1093123,user05
2566932,user02
2566932,user06
925413,user03
925413,user07
1728533,user04
1728533,user08
4549281,user05
4549281,user09
2610543,user06
2610543,user10
111246,user07
111246,user11
1771210,user08
1771210,user12
3892164,user09
3892164,user13
3599079,user10
3599079,user14
3279796,user11
3279796,user15
3058177,user12
3058177,user16
2444207,user13
2444207,user17
4024693,user14
4024693,user18
1276994,user15
1276994,user19
2353921,user16
2353921,user20
852539,user17
852539,user21
1443099,user18
1443099,user01
412990,user19
412990,user02
4450739,user20
4450739,user03
1288181,user21
1288181,user04
4559287,user01
4559287,user06
1717307,user02
1717307,user07
1387590,user03
1387590,user08
3172857,user04
3172857,user09
3938065,user05
3938065,user10
4432141,user06
4432141,user11
2287384,user07
2287384,user12
2444307,user08
2444307,user13
2544474,user09
2544474,user14
4144382,user10
4144382,user15
2836896,user11
2836896,user16
2322001,user12
2322001,user17
4321536,user13
4321536,user18
3325122,user14
3325122,user19
1399980,user15
1399980,user20
3516433,user16
3516433,user21
2760385,user17
2760385,user01
3952622,user18
3952622,user02
897988,user19
897988,user03
2286724,user20
2286724,user04
740396,user21
740396,user05
3851796,user01
3851796,user09
2407605,user02
2407605,user10
4440377,user03
4440377,user11
1268796,user04
1268796,user12
3462131,user05
3462131,user13
1889265,user06
1889265,user14
2273420,user07
2273420,user15
477608,user08
477608,user16
2583239,user09
2583239,user17
4413509,user10
4413509,user18
2198052,user11
2198052,user19
4538708,user12
4538708,user20
53144,user13
53144,user21
1799205,user14
1799205,user01
3506289,user15
3506289,user02
2656630,user16
2656630,user03
352025,user17
352025,user04
1940905,user18
1940905,user05
3564406,user19
3564406,user06
2255885,user20
2255885,user07
2811386,user21
2811386,user08
1849637,user01
1849637,user11
169793,user02
169793,user12
4170877,user03
4170877,user13
3033234,user04
3033234,user14
4229671,user05
4229671,user15
538807,user06
538807,user16
4300245,user07
4300245,user17
3213346,user08
3213346,user18
3664293,user09
3664293,user19
4546637,user10
4546637,user20
1578243,user11
1578243,user21
4130114,user12
4130114,user01
3780501,user13
3780501,user02
472510,user14
472510,user03
1270904,user15
1270904,user04
3381522,user16
3381522,user05
2898547,user17
2898547,user06
3717729,user18
3717729,user07
3170371,user19
3170371,user08
379311,user20
379311,user09
985904,user21
985904,user10
3878753,user01
3878753,user02
2083540,user02
2083540,user03
1981001,user03
1981001,user04
1894169,user04
1894169,user05
3218824,user05
3218824,user06
3087494,user06
3087494,user07
1661232,user07
1661232,user08
102059,user08
102059,user09
3110160,user09
3110160,user10
3507000,user10
3507000,user11
1653634,user11
1653634,user12
811426,user12
811426,user13
4394278,user13
4394278,user14
4158860,user14
4158860,user15
4168276,user15
4168276,user16
3063127,user16
3063127,user17
3867495,user17
3867495,user18
3244652,user18
3244652,user19
3236439,user19
3236439,user20
836839,user20
836839,user21
1929442,user21
1929442,user01
4120560,user01
4120560,user03
1325477,user02
1325477,user04
3806024,user03
3806024,user05
2445831,user04
2445831,user06
1121888,user05
1121888,user07
3026411,user06
3026411,user08
497297,user07
497297,user09
3602388,user08
3602388,user10
2486074,user09
2486074,user11
572640,user10
572640,user12
1260305,user11
1260305,user13
736172,user12
736172,user14
3359214,user13
3359214,user15
84990,user14
84990,user16
4482789,user15
4482789,user17
993446,user16
993446,user18
1295719,user17
1295719,user19
116514,user18
116514,user20
4064420,user19
4064420,user21
162482,user20
162482,user01
3526056,user21
3526056,user02
4165035,user01
4165035,user05
349532,user02
349532,user06
3515154,user03
3515154,user07
1154433,user04
1154433,user08
1861181,user05
1861181,user09
233138,user06
233138,user10
4115662,user07
4115662,user11
4018442,user08
4018442,user12
82086,user09
82086,user13
2471426,user10
2471426,user14
400312,user11
400312,user15
4471472,user12
4471472,user16
1313315,user13
1313315,user17
2203215,user14
2203215,user18
4455614,user15
4455614,user19
4044514,user16
4044514,user20
1438887,user17
1438887,user21
2621308,user18
2621308,user01
744472,user19
744472,user02
4107429,user20
4107429,user03
1775947,user21
1775947,user04
1734780,user01
1734780,user06
2374617,user02
2374617,user07
1089993,user03
1089993,user08
1736016,user04
1736016,user09
3218897,user05
3218897,user10
1339812,user06
1339812,user11
227277,user07
227277,user12
925397,user08
925397,user13
2415810,user09
2415810,user14
380310,user10
380310,user15
627415,user11
627415,user16
2257017,user12
2257017,user17
3490642,user13
3490642,user18
404796,user14
404796,user19
105286,user15
105286,user20
3569816,user16
3569816,user21
3027950,user17
3027950,user01
3170336,user18
3170336,user02
2072836,user19
2072836,user03
1878745,user20
1878745,user04
104933,user21
104933,user05
4395643,user01
4395643,user09
3360404,user02
3360404,user10
584571,user03
584571,user11
2320886,user04
2320886,user12
2459929,user05
2459929,user13
4485839,user06
4485839,user14
816108,user07
816108,user15
3906444,user08
3906444,user16
2128358,user09
2128358,user17
4238667,user10
4238667,user18
3629829,user11
3629829,user19
3600718,user12
3600718,user20
1769345,user13
1769345,user21
2056762,user14
2056762,user01
111315,user15
111315,user02
3899837,user16
3899837,user03
2290735,user17
2290735,user04
1417355,user18
1417355,user05
1127122,user19
1127122,user06
2570974,user20
2570974,user07
1133182,user21
1133182,user08
4271158,user01
4271158,user11
3223273,user02
3223273,user12
3531013,user03
3531013,user13
2895035,user04
2895035,user14
3956910,user05
3956910,user15
4011213,user06
4011213,user16
2836897,user07
2836897,user17
2192608,user08
2192608,user18
4473807,user09
4473807,user19
1280508,user10
1280508,user20
4568592,user11
4568592,user21
2060666,user12
2060666,user01
4056707,user13
4056707,user02
1564010,user14
1564010,user03
1864399,user15
1864399,user04
27422,user16
27422,user05
2507679,user17
2507679,user06
2013005,user18
2013005,user07
3087492,user19
3087492,user08
4117727,user20
4117727,user09
811039,user21
811039,user10
25242,user01
25242,user02
82672,user02
82672,user03
3762982,user03
3762982,user04
3136118,user04
3136118,user05
4125052,user05
4125052,user06
1803511,user06
1803511,user07
2058491,user07
2058491,user08
2198344,user08
2198344,user09
4461162,user09
4461162,user10
1056310,user10
1056310,user11
313458,user11
313458,user12
2181271,user12
2181271,user13
2452465,user13
2452465,user14
2859263,user14
2859263,user15
1751536,user15
1751536,user16
2144007,user16
2144007,user17
2179596,user17
2179596,user18
327120,user18
327120,user19
1109121,user19
1109121,user20
3847913,user20
3847913,user21
739569,user21
739569,user01
3745913,user01
3745913,user03
2030290,user02
2030290,user04
1214636,user03
1214636,user05
725406,user04
725406,user06
651235,user05
651235,user07
396150,user06
396150,user08
2843986,user07
2843986,user09
1327840,user08
1327840,user10
1711089,user09
1711089,user11
1765545,user10
1765545,user12
1412840,user11
1412840,user13
1239196,user12
1239196,user14
1496069,user13
1496069,user15
3876937,user14
3876937,user16
385347,user15
385347,user17
2307111,user16
2307111,user18
1426137,user17
1426137,user19
1261133,user18
1261133,user20
3376675,user19
3376675,user21
2552039,user20
2552039,user01
2757442,user21
2757442,user02
4158099,user01
4158099,user05
4048641,user02
4048641,user06
1436191,user03
1436191,user07
3470637,user04
3470637,user08
4484485,user05
4484485,user09
1295627,user06
1295627,user10
4043778,user07
4043778,user11
1334152,user08
1334152,user12
2350842,user09
2350842,user13
2493161,user10
2493161,user14
192749,user11
192749,user15
3997343,user12
3997343,user16
780281,user13
780281,user17
1519422,user14
1519422,user18
2332652,user15
2332652,user19
2914311,user16
2914311,user20
1878655,user17
1878655,user21
4450002,user18
4450002,user01
2233204,user19
2233204,user02
2648235,user20
2648235,user03
1298968,user21
1298968,user04
3888826,user01
3888826,user06
4371729,user02
4371729,user07
3300883,user03
3300883,user08
2321986,user04
2321986,user09
1266718,user05
1266718,user10
4012796,user06
4012796,user11
1692144,user07
1692144,user12
3187309,user08
3187309,user13
3006623,user09
3006623,user14
2797487,user10
2797487,user15
3598142,user11
3598142,user16
2443985,user12
2443985,user17
4263143,user13
4263143,user18
613567,user14
613567,user19
2383917,user15
2383917,user20
540400,user16
540400,user21
4527031,user17
4527031,user01
2231146,user18
2231146,user02
1306213,user19
1306213,user03
2997323,user20
2997323,user04
227246,user21
227246,user05
2443555,user01
2443555,user09
2732332,user02
2732332,user10
3768944,user03
3768944,user11
4288291,user04
4288291,user12
897691,user05
897691,user13
1124395,user06
1124395,user14
2221312,user07
2221312,user15
4160271,user08
4160271,user16
479180,user09
479180,user17
4453026,user10
4453026,user18
4125530,user11
4125530,user19
155108,user12
155108,user20
4038818,user13
4038818,user21
1316640,user14
1316640,user01
25354,user15
25354,user02
3680929,user16
3680929,user03
3553102,user17
3553102,user04
703193,user18
703193,user05
1278188,user19
1278188,user06
2097931,user20
2097931,user07
2610729,user21
2610729,user08
2034475,user01
2034475,user11
3771735,user02
3771735,user12
3884565,user03
3884565,user13
969714,user04
969714,user14
3085450,user05
3085450,user15
3395679,user06
3395679,user16
1009691,user07
1009691,user17
2177376,user08
2177376,user18
2378771,user09
2378771,user19
369078,user10
369078,user20
4122909,user11
4122909,user21
4538729,user12
4538729,user01
3291547,user13
3291547,user02
2496853,user14
2496853,user03
1283458,user15
1283458,user04
205950,user16
205950,user05
96697,user17
96697,user06
702798,user18
702798,user07
992351,user19
992351,user08
4303431,user20
4303431,user09
1159838,user21
1159838,user10
1649154,user01
1649154,user02
3613320,user02
3613320,user03
1239551,user03
1239551,user04
4039406,user04
4039406,user05
4389856,user05
4389856,user06
431621,user06
431621,user07
1762796,user07
1762796,user08
3344433,user08
3344433,user09
3451865,user09
3451865,user10
3577440,user10
3577440,user11
2720380,user11
2720380,user12
1481444,user12
1481444,user13
406842,user13
406842,user14
3558406,user14
3558406,user15
855041,user15
855041,user16
3962126,user16
3962126,user17
4225110,user17
4225110,user18
1664479,user18
1664479,user19
4214262,user19
4214262,user20
2484162,user20
2484162,user21
2693094,user21
2693094,user01
1107548,user01
1107548,user03
3620244,user02
3620244,user04
2319854,user03
2319854,user05
2317459,user04
2317459,user06
2445576,user05
2445576,user07
1716898,user06
1716898,user08
3544991,user07
3544991,user09
3239838,user08
3239838,user10
3114191,user09
3114191,user11
4199658,user10
4199658,user12
2260962,user11
2260962,user13
1077274,user12
1077274,user14
1512439,user13
1512439,user15
1596526,user14
1596526,user16
1280,user15
1280,user17
4465874,user16
4465874,user18
2914343,user17
2914343,user19
2140875,user18
2140875,user20
1572593,user19
1572593,user21
3055205,user20
3055205,user01
3319847,user21
3319847,user02
884975,user01
884975,user05
1735010,user02
1735010,user06
4012538,user03
4012538,user07
3624251,user04
3624251,user08
2003469,user05
2003469,user09
3178263,user06
3178263,user10
3583749,user07
3583749,user11
2199981,user08
2199981,user12
963663,user09
963663,user13
581442,user10
581442,user14
2979755,user11
2979755,user15
1548081,user12
1548081,user16
3780533,user13
3780533,user17
2111812,user14
2111812,user18
1732227,user15
1732227,user19
2147979,user16
2147979,user20
3596679,user17
3596679,user21
1638458,user18
1638458,user01
2660286,user19
2660286,user02
1570082,user20
1570082,user03
1618690,user21
1618690,user04
3890254,user01
3890254,user06
565815,user02
565815,user07
4525566,user03
4525566,user08
3635243,user04
3635243,user09
1675134,user05
1675134,user10
3362787,user06
3362787,user11
1747565,user07
1747565,user12
2361025,user08
2361025,user13
3581051,user09
3581051,user14
355287,user10
355287,user15
2264224,user11
2264224,user16
1893771,user12
1893771,user17
980885,user13
980885,user18
3607420,user14
3607420,user19
3970079,user15
3970079,user20
3990088,user16
3990088,user21
3175343,user17
3175343,user01
3889421,user18
3889421,user02
3679007,user19
3679007,user03
2837951,user20
2837951,user04
4303243,user21
4303243,user05
2585205,user01
2585205,user09
2749991,user02
2749991,user10
8295,user03
8295,user11
2291946,user04
2291946,user12
3858265,user05
3858265,user13
192492,user06
192492,user14
1321079,user07
1321079,user15
959364,user08
959364,user16
3093259,user09
3093259,user17
1605314,user10
1605314,user18
2041105,user11
2041105,user19
500936,user12
500936,user20
2694775,user13
2694775,user21
3237798,user14
3237798,user01
2293696,user15
2293696,user02
1673080,user16
1673080,user03
4202474,user17
4202474,user04
3928534,user18
3928534,user05
1840891,user19
1840891,user06
2279930,user20
2279930,user07
3196135,user21
3196135,user08
481320,user01
481320,user11
148075,user02
148075,user12
1360189,user03
1360189,user13
3119369,user04
3119369,user14
910531,user05
910531,user15
1343912,user06
1343912,user16
637697,user07
637697,user17
499299,user08
499299,user18
106228,user09
106228,user19
3143802,user10
3143802,user20
1752177,user11
1752177,user21
4478600,user12
4478600,user01
4500824,user13
4500824,user02
3633104,user14
3633104,user03
2098887,user15
2098887,user04
2679323,user16
2679323,user05
3486135,user17
3486135,user06
1863279,user18
1863279,user07
1444359,user19
1444359,user08
4133313,user20
4133313,user09
354237,user21
354237,user10
326032,user01
326032,user02
1441672,user02
1441672,user03
1740164,user03
1740164,user04
2091760,user04
2091760,user05
966704,user05
966704,user06
3560153,user06
3560153,user07
93773,user07
93773,user08
1143618,user08
1143618,user09
1185607,user09
1185607,user10
479197,user10
479197,user11
4217726,user11
4217726,user12
4402873,user12
4402873,user13
1604963,user13
1604963,user14
1860195,user14
1860195,user15
2410860,user15
2410860,user16
2274760,user16
2274760,user17
4379158,user17
4379158,user18
996682,user18
996682,user19
1140509,user19
1140509,user20
2472327,user20
2472327,user21
89598,user21
89598,user01
151901,user01
151901,user03
502777,user02
502777,user04
2027391,user03
2027391,user05
481261,user04
481261,user06
3814522,user05
3814522,user07
4206221,user06
4206221,user08
780417,user07
780417,user09
4164080,user08
4164080,user10
1299236,user09
1299236,user11
3527539,user10
3527539,user12
3957832,user11
3957832,user13
300169,user12
300169,user14
3603794,user13
3603794,user15
4273797,user14
4273797,user16
2168785,user15
2168785,user17
2783933,user16
2783933,user18
4169562,user17
4169562,user19
1753957,user18
1753957,user20
2532944,user19
2532944,user21
3967937,user20
3967937,user01
915809,user21
915809,user02
98513,user01
98513,user05
2169760,user02
2169760,user06
848008,user03
848008,user07
901819,user04
901819,user08
4347079,user05
4347079,user09
4252215,user06
4252215,user10
801140,user07
801140,user11
328942,user08
328942,user12
1251281,user09
1251281,user13
2744026,user10
2744026,user14
2586285,user11
2586285,user15
751327,user12
751327,user16
4020186,user13
4020186,user17
3352629,user14
3352629,user18
3900302,user15
3900302,user19
581423,user16
581423,user20
939237,user17
939237,user21
3010259,user18
3010259,user01
4163057,user19
4163057,user02
1866887,user20
1866887,user03
473457,user21
473457,user04
3596796,user01
3596796,user06
1307309,user02
1307309,user07
3647580,user03
3647580,user08
1076030,user04
1076030,user09
1878737,user05
1878737,user10
1577909,user06
1577909,user11
159292,user07
159292,user12
162471,user08
162471,user13
4226509,user09
4226509,user14
2829980,user10
2829980,user15
1578618,user11
1578618,user16
1894121,user12
1894121,user17
1629146,user13
1629146,user18
175880,user14
175880,user19
582661,user15
582661,user20
2260642,user16
2260642,user21
706495,user17
706495,user01
2967945,user18
2967945,user02
3132550,user19
3132550,user03
1932251,user20
1932251,user04
4470726,user21
4470726,user05
128303,user01
128303,user09
2885448,user02
2885448,user10
708999,user03
708999,user11
1758257,user04
1758257,user12
3721501,user05
3721501,user13
918804,user06
918804,user14
3462821,user07
3462821,user15
376294,user08
376294,user16
4094770,user09
4094770,user17
40595,user10
40595,user18
3011896,user11
3011896,user19
2246426,user12
2246426,user20
3844864,user13
3844864,user21
2963489,user14
2963489,user01
2317473,user15
2317473,user02
3985218,user16
3985218,user03
792576,user17
792576,user04
1346098,user18
1346098,user05
3467820,user19
3467820,user06
600310,user20
600310,user07
4127748,user21
4127748,user08
1757006,user01
1757006,user11
17603,user02
17603,user12
190344,user03
190344,user13
1434977,user04
1434977,user14
4453989,user05
4453989,user15
3948286,user06
3948286,user16
3458615,user07
3458615,user17
429376,user08
429376,user18
230565,user09
230565,user19
4515291,user10
4515291,user20
1896606,user11
1896606,user21
1851544,user12
1851544,user01
1311121,user13
1311121,user02
2573283,user14
2573283,user03
2651180,user15
2651180,user04
1351351,user16
1351351,user05
4567480,user17
4567480,user06
3458546,user18
3458546,user07
3680710,user19
3680710,user08
1026251,user20
1026251,user09
1807216,user21
1807216,user10
3883090,user01
3883090,user02
1083112,user02
1083112,user03
3228789,user03
3228789,user04
1461754,user04
1461754,user05
1414882,user05
1414882,user06
751395,user06
751395,user07
4170550,user07
4170550,user08
3991525,user08
3991525,user09
479572,user09
479572,user10
1225816,user10
1225816,user11
499881,user11
499881,user12
4480556,user12
4480556,user13
621328,user13
621328,user14
675667,user14
675667,user15
3136857,user15
3136857,user16
475561,user16
475561,user17
3573158,user17
3573158,user18
2796088,user18
2796088,user19
1566246,user19
1566246,user20
2980257,user20
2980257,user21
4381296,user21
4381296,user01
3598187,user01
3598187,user03
36313,user02
36313,user04
2789128,user03
2789128,user05
3540443,user04
3540443,user06
4480394,user05
4480394,user07
3295850,user06
3295850,user08
1585678,user07
1585678,user09
3835177,user08
3835177,user10
2860140,user09
2860140,user11
4466824,user10
4466824,user12
2298998,user11
2298998,user13
776424,user12
776424,user14
1489917,user13
1489917,user15
1934025,user14
1934025,user16
1278699,user15
1278699,user17
722889,user16
722889,user18
351863,user17
351863,user19
818156,user18
818156,user20
1857205,user19
1857205,user21
2835160,user20
2835160,user01
610378,user21
610378,user02
3890152,user01
3890152,user05
2655404,user02
2655404,user06
1105979,user03
1105979,user07
2834359,user04
2834359,user08
369854,user05
369854,user09
469998,user06
469998,user10
3020696,user07
3020696,user11
3359195,user08
3359195,user12
2393945,user09
2393945,user13
39888,user10
39888,user14
368136,user11
368136,user15
3006664,user12
3006664,user16
4043782,user13
4043782,user17
2723448,user14
2723448,user18
1682705,user15
1682705,user19
2386903,user16
2386903,user20
1567518,user17
1567518,user21
3499802,user18
3499802,user01
4007663,user19
4007663,user02
600602,user20
600602,user03
2078060,user21
2078060,user04
1362787,user01
1362787,user06
1260390,user02
1260390,user07
1676289,user03
1676289,user08
3881845,user04
3881845,user09
3602876,user05
3602876,user10
1030501,user06
1030501,user11
1343214,user07
1343214,user12
2928196,user08
2928196,user13
1682917,user09
1682917,user14
2767827,user10
2767827,user15
3031345,user11
3031345,user16
3135425,user12
3135425,user17
3555921,user13
3555921,user18
2192732,user14
2192732,user19
400454,user15
400454,user20
3344766,user16
3344766,user21
158062,user17
158062,user01
3184381,user18
3184381,user02
3111205,user19
3111205,user03
1292888,user20
1292888,user04
3057778,user21
3057778,user05
1253869,user01
1253869,user09
3237730,user02
3237730,user10
528038,user03
528038,user11
2120149,user04
2120149,user12
1241724,user05
1241724,user13
219639,user06
219639,user14
3618813,user07
3618813,user15
347006,user08
347006,user16
3185239,user09
3185239,user17
348776,user10
348776,user18
935692,user11
935692,user19
4551665,user12
4551665,user20
394495,user13
394495,user21
2666996,user14
2666996,user01
260614,user15
260614,user02
775213,user16
775213,user03
2797438,user17
2797438,user04
4567014,user18
4567014,user05
2316274,user19
2316274,user06
2644569,user20
2644569,user07
2507601,user21
2507601,user08
3136285,user01
3136285,user11
227090,user02
227090,user12
262429,user03
262429,user13
1672500,user04
1672500,user14
4012125,user05
4012125,user15
300713,user06
300713,user16
2857346,user07
2857346,user17
3961489,user08
3961489,user18
3112288,user09
3112288,user19
269339,user10
269339,user20
1120401,user11
1120401,user21
1552255,user12
1552255,user01
958944,user13
958944,user02
751359,user14
751359,user03
2563686,user15
2563686,user04
3884657,user16
3884657,user05
3565668,user17
3565668,user06
2988185,user18
2988185,user07
4180572,user19
4180572,user08
3934050,user20
3934050,user09
3750174,user21
3750174,user10
3773636,user01
3773636,user02
2208636,user02
2208636,user03
1491482,user03
1491482,user04
2376672,user04
2376672,user05
4193003,user05
4193003,user06
4188327,user06
4188327,user07
2603302,user07
2603302,user08
1359843,user08
1359843,user09
2062120,user09
2062120,user10
8988,user10
8988,user11
2003293,user11
2003293,user12
813247,user12
813247,user13
269954,user13
269954,user14
1719729,user14
1719729,user15
2105243,user15
2105243,user16
330532,user16
330532,user17
1107555,user17
1107555,user18
2535300,user18
2535300,user19
2557718,user19
2557718,user20
2142017,user20
2142017,user21
824105,user21
824105,user01
1249794,user01
1249794,user03
4528517,user02
4528517,user04
4062097,user03
4062097,user05
2601752,user04
2601752,user06
431430,user05
431430,user07
62471,user06
62471,user08
4474834,user07
4474834,user09
2849190,user08
2849190,user10
3529016,user09
3529016,user11
229831,user10
229831,user12
457039,user11
457039,user13
2945319,user12
2945319,user14
9994,user13
9994,user15
190486,user14
190486,user16
4316706,user15
4316706,user17
2322531,user16
2322531,user18
376597,user17
376597,user19
2486320,user18
2486320,user20
573834,user19
573834,user21
1307774,user20
1307774,user01
2426334,user21
2426334,user02
1440054,user01
1440054,user05
929352,user02
929352,user06
4566746,user03
4566746,user07
661504,user04
661504,user08
2345821,user05
2345821,user09
2820740,user06
2820740,user10
959566,user07
959566,user11
963531,user08
963531,user12
1301731,user09
1301731,user13
482856,user10
482856,user14
213635,user11
213635,user15
4255241,user12
4255241,user16
1786787,user13
1786787,user17
3925696,user14
3925696,user18
2113761,user15
2113761,user19
297883,user16
297883,user20
459211,user17
459211,user21
3502055,user18
3502055,user01
3536645,user19
3536645,user02
3613525,user20
3613525,user03
247796,user21
247796,user04
3929488,user01
3929488,user06
297471,user02
297471,user07
2458513,user03
2458513,user08
2167722,user04
2167722,user09
2212329,user05
2212329,user10
1867672,user06
1867672,user11
2263902,user07
2263902,user12
3558423,user08
3558423,user13
449015,user09
449015,user14
433978,user10
433978,user15
959793,user11
959793,user16
2142142,user12
2142142,user17
4313228,user13
4313228,user18
2483796,user14
2483796,user19
4190415,user15
4190415,user20
1273037,user16
1273037,user21
2483226,user17
2483226,user01
3089843,user18
3089843,user02
3063139,user19
3063139,user03
901987,user20
901987,user04
2982411,user21
2982411,user05
3902792,user01
3902792,user09
609511,user02
609511,user10
2840759,user03
2840759,user11
1110294,user04
1110294,user12
2557030,user05
2557030,user13
3601180,user06
3601180,user14
1439683,user07
1439683,user15
1257647,user08
1257647,user16
2714584,user09
2714584,user17
361522,user10
361522,user18
1749196,user11
1749196,user19
117981,user12
117981,user20
117381,user13
117381,user21
1853821,user14
1853821,user01
339848,user15
339848,user02
1193084,user16
1193084,user03
278453,user17
278453,user04
3427637,user18
3427637,user05
3853946,user19
3853946,user06
363129,user20
363129,user07
33260,user21
33260,user08
1131302,user01
1131302,user11
3151865,user02
3151865,user12
1208142,user03
1208142,user13
2978305,user04
2978305,user14
3151776,user05
3151776,user15
86007,user06
86007,user16
1780912,user07
1780912,user17
326891,user08
326891,user18
1160219,user09
1160219,user19
1297856,user10
1297856,user20
538771,user11
538771,user21
2359241,user12
2359241,user01
2731392,user13
2731392,user02
1606734,user14
1606734,user03
2298969,user15
2298969,user04
1969419,user16
1969419,user05
4523402,user17
4523402,user06
3610068,user18
3610068,user07
2096559,user19
2096559,user08
1661162,user20
1661162,user09
3873319,user21
3873319,user10
1005819,user01
1005819,user02
3711399,user02
3711399,user03
3931956,user03
3931956,user04
4068692,user04
4068692,user05
2841067,user05
2841067,user06
2720626,user06
2720626,user07
1090896,user07
1090896,user08
3932260,user08
3932260,user09
2210237,user09
2210237,user10
3239788,user10
3239788,user11
506751,user11
506751,user12
2785618,user12
2785618,user13
1359372,user13
1359372,user14
816359,user14
816359,user15
2937016,user15
2937016,user16
3497154,user16
3497154,user17
2497112,user17
2497112,user18
3559749,user18
3559749,user19
589260,user19
589260,user20
570453,user20
570453,user21
4118463,user21
4118463,user01
2811291,user01
2811291,user03
4100086,user02
4100086,user04
352771,user03
352771,user05
4376711,user04
4376711,user06
2561667,user05
2561667,user07
3940412,user06
3940412,user08
408792,user07
408792,user09
393062,user08
393062,user10
3501476,user09
3501476,user11
3039309,user10
3039309,user12
666570,user11
666570,user13
1265150,user12
1265150,user14
268231,user13
268231,user15
1262382,user14
1262382,user16
1627702,user15
1627702,user17
4306144,user16
4306144,user18
4454080,user17
4454080,user19
694953,user18
694953,user20
1890877,user19
1890877,user21
2723824,user20
2723824,user01
490977,user21
490977,user02
82657,user01
82657,user05
2573724,user02
2573724,user06
1723167,user03
1723167,user07
3210097,user04
3210097,user08
3024,user05
3024,user09
2278258,user06
2278258,user10
2794074,user07
2794074,user11
2458321,user08
2458321,user12
4160688,user09
4160688,user13
3608170,user10
3608170,user14
2841386,user11
2841386,user15
792302,user12
792302,user16
4111875,user13
4111875,user17
1974097,user14
1974097,user18
4212833,user15
4212833,user19
991484,user16
991484,user20
3271637,user17
3271637,user21
4475921,user18
4475921,user01
3477252,user19
3477252,user02
4488276,user20
4488276,user03
1563740,user21
1563740,user04
3371081,user01
3371081,user06
463032,user02
463032,user07
478891,user03
478891,user08
2070460,user04
2070460,user09
2666253,user05
2666253,user10
911114,user06
911114,user11
4109333,user07
4109333,user12
2635053,user08
2635053,user13
4109215,user09
4109215,user14
1349938,user10
1349938,user15
3890012,user11
3890012,user16
602124,user12
602124,user17
3897706,user13
3897706,user18
3614520,user14
3614520,user19
16421,user15
16421,user20
2371010,user16
2371010,user21
777930,user17
777930,user01
2280702,user18
2280702,user02
1542923,user19
1542923,user03
488913,user20
488913,user04
1793610,user21
1793610,user05
3484068,user01
3484068,user09
4122950,user02
4122950,user10
1374685,user03
1374685,user11
4037979,user04
4037979,user12
2829660,user05
2829660,user13
965596,user06
965596,user14
3646777,user07
3646777,user15
497820,user08
497820,user16
3892933,user09
3892933,user17
3635698,user10
3635698,user18
49418,user11
49418,user19
3283612,user12
3283612,user20
168136,user13
168136,user21
2972624,user14
2972624,user01
4075931,user15
4075931,user02
1311609,user16
1311609,user03
2790207,user17
2790207,user04
2461536,user18
2461536,user05
3191735,user19
3191735,user06
2022826,user20
2022826,user07
2039997,user21
2039997,user08
324461,user01
324461,user11
3193902,user02
3193902,user12
2204232,user03
2204232,user13
3637670,user04
3637670,user14
4211043,user05
4211043,user15
784383,user06
784383,user16
3383993,user07
3383993,user17
739570,user08
739570,user18
483536,user09
483536,user19
178623,user10
178623,user20
211643,user11
211643,user21
4072476,user12
4072476,user01
425880,user13
425880,user02
2602613,user14
2602613,user03
2679349,user15
2679349,user04
651052,user16
651052,user05
1126524,user17
1126524,user06
1889087,user18
1889087,user07
2097471,user19
2097471,user08
3135389,user20
3135389,user09
1545499,user21
1545499,user10
2255994,user01
2255994,user02
3138034,user02
3138034,user03
4010755,user03
4010755,user04
1346939,user04
1346939,user05
2838410,user05
2838410,user06
3012759,user06
3012759,user07
4002695,user07
4002695,user08
1294951,user08
1294951,user09
661047,user09
661047,user10
1359355,user10
1359355,user11
678830,user11
678830,user12
2399741,user12
2399741,user13
3490651,user13
3490651,user14
2155702,user14
2155702,user15
965517,user15
965517,user16
2076751,user16
2076751,user17
2628623,user17
2628623,user18
3547198,user18
3547198,user19
1101436,user19
1101436,user20
1677224,user20
1677224,user21
3883778,user21
3883778,user01
614555,user01
614555,user03
3038490,user02
3038490,user04
3308140,user03
3308140,user05
2090232,user04
2090232,user06
1085286,user05
1085286,user07
332462,user06
332462,user08
1381338,user07
1381338,user09
2105668,user08
2105668,user10
1680385,user09
1680385,user11
4297175,user10
4297175,user12
119894,user11
119894,user13
4410686,user12
4410686,user14
1195106,user13
1195106,user15
254908,user14
254908,user16
4149962,user15
4149962,user17
4122427,user16
4122427,user18
4498621,user17
4498621,user19
1723734,user18
1723734,user20
3667516,user19
3667516,user21
1128779,user20
1128779,user01
2993574,user21
2993574,user02
3686522,user01
3686522,user05
3480816,user02
3480816,user06
2582891,user03
2582891,user07
1399969,user04
1399969,user08
2005359,user05
2005359,user09
2420297,user06
2420297,user10
809135,user07
809135,user11
1283450,user08
1283450,user12
3929508,user09
3929508,user13
2814199,user10
2814199,user14
868312,user11
868312,user15
3460297,user12
3460297,user16
3274369,user13
3274369,user17
364518,user14
364518,user18
3508264,user15
3508264,user19
3658170,user16
3658170,user20
3046767,user17
3046767,user21
3820470,user18
3820470,user01
1375044,user19
1375044,user02
3605951,user20
3605951,user03
1071367,user21
1071367,user04
1871322,user01
1871322,user06
1939704,user02
1939704,user07
802349,user03
802349,user08
1895364,user04
1895364,user09
4469222,user05
4469222,user10
3462419,user06
3462419,user11
2369563,user07
2369563,user12
1437716,user08
1437716,user13
2009745,user09
2009745,user14
471914,user10
471914,user15
377999,user11
377999,user16
1223207,user12
1223207,user17
4571238,user13
4571238,user18
394071,user14
394071,user19
1522195,user15
1522195,user20
4131521,user16
4131521,user21
1187227,user17
1187227,user01
3563721,user18
3563721,user02
204468,user19
204468,user03
354517,user20
354517,user04
3839355,user21
3839355,user05
965522,user01
965522,user09
3101464,user02
3101464,user10
1888591,user03
1888591,user11
214262,user04
214262,user12
981662,user05
981662,user13
3340083,user06
3340083,user14
3388354,user07
3388354,user15
4443093,user08
4443093,user16
1542072,user09
1542072,user17
2965953,user10
2965953,user18
393065,user11
393065,user19
1997717,user12
1997717,user20
2443007,user13
2443007,user21
4123310,user14
4123310,user01
566273,user15
566273,user02
2820732,user16
2820732,user03
2405195,user17
2405195,user04
3931935,user18
3931935,user05
186625,user19
186625,user06
4309493,user20
4309493,user07
1356276,user21
1356276,user08
3224855,user01
3224855,user11
1824247,user02
1824247,user12
4523499,user03
4523499,user13
1881918,user04
1881918,user14
448191,user05
448191,user15
2007565,user06
2007565,user16
430870,user07
430870,user17
472819,user08
472819,user18
1773874,user09
1773874,user19
4113141,user10
4113141,user20
3744397,user11
3744397,user21
1114710,user12
1114710,user01
755707,user13
755707,user02
1437002,user14
1437002,user03
1793657,user15
1793657,user04
2205450,user16
2205450,user05
3788889,user17
3788889,user06
782416,user18
782416,user07
4300941,user19
4300941,user08
4089076,user20
4089076,user09
31814,user21
31814,user10
429344,user01
429344,user02
4334634,user02
4334634,user03
1437963,user03
1437963,user04
3154935,user04
3154935,user05
2349311,user05
2349311,user06
1131661,user06
1131661,user07
2193362,user07
2193362,user08
2871577,user08
2871577,user09
3814559,user09
3814559,user10
3514992,user10
3514992,user11
3881004,user11
3881004,user12
989964,user12
989964,user13
3012488,user13
3012488,user14
103615,user14
103615,user15
3220303,user15
3220303,user16
2651082,user16
2651082,user17
1221546,user17
1221546,user18
1123903,user18
1123903,user19
432298,user19
432298,user20
113082,user20
113082,user21
118657,user21
118657,user01
2203885,user01
2203885,user03
3161991,user02
3161991,user04
413878,user03
413878,user05
2880470,user04
2880470,user06
1305677,user05
1305677,user07
3984533,user06
3984533,user08
3622792,user07
3622792,user09
473165,user08
473165,user10
3967596,user09
3967596,user11
660952,user10
660952,user12
1146209,user11
1146209,user13
1284091,user12
1284091,user14
1426852,user13
1426852,user15
3987487,user14
3987487,user16
98857,user15
98857,user17
487639,user16
487639,user18
3478220,user17
3478220,user19
