frase_id,frase,majority_vote
1,Carolina é uma menina bem difícil de esquecer.,identidade
6,"Inteligente, ela é muito sensual.",aparencia
51,"Menina bela, menina bela.",aparencia
798,Ele não é feliz.,identidade
1235,"Ela é linda, mas não tem nome.",aparencia
1277,"Ela é guerreira, ela é uma deusa, ela é mulher de verdade.",identidade
1280,Ela é discreta e cultua bons livros.,identidade
2327,E passou a menina mais linda.,aparencia
2601,"Com, jeito de menina brincalhona.",comportamentos
3024,"Ela é inacreditável, você tinha que ver.",aparencia
3052,Vai pensando que ela é fácil rapaz.,comportamentos
3054,Nem combina com as mulheres vulgares.,aparencia
4344,Minha pequena deusa africana.,valores
4701,De mulher mais bandida do mundo.,identidade
4738,Que a menina é braba e você vai.,identidade
4796,Maria é crente e foi orar.,identidade
5429,O nome da sua mãe é difícil demais.,outros
5432,"Pra ela também vai ser bom, que vive esquecendo.",comportamentos
5780,"A boa menina ficou braba, hein?",comportamentos
6383,"Gucci, ela é bem moderna.",outros
6724,Sem enxergar que ela é brilhante.,identidade
6725,Que ela é rara.,aparencia
6794,"Eles fica puto, né?",comportamentos
7046,Se hoje ela é fria eu que esfriei.,identidade
7235,"Fuma um vape com gosto de ""hoje a mãe arrasa"" (Eh) Aprovеita e me leva pra tua casa (Eh-еh) Me promete prazer (Eh), preciso de amor não.",papel_social
7474,Wall ele não é atoa.,identidade
8110,"Martins) (É pra tocar, pra tocar, pra tocar no paredão) Ô, que mina simpática.",outros
8143,"Halls na língua, amor) Que mina simpática.",outros
8295,"Afrodite, ela é a deusa do tesão.",identidade
8348,"Ela é linda, mas não tem nome na bolsa dela.",aparencia
8460,"Um garoto tranquilo, não bebe e nem fuma.",outros
8466,"(joga, joga, joga, joga) Todas elas são atriz, ela jogando para mim.",habilidades
8552,Que a filha é bandida.,identidade
8772,"Eu duvido que outra garota rebola e senta assim, gostosin.",identidade
8922,"Que ela é marrenta demais, eu não tô aguentando.",identidade
8981,"Que ela é diferente, é difícil de ser ver.",identidade
8988,Sua mãe é empresária.,papel_social
9180,Ela só é gata de filtro.,aparencia
9994,Se o senhor não tá lembrado.,outros
11004,Mas não tenha pena se ele é matador.,valores
11081,Eu sei que o senhor é bonzinho.,identidade
11797,Ela é minha menina.,papel_social
12618,Eu sou apenas um rapaz latino-americano.,identidade
12887,Mas não cantem essa moça bonita.,aparencia
13271,Se eles são bonitos.,aparencia
13275,Se eles são famosos.,identidade
13484,Mãe gentil.,outros
14358,"E da libido, e pra um garoto introvertido.",comportamentos
14430,"Eles são legais, além do mais, Não querem nem saber.",comportamentos
14630,Todos eles afim de entregar os irmão.,comportamentos
14647,De um ônibus pra outro aquilo para ele era o fim.,identidade
15846,Que mulher ruim.,comportamentos
15936,"Homem é homem, mulher é mulher.",identidade
16025,A mina era virgem e ainda era menor.,identidade
16321,"Mas ela é linda, Muito mais do que linda, Very, very beautiful!",identidade
16332,"Por que ela é linda, Muito mais do que linda, Very, very beautiful!",
16405,Aqui nesse mundinho fechado ela é incrível.,
16421,Ela é tão tão vistosa que talvez seja mentira.,identidade
16705,Jackie uma menina tão bonita que enjoa.,aparencia
16927,Menina é gostoso demais te amar.,comportamentos
17578,"Ela era princesa eu era o plebeu, Quem é mais foda que eu?",identidade
17591,"Em fração de segundos meu castelo caiu, A mais bonita da escola rainha passista, Se transformou numa vaca nazista.",aparencia
17603,"Só se liga nessa, Que mina cabulosa olha só que conversa.",identidade
17646,"Ele é safado, Fugiu do.",identidade
17690,"Ela está suada, pronta pra se derreter!",
17691,"Ela é puro êxtase, êxtase.",identidade
17701,"Vontade de dançar até o amanhecer, Ela está suada, pronta pra se derreter!.",
17709,"Ninguém explica, ela é bonita.",aparencia
17779,Deus que ele é justo.,valores
17793,Porque a confiança é uma mulher ingrata.,comportamentos
17868,"Ela tem força, ela tem sensibilidade, ela é guerreira.",identidade
17869,"Ela é uma deusa, ela é mulher de verdade.",aparencia
18834,"Olha lá, ele não é feliz.",identidade
19223,"Fiquei sem chão [Refrão 2x] Menino bonito, menino bonito, ai ai menino bonito, menino bonito ai.",aparencia
19229,"ô [Refrão 4x] Menino bonito, menino bonito, ai ai menino bonito, menino bonito ai.",aparencia
20137,Ela é política aplicada e conversas banais.,identidade
20138,Se ela tiver muito afim seja perspicaz.,comportamentos
20739,E ela é tão linda.,identidade
21106,"Rasga minha roupa, ela é bipolar.",identidade
21395,Só vou saber se ela é boa depois que eu tacar.,habilidades
21712,Eles fica puto que nóis tá lucrando muito.,comportamentos
22006,Que uma mulher foda virou sua ex.,identidade
22120,"E, ó que ela foi covarde.",identidade
22994,Que ele é o cara errado.,identidade
23266,"Mina linda, mas que obra-prima.",aparencia
23334,Gomes) É ele mesmo.,outros
23564,"Hoje eu vou ser seu, duble de marido yeah.",identidade
23610,Hoje eu vou ser seu duble de marido yeah.,identidade
23666,Kadu hoje não tá mais pobre.,identidade
23846,Que elas tão cheia de malicia.,identidade
24166,João tá certo.,comportamentos
24215,"Só porque ele é grande ele pensa que é dois (Quem, quem?) Meu pau.",identidade
24216,"Só porque ele é grande ele pensa que é dois (Quem, Digu?) Meu pau.",papel_social
24508,"Quem conta conta muito e manda a inveja pra lá (Hahaha, a mina tá cara—) Sem camisa, copo na mão e.",outros
24512,"Ela é uma flor, mas ama fumar planta (Hahaha) Transa que transa com a amiga piranha.",identidade
24518,Tudo conforme os plano (Sempre) Minha filha rica e eu sou.,
24631,Roma dentro da minha goma elas fica pelada.,comportamentos
24899,"É tipo isca pras piranha, elas fica apaixonada.",comportamentos
24978,Ela fica molhada quando vê um vida louca.,comportamentos
25004,Ela é muito gostosa com essa cara de atriz.,aparencia
25045,"Ela acha cativante, a vida do funk que nóis leva.",identidade
25115,Pra comer essas mina linda que cobra 10k.,valores
25159,"Que eu gosto quando quica, quica, quica (ele mesmo) (DJ João.",comportamentos
25242,Fafá é cara e o.,identidade
25354,"Dindin não é problema, nas puta taca.",comportamentos
25474,"Quarenta graus, nós pesado, ela é mídia.",aparencia
25626,"MD, o migo vira vida, a bebida [MC Daniel] Uma mina gostosa incomoda muita gente.",aparencia
26308,"Ele era pagodeiro, maloqueiro.",papel_social
26611,Mas só quando ela voltar pros meu braços.,outros
27417,"Quando chega no baile, ela é atração.",aparencia
27420,Ela é terrível!,identidade
27422,"Ela é top, capa de revista.",identidade
27435,"OnlyFans) Ela é malandra, é safadinha.",identidade
27442,"Ela é malandra, é safadinha.",identidade
29099,"Tem mulher solteira, vai, vai.",identidade
29638,Ela rebola gostoso.,comportamentos
29653,"Ela tá solteira na pista, voltou pro paredão.",identidade
29656,Mas ela prefere ficar sozinha.,comportamentos
30660,"Que mina cavala, vou precisar de uma sela.",identidade
30893,Deus que ele é justo!,identidade
31017,Bruxo só tem menino selvagem.,identidade
31814,"Ela tá solteira, mas não tá carente.",identidade
31884,"Não nasceu pra ser mulher solteira nasceu pra mim, pra viver coladim.",outros
32167,Jesus tava comigo.,valores
32205,Que os maloqueiro tá deixando eles forte.,comportamentos
32498,Mãe pode ficar bem tranquila que as conta tá paga.,identidade
32675,"Mina doidona taca fogo, passa a goma, compra tudo.",comportamentos
32825,Matheus tá patrão e um salve pro.,identidade
32828,Porque aqui só tem menino bom.,identidade
32862,"Oh, você joga sujo, mina viciante, o meu ponto fraco.",valores
33074,"Ai, ah, ela faz suruba, mas ela não é puta.",comportamentos
33075,"Ela é solteira, yah-yah-yah.",identidade
33077,"Ahn, ahn, ela faz suruba, mas ela não é puta.",comportamentos
33141,"Aí, que ela é putinha da web, faz um cash vendendo conteúdo.",identidade
33207,"Baile lotado, mas sem ela é vazio.",comportamentos
33260,"E ela vem tão glamorosa, vestida de rosa.",identidade
33281,Várias opção e hoje ela foi a escolhida.,identidade
33399,Mais uma vez te vejo tirando a roupa e pessoalmente ela é melhor que na foto.,aparencia
33771,"Com dezenove tô bagunçando, eles tonto.",
33853,Eu sei que tu e ela é rica.,identidade
34684,"Toda cabulosa, indecente o tanto que ela é gostosa.",
34983,A As mina aqui são braba.,identidade
35893,Preto favelado e a menina patricinha.,identidade
36122,"Licor 43 espanca, ela fica louca, safadinha.",comportamentos
36171,"Vê só pela passada ela sabe, o menino é caro.",identidade
36188,"Eu vi lá, eles não querem ver preto vencedor.",comportamentos
36313,"Ostentação, deixa ela louca, palmeia.",identidade
36699,Pra deixa a princesa bruxa.,aparencia
36807,"Ela é novinha, mas não inocente.",aparencia
37132,Ela faz mágica comigo.,habilidades
37206,"Caralho, os paparazzi tirando foto, eles é foda, mano.",comportamentos
37408,Ela era linda e tava carente.,identidade
37418,É que eu sou homem só vivo errando.,identidade
37526,E o som já tá no alto (o som já tá no alto) Vizinho já tá puto.,comportamentos
37565,"Ela tem muito bom gosto (Okay) Mas eu quero ver mais de perto (Ahn) Baile sem você bebê, p'ra mim parece um deserto.",valores
37758,"Quando você vier, por favor, não coma pouco (yeah) Noites que ela fica louca (uh) Nem sempre tá crazy (uh) (Ela age) como se fosse poucas (poucas, ó) Mas isso só às vezes (só às vezes) Uma dose atrás da outra (ou) Chapa e nem percebe (cê) Só se acaba em motel (mo) Antes que acabe, é check (check) (Uh) minha neblina é aonde acontece (yeah) (Uh) (ahn) igual minha carteira, minha blunt tá verde (yeah) (Uh) (huh) só ando engordando, tô comendo cash (yeah) (Uh) não preciso das que se envolvem com pac (ayy) Goles e goles e goles e goles, yeah.",aparencia
37836,Hoje ela joga pros mlk do.,comportamentos
38087,"Olhando o céu, ela é cruel.",identidade
38390,Ela era diferente.,papel_social
38446,"Ela é fútil, mas eu gosto.",comportamentos
38619,"Clyde da quebrada (aham) Capa de revista, a minha mandraka (aham) Se eu tô no toque, ela é mochila.",identidade
38688,Ele é falso e mentiroso vou chamar de.,valores
38715,Ele é falso e mentiroso vou chamar de loki.,identidade
38763,Ela é viciada em cores.,identidade
38777,Blunt é bombom uma taça de.,outros
38902,"Ela é insaciável, vem pra cima e já me morde.",comportamentos
39204,"Deus) Ele era trap, agora é pop.",comportamentos
39214,"Ele travou meus royalties, ele é falido.",identidade
39215,"Precisa de grana, ele só anda liso (hahaha) Caos, fala mais baixo que eu sou patrão, neguin.",papel_social
39274,Ela gosta quando eu mando foto do corte (na régua) Debochada e gosta de aventura (ela é debochada) Disse que meu traje combina com suporte.,comportamentos
39475,"Conta as hora e a vantagem (ahn, ahn) Ela já é uma peça, eu nem vou gastar na montagem (ah) Se eu fosse uma luz, taria na mais alta voltagem.",outros
39487,"Meu copo tava pink, joguei cinco e ele ficou muddy.",outros
39554,"Menina maluca, instinto piranha.",identidade
39827,Ela é ignorante por cima do pau.,identidade
39888,Duda porque ela faz completo.,habilidades
40344,"Álcool vai subir pro sangue (vem pra base fuder) Ela é tão bonita, pena que quer todos da minha gangue.",aparencia
40345,"Ela é tão bonita, pena que quer todos da minha gangue.",
40575,"[MC Lipi] Tipo ilusão de ótica, quando avistei essa mina gostosa.",aparencia
40576,"Eita mina perigosa, oloco, será que ela me namora?",identidade
40585,"Eu me encantei, minha futura mulher [MC Piedro] Ela é empoderada, parece que a pele dela brilha como a.",outros
40595,"Ela é muito linda, linda, linda.",aparencia
40687,Ela é linda e até cego.,aparencia
40704,"Porque ela é braba, cada sentada dela é uma pancada.",identidade
40710,Porque ela é braba [Theus.,identidade
40712,"Não notar ela é impossível, seu feitiço é irresistível.",identidade
40867,"Que eu gosto quando quica, quica, quica (ele mesmo, DJ João.",outros
41472,"Fuma do kunk, ela se garante, ela ignorante por cima do pau.",comportamentos
41480,Ela ignorante por cima do pau.,identidade
41727,Que mina cavala eu vou precisar de uma cela.,aparencia
42449,Sem saber do que ela é capaz.,habilidades
42452,Ela é diferente de tudo e de todas que já conheci no mundão.,identidade
42453,Ela é linda de vestido colado cabelo alisado sabe bem o que quer.,identidade
42456,Ela é linda com o jeito seduzente.,identidade
43425,Que ela fosse igual a você...,comportamentos
43988,Por mas que ela dê mole mas respeita a mina.,comportamentos
44661,Elas não são brincadeira.,identidade
46169,"Ela é debochada, ela tá que tá.",identidade
46498,Ela me ama tanto que ela fica louca.,comportamentos
47142,A minha mãe com ele é um grude.,comportamentos
47381,Natural ele já é bonito.,aparencia
47698,Ryan tá casado.,identidade
47863,É que essa mina é louca.,comportamentos
47885,"Ô, o mundo tem mulheres lindas.",aparencia
48523,"Como menino inocente, ela levou meu coração.",identidade
48609,"Bull, elas fica louca.",papel_social
48658,Ela é mais forte que todas que eu conheci.,aparencia
48780,"Ele era pagodeiro, malokeiro.",identidade
48938,"Mulher bonita mexe com meu coração mas também não me iludo, não.",identidade
49108,Kevin tá solteiro.,identidade
49129,"Ela é minha mandraka, né.",identidade
49291,Deixa as mina louca.,comportamentos
49295,As mina louca.,identidade
49403,"VG] Pego de lado, ela geme gostoso.",identidade
49409,Ela é selvagem e faz malabares.,identidade
49414,Até mulher tá apaixonada.,comportamentos
49418,"Até mulher tá apaixonada [MC Rodolfinho] Então vai, cai, rebola pro pai.",comportamentos
49434,Acho que eu casei com a mulher gato.,outros
49449,"Ela é rica, não liga também vai pro seu lado.",identidade
49558,É que as minas são amigas.,comportamentos
50045,"Só menino bom, atracou de torpedão.",identidade
50120,"Cai no golpe quem quer, essa mina é treinada.",habilidades
50183,Que garota bela como ela é donzela.,aparencia
50187,Gosto do jeito dela de ser menina mulher.,
50644,"Não, já pra confirmar que ele é o rei, pode apitar.",papel_social
50688,"Pedro é hit, só paga pra ver, tem gostosa na festa.",
50703,Ela é bagunceira e tá com a amiguinha.,identidade
51067,Ela é gostosa do bundão e gosta dos bigode.,aparencia
51123,Então deixa vim que ela tá quente pra não perder o time.,comportamentos
51304,"Lá ela é safada, aqui é presença.",identidade
51397,"Fartura, loucura, hoje ela quer dar pros maloqueiro.",
51581,"Esquema tático, é, menino raro, eu sou.",identidade
51623,GBR Essa menina é muito sexy.,aparencia
51913,"Igual arroz, ela fica soltinha.",aparencia
53015,Pois sem saber ela é minha alegria.,habilidades
53144,"Essa menina mulher, da pele preta.",identidade
53176,Meia-noite ela jura eterno amor.,comportamentos
53602,"Senão, não se faz um samba não (Senão é como amar uma mulher só linda.",comportamentos
53637,E se hoje ele é branco na poesia.,identidade
53638,Se hoje ele é branco na poesia.,
53639,"Ele é negro demais no coração (Eu, por exemplo, o capitão do mato.",identidade
53749,Eu lembro da moça bonita.,aparencia
53767,Era a moça mais linda de toda a cidade.,aparencia
53820,Pense nas meninas cegas inexatas.,aparencia
53929,Toda menina baiana tem.,identidade
54163,Eles são discretos.,identidade
55064,"Um preto, um pobre, um estudante, uma mulher sozinha.",identidade
55071,"Um rapaz delicado e alegre que canta e requebra, é demais.",identidade
55488,É mãe solteira.,identidade
55682,Essa menina mulher.,identidade
55859,"E malandro é malandro, mané é mané (Podes crer que é) Malandro é malandro e mané é mané.",outros
55869,Diz pra mim (Podes crer que é) Malandro é malandro e mané é mané.,valores
55906,Olha aí (Podes crer que é) Malandro é malandro.,identidade
57655,Quando eu falava desses homens sórdidos.,aparencia
58044,Ela é bela e fera.,identidade
58351,Toda menina baiana.,identidade
59122,Minha esposa ali tão bela.,aparencia
59266,"Tô de namoro com uma moça solteirona, a bonitona quer ser a minha patroa, os meus parentes já estão me criticando estão falando que ela é muito coroa, ela é madura já tem mais de trinta anos mas para mim o que importa é a pessoa, não interessa se ela é coroa panela velha é que faz comida boa.",aparencia
59267,"Menina nova é muito bom mas mete medo não tem segredo e vive falando a toa eu só confio em mulher com mais de trinta, sendo distinta a gente erra ela perdoa, para o capricho pode ser de qualquer raça, ser africana, italiana ou alemoa, não interessa se ela é coroa panela velha é que faz comida boa.",papel_social
59268,"A nossa vida começa aos quarenta anos, nascem os planos do futuro da pessoa, quem casa cedo logo fica separado, porque a vida de casado as vezes enjoa, dona de casa tem que ser mulher madura, porque ao contrário o problema se amontoa, não interessa se ela é coroa panela velha é que faz comida boa.",identidade
59269,"Vou me casar para ganhar o seu carinho, viver sozinho a gente desacossoa e o gaúcho sem mulher não vale nada e que nem peixe viver fora da lagoa, to resolvido vou contrariar meus parentes aquela gente que vive falando a toa, não interessa se ela é coroa panela velha é que faz comida boa.",identidade
59444,O Chico foi baleado.,outros
59593,"Tô de namoro com uma moça solteirona, a bonitona quer ser minha patroa, os meus parentes já estão me criticando estão falando que ela é muito coroa, ela é madura já tem mais de trinta anos mais para mim o que importa é a pessoa, não interessa se ela é coroa panela velha é que faz comida boa.",identidade
59594,"Menina nova é muito bom mais mete medo não tem segredo e vive falando a toa eu só confio em mulher com mais de trinta sendo distinta a gente erra ela perdoa, vale o capricho pode ser de qualquer raça, ser africana, italiana ou alemoa, não interessa se ela é coroa panela velha é que faz comida boa.",
59595,"A nossa vida começa aos quarenta anos, nasce os planos do futuro da pessoa, quem casa cedo logo fica separado, porque a vida de casado as vezes enjoa, dona de casa tem que ser mulher madura, porque ao contrário o problema se amontoa, não interessa se ela é coroa panela velha é que faz comida boa.",papel_social
59624,Por causa de quem eu amo vou deiar minas gerais.,identidade
59699,"Arrume tudo mãe querida, que seu filho vai voltar.",identidade
60537,Ela era muito caliente.,identidade
60553,Avisa pro meu pai que ele não é mais caseiro.,outros
60554,A partir de hoje ele é fazendeiro.,identidade
60664,Ela é linda de chapéu e bota.,aparencia
61269,É na 4x4 que elas ficam loucas.,comportamentos
62471,Deixei ela plantada linda e maquiada.,identidade
62473,E ainda saí falando que ela tava errada.,comportamentos
62665,"Ela é louca, muito louca!",identidade
62668,"Lalaiá, ela é louca demais.",identidade
62684,Ela é louca chorus.,identidade
62689,Ela é louca hook.,identidade
62691,"Lalaiá, ela é louca demais (ela é louca) Laiá, lalaiá.",comportamentos
62697,"E o beijo é caixa e o sexo encaixa, ela é massa fi' verse.",outros
62718,"Lalaiá, ela é louca.",identidade
62994,Menina bonita.,aparencia
63239,"Deusa linda do amor, toma conta de mim.",outros
63316,Ela é maravilhosa.,identidade
63831,"Que moço igual não há pela cidade, Mande um recado à minha amada, lua vai...",identidade
64291,Menina sou louco por ti.,comportamentos
65061,Ela já foi esquecida.,comportamentos
66163,Cristo era bandido.,identidade
66172,Lúcia era uma menina linda.,aparencia
66248,Cristo era só ódio por dentro.,identidade
66259,Aquela menina boçal pra quem jurei o meu amor.,identidade
66331,Ela também estava perdida.,comportamentos
67255,DP Tudo aconteceu quando ela chegou atrasada.,comportamentos
67672,Da mulher aranha.,identidade
68001,Fala pra ele que ele foi usado.,comportamentos
68557,Ela é toda safadinha.,comportamentos
68798,"Na minha cabeça, ela só queria forrozar.",comportamentos
69125,Que eu faço a mulher mais feliz desse mundão.,habilidades
69531,Eu te acho a mina mais linda.,aparencia
69690,Mas só que a mina é muito linda.,aparencia
69747,Ela é mó gata.,aparencia
69783,"Ela é experiente, permanece em presença leve.",habilidades
69787,"Ela é experiente, sentando me deixa mais leve.",habilidades
69833,"Antes da realidade, ela é minha flor de mate.",identidade
69916,"Hoje eu tô ligado que se existe o paraíso, elas são a passagem.",valores
70041,"Dar uma namorada boa na piscina
.",comportamentos
70235,Mulher bonita mexe com meu coração.,aparencia
70253,Em quatro paredes a mina meiga virou a.,identidade
70831,Olha como ele baba.,outros
70961,Ela é estilosa.,identidade
71009,Ela é estilosa (ela é estilosa).,aparencia
71177,Ele é justo e cabuloso.,habilidades
71473,"E dessa vez ela não tava errada

.",comportamentos
71819,Tá lotado de mina gostosa.,identidade
71921,Ela é covardia demais.,aparencia
72086,"Um tapa na cara, minha mãe tá certa.",valores
72377,"É ligação, sua mãe fica puta.",comportamentos
72505,E você mulher guerreira.,identidade
72616,"Passei e ela tá pousada

.",outros
73160,"Não importa se ele é fraco, sofredor.",identidade
73765,"Agora já era, ela já tá desapegada.",identidade
73791,Linda mina bela que muda a atmosfera.,aparencia
74542,Ela é mimada gata e louca.,aparencia
74567,Menina má.,comportamentos
75111,Era um menino desobediente.,comportamentos
75113,"Menino maduro, coração carente
.",identidade
75820,"E ela é namoradeira, mandona da.",identidade
75983,"Tu me mostrou que esse ditado, ele tava errado.",outros
76324,E hoje ela tá diferente.,identidade
76512,"No filme de terror, ela é a mocinha, eu sou vilão.",identidade
76517,"Ela é uma mistura de razão com ficção
.",identidade
77829,E nada vale um abraço se ele for falso.,valores
77897,Essa moça é linda.,aparencia
77946,"Catucando essa mina maluca
.",
78844,Ele está sedento de paixão.,outros
79568,Catucando essa mina maluca.,outros
79628,"Olhar feroz ela chega maldosa, nas ideia ela é libidinosa.",outros
79636,"Eu beijo ela e ela bem contente, falo que é resumo se surpreende.",comportamentos
79651,"Menina má é professora, ensina errada.",identidade
79652,Má intencionada mas mesmo assim ela é boa.,identidade
79951,É tchau para eles fui abençoado.,comportamentos
79987,"Eu confesso um pouquinho de medo, que essa mina é louca

.",identidade
80141,"Ela é formada, dá aula, ensina.",identidade
80145,"Eu tô sedento, ela sedenta.",comportamentos
80162,"Eu tô sedento, ela é sedenta.",comportamentos
80203,Tem essa pegada de mulher independente.,identidade
80355,"Ela é linda demais, é.",
80367,Ela é uma deusa grega.,identidade
80371,Mas ela é bem gigante.,identidade
80579,"Ela é malandra, sacana, safada.",aparencia
80603,Ela tá brisada.,identidade
80606,"Na cama, ela senta, ela é violenta, é isso que resume.",identidade
80622,"Estourei, ela é gostosa.",aparencia
80941,"O nosso amor, ele é feito de um fruto proibido

.",identidade
81069,"O menina carente, eu quero te ver sorrindo

.",identidade
81099,"O menina carente, eu quero te ver sorrindo
.",identidade
81575,Você pensa que ela é calma.,comportamentos
81598,"É cheia de esquema, ela é complicada.",identidade
82086,"E se ela é baladeira, nós vamo adiante.",comportamentos
82215,Se ele fica cheio de marra.,comportamentos
82657,"Os menino é ruim, é poucas palavras.",identidade
82672,Os menino é ruim.,comportamentos
82732,"Tem mulher pra caralho e os menino é sheik
.",outros
83347,"Ele é pretinho, magrinho, anda cheiroso, e tem 19.",identidade
83771,Mas quem pensou que ela tava depressiva em casa.,comportamentos
83940,De uma menina inocente e um homem de verdade.,identidade
83970,E no dia do casamento ela tava linda.,aparencia
83974,E no final da gravidez ela tava tão bela.,aparencia
84011,"Eita, menina braba.",comportamentos
84072,"Que ela é linda, é mais do que.",aparencia
84229,"Todo menino é rei mas toda menina que manda
.",identidade
84325,Já que ter carro daora pra eles é preciso.,outros
84545,Unha desenhada ela é top de linha.,identidade
84589,A menina inocente.,identidade
84636,"Lembro como fosse agora, um menino pequeno.",
84960,O novinho ficou maluco.,identidade
84990,Vários homem bomba.,
85011,"Que essa mina é preparada
.",habilidades
85096,Ela não quer mais namorico.,comportamentos
85172,Não importa se ela é puta.,papel_social
85175,"Ela é puta, mas também tem sentimento.",identidade
85176,"Ela é puta, mas também tem sentimento

.",identidade
85187,Ela é puta mas tem sentimento.,identidade
85293,"Ela veio quente, e hoje eu tô fervendo.",comportamentos
85294,"Que ela veio quente, hoje eu tô fervendo.",comportamentos
85317,"Ela veio quente, hoje eu tô fervendo.",comportamentos
85569,É só menino bom que tem problema na cabeça.,identidade
86007,"Minha filha tava grávida de um filho teu, de um filho teu!
.",identidade
86289,"Ela é minha aurora boreal, parte do meu ideal.",identidade
86337,Você foi fraco ela é piranha.,comportamentos
86349,"Ela quica demais
.",habilidades
86594,Então pensa na mulher gostosa.,aparencia
87037,Essa mina é assanhada.,comportamentos
87385,"Desde menor, minha mãe me diz: Hariel é terrível!.",identidade
87421,"Vai, ele não gira, capota.",identidade
87476,"Ela é da minha rua, ela é estilosa.",identidade
87555,"Garota linda, você é a minha paixão.",aparencia
87756,"Neymar é gol!

.",habilidades
87785,"Neymar é gol!
.",identidade
88046,Ela é mina de família.,identidade
88375,"Porsche, com uma mina top.",aparencia
88671,Arlequina é estilosa.,identidade
88839,KR3 que vai mandar pras mina maluca.,outros
89407,"Ele era funkeiro, mas era pai de família
.",identidade
89425,"Outros o criticavam porque ele era funkeiro
.",identidade
89444,"Os seus olhos brilhavam, ele estava animado
.",identidade
89470,"Ele era funkeiro, mas era pai de família.",papel_social
89598,"Senta pra caramba, essa menina escangalha.",identidade
89599,"Mas chegando no baile funk, ela é a sensação.",identidade
90010,Sou mulher independente não aceito opressão.,identidade
90013,"Sou mulher destemida, minha marra vem do gueto.",comportamentos
90533,"Ele é quentinho com refri não tem mistério
.",comportamentos
90612,Ela é uma mescla de sagacidade.,identidade
91299,"Deus que ele é justo, mas o mundo não.",valores
91346,"Meu, ele é foda, eu sou fã desse cara
.",identidade
91398,"Djonga é foda, eu sou fã desse cara
.",outros
91491,Quem olha pensa que ela é princesinha.,identidade
91548,Ela é boa na pista.,comportamentos
91686,A mina mais linda do bairro.,identidade
91696,(Mina maluca).,identidade
91776,"Ela é perita no blefe, danada, me olhando nos olhos nem pisca.",aparencia
91789,"Ela é braba no que faz, exala sagacidade.",identidade
92241,"Olha só, eles são iguais!.",identidade
92684,Com essas mina maluca.,comportamentos
92890,Lula foi preso.,papel_social
93026,"Mais uma vez, ela tá solteira.",identidade
93064,Tem que ser uma mulher bonita.,aparencia
93071,"Ela é mulher, não depende da gente.",identidade
93126,"Eu sou todo largado, ela é toda discreta.",identidade
93127,"Eu falo tudo errado, ela é toda correta.",identidade
93147,"Sou todo largado, ela é toda discreta.",identidade
93301,Porque ela é bem gostosa.,aparencia
93472,Depois de uma mina gata que tava assistindo o show.,aparencia
93563,"As minas eram gêmeas, mano, pra nossa surpresa.",identidade
93720,Mas ele é bem fraco.,comportamentos
93773,"Ela quica,ela para.",comportamentos
93791,"Ela quica,ela trava,para.",habilidades
93951,Mulher gostosa.,aparencia
94030,"Vive intensamente, mina caliente
.",
94190,E no mato ela foi encontrada.,outros
94194,Um sentimento por ela igual nois tem pela nossa favela.,
94237,Um homem direito.,identidade
95147,Hoje elas não quer social.,comportamentos
95322,"Ô, menina louca.",comportamentos
95364,"Ela é esnobe, mas corre atrás.",comportamentos
95366,"Faz cara feia, me doma, menina mandona.",habilidades
95919,A sua brincadeira é ser uma mina séria.,comportamentos
96171,Ela é pura perfeição.,valores
96435,"Desce, cachoalha, ela é preparada.",habilidades
96695,"Ela dança um funk, ela quica demais.",identidade
96697,"Ela dança um funk, ela quica demais
.",habilidades
96910,Jesus está comigo pra sempre me levantar.,identidade
97346,Que ela é toda marruda .,comportamentos
97350,Que ela é toda marruda.,identidade
97553,"Ela é mimada, gata e louca
.",identidade
97569,"Entrou clima, louca menina, menina má.",identidade
98296,Pois se ele está comigo podes crer não é à toa.,identidade
98374,Sua mãe fica puta com os meus gritos no seu portão.,identidade
98513,"Se tem outra mina, ela fica bolada.",comportamentos
98633,"Na faixa de gaza, só homem bomba,.",identidade
98642,"Mulher ouro e poder,.",aparencia
98857,As mulheres lindas que tem no.,aparencia
98874,Um homem consciente age sempre na moral.,identidade
99063,"Olha, a mina louca tá dançando.",identidade
99117,"Elas tão doida, tão louca,.",comportamentos
99268,"Mundo mágico, menino mulherengo..",
100008,"Mais pra dançar com essa menina se liga o bagulho é doido ela senta ela senta ela kika ela kika rebolando bem gostoso
.",habilidades
100137,E eu sou menino novo.,identidade
100287,Dennis tá fácil.,outros
101650,Porque ela é impossível.,identidade
101654,Ela é impossível.,identidade
101863,Ela fico descontrolada.,comportamentos
102059,Lembro legal que nois era pivete.,identidade
102266,Ela é uma gracinha.,
102277,Elas estão descontroladas.,comportamentos
102293,vai...elas estão descontroladas.,comportamentos
102294,"vai...vai...elas estão descontroladas


.",comportamentos
102314,"vai...vai...elas estão descontroladas
.",comportamentos
102473,Mais enjoado que mulher grávida.,comportamentos
102558,O desejo dessa mina é sua humilhação.,comportamentos
102649,"Não é atoa que eles fala: as mina é foda
.",aparencia
102667,Não é atoa que eles fala as mina é foda.,papel_social
102779,"Minha mente, ela é ambiciosa, sou vitorioso, você pode crer.",identidade
102864,"É que eles são bandido ruim, e ninguém trabalha.",identidade
103019,"nois é quebrada, nois é zul, norte e oeste,.",identidade
103160,"Se eu já fui escuridão, hoje ela é a luz da minha vida.",identidade
103615,Minha mansão sempre estará lotada de mulheres belas.,identidade
103708,"Barro ou mulher bonita,  tá tranquilo, vamo que vamo.",aparencia
103729,Quer deixar ele feliz?,outros
103882,De lingerie elas vem louca pra me seduzir.,habilidades
104027,"Essa história não é minha, mas só que ela é real.",identidade
104068,Falei pra ele mano isso não é vida.,outros
104196,Deixa ela ofegante.,comportamentos
104227,"Ai que mulher gostosa, toma no cu.",aparencia
104342,"Enquanto ele era álcool, puta e cocaína.",outros
104768,"Bota o dedo pro alto, deixa os homens loucos.",identidade
104933,Que eu vou comer aquela mina gostosa.,identidade
104985,Morrer como homem é o prêmio da guerra.,papel_social
105238,Ele era funkeiro.,identidade
105282,"E bem antes da hora ele já estava arrumado
.",valores
105286,Ele estava animado.,identidade
105365,"Essa mina é uma loucura, sabe por quê?
.",identidade
105386,"Essa mina é uma loucura, uma loucura.",identidade
105636,"Ela anda sexy, toda guapetona.",comportamentos
105637,Ela não é amante.,identidade
105639,Ela é fiel.,identidade
106149,"Pois ele é chpa quente, e fecha com a familia.
.",identidade
106185,Essa mina é uma riqueza.,aparencia
106228,"Essa mina é uma riqueza
.",aparencia
106268,Garota envolvente do sorriso atraente.,aparencia
106273,"Ela é funkeira, baladeira e não quer compromisso.",identidade
106394,Alô galera..parei de zoar..agora sou um rapaz sério muito sério.,identidade
107000,Gente inteligente e mulheres belas.,identidade
107605,"Garota impossível, do sorriso incrível.",identidade
107690,Hoje ela é a luz da minha vida.,papel_social
108152,"Ele é muito maneiro, qualquer um pode mandar.",identidade
108207,"Já quer embrasar, ela fica maluca.",comportamentos
108235,Olha que mina gostosa.,aparencia
108236,Que mulher maravilhosa.,identidade
109066,Essa é as mina zica da balada.,comportamentos
109280,"Nois vai raja, bota eles pra volta

.",comportamentos
109326,"Nois vai raja, bota eles pra volta.",outros
109579,Só tem mulher solteira.,
109823,"Que minha meta na favela é só pegar mina perversa!
.",papel_social
109838,"Que minha meta na favela é só pegar mina perversa
.",comportamentos
109887,Solo és mãe gentil.,outros
111023,E pode acredita dj rennan é midia.,identidade
111201,"Boto tudo pra fudê,Senta firme (2x), ela ta louca ta xapada.",outros
111246,A Mãe pensa que ela é santa.,identidade
111247,"O pai pensa que ela é moça, a.",papel_social
111248,Vó pensa que ela é virgem.,identidade
111280,"Essa mina é louca, louca.",identidade
111310,"Corpo pega fogo, essa mina é louca.",comportamentos
111315,"Essa mina é louca, toda noite quer meter.",identidade
111515,Quando chega no baile ela é atração.,identidade
111518,"Rá ela é terrível!
.",comportamentos
111560,"Ai que homem gostoso, vem que vem quero de novo.",aparencia
111587,"Ai que homem gostoso, vem que vem quero de novo
.",aparencia
111606,"Ela é boa na moto, ela é boa na cama.",comportamentos
111610,"Ela é inteligente, ela é chapa quente, ela estoura os cofres.
.",identidade
111613,"O quê que um homem procura, é uma mina segura.",identidade
112300,"Hoje ele é profissional, jogador do seu time.",identidade
112916,Ela é obra do divino.,identidade
112929,Essa menina é sagaz.,identidade
112948,"Menina imperfeita, que acaba sendo perfeita.",identidade
113063,"Agora só um rapaz sério, muito sério.",identidade
113082,"Essa mina é maneira, que brisa.",identidade
113084,"Ela fica quente, sensualiza daora.",aparencia
113097,Ela é racional e curte um.,identidade
113100,Anitta só que ela é mais gostosa.,aparencia
113114,"Mano, a mina tá mandada.",comportamentos
113144,E ela tava esquecida igual.,identidade
114138,De um menino inocente e um homem de verdade.,identidade
114353,"Eu sou pretinho, ela é loirinha, do olho azul.",identidade
114390,"As dama faz gostoso, quer casar e pôr sufoco.",identidade
114638,Mulher gostosa não é.,aparencia
114687,Menina carinhosa brincando com sua.,comportamentos
114737,"Serviço garantido, ela achou legal.",
115086,Quero ver as mina louca.,aparencia
115549,"Jesus foi pregado na cruz porque ele confiou,
.",valores
115588,"Jesus foi pregado na cruz porque ele confio,.",valores
115811,"Menina não é mulher e mulher não é menina
.",
115842,"Essas mulheres lindas, eu catucando seu pulmão.",identidade
115888,Via que ele cabisbaixo.,aparencia
116261,Nós que deixou ele rico.,papel_social
116483,Quem vê desacredita do que ela é capaz.,habilidades
116484,Ela é cheia de malícia e de quem peça pra parar.,identidade
116488,Ela é a abusada.,identidade
116494,Ela é abusada.,identidade
116514,"Ela é abusada
.",
116547,Ela não é santa.,comportamentos
116626,"Que ela brisa, ela era gostosa.",identidade
117032,E o regime até ele mesmo teme.,habilidades
117254,A mina troca mó idéia.,habilidades
117266,É que as menina é tenebrosa.,identidade
117381,Ela é a sensação.,identidade
117430,"Whisky e energético, quanta mulher boa, hahaha.",identidade
117434,Ela é chata demais.,
117651,Senão é como amar uma mulher só linda.,identidade
117773,Ele é negro demais no coração  .,comportamentos
117935,Que a casa de um homem é um templo.,outros
117981,Que ele mesmo levantara.,comportamentos
118113,De um homem pobre e esquecido.,identidade
118657,De quando ele era seu professor.,identidade
118731,E é por ela ser assim tão delicada.,comportamentos
119134,Não rima com mãe gentil.,outros
119257,É como amar uma mulher só linda.,aparencia
119351,É juntinho que ele fica bom.,valores
119693,Ao abri-los ela não estará mais presente.,comportamentos
119891,Neste momento todos os bares estão repletos de homens vazios.,papel_social
119894,Todas as mulheres estão atentas.,identidade
119900,Há um homem rico que se mata.,comportamentos
119978,"Na verdade, o homem não era necessário.",
120153,Ele era um menino.,identidade
120248,"Você, seu moço estrangeiro.",outros
120804,A mulher amazonense.,identidade
120811,A mulher carioca.,identidade
120974,Que só tem de seu as costeletas e a namorada pequenina.,outros
120999,Tende piedade dos homens úteis como os dentistas.,identidade
121003,Tende piedade dos homens públicos e em particular dos políticos.,identidade
121011,Tende piedade da moça feia que serve na vida.,identidade
121012,"De casa, comida e roupa lavada da moça bonita.",aparencia
121013,Mas tende mais piedade ainda da moça bonita.,
121034,Mas tende piedade também das mulheres casadas.,identidade
121036,"Tende piedade, Senhor, das mulheres chamadas vagabundas.",identidade
121061,"Dos meninos velhos, dos homens humilhados - sede enfim.",identidade
121179,"Sorrirá: - Rei morto, rei posto...",identidade
121352,"uma cidade de homens felizes, homens que sintam a vida em toda a sua plenitude, em toda a sua fragilidade; homens que compreendam o valor das coisas puras..."" - E que fosse como a imagem do.",identidade
121361,"E, à grande convocação que conclamava o povo para a gigantesca tarefa começaram a chegar de todos os cantos da imensa pátria os trabalhadores: os homens simples e quietos, com pés de raiz, rostos de couro e mãos de pedra, e que, no calcanho, em carro de boi, em lombo de burro, em paus-de-arara, por todas as formas possíveis e imagináveis, começaram a chegar de todos os lados da imensa pátria, sobretudo do.",aparencia
121422,Locutor n 2 - Uma cidade de homens felizes...,identidade
121625,Um dia ele chegou tão diferente.,comportamentos
121924,"E porque eu me levanto para recolher você no meu abraço, e o mato à nossa volta se faz murmuroso e se enche de vaga-lumes enquanto a noite desce com seus segredos, suas mortes, seus espantos - eu sei, ah, eu sei que o meu amor por você é feito de todos os amores que eu já tive, e você é a filha dileta de todas as mulheres que eu amei; e que todas as mulheres que eu amei, como tristes estátuas ao longo da aléia de um jardim noturno, foram passando você de mão em mão até mim, cuspindo no seu rosto e enfrentando a sua fronte de grinaldas; foram passando você até mim entre cantos, súplicas e vociferações - porque você é linda, porque você é meiga e sobretudo porque você é uma menina com uma flor.",valores
122018,Ela é uma bagunceira.,identidade
122513,Menina mãe.,papel_social
122532,Da menina prostituta.,papel_social
122558,"Meus amigos, meus irmãos, cegai os olhos da mulher morena.",aparencia
122559,Que os olhos da mulher morena estão me envolvendo.,identidade
122561,"Meus amigos, meus irmãos, cortai os lábios da mulher morena.",comportamentos
122562,Eles são maduros e úmidos e inquietos.,identidade
122565,Cortai os peitos da mulher morena.,aparencia
122570,Salva-me dos braços da mulher morena.,aparencia
122576,"Vida, compra o meu corpo da mulher morena.",identidade
122579,"Branca avozinha dos caminhos, reza para ir embora a mulher morena.",comportamentos
122580,Reza para murcharem as pernas da mulher morena.,aparencia
122581,Reza para a velhice roer dentro da mulher morena.,aparencia
122582,Que a mulher morena está encurvando os meus ombros.,comportamentos
122585,Dai morte cruel à mulher morena!,identidade
122606,"Menina bonita, pra onde é ""qu'ocê"" vai.",aparencia
122632,"Menina bonita, não vá para o mar.",aparencia
122646,Menina bonita que foi para o mar.,aparencia
122926,"E as mulheres estão ficando loucas, e há legiões delas carpindo.",comportamentos
123715,"Ela é carioca, ela é carioca.",identidade
123728,E pra mim ela é linda demais.,aparencia
123730,"Ela é carioca, ela é carioca  .",identidade
123761,Que ele ainda não está maduro.,aparencia
123974,"IV - Minha senhora, lamento muito, mas é meu dever informá-la de que seu marido é portador de um tumor maligno no fígado...",
123980,"- Seu pai ainda é um homem forte, vai agüentar bem a intervenção...",identidade
123981,"- Sua avó está muito velhinha, mas nós faremos o possível...",identidade
124066,"Com o menino livre e feliz que foi, com o tempo da infância.",outros
124173,A mesma mulher pronta pra dizer.,identidade
124247,"Dora, rainha cafuza de um maracatu.",identidade
124357,Quanta mulher nua na.,aparencia
124438,Menina fidalga!,identidade
124443,Não vi mais meninas puras.,identidade
124444,Menina pura.,identidade
124724,A moça violentar.,outros
125489,E eu que era um menino puro.,valores
125803,O rei mestiço de.,identidade
125979,"Meu coração pedia sombra, água fresca e colo de moça bonita.",aparencia
126081,"Drummond tem escrito ótimos poemas, mas eu larguei o.",comportamentos
126158,"Ele seja feliz também, e forte, e se lembre com saudades.",valores
127559,Ô Menina bonita do vestido verde.,aparencia
127626,Se ela é tua é minha também.,outros
127792,"Chega mais perto, moço bonito.",aparencia
127795,Mas com você ela é cheia de sol.,comportamentos
127978,Ela é carioca.,identidade
128000,Ela é carioca  .,identidade
128013,Luiza é bonito pra chuchu.,identidade
128022,Luiza é bonito como o quê.,aparencia
128303,Ele é dono da mata e do sertão.,identidade
129253,Pixinguinha é inconteste.,identidade
129670,"E, como eu fui para ele muito boa.",identidade
129896,"Bem, não vá deixar a sua mãe aflita.",
129905,E veja como sofre um homem infeliz.,identidade
130265,E acho que enfim eu vi um homem ser feliz.,comportamentos
130278,E acho que enfim eu vi o homem ser feliz.,identidade
130323,Se o homem foi feito pra voar.,identidade
130365,E os meninos tão bonitos.,aparencia
130791,Tira a mãe preta do cerrado.,aparencia
132451,"Menino vadio, tensão flutuante do.",identidade
133419,De mãe preta carinhosa.,identidade
136637,"Todo dia ele faz diferente, não sei se ele volta da rua.",outros
137346,O homem sério que contava dinheiro parou.,identidade
137350,A moça triste que vivia calada sorriu.,identidade
137357,A moça feia debruçou na janela.,aparencia
137872,Basta se dizer que ele é amigo de.,identidade
138454,Rapazes muito decentes.,
138514,"(repete refrão) Ela era virgem, feito maria, Ou, feito um dia de sol na janela.",identidade
138841,Moço bonito.,aparencia
140032,Deixa eu dizer que ela é cheia.,aparencia
140037,Hoje ela canta sozinha.,comportamentos
141186,"Todas elas feitas de tic tac, todas elas iguaizinhas.",identidade
141195,Os rapazes ficam ricos e formam uma família.,identidade
141517,Tem mulher maluca que atura porrada.,comportamentos
142311,Pedro é preto.,identidade
142460,Será que ela é moça.,identidade
142461,Será que ela é triste.,comportamentos
142864,"F#7/5+ Bm7/9  E7/13  A6 Foice  velha, mulher nova.",identidade
144090,E o grito do homem voador.,comportamentos
144111,Eu sou o homem comum.,aparencia
144397,Dá novo vigor a senhores idosos.,outros
145043,Levar teu corpo de moça tão puro.,aparencia
145046,Esse seu corpo de moça tão branco.,
146046,Que nem viu ele vivo  - Tem até donativo.,aparencia
146062,Que nem viu ele vivo  - Tem até um passivo.,papel_social
146161,"Rei morto, rei posto não tá mais aí  .",papel_social
146563,Preciso encontrar um homem bom.,habilidades
148059,"Menina bonita pra onde ""quo´cê"" vai.",outros
148075,Menina bonita não vá para o mar.,aparencia
148303,Bota o rei congo no congado.,identidade
148650,Como ele mesmo diz: É o branco mais preto do.,outros
149364,Sou um homem feliz.,identidade
149380,Um homem feliz.,identidade
150269,Jorge sou dragão  .,aparencia
151006,E se hoje ele é branco.,outros
151008,Se hoje ele é branco.,aparencia
151010,Ele é negro demais.,identidade
151901,"Sou uma mulher nova, mas também não sou.",identidade
152421,"Mas enquanto ela ficava quietinha lá dentro, que felicidade!",outros
152747,Pobre menina tão rica.,identidade
153095,Com tanto rapaz direito.,identidade
153291,Ela é minha vida.,identidade
153840,Não digam que ele é medroso.,identidade
153841,Que ele é bem corajoso.,habilidades
153842,Que ele é o campeão.,identidade
153889,Sou moço guloso é de viver.,identidade
154350,Elas são a tolerância.,identidade
154575,Que os homens são tudo irmão.,outros
155044,Ele será promovido.,valores
155108,Senhor está quebrado.,identidade
155889,Ele está ficando velho  .,aparencia
155929,Eu só vejo mulher nua.,aparencia
156070,A moça virgem que ele quer.,identidade
156243,"É, será que ela é dona de mim.",outros
156250,Será que é por ela ser donzela.,identidade
156406,O homem feliz é sozinho.,comportamentos
156782,Soares é japonesa ou não?,aparencia
156890,Do que ele mesmo criou.,valores
157984,Chora a nossa pátria mãe gentil.,comportamentos
158062,Ela era triste.,identidade
159219,E que mulher forte e danada.,identidade
159292,Porque ele é feito somente de paz e de amor.,identidade
159725,Quando ele é fácil de cantar.,identidade
160905,Ele é bom bom bom bom.,identidade
160924,Senhor mandou prender negro.,identidade
160964,Inês já é morta do lado de cá  .,
161020,Canta pra subir que a moça tá engravidada.,identidade
161024,"Oh, Vera hermafrodita mãe gentil.",identidade
162471,"Oh, Deus como sou infeliz.",outros
162482,"Oh, Deus como sou infeliz, infeliz.",identidade
162485,"Oh, Deus como sou infeliz  .",identidade
163690,Que mulheres muito invejosas fazem de tudo para tira-lo de mim?,comportamentos
163691,Mas sei que ele é forte e resiste assim como tem resistido à dor.,identidade
164778,Quando vem da mulher alheia.,identidade
167349,Bento tinha bom peito.,aparencia
168136,Esperando ele vortar.,identidade
168374,"De moça prosa morena,morena ro- sa.",aparencia
168726,Abençoado o colo dessa mãe antiga.,identidade
169287,"Se ela é tua, é minha também!",identidade
169335,"Cabelos cor da noite, Pele de alvorada, Cacique entregou ao branco, A filha amada, Raízes de.",aparencia
169337,"Abençoado solo, Dessa mãe antiga, Por quatrocentos anos, Feitos de cantiga, Naquele doce embalo, Da canção tupi.",identidade
169359,Dizendo que se ela for chique.,identidade
169372,"Ele é vesgo, pois a profissão ensina, A ter um olho na esquina e outro olho no freguês, Assim de vez em quando ele escapa, Gozando a cara do ""rapa"", Que bobeou outra vez.",aparencia
169436,"Pra ele próprio depois derrubar, derrubar, derrubar.",comportamentos
169583,"Enquanto ela deu duro, não deram valor.",valores
169602,Tereza era tão bela.,aparencia
169651,Enquanto o que eles querem é diferente.,outros
169793,A mulher mal amada.,identidade
170284,E como eu fui pra ele muito boa.,identidade
170310,Procuro um homem direito.,identidade
170313,Nessa mulher tão coitada.,identidade
170492,"Moço solitário, poeta benquisto.",identidade
172268,Disseram que ela era maioral.,identidade
173481,Valentão é brigão.,comportamentos
173844,Igual a tia ziata.,identidade
174182,"É mensalão, mensalinho, ele é meu amigo, ele é meu padrinho.",outros
175011,"Bem se ve que ele é safado, Safadinho ele é.",identidade
175012,Cuidado minha gente que ele é saliente.,comportamentos
175016,"Ele é bonito, tão cheiroso e aprumado, Que a gente fica ate desconfiado, Então, tome cuidado, Meu bem, tome cuidado.",aparencia
175017,"Porque o gato é bonitinho, Mas porem ele é safado  .",aparencia
175635,"A moça triste que vivia calada, sorriu.",comportamentos
175880,Moça cheia de esperança.,valores
176443,Mulheres perfeitas.,identidade
176646,"Pensa que ele é feliz, coitado.",identidade
177229,Em mulher passarinho.,
178623,"Porque ela já tem um namorado legal, Descolado, tranquilo e astral, Que é até meu amigo...",identidade
179329,Denise é soberana.,identidade
179335,Denise é primavera.,identidade
179591,Se pra ela é champagne e caviar.,papel_social
179686,Sabe que ele é o senhor.,outros
179731,Ele é o sol.,identidade
179733,Ele é um dom.,identidade
179737,Ele é amor.,identidade
180193,Ser mulher direita.,valores
180532,Você menina moça.,identidade
180950,Sem ela sou tão triste.,identidade
181115,Oxum senhora bonita.,identidade
181149,"Anabela é caprichosa, nesse trunfo ele é bidu.",comportamentos
181298,"Ele é pai, é corvo também.",identidade
181566,E tanta moça bonita para a gente elogiar.,aparencia
181584,Em favor da eternidade onde o rei dos reis é rei.,valores
181728,"Ela é igual a mim -Não é, não -E sim, é sim!",identidade
181862,Moça flor.,identidade
181874,Moça flor vai chorar.,comportamentos
182006,Pela décima vez ela está inocente nem sabe o que fez  .,outros
182727,Ela estará sempre presente.,comportamentos
182875,"Ao se aninhar nos labirintos do meu coração, Vá que ela fique amuada.",outros
183323,Faz tempo que ele está vazio.,valores
184264,Menina bonita não chora.,aparencia
185786,Eu sou essa mulher tão triste.,identidade
186065,O senhor é dono.,
186625,"Um mulher diferente, De olhar e voz envolvente, Que atingisse a perfeição.",habilidades
186628,"Essa mulher fantasia: Dei-lhe a voz de dulcinéia, A malícia de frinéia.",identidade
187996,E ela alegre a noite inteira.,comportamentos
188896,Eles não querem ser profundos.,outros
189714,Você mulher perfeita.,identidade
189949,Emengarda num é mais pura i neim donzela aquele cabra safado num quis si cazá cum ela ´gora ela vive aí prus canto chorano como cundenada quano ela passa todo mundo diz: - Coitada da.,identidade
190150,"""Mãe negra amamentou.",identidade
190163,Minha mãe é tão linda.,aparencia
190180,"Minha mãe é minha deusa, minha musa, minha super, minha superstar  .",identidade
190209,Moça tão bela e faceira.,aparencia
190306,"O mágico e a mulher barbada causando enorme sensação e um boiadeiro dançando ""catira"" batendo os pés nos chão.",identidade
190344,"Ah seu doutor, me perdoe o impropério mas se eu saí do sério é porque eu já me enchi de viver ""duro"", comendo batata frita enquanto o senhor ""agita"" um belo.",identidade
190424,Falam até que o homem é o dono do mundo.,valores
190486,Quem é você pra querer julgar o mundo dizendo que ele é imundo se a sua própria mente você não pode limpar ?,
190670,"tanta injustiça, tantos crimes sociais, tanta miséria, tantos homens marginais...",valores
191204,"Do homem mais sozinho, A sonhar, A sonhar ""Os.",identidade
191953,"Ele é bom, bom, bom, bom.",identidade
192492,Ela é mais enrolada.,identidade
192635,"É Pra que falar, Nem vou pensar, Ela vai var.",outros
192749,"Se essa vida é bonita, ela é feita pra sonhar.",aparencia
192915,"Garota coqueta, Metida bacana, Que vive na praia.",identidade
192980,A vida dum rapaz legal.,
193346,"Vem, menina feia.",aparencia
193975,"mulher bonita assim, carioca assim, Rio.",identidade
194792,"Ou pelo espinho da flor, Cruel que você ama, Amante do drama, Vem pra minha cama, Por querer, sem me perguntar me fez sofrer, E eu que me julguei forte, E eu que me senti, Serei um fraco, Quando outras delas vir, Se o barato é louco e o processo é lento, No momento, Deixa eu caminhar contra o vento, Do que adianta eu ser durão e o coração ser vulnerável, O vento não, ele é suave, mas é frio e implacável, (É quente) borrou a letra triste do poeta, (Só) correu no rosto pardo do profeta.",outros
194809,"-Esse brown aí é cheio de querer ser, Deixa ele moscar e cantar na quebrada, Vamo ver se é isso tudo quando ver as quadrada, Periferia nada, só pensa nele mesmo, Montado no dinheiro e cês aí no veneno, E a cara dele truta?",comportamentos
194830,"- Se só de pensar em matar já matou, Eu prefiro ouvir o pastor: - Filho meu,não inveje o homem violento e nem siga nenhum dos seus caminhos...",comportamentos
195169,Você só aparece pra me destruir [...] Eu vou beber pra te esquecer...,comportamentos
195198,"Vem gostosinha vem, vem gostosinha   (2x) Ela é toda gostosinha.",aparencia
195275,Ô menina doida...,valores
196847,"Ou na festa junina: O garoto magrela caiu, Minha sina cair.",aparencia
196942,Mas posso ver que ele é sincero.,identidade
196956,Era uma mulher comum.,identidade
196980,Homens imorais.,identidade
197660,Já fui rei aventureiro.,papel_social
197931,Quero ser namorado marido seu amante.,papel_social
197933,Voce ah mulher perfeita eh tao bom te amar.,identidade
198514,És a deusa asistral no meu mundo irreal.,identidade
199740,Eu me entrego com meus versos de moça poeta.,identidade
200129,"Ó mãe amada, tu és assim, perfume de rosas um doce pra mim.",identidade
203546,Ele é meu encanto.,identidade
203863,Que me faz uma mulher feliz.,habilidades
204328,Pois ele é santo e santos nos quer.,identidade
204468,"Sacerdote, Rei glorioso.",identidade
204476,Rei eterno em tudo tem poder.,valores
204690,"Bahia que não me sai do pensamento ai, ai que saudade eu tenho da bahia ai, se eu escutasse o que mamãe dizia: ""bem, não vá deixar a sua mãe aflita a gente faz o que o coração dita mas esse mundo é feito de maldade e ilusão"" ai, se eu escutasse hoje não sofria ai, esta saudade dentro do meu peito ai, se ter saudade é ter algum defeito eu, pelo menos, mereço o direito de ter alguém com quem eu possa me confessar ponha-se no meu lugar e veja como sofre um homem infeliz que teve que desabafar dizendo a todo mundo o que ninguém diz vejam que situação e vejam como sofre um pobre coração pobre de quem acredita na glória e no dinheiro para ser feliz  .",identidade
204856,"Ele é poderoso, Ele está por cima.",
204991,Ele é ungido e nasceu pra bilhar.,identidade
204992,Ele é diferente e ainda digo mais.,outros
205544,"Igarassú, cadê tuas moças bonitas.",outros
205771,A mãe passava neocid no piolho do filho.,outros
205950,Eles eram tão úteis.,comportamentos
206157,Ela é tão indiscreta.,comportamentos
206764,O senhor sexagenário.,identidade
206853,O doutor dirley é tão legal.,identidade
208444,Ilumina a mina escura e funda.,outros
208833,Tu és a dama mais formosa.,aparencia
208845,Tu és a dama mais tesuda.,comportamentos
208958,Rapaz casado com dez filhos.,identidade
209204,Por causa dela sou um rapaz muito capaz de trabalhar.,habilidades
210704,Tem a moça quituteira.,outros
210737,Moça flor é você a mais flor.,identidade
210748,Moça flor vai chorar é o amor  .,identidade
211168,A mulher perfeita tem que ser decidida.,
211176,Talvez a mulher perfeita seja pura ilusão.,identidade
211643,Sempre parecendo um bom rapaz foi tão fácil de me convencer.,identidade
212814,O fodão e a donzela felizes e sem fim.,identidade
212857,Ainda que ela fosse tão bacana.,identidade
212898,"Meu homem experiente,vacilou.",identidade
213273,Jovens moças indecentes.,valores
213635,"Avistar mina mais linda, logo que amanhecer.",identidade
213696,Que mulher gulosa.,comportamentos
213839,"Ai ela é cheirosa, ela é charmosa, ela é um tesão.",aparencia
213841,"Ela é cheirosa, ela é charmosa, ela é um tesão.",identidade
214262,Pegava onda e mil garotas afim..,outros
216807,Ela é tão sexy (Uoo).,aparencia
216825,Ela é tão sexy.,aparencia
216923,Mulheres linda.,
217693,Que ela é avó.,identidade
218749,Se ela não fosse casada eu lhe passava uma cantada.,papel_social
219105,O homem já tá velho demais.,identidade
219111,O homem fica amargo demais..,comportamentos
219349,era um homem lindo.,identidade
219444,"Ele sai elegante, e o que é que ele quer?.",aparencia
219639,Elídio que ele desce mais gelado.,identidade
220287,Ele é molhado e fedido.,identidade
220288,Ele é fedido e molhado.,aparencia
221443,Se ela for saciada.,comportamentos
221585,Você é dessas meninas deslumbrantes.,identidade
221586,Que só namora com homens perfeitos.,identidade
221751,ele tá deprimido e sabe bem o que fazer.,comportamentos
221755,e sabe que sua namorada está certa.,identidade
221760,Paulão tá puto com as rádios vendidas que não tocam seu som.,outros
221973,"Todas as mulheres são belas, todas elas merecem.",identidade
222173,Elas sabem ser chatas quando querem.,comportamentos
222395,Mulher bunduda e burra vale mais a pena (x2).,identidade
222396,Já tive namorada economista.,valores
222413,Já tive namorada proctologista.,identidade
222415,Já tive namorada esteticista.,papel_social
222428,Já tive namorada nutricionista (han).,identidade
222528,Homem é bicho idiota.,identidade
222552,E ele desempregado.,identidade
222599,Mauro é fã de black sabbath e diz que ozzy osborne.,identidade
222732,"Mulher maluca, de onde você saiu.",comportamentos
222976,nas mãos de uma mulher cruel.,identidade
223071,E quem está só acha todas as mulheres fatais.,identidade
223119,Ela anda tão arrependida.,comportamentos
223161,Ela tá cheia de vertigens.,comportamentos
223175,Que não existe mulher feia.,aparencia
223184,Onze e meia - ela é muito burguesinha.,identidade
223415,E por falar em teses e na pátria amada mãe gentil.,identidade
223496,"Maria rita, menina linda, tu nunca me dá bola.",aparencia
223915,E elas sabem ser chatas quando querem por que elas tem.,outros
224263,Transar com mulher nova tira a nossa paz.,identidade
224803,Com a mãe doente numa cama de hospital.,outros
225556,"Dudu já tá alucinado, já é meio caminho andado.",identidade
225558,E pro rapaz não ficar triste nóis vamo onde as nêga são ativa.,identidade
225919,Ela era linda e gente fina.,identidade
225925,Uma garota tão legal.,
226181,Ela é perigosa....,comportamentos
226394,Lanterna tá quebrada.,outros
226581,Sheldon era tão consciente.,comportamentos
226583,Sheldon era muito exigente.,outros
226614,Não deu jeito ele foi ser garçon.,habilidades
227084,"Mulher dona-de-casa, mulher pra presidente.",identidade
227090,Tanto faz se ela é machista ou se é feminista.,identidade
227246,eu seria o homem certo pra você.,identidade
227277,Ela é ingênua e otimista.,identidade
228080,O homem ainda é o lobo do homem.,identidade
228688,Ela é capaz de fazer.,valores
228828,As garotas são fáceis.,valores
229405,Somos os garotos loucos.,
229831,Rapaz inteligente.,identidade
230140,Ele é natural e muito eficaz.,habilidades
230195,Eu poderia ser o homem mais feliz do mundo.,valores
230539,Ele está sozinho.,identidade
230565,Ele gosta de garotas quentes.,comportamentos
230568,Ele é doido.,identidade
230579,Ele gosta de garotas frias.,identidade
230627,Se existem reis capazes de nos manter na linha.,outros
230778,Ela é a rainha.,identidade
230898,Ele está aqui sozinho de novo.,identidade
231125,"Sua cama bagunçada, me diz que ele estava triste.",identidade
231617,Isso tudo me torna um homem melhor.,valores
231627,Então agora eu sou um homem melhor?.,outros
231766,"Eu fico louco por ele, ele é meu amor.",identidade
231771,Ele é fantástico!.,identidade
232291,como um garoto sozinho.,identidade
232558,"Até que ele descubra, ele está sozinho?.",
232784,"Eu conheço, uma garota estranha.",identidade
232807,"Sua alma fria, me diz que você é uma garota depressiva.",comportamentos
232820,"Sua alma fria, me diz que você é uma garota diferente.",identidade
232870,Ele é meu amigo.,papel_social
233009,"Sujo e fedido, homem perfeito.",identidade
233059,Ela é minha amiga (ela está aqui).,valores
233109,"Ela é rápida, e contagiante.",habilidades
233112,"Ela é rápida, e contagiante, ah!.",comportamentos
233136,"Ela é rápida, e contagiante, sim, sim!.",habilidades
233137,"Ela é rápida, e contagiante, contagiante.",habilidades
233138,"Ela é rápida, e contagiante, ah, ah!.",identidade
233139,Ela é perfeita.,identidade
233147,Ela segura minha mão.,comportamentos
233160,E ela está perdida dentro de min.,outros
233164,Dentro de min ela segura minha mão.,outros
233530,Ele era perfeito.,identidade
233802,Você diz que ele é pálido!.,identidade
233823,Você diz que ele é pálido.,aparencia
235243,"Todo homem quer ser feliz, até aquele que vai se enforcar!.",identidade
236830,Todos os homens são iguais.,identidade
237311,"Mas ela é linda, só falta uns dentinhos.",aparencia
238735,"Sou rapaz honesto, trabalhador.",
239226,Nora namora um homem casado.,identidade
239844,"Mas ela é linda, muito mais do que linda.",aparencia
239853,"Porque ela é linda, muito mais do que linda.",aparencia
240970,"Ela tava doida, agora a culpa é minha?.",comportamentos
241128,"Eu quero você, mulher robot.",comportamentos
241129,"Pra sempre você, mulher robot.",outros
241136,"Eu quero você, mulher robot sempre você, mulher robot.",identidade
241244,"Um pouco dela, uma mulher sincera.",identidade
241854,De que ele não foi capaz de compreender o que ela.,outros
243052,Ela quer ser chique.,identidade
243121,"Ele é o dono, ela é o cão.",papel_social
243124,Ele é o senhor.,identidade
243125,Ela é a escrava.,identidade
243126,Ele é o doutor.,identidade
243143,"Ele é o senhor, ela é o bicho.",identidade
243144,"Ele é o doutor, ela é o lixo.",
244441,"Argentina com uma pintora judia, casou-se pela segunda vez com uma princesa africana no.",aparencia
244467,Turista francesa fotografada semi-nua com o namorado árabe na baixada fluminense..,identidade
244751,"Me imaginei na foto chorando, ele ainda deve tá triste,.",identidade
244768,"Imaginei na foto chorando, ele ainda deve tá triste.",comportamentos
245390,Morre o homem sadio.,outros
245640,Cristo não é biscoito.,identidade
245919,Ele foi feliz.,identidade
247573,"Transa só menina casada, ele é mesmo o cão.",outros
247696,Ela é inocente.,identidade
247796,Ela era irmã do.,identidade
247799,"E eu era apenas um rapaz pobre, então....",outros
247807,Que ela era irmã do.,outros
247845,ela tava certa.,outros
248052,Tapa na cara do homem hipócrita....,comportamentos
248881,Das mulheres mais bonitas do povo mais feliz.,identidade
248982,"Menina doce, tão fatal.",identidade
249078,Ela é tão simples quanto a poesia.,identidade
249552,A mulher brasileira está consagrada.,identidade
249570,"O que eu vou dizer não há como negar, mulher brasileira em primeiro lugar.",identidade
249574,Que toda mulher brasileira está consagrada em primeiro lugar.,identidade
249846,Ele vem cheio de tara no olhar.,comportamentos
250016,A gente pensa que ela é fácil como é..,identidade
250680,"Yeah, ah, ah ela é toda vitamina.",identidade
250682,"Yeah, ah, ah, ela é toda adrenalina.",identidade
250860,Sandrinha era caçadora e os ômi a caça.,identidade
250870,Sandrinha é vagabunda.,identidade
250878,"Sandrinha é punk, funk, junk.",identidade
250880,"Sandrinha é santa, é fera, e rasta pode, pode ser.",identidade
251137,"Ela está suada, pronta prá se derreter.",comportamentos
251138,Ela é puro êxtase.,identidade
251436,"Ela é demais, ela é nota 10.",identidade
251875,O namorado é lutador de jiu-jitsu.,habilidades
251956,Ele é tão animal.,papel_social
251957,Ele é o terror.,outros
252065,"Ele sem-vergonha, o povo sem dente.",identidade
252971,Essa mulher completa a minha tara.,identidade
253052,"O homem preto bate o sino, é o sinal.",
253213,Ela é toda vitamina.,identidade
253215,Ela é toda anfetamina.,
253288,"Benedito é preto, pobre e velho.",aparencia
253297,Esculachado mas jamais ele foi marginal.,comportamentos
253325,Essa menina é bacana.,comportamentos
253337,Ela é alto astral.,identidade
254908,Ela é fashion!!.,
255406,"como ela é tão gata, como ela é tão gata.",aparencia
255780,Mulher insatisfeita é um perigo..,valores
255803,Mulher insatisfeita é um perigo:.,identidade
257349,Ele é o dono da noite.,identidade
257370,"Ele é o dono da noite, eu sou a dama da noite....",identidade
257510,É que as mulheres disfarçam bem melhor.,comportamentos
258660,Mulher bonita.,aparencia
258673,Eu sou o homem mais feliz.,identidade
258676,To coladinho na menina mais charmosa.,identidade
259344,Como ele é tão perfeito.,valores
260552,Ela já foi namorada.,
260572,Ela é feita pra apanhar!.,identidade
260573,Ela é boa de cuspir!.,habilidades
260600,Ela é feita pra apanhar.,outros
260601,Ela é boa de cuspir.,habilidades
260614,E ao deitar com homem tão nobre.,identidade
260676,"é canção de vida, é mulher divina e vou mostrar por quê.",identidade
260703,Nunca vi rapaz solteiro.,comportamentos
261163,Quis ser reconhecido no futuro.,outros
261458,Ela foi mais feliz.,comportamentos
262300,Estava um homem paralítico em.,aparencia
262401,"Porque o senhor é meu pastor, o.",identidade
262429,"E Ele foi fiel comigo,.",identidade
262836,O menino lindo.,aparencia
262899,Ele é o amor e eu quero ser também.,aparencia
263308,Morreu o homem velho.,identidade
263841,Ele é abrigo.,identidade
263854,Porque ele é contigo.,identidade
264100,meu futuro é ele e ele é o lugar.,valores
264403,É que homem apaixonado fica bobo.,identidade
265380,"O Senhor é meu pastor e nada me faltará,.",valores
265433,"Ele é abrigo, Seu amigo..",identidade
265475,"Ele é pai, e eu sou filho.",identidade
265575,Ele foi fiel comigo.,identidade
265585,Jesus é lindo.,valores
266117,Pois com ele seguro serás.,identidade
266444,(Ele é maravilhoso).,identidade
268155,"Ando pela rua, vejo uma garota desfilar.",comportamentos
268158,"Olho na calçada, vejo um homem rejeitado pelos seus.",identidade
268231,"Um desacreditado, menino novo qualquer.",identidade
268283,Senhor muito feliz eu fiquei.,outros
268608,"Ele é o sol que brilha, pra todos na escuridão.",identidade
268617,"Ele é o sol que brilhar, pra todos na escuridão.",identidade
268706,"Ele é o som da vida, Jesus em minha vida.",identidade
268731,Ele é o cordeiro que vem do céu.,valores
268877,Era um menino protegido por meus pais.,identidade
269040,Ele é meu salvador.,identidade
269041,Ele é meu redentor.,identidade
269260,"Ele é o criador da terra, ceu e mar.",
269339,Um homem natural.,identidade
269617,"Não manche as vestes, Ele é fiel.",identidade
269954,"Tu és o rei eterno, que morreu por mim.",identidade
270102,Senhor estava pronto pra lutar.,identidade
271138,Ele está comigo.,outros
274875,Eles estão parados de pé.,comportamentos
274907,Eles para serem eles mesmos e quando por instinto.,identidade
278059,porque ele é eterno em te comprometer.,valores
278446,"Se todas eram problema, ela é solução.",comportamentos
278447,Pra minha loucura ela é a cura.,identidade
278453,"Ela é sincera, fora do padrão.",identidade
278454,Dama na rua mas na cama ela é perdição.,comportamentos
278526,"Ela é uma sextape, um clássico no sense.",aparencia
278677,Ela é minha cara.,identidade
278792,"Que ela é toda imoral, de olhar já passo mal.",comportamentos
279028,Ela é onda de lisérgica é o paraíso.,identidade
279224,"Mulher insana, quer causar meu fim.",identidade
279252,"Ela é ninfo, sex simbol, ela que me devorou.",identidade
279711,"se ele é possessivo, só quer te prender.",comportamentos
279736,"se ele é emotivo, eu sou mais racional.",identidade
280100,Porque ela é bipolar e com todos os defeitos.,identidade
280101,"Quando quer, ela é perfeita pra ser minha mulher.",identidade
280120,Porque ela é bipolar e com todos os defeitos quando quer.,comportamentos
280277,Esse amor que nunca vem.,valores
281462,Ela está pronta e se vestiu pra matar.,aparencia
282808,perdido agora como um homem cego num mudo de silêncio.,outros
283645,Ele é tão chato que podia morar num envelope.,identidade
284953,"Ele é bom, é o bom, é o bom,.",
284963,"""Ele é o bom, é o bom demais!"".",identidade
285106,Se tinha uma garota que ele fica afim.,outros
285184,"Xuxa é muito feia, não é boa.",identidade
285247,Ele ficou agressivo.,comportamentos
287982,Eu tô sabendo que ela é namoradeira.,comportamentos
288506,"Ele é bom,.",
288805,E ela dengosa suspirou e até sorriu.,comportamentos
289414,Talvez nós podemos ser a visão do sonho de um homem perfeito.,valores
290435,Rosa é cor de gay.,valores
290735,Ele é nosso amigo e sua palavra.,papel_social
292263,Ela é fofa assim.,identidade
293365,(ela é fabulosa) !.,aparencia
294664,Se ele é um homem triste.,identidade
296351,Nem solos de guitarra ou namorado pop-star.,outros
296903,"Presta atenção,meu namorado é o carlão.",identidade
297471,Pra puxar o fio da paixão.,comportamentos
297883,Ela é suave assim.,
298635,"Se ela está presente, eu vou.",comportamentos
298646,Se ela está presente eu vou...,comportamentos
298684,"Se ela está presente eu vou, eu vou.",identidade
299076,O sangue de um homem mau.,comportamentos
300169,Ela flutuava lépida.,comportamentos
300178,Ela despertou-se tímida.,comportamentos
300415,Se ela é tão bela.,aparencia
300585,Todas elas juntas vão dizer: é tarde.,comportamentos
300713,"Blás, homem galante.",identidade
300870,Charles agora é o rei mais novo.,identidade
301055,Moça preta do.,identidade
301081,Moça linda do.,aparencia
301267,Zilda ta sozinha com os filhos pra criar.,comportamentos
301835,Menina mulher da pele branca.,identidade
301941,Até dizem que o senhor é incapacitado.,identidade
301947,"Acerca de homem cego, quem tem vista dá o mote.",habilidades
302660,O homem é um lobo.,identidade
304629,Mina bonita.,
304781,"Ele é o bom, é o bom, é o bom.",identidade
304804,"- Ele é o bom, é o bom demais.",identidade
307222,Ele é livre e moderno nem grinalda nem terno.,comportamentos
309339,Traz de volta o tempo que ele mesmo levou.,comportamentos
311541,Eu era um homem santo mas agora.,comportamentos
312218,"Ele é lindão, ele é lindão, Jesus lindão.",aparencia
312220,"Ele é lindão, Jesus lindão, é meu pai grandão.",identidade
312431,Menina linda se anima e vem comigo.,identidade
312681,Toda menina baiana tem um santo.,identidade
312683,Toda menina baiana tem encanto.,identidade
312685,Toda menina baiana tem um jeito.,identidade
312687,Toda menina baiana tem defeitos também.,identidade
313457,Da mulher carioca!.,identidade
313458,Mulher carioca da pele morena.,identidade
313468,Mulher carioca não é brincadeira.,valores
314149,Ele é todinho seu.,identidade
314194,"Ela é necessária, é o escândalo geral.",identidade
314211,Mas ela é necessária é o escândalo geral.,outros
314760,Ele é o dono do poder.,
314863,Mas comigo ele foi covarde e malvado.,
314907,Ele é digno.,identidade
315311,Ele é exaltado.,comportamentos
315498,Ele é fiel!.,identidade
315714,"O Senhor é bom e eterna é a sua misericórdia,.",identidade
316017,Menina linda.,aparencia
316022,"Chega de papo e enrrolação, escute essa canção você pra mim não tem mulher igual.",outros
316914,Menino impossível.,identidade
317353,Ilumina a mina escura.,outros
318614,Uma era a mulher ideal.,identidade
318645,Lembro que ele estava inteiro direito.,outros
318852,"Que não comete loucuras se ela é tão linda, se ela tão.",aparencia
322760,Sou menino cantador que só quer falar de amor.,identidade
323933,"Ela é fera, muito fera.",habilidades
324256,Mulher bonita e cheirosa a pressão vai a mil.,aparencia
324460,Já tinha selecionado mulheres bonitas e feias.,comportamentos
324461,Tenho os lábios calejados de beijar mulher alheia.,comportamentos
324686,"Por que ele é sincera, não é igual aquela ingrata.",comportamentos
325285,se ela é tão louca.,comportamentos
325708,"O ponteiro, moço novo.",aparencia
325753,"Joãozinho foi infeliz, à partir desse momento.",identidade
326032,Companheiros ela vive tão distante.,valores
326142,A moça rica por amar um moço pobre.,identidade
326257,Não manche o nome de um homem inocente.,papel_social
326396,Se quiser que eles sejam embalado.,comportamentos
326502,O astro rei majestoso nas manhãs mais coloridas.,papel_social
326701,Ela é minha companheira nas minhas contrariedades.,identidade
326858,Quero ver esse mineiro voltar de a pe pra minas gerais.,outros
326891,Pra sua mãe dizia cheio de fé.,
326898,Senhor é um velhinho muito pobre.,identidade
326904,O inocente vendo aquele homem barbudo.,outros
327120,Querida mãezinha eu te agradeço.,valores
328785,Tá pra nascer a mulher capaz de me fazer chorar.,identidade
328942,Tá pra nascer uma mulher capaz.,identidade
328948,"Chiquinha, menina nova.",aparencia
329238,Ela é muito mulher..,identidade
329249,Realmente ela é a mulher.,identidade
329369,"Gosto de mulher viúva,de solteira ou desquitada.",comportamentos
329370,"E por respeito ao marido, evito mulher casada.",
329404,Voce flaa casaento e ele já fica nervoso.,comportamentos
329405,Voce nunca percebeu o quanto ele é maldoso.,outros
329507,Os pés de moça bonita moram dentro do chinelo.,identidade
329875,"Minha mãe tava muito doente, pra mim foi um golpe dolorido.",comportamentos
330035,Moça delicada é a flor da bonança.,aparencia
330040,Ela é fazendera de muitas finança.,identidade
330068,Menina bonita que eu tanto amei.,aparencia
330153,Ele cheio de esperança.,valores
330261,Ela era minha maezinha adorada.,valores
330338,Menina muito bonita que parecia um botão de rosa.,aparencia
330347,A flor que estava em leilão por todas moça foi cobiçada.,comportamentos
330356,"Só não trouxe ela comigo porque eu já sou um homem casado ai, ai, ai.",identidade
330415,E ele mesmo envelheceu sem nada.,identidade
330532,Pobre mulher tinha sido obrigada.,comportamentos
330571,O senhor vai ficar véio.,identidade
330640,Onde se mata um homem bom.,identidade
330708,Ele é perigoso.,comportamentos
331098,"Menina linda, o que você fez com a minha sanidade?.",identidade
331111,Menina linda eu não entendo porque tanta indiferença.,aparencia
331284,Ela é tão linda.,aparencia
331288,Ela é uma gata.,aparencia
331304,Ela é bela.,aparencia
331378,"Ela é linda, linda.",aparencia
331380,"Ela é linda, linda linda.",identidade
331402,Até chegar lumiar.,outros
332034,"Menino pobre, tão carente.",valores
332294,Ela estava infeliz e magoada.,identidade
332297,Ela estava deprimida.,comportamentos
332462,"Verso encantado usei, meu namorado é rei.",identidade
332552,Também entrou uma moça igual um botão de flor.,identidade
332553,Achando a moça tão bela o rapaz falou pra ela.,aparencia
332560,Você é um rapaz tão pobre não namoro pé rapado.,identidade
333072,"Rosinha estava mais linda, como uma flor parecia..",aparencia
333191,Quando eu vi a morena que moça bonita.,aparencia
333498,E a filha está abandonada..,papel_social
333532,Deixei ela sozinha num banco chorando.,comportamentos
333568,"Porque o homem é feito de sonhos, ideais e compromissos..",valores
333632,"Ela é culpada ê, ê, ê, boi.",identidade
333889,O senhor mesmo foi o vigário.,comportamentos
333904,Por penitencia senhor vigário.,valores
333916,Senhora sertaneja dona do meu mundo.,identidade
334001,Serviço de seis peões ele sozinho me fez..,
334263,Combater o rei tirano homem ruim a religião..,
334272,Quase louco envaidecido lhe falou o rei maldito.,identidade
336414,Natalia é muito paia.,identidade
336417,Ela é tão legal ela me ama.,comportamentos
336853,Pedi perdão e disse adeus ao homem triste.,identidade
337879,"Serei enfim, um homem livre.",identidade
338098,A maldição de homens maus.,identidade
339848,"Mas, ele é indurável.",outros
340540,Homens santos de.,outros
340544,"Deus, homens santos de.",identidade
342114,Ela é real.,identidade
343526,Menina preciso dizer.,outros
345260,Ela é uma rainha e tem.,identidade
345705,E um garoto pobre o que é que pode?.,identidade
346229,Então de repente ele chega arrebatador.,comportamentos
346254,"Ela é predadora, um animal selvagem.",identidade
346988,"Ela era a rainha da noite, sua corte, seus servos.",papel_social
347006,Ela era a rainha na cama generosa nascente do amor.,
347009,"Ela era a rainha vadia, indefesa era como uma flor.",
347351,Eu estava olhando aquela menina perfeita.,identidade
347454,Eu vejo gigante e penso como ele é grande.,aparencia
347462,"Sou impotente, ele é onipotente.",identidade
347810,Ele é tão bonito.,identidade
347949,"A promessa é certa, Deus é fiel pra fazer cumprir.",valores
348141,Ele é fiel.,comportamentos
348727,Ele é meu refúgio contra as águas do mar.,identidade
348776,Ele é meu refugio.,identidade
349460,"Ele é fiel, para cumprir.",identidade
349532,"Jesus é legal!"".",identidade
351568,Foi ela mesma quem me disse pra eu te procurar.,comportamentos
351717,Menina linda na parada de baú.,aparencia
351820,"""Essa menina é massa,vai te deixar arretado"".",aparencia
351863,"Gamei na coisinha linda e ela dá alguns mole pra mim, tremenda de uma princesa linda, fina flor do meu jardim.",identidade
352009,"Agora ela é viciada, sorriso de orelha a orelha.",comportamentos
352025,Ela é fêmea e eu sou macho.,papel_social
352362,Porque em moça bonita não se bate.,aparencia
352441,Sua mulher já tá cansada e não dá nenhum valor.,comportamentos
352534,"Ela é gostosa, ela é gostosa e meia,.",aparencia
352771,É uma cobra serpentina que só ataca mulher boa.,identidade
352982,Que aquela menina linda me deixou.,comportamentos
354226,Menina feia.,aparencia
354231,Luci é feia.,aparencia
354237,"Luci é livre, a verdade então.",identidade
354239,Luci é linda.,identidade
354517,Essa menina é uma delícia.,
354529,Ela é uma classe diferente de mulher.,identidade
354541,Na segunda ela muscula pra perder sua barriga.,outros
354674,Ela é teúda no grau e é graúda no pau.,outros
354712,"Bombom, camarão, mulher boa é violão,.",outros
354785,"- ""Menino doido!",identidade
355273,Era uma garota feia desdentada do cabelo ruim.,aparencia
355276,"pela mulher mais feia da região"".",identidade
355287,Juro por deus era a mulher mais feia que eu já vi.,aparencia
355808,Eu já conheço as pistoleira e cansei de mulher rampeira.,comportamentos
356002,Moça bonita do jeito que a nêga grita.,identidade
356106,"Menina linda quente, fora do normal.",identidade
357319,Menina linda estava ali sem par.,aparencia
357329,"Nunca se esqueça, menina travessa.",comportamentos
357797,Sou um homem direito.,comportamentos
358096,Não que ela seja importante assim.,valores
358171,Olha só como ela é linda.,aparencia
358371,"Olha só como ela é linda, a vida é toda fina.",
358426,Ela é tão linda e de longe eu não dava nada.,aparencia
359076,Ele nunca esteve tão feliz.,comportamentos
359083,E ele nunca esteve tão feliz.,aparencia
359677,Homens cegos guiam os perdidos.,valores
361522,"Ela é tão linda , Dissimulada.",aparencia
362686,Faz ela feliz.,identidade
363126,"Eita mina top, toda empinandinha, sainha colada.",aparencia
363129,"cara de safada, essa mina é muito louca.",identidade
363425,"Maria eram gêmeas, feliz juntinhas crescia.",identidade
363434,Maria que ela vai passeá.,comportamentos
363704,Deus mandasse ele mesmo que fosse aleijado.,identidade
363890,Depois arrumo uma agulha com barbante e a minha filha rosina te remenda num instante.,identidade
363999,Ele é inocente.,identidade
364287,Hoje eu posso dizer menina linda.,identidade
364400,A menina mais linda que eu já vi.,aparencia
364461,A menina mais linda.,aparencia
364518,Por isso que eu digo que um rapaz solteiro.,
364751,gostei de uma mulher foi minha infelicidade aluguei um.,outros
364753,A mulher era bonita muito cheia de vaidade imobilhei o.,
364768,"Titio era cuiabano, nessa lida também me criei.",identidade
364769,"Ele era criador de gado, no seu regime me acostumei.",
364901,Era uma garota linda.,aparencia
365373,Quem é você moço estranho?.,aparencia
365382,"Que o senhor mesmo matou, ai.",aparencia
365550,E a menina quase morta.,
365721,Carreirinho é apelido de violeiro.,identidade
366549,Um homem quando tá apaixonado se arruma se perfuma e manda flor.,identidade
366551,Um homem quando tá apaixonado se arrisca e vai com tudo pra valer.,comportamentos
366986,Homem bem alto pensa ser o maioral.,aparencia
366997,Homem careca tem mania de dizer.,comportamentos
367007,Homem bem gordo vive contando vantagem.,aparencia
367017,Homem baixinho diz que faz economia.,aparencia
367028,Moça gorda era a.,identidade
367194,Mas a menina inocente.,identidade
367279,Quero a morte para ele ser feliz.,outros
367322,Jacozinho já tava impedido.,outros
367470,mesmo ela sendo tão jovem e eu um homem casado.,identidade
367500,Para mim ela hoje é uma sombra.,identidade
367633,Moça bonita é a.,aparencia
367805,Na planície do oceano.,outros
367983,O homem é bicho tratante.,identidade
368136,"Eu sou igual a vocês, um homem simples do povo.",identidade
368178,Eis aqui ombro a ombro comigo um homem simples do povo.,identidade
368727,É neste ponto senhor juiz que eu queria ter chegado.,
368729,Chamando a sua atenção e dos senhores jurados.,identidade
368732,Ouçam a voz da consciência julguem senhores jurados.,outros
368769,Um moço triste entrou e disse.,identidade
369039,Eu sou rapaz solteiro atrás não deixo pensão.,identidade
369060,Sua esposa era leviana.,identidade
369078,Para ver ela feliz.,identidade
369288,Eliana é paraguaia.,identidade
369293,Eliana é fazendeira.,papel_social
369297,Ela é considerada.,
369298,Uma dama brasileira.,aparencia
369511,Logo ele foi convidado.,outros
369555,Adalto era um moço pobre.,identidade
369574,Um moço rico apreparado.,identidade
369747,Rosinha estava mais linda com uma flor parecia.,aparencia
369854,Ver minha mãe querida inerte num caixão.,papel_social
369920,Ela é bem afinada que nem clarineta.,aparencia
370167,"Na selva ele é o soberano ai, ai.",identidade
370313,Faz carinho pra mulher casada.,identidade
370639,É a garota mais bonita que já vi.,aparencia
370724,Vai até minas gerais.,
370732,Chegando em minas gerais.,outros
371164,Eu sou um homem solitário nessa vida.,identidade
371188,Flor menina misteriosa.,comportamentos
371279,Foi uma princesa branca.,identidade
371372,E eu deixo ele nervoso.,habilidades
371386,Você deixa ele louco.,comportamentos
371558,"Se seu pai descobre, ele é chumbo quente.",outros
372680,Tenho certeza que ela está desesperada.,identidade
372752,Me apaixonei de repente por uma mulher bonita.,identidade
372765,Ela é água cristalina.,aparencia
372938,Mamãe é tão boazinha e não merece morrer.,identidade
373005,E ela contente só junto de mim.,aparencia
373045,não era assassino nem homem covarde dizia a verdade.,identidade
373063,sabendo a verdade o rei soberano tracou varios planos.,comportamentos
373199,Pernambuco ele foi nascido.,papel_social
373302,Senhor radialista lhe escrevo esta carta.,valores
373306,"E muito obrigado, senhor radialista.",comportamentos
373341,Enquanto ele vive fraco.,aparencia
374217,"Choro de mulher é arma,.",
374224,"Pra não ver o homem triste,.",identidade
374328,Um homem muito sozinho.,outros
374650,O homem já milionário.,identidade
374655,Ele estava acostumado.,
374682,Ele era mesmo mesquinho.,identidade
374762,Ele foi acorrentado.,identidade
374764,O rapaz foi algemado.,outros
374963,Marlene era tão devota.,comportamentos
374968,Porque era um moço ateu.,identidade
375147,"(nossa, ela era tão linda agora tá grande.",aparencia
375149,Não existe mulher feia.,identidade
375721,A sua filha é minha nora.,identidade
375974,Mas por enquanto deixa ela quieta.,comportamentos
376145,Gumercindo pro revanche logo ele foi convidado.,outros
376236,Ser heroi de alguem e melhor ainda ter do lado a mulher maravilha.,identidade
376277,Ela estava tão linda na quela janela.,aparencia
376294,Eu acho ela top.,
376296,Eu acho ela boa demais.,habilidades
376302,Eu acho ela boa demais..,identidade
376597,Quando ela fica louca.,identidade
376668,Minha flor querida é tão amorosa.,identidade
377090,"Sem aliança, mãe solteira.",identidade
377093,"Mãe solteira, que importa?.",identidade
377201,Meus amigos dizem que ela está contente.,comportamentos
377209,Meus dizem que ela está contente.,identidade
377566,"Deus tarde, mas não falta, Ele é justo.",identidade
377668,Mas ele fica feliz mesmo até recompensado.,identidade
377766,Carrego moças bonitas.,aparencia
377999,Visitei minas gerais que é o berço onde nasci.,
378028,"Vendo minha mãe paralítica, sem um sinal de melhora,.",papel_social
378029,Levei ela confiante ao.,comportamentos
379217,que ela era a mulher que tanto esperei.,comportamentos
379235,Deus oh senhor poderoso eu lhe faço um pedido.,valores
379309,Ela é culpada auê uê uê ê boi.,identidade
379311,Ela é culpada auê uê uê ê boi de eu viver nas estradas.,identidade
379652,Com grande esperança ele luta sozinho.,valores
379673,Minha esposa muito linda.,aparencia
379712,"Deus sabe, minha gente.",valores
379937,Se ela é feliz.,aparencia
380222,neste instante respondeu um homem sou reporter de um.,identidade
380310,Mas se eu pegá esse gato eu vô fazê ele miá em dó maior.,habilidades
380357,Com a moça brasileira.,identidade
380506,Me disseram que ela foi vista com outro.,comportamentos
380563,Ele era valentão só gostava de arrelia.,identidade
380577,A mulher ficou contente quando viu o garotinho.,comportamentos
380580,Não sabia essa inocente que o menino era um diabinho.,identidade
380713,Augusto era um moço pobre.,identidade
380750,A minha filha querida.,outros
380969,Deus que mulher bonita.,aparencia
380993,As moças bonitas dançavam comigo.,outros
381182,Ele mesmo recebeu.,outros
381472,"Conheci um moço pobre, era um simples lavrador.",identidade
381491,"senhor pode fazer pra mim, acho que só senhor memo.",identidade
381853,Essa mulher fascinante.,
382345,moça bunita perdedéra.,aparencia
382358,moça bunita laço de amô.,aparencia
382574,Uma mulher insensível.,identidade
382790,"Aparece as macacoas, ele já fica cabreiro.",identidade
383299,Tá com a filha mal casada.,identidade
383504,Ela é casada por justa união.,papel_social
383971,"Se tem muita cerveja, também tem mulher bonita.",aparencia
384219,Pra te fazer sentir a mulher mais feliz do mundo.,habilidades
384813,Rapaz é difícil demais gostar.,comportamentos
384882,Esse homem sujo e cheio de remorso já sofreu demais.,identidade
385347,É muita mulher boa.,identidade
385418,"ele tá sujo, todo amassado,.",identidade
385528,"Ela chega linda, chega e apavora.",comportamentos
385569,Se ele faz gostoso então você faz melhor que ele.,comportamentos
385605,Já descobri que ele é seu ex.,identidade
385653,"Ela não é difícil, não é diferente.",comportamentos
385769,"Ela perde o controle, ela fica animadinha.",comportamentos
385788,"Ela é top, elite é modelo classe a.",aparencia
385875,A mulher tá largada de mim.,identidade
386385,Bebe la a cachaça ela é muito boa.,comportamentos
386452,eutão da licença seu moço zumbi por zumbi ja vivi.,outros
386468,Ela era sua esposa.,
386555,Bebe lá a cachaça ela é muito boa.,outros
388976,Zé tava casado.,papel_social
389255,Pra cantá ele tá morto.,outros
389289,Quando ela tá magoada vem se queixar no meu braço..,comportamentos
390286,Quando eu vejo uma mulher bonita.,aparencia
390290,Mulher bonita e carinhosa.,aparencia
390463,"Mulheres lindas, extravagantes, perfumadas.",aparencia
390566,Ser mulher direita conforme ela era.,identidade
390940,A juruti canta triste quando ela tá sozinha.,comportamentos
391134,"sonho com as madrugada,.",outros
391605,Lindas meninas praianas.,aparencia
392011,Caboclo é feliz no seu rancho de páia.,identidade
392124,"Quando ela quis casar,nao achou nenhum rapaz é desengano da vida,que o tempo leva e ano traz,ficou sozinha no mundo quando morreram seus pais,hoje vive com a saldade que do seu peito nao sai..",papel_social
392528,Minha mulher doce amiga e companheira.,identidade
392867,"E, se ela está feliz igual as rosas no jardim.",identidade
392896,Igual menina nova.,aparencia
393062,"Tô de namoro com uma moça solteirona,.",identidade
393065,"que ela é muito coroa, ela é madura já.",aparencia
393068,não interessa se ela é coroa panela velha é que faz comida boa.,identidade
393069,Menina nova é muito bom mais mete medo não.,identidade
393074,"ou alemoa, não interessa se ela é coroa.",outros
393080,"tem que ser mulher madura, porque ao contrário o problema se amontoa,.",identidade
393502,Diz que ela é muito forte comigo vai embaraçar.,comportamentos
393522,Ela é muito nervosa manda meu tio pros quinto.,comportamentos
393534,é que ela é uma baleia.,aparencia
393535,e beijo de mulher feia.,aparencia
393569,Assim fez de um homem honesto e honrado.,identidade
393638,Mas a moça é uma parada.,identidade
393863,Ele foi o criador.,identidade
393874,Herói foi consagrado.,papel_social
393940,"Meu pai foi peão paulista, minha mãe foi boiadeira..",identidade
393949,"A rainha camponesa era fia do patrão,.",identidade
393989,a nossa mãe carinhosa ajudava a levantá..,identidade
394069,"Ai, moça delicada.",comportamentos
394071,"Ai, moça caprichosa,.",habilidades
394204,"As moças namoradeiras cumprimentando primeiro, ai, ai!.",identidade
394311,Minha mãe foi pioneira.,identidade
394315,Hoje sou um homem casado.,papel_social
394360,Moça feia e marmanjão.,identidade
394495,ela é miss universo é o orgulho da nação.,identidade
395104,Ela está sempre presente..,comportamentos
395132,A bênção oh mãe querida..,identidade
395188,"Meu pai, mãe é sempre mãe, nossa imagem tão querida.",papel_social
395277,Se ela é rica ela tem muito conforto.,identidade
395278,Mai se ela é pobre muitas veis tem que sofre.,papel_social
395292,Por que ela é a razão de nós vive.,valores
395807,Moça bonita não paga.,aparencia
395887,A partir desse momenteo santo reis é meu protetor.,valores
396150,Pra mim morar com ela bem pertinho do céu.,outros
396185,O natal de um menino órfão.,outros
396203,Ele também sofreu calado ausente do paizinhos seus.,
396609,Ele foi aprisionado.,habilidades
396611,Ele então foi enforcado.,outros
396714,Ela é ciumenta.,identidade
396849,Também vi o seu fracasso de mulher pobre caída.,
397066,Essa menina é a perdição da minha vida”).,identidade
397125,Ou serei o homem mais triste da terra sem você aqui..,identidade
397186,Senhor vigário no altar.,identidade
397194,mãe solteira.,identidade
397556,"O Brasil caboclo, ele é vosso e é meu!.",identidade
397853,Companherada é hora da partida.,outros
398045,Eu sou uma rapaz solteiro pra traz não deixo pensão.,comportamentos
398200,"O rapaz triste, chorando.",identidade
398335,Vancê é ingrata.,identidade
398780,Passa mês e passa ano e a minha vida levo a chorar.,identidade
398790,Ele é nacioná.,
399214,A moça é dona do meu coração.,papel_social
399981,Ela é a mulher mais bela.,aparencia
400099,Eu provei que eles tavam enganados.,comportamentos
400166,Todos perguntam por que sou um homem triste.,aparencia
400171,Porque razão sou um homem triste assim.,comportamentos
400185,"Não fiz vingança, mas tornei-me um homem triste.",
400186,Um homem triste sem parentes e amigos.,
400228,Se elas vivem carentes sofrendo na solidão.,valores
400292,Ele foi crucificado.,outros
400303,Que nasceu o menino deus.,outros
400312,Pro menino deus saudar.,identidade
400354,Veja quem foi moço forte.,identidade
400454,Ela é tão simplesinha.,identidade
400528,Moça solteira é piranha.,identidade
400529,Mulher casada é cadela.,identidade
400884,Eu me sinto o homem mais feliz do mundo.,identidade
400897,Ela é muito dengosa gosta mesmo é de parpar.,comportamentos
400908,"Ela é muito dengosa, gosta mesmo é de parpar.",comportamentos
400977,Ela é muito dengosa gosta mesmo é parpar.,identidade
401059,Ela é a luz que me ilumina.,identidade
401543,O rapaz era casado e a mulher deu de implicar.,papel_social
401653,Vai bebê menino feio.,aparencia
401827,E cunhataí é moça pequena..,identidade
401994,Com outro ela foi morá.,outros
402107,Chico foi baleado.,identidade
402576,a rainha sertaneja caipirinha do arraiá.,identidade
402636,Uma moça muito triste sem riso da esperança.,identidade
402642,"Minha mãe doente, já sem esperança.",aparencia
403119,E ela ainda era uma moça rebelde.,identidade
403129,"Hoje, a moça rebelde e eu estamos juntos.",identidade
403268,Ela estava linda.,aparencia
403503,Ela é minha patroa.,papel_social
403576,Mas ela é minha alegria.,identidade
403999,Esta menina tá distante demais.,comportamentos
404015,"Por você, mulher querida.",comportamentos
404109,Uma menina meiga e sem juízo.,identidade
404116,Diz que a filha é muito nova.,aparencia
404235,Sempre ouvi dizer que mulher é coisa boa.,valores
404256,Onde ela tenta esconder imensa dor.,outros
404361,Ela é charmosa e me faz cosquinha.,outros
404362,"O pai dela sai, deixa ela sozinha.",outros
404568,Ele não é meu amigo sempre faz tudo errado.,comportamentos
404683,Sou um homem diferente que não penso em nada.,identidade
404728,"Menina linda, coisinha louca.",
404790,Pra ter certeza e ela ser liberada.,outros
404796,Desde quando ela era mocinha.,comportamentos
404806,Além de tudo a moça é muito bela.,aparencia
404875,Eu casei com uma moça bonita pra danar.,aparencia
404884,Chá de picão que ela tá muito amarela.,aparencia
405102,Ela pra mim foi a mulher mais bela.,aparencia
405103,Eu sou um homem tão desvaído.,identidade
405234,Jogo na cassino com as mulheres mais belas.,aparencia
405246,Arnaldo tá estourado vem.,
405307,De mulher vulgar vai virar madame.,papel_social
405475,e ela disse vagabundo.,papel_social
405590,Sou um homem pobre nas ruas vazias.,papel_social
405729,"Carreiro é um moço alegre,.",identidade
405923,A você moça bonita.,aparencia
405953,pego na cintura dela que ela tarraca em mim.,identidade
405959,pego na cintura d'ela que ela tarraca em mim!.,comportamentos
406151,Senhora não lastimo mais a sorte.,outros
406559,Aos homens grande amizade.,outros
406842,"Moça feia e marmanjão, na garupa a mula pula.",outros
406923,"Com ele foi interrado,.",outros
406963,"A madrasta ruim, perversa, muito da mocinha judiô..",identidade
406967,A madrasta feiticeira com a sua farsidade.,identidade
406974,Oiando caixão sumindo da sua filha querida.,comportamentos
407500,Ele era o garçom..,
407520,"Ele era freguês,.",identidade
407626,Ela é culpada.,comportamentos
407771,Pra pegar moça bonita e também mulher casada.,identidade
407777,Pegou uma moça bonita que o meu coração gamou.,
408089,"E quando o ex-gordinho passa, elas ficam loucas.",
408416,O moço era obediente.,comportamentos
408603,Uma mulher carinhosa.,identidade
408661,Na estrada da vida de um homem errante nao existe flores beirando caminho e nem poderia seguir entre flores quem em sua vida só plantou espinhou é nesse martilho que hoje eu vivo sigo tropessando na estrada da vida e uma ramagem cheia de espinho cobriu minha estrada cercou meu caminho.,valores
408754,E eu sou apenas um homem triste.,identidade
408792,Astro rei se os homens poderosos da super potencia.,outros
409005,Uma mulher bonita que meu coração gamou.,identidade
409134,estão falando que ela é nova pra mim.,aparencia
409137,ela é novinha tem menos de 20 anos.,aparencia
409141,menina nova gosta de homem maduro.,comportamentos
409147,só não arrisco mexer com mulher casada.,valores
409790,Ele foi o ponto final.,valores
410157,quando liga o som elas ficam assanhadas.,comportamentos
410378,"Enquanto eu não acho a mulher certa, com as errada eu vou!.",identidade
410699,Mais o menino franzino descendente de jessé.,identidade
410715,"Não vem fazer charminho pra me ter,.",comportamentos
411065,E mulher boa.,identidade
412058,E se ele achar ruim eu mando ele.,valores
412064,"E se ele achar ruim, eu mando ele vir beber (Repete).",comportamentos
412233,Depois da meia noite só entra mulher nua.,aparencia
412566,Michelle é musa a musa de minha canção.,identidade
412577,rapaz carente querendo teu doce amor.,identidade
412732,ou ou ou menina preciso tanto dizer amo amo amo amo muito voce.,comportamentos
412920,Sinto o ciúme ardendo demais ela é linda rica e poderosa.,comportamentos
412990,"Eu sou mesmo um homem santo,.",identidade
413478,Ela é linda.,identidade
413481,homem casado pirar.,papel_social
413683,mas ela foi infeliz.,outros
413872,"Ei, ela é minha namorada.",identidade
413878,"Ei,ela é minha namorada.",identidade
413887,"Ei,ela é minha namorada!.",papel_social
414474,Só ando com mulher bonita.,identidade
414603,Mulher feia sai pra lá.,aparencia
414629,Mulher feia.,aparencia
415084,"Minha mulher maravilha,.",identidade
415413,Você me fazia um homem feliz.,identidade
415464,Ela é uma coisa boa.,identidade
416006,Pra ver de deixo ela mais contente.,comportamentos
417271,"Menina indecente, que finge ser carente.",identidade
417448,"Que ela já tá louca, louca pra dançar.",comportamentos
417452,"Com dedinho na boca, ela tá pirada.",comportamentos
417659,A uma deusa nua.,aparencia
418370,Fiz moça orgulhosa chorar e sorrir.,identidade
418378,Com talento e traquejo do progresso sertanejo ele foi o pioneiro.,identidade
418492,Menina menina você se apirica.,comportamentos
418828,no pé de amora quem tiver mulher bonita cuidado que eu.,outros
418967,E nois ia conversano.,comportamentos
419136,João-de-Barro fez a casa hoje ele é proprietário..,habilidades
419300,ele era criador de gado.,identidade
419354,"O ponteiro moço novo, muito desembaraçado.",identidade
419511,mulher bonita e riquesa.,identidade
419599,Homem que tem mulher braba.,papel_social
420039,"A viola está chorando, saudade sente também...ela foi a companheira, parceira como ninguém...num soluço de saudade fazendo ponto....",outros
420163,Era uma garota linda vinha vindo no volante.,aparencia
420942,"O rei vai ficar sozinho, e a rainha vai comigo....",papel_social
420965,A esposa é uma santa mulher divina.,valores
421004,Ai mulher ingrata você me maltrata não tem compaixão..,comportamentos
421362,Era um homem diferente.,identidade
421634,"O amor quebra opinião, de qualquer homem valente....",identidade
421645,Infelizmente ela é flor proibida.,comportamentos
421698,Homem valente eu já fiz virar medroso.,habilidades
421706,Joãozinho menino pobre numa escola no sertão.,identidade
421708,Um outro menino rico só pra fazer judiação.,identidade
421714,O pai do menino mau perdeu as propriedades.,identidade
421720,Que um menino agonizante fora da igreja tombou.,identidade
421830,Filhos de homem direito.,identidade
421896,E a mulher namoradeira eu passo o coro e mando embora.,papel_social
422013,Deus que mãe bonita.,valores
422016,Deus que filha linda.,aparencia
422021,A filha morena clara.,identidade
422022,A mãe é cor de canela.,aparencia
422126,Eu chego a ficar doente por uma mulher bonita.,aparencia
422226,Lá existe homem valente as mulheres são sinceras.,comportamentos
422227,É as meninas são descente ai a juventude sadia estudando noite e dia.,outros
422238,"Por ele ser bom patrão ai, ai.",outros
422242,Ele foi aluno bão sem férias e sem recreio.,identidade
422252,Oswaldo é sobrinho.,identidade
422351,Ela estava tão divina.,
422359,"Ela é uma doçura, beleza com distinção.",identidade
422526,Menina nova e bonita.,aparencia
422532,A menina tão formosa.,identidade
422651,"ó mestre lá nas alturas meu senhor onipotente, seu poder é infinito.....",valores
422859,Com ele vai ser ferido....,
423040,"Gavião tava contente de gravatinha vermelha,.",aparencia
423166,Quando saía de viagem sua esposa prevenia.,comportamentos
423379,Com ele era dividido.,comportamentos
423395,"O menino estava vivo, seu pai disse a soluçar..",identidade
423443,"Nem mesmo estando doente ele cantava contente e nunca se retrocedeu,.",identidade
424605,Eu não pensava que ela fosse tão maldosa.,comportamentos
424889,Homem sério perde a linha.,identidade
424977,"Tinha uma menina doente, um médico a mãe pediu.",
425002,Maria é muito bonitinho.,aparencia
425188,Garoto perdeu a vida nas mãos de um homem ruim..,identidade
425468,Conheci um moço pobre.,identidade
425479,Casou-se com uma moça rica.,papel_social
425553,Enganou moça inocente.,valores
425566,Vendo a filha mãe solteira.,identidade
425567,E sua esposa infiel.,outros
425637,Quantas meninas bonitas eu vejo aqui do meu lado.,
425774,Como eu era um homem forte.,identidade
425799,Pra um menino mau criado.,comportamentos
425806,ele desapareçeu.,comportamentos
425874,"Mariazinha, menina rica, e o pobre zezinho era seu empregado..",identidade
425880,"A minha filha é menina rica, está nas alturas, você não alcança..",outros
425884,"Existe um bom deus, que está nas alturas, ele é bom demais, faz tudo perfeito..",valores
425901,Pois sem ela não consigo ser feliz na minha vida....,valores
426516,E o rapaz interiorano dando provas de humildade.,papel_social
426532,Eu vi minha mãe doente de um mal quase sem cura.,outros
426709,Eu sou da mulher mais bela.,aparencia
427001,Só caso com mulher rica para dar conforto a ela.,valores
427005,Dinheiro e mulher bonita eu sempre andei atrás.,
427146,"Onde tem moça bonita, de certo que tem namoro.",identidade
427240,A menina inconsciente com sacrifício tirou.,
427353,O rapaz era casado e a mulher deu de implicar..,comportamentos
427370,"O senhor vai ficar velho, e comigo vem morar,.",identidade
427794,"acho ela muito boa,.",identidade
427847,acho ela muito boa.,identidade
427971,Tem que ser moço direito.,identidade
428040,Sei que tem homem casado.,papel_social
428897,A moça muito faceira.,identidade
428957,Dentro dela mora uma mulher sincera..,identidade
428972,"Por ser uma mulher falsa, não cumpriu o que jurou.",identidade
429022,Rainha mãe.,identidade
429109,pra ele é café pequeno.,outros
429147,"Quase chorando, lá na janela pra mulher ingrata....",valores
429148,Mulher bonita venha na janela....,aparencia
429154,Mulher bonita estou desenganado....,aparencia
429278,"Na frente o candeeiro, menino de pé no chão, ele era apaixonado pela filha do patrão.",identidade
429286,Hoje ela é casada está morando na cidade.,identidade
429344,Pra ele não farta amor.,comportamentos
429376,Meu futuro sogro é um homem direito.,
429468,Além da moça ser rica.,identidade
429673,Eu também sofri na unha de um senhor muito malvado.,
429680,Nas mãos de um senhor malvado boiadeiro é boi também.,outros
429889,E pode ter certeza que ele será seu protetor.,valores
430562,Minha mãe é uma santa.,identidade
430868,Joãozinho menino pobre numa escola do sertão..,papel_social
430870,Um outro menino rico só pra fazer judiação..,papel_social
430876,O pai do menino mau perdeu as propriedades..,papel_social
430949,Filhos de homem direito perde o nome em tabelião..,papel_social
430978,Eu vou contar uma historia ela é pura e real que ate hoje no.,identidade
431002,Ela é uma doçura.,identidade
431161,Por ser uma mulher falsa não cumpriu o que jurou.,identidade
431180,E a mulher namoradeira.,identidade
431231,Ela foi cruel ao renunciar meu amor sincero.,comportamentos
431412,Pra cobrir o corpo da mulher mais bela.,identidade
431423,"(""Mulher maravilha modelo do mundo.",aparencia
431430,Pra colar no corpo da mulher mais linda.,identidade
431618,"Nunca vi homem pequeno, que ele nao fosse papudo.",identidade
431621,"nunca vi homem direito, vesti calça de veludo.",valores
431800,"Vou vencer esta batalha, a menina é a medalha....",outros
431863,Titio era cuiabano nessa lida também me criei.,identidade
431864,Ele era criador de gado no seu regime me acostumei.,identidade
432075,Júlia era sabida.,identidade
432298,Ela é a luz que ilumina meu ser.,valores
432309,"Porém o rei soberano, que na opulência vivia.",identidade
432314,Por ver a rainha santa que no seu avental trazia.,identidade
432326,Em lugar de ouro e prata castigando o rei ateu.,valores
433645,O homem fraco é aquele que se vinga.,identidade
433646,E o homem forte é aquele que perdoa.,valores
433737,Mariazinha menina rica e o pobre.,identidade
433752,A minha filha é menina rica está nas alturas.,identidade
433763,ele é bom demais faz tudo perfeito.,identidade
433959,O pobre rapaz escutava calado.,identidade
433978,Ele foi um gavião sem asa.,outros
433990,Mas ela voltou virgem e pura.,comportamentos
434013,Ele era apaixonado.,comportamentos
434025,"Hoje ela é casada,.",identidade
434061,Mas deixei ela mansinha.,habilidades
434132,Eu também sofri na unha de um senhor muito malvado..,comportamentos
434138,Nas mãos de um senhor malvado boiadeiro é boi também..,identidade
434147,Além da moça ser rica dona de grande beleza.,identidade
434457,Pelos caminhos da vida ela está sempre presente.,comportamentos
434884,Mas se ele for casado também leva na lembrança.,identidade
435062,Picasso fosse vivo ia pintar tabuleta.,habilidades
435657,Vestido de militar mulher rica consegui.,aparencia
435689,Presidente não congele beijos de mulher bonita..,identidade
435809,Pois ela era uma boneca encantadora.,aparencia
436146,Quando fui moço fui feliz e fui feliz.,identidade
436463,Vestido de militar mulher rica consegui..,identidade
436911,"Mulher virtuosa, quem a achará?",identidade
437269,Rei maior eu sempre hei de adorar.,identidade
437649,Ela é a porquinha mais formosa que há.,identidade
437743,Ele é tão jovem e já pratica o mal.,identidade
437744,Ela é pequena e já aprende a ser tão sensual.,identidade
437754,Que faz do homem escravo de um mundo sem perdão.,identidade
438489,Filha menina escolhida por.,outros
439309,E um homem doente em sua visão.,identidade
439334,Um homem doente em sua visão.,identidade
440068,Senhor é bom.,identidade
440219,O vosso rei saudai.,identidade
440260,"Mulher virtuosa, quem achará?.",identidade
441063,"Negra à beira mar, César é cego de um olho.",identidade
441736,Sou apenas um homem cansado.,identidade
441909,"Quando ele pulsa, ela sangra vermelha.",comportamentos
441925,"O homem é o lobo do homem, o lobo.",identidade
441950,Mulher barriguda que vai ter menino.,identidade
441958,"Mulher barriguda, tomara que não!.",aparencia
442698,Pois o homem é o exercício que faz.,identidade
442727,"É um menino tão sabido, doutor.",identidade
442744,"Ela não quer ser tratada, doutor.",comportamentos
442746,"A minha filha tá solteira, doutor.",identidade
442757,Ela fica cheia de mistério.,comportamentos
442962,Ele é um sujeito distraído demais.,identidade
443058,Ela foi educada pra cuidar e servir.,comportamentos
444454,Esta entidade é formada pelos homens mais poderosos do país.,identidade
445389,"que o homem que matou o homem mal, era mal também..",identidade
445918,"Tudo que incomoda a eles, eles dizem está errado então quem é o marginal?.",identidade
446259,Ela é a rainha do.,identidade
446272,Ela é a esposa do deus.,identidade
447031,Ela é linda como sempre sonhei.,aparencia
447276,Ela quer ficar sozinha.,outros
447299,E mesmo se gritar ela não pode ser ouvida.,comportamentos
448155,Se o menino for bonzinho e normal.,identidade
448190,Mulher não é melancia.,papel_social
448191,Mulher não é samambaia.,identidade
448194,Moça bonita da bundinha empinada.,aparencia
448286,Só espero que ela seja bem guardada....,papel_social
448364,Ele é monumental!.,identidade
448680,"Ele é negão, dissem que é bixa.",aparencia
449015,Ela usa mini saia sem calcinha.,aparencia
449089,Carolina você sabe que esse homem era um lobo.,identidade
449364,Mulheres pobres sonham com dinheiro.,identidade
449395,Quando ela vai presa.,identidade
449577,tu deixa um homem louco.,identidade
449664,Ouça agora mulher estranha.,identidade
450959,"Ela não encana, nem acha gay!.",papel_social
450966,Ela é otaku!.,identidade
451155,A marca é boa ele tá novinho.,outros
451168,Mas ela é nova.,identidade
451361,Não que eu achasse que ela não fosse capaz....,outros
451845,Acho humildemente que ele tá errado.,valores
451857,Hilton é sexo hardcore.,outros
453819,A TELA PLANA NÃO DEIXA ELE PERCEBER.,comportamentos
453924,Eles estão surdos!.,comportamentos
455703,"O amor, ele mesmo, em carne e osso.",identidade
455780,Ou então trocar uma menina quente e macia.,comportamentos
456753,"Que ele é perfeito, Que é pura crueldade.",outros
456865,"Mesmo errando, ela tá certa.",habilidades
457039,"A mãe doente e dois ""irmão"".",identidade
457693,Ela está pronta.,identidade
458267,Um menino selvagem era novo na cidade.,identidade
458280,E ele bem alto gritava ao pé do ouvido.,comportamentos
458285,Mas um menino selvagem era novo na cidade.,identidade
458401,Ela quer ser feliz como você.,identidade
458415,Não importa se ela é pesada.,
458482,"Não pode cobiçar toda mulher alheia,.",valores
458484,"Assim ""cê"" vai passar a eternidade com uma mulher feia.",aparencia
459088,Eu acredito quando você diz que ele é legal.,identidade
459211,Ela sempre foi garota do movimento.,habilidades
459436,"Moça linda por favor, guarde todo esse amor pra um.",identidade
459512,a moça feia lá da ponte.,aparencia
459762,"Então se liga, moça carente.",comportamentos
461393,"Ele é punk, ele é punk.",identidade
461394,Ele é punk mesmo!.,identidade
461400,Ele é punk mermo!.,identidade
461687,"Tô em terra de mulher boa, praia, sol e camarão.",aparencia
462216,"ela é feita de hemp, duma planta que tem lá.",outros
462237,"E tem muito mais, moça bonita nao paga, mas se bobear leva.).",comportamentos
462354,Quando chega na balada ela é sensação.,identidade
463032,Ele é bigno e.,aparencia
463208,"O caminho do homem é tão escuro,.",papel_social
463630,"Sendo eu homem adulto, como pode isso assim acontecer?.",comportamentos
465203,"Ele é pobre, não vai me entender.",outros
465976,Ela agora é pop star.,identidade
466005,"Yeah, ela é pop star.",identidade
466427,"Menina linda, tão linda de se ver.",
466904,"Um rei momo, sem dono, sem trono.",identidade
466929,Ela é linda e sabe muito bem.,aparencia
466935,Ela é simples e interessante.,identidade
468168,Ela é a garçonete.,papel_social
468259,"MULHER MALUCA, DEIXA DE TANTA MALDADE.",comportamentos
468369,"ESTA MULHER É A RAZÃO DA MINHA VIDA,.",
468982,"(fitness, ele é fitness, ela é fitness.",identidade
469105,Ele era um visionário.,identidade
469123,ÔÔ homem sincero.,identidade
469997,Essa mina cadela qualquer homem passa mal.,identidade
469998,Ei menina sapeca.,identidade
470004,Ei menina sapeca fica na moral.,comportamentos
470024,Ei menina sapeca fica namoral.,identidade
470046,Que mina linda não falo do corpo.,aparencia
470049,Ela é a mais top ela é musa do morrão.,aparencia
470050,Garota linda não falo do corpo.,identidade
470053,Made in favela ela é musa do morrão.,identidade
470061,"Menina linda, sorriso estonteante.",aparencia
470082,"Menina bonita, o perfeito sorriso.",aparencia
470137,Hoje ele ta carente.,identidade
470138,Não pode ver uma boca que ele fica contente.,comportamentos
470141,Em questão de segundos ele ficou felizão.,
470356,Senão ela acha ruim.,comportamentos
470735,Garoto bonito.,aparencia
471492,"As invejosas comentando, que hoje ela tá feia!.",aparencia
471668,Ele está presente ali.,valores
471697,Ele é grande já determinou.,identidade
471801,"Minha vizinha,uma mulher casada,.",identidade
471833,"Não é de raça, porém ele é diferente.",
471914,Ela é casada e eu também sou.,identidade
472019,Silva homem forte.,
472026,Zé não era homem tolo.,identidade
472093,Tá deixando ele louco.,comportamentos
472118,Tem tanta mulher bonita e cada vez chegando mais.,aparencia
472127,Onde tem mulher bonita pode crê que to no meio.,aparencia
472138,Mas ela foi franca ao falar comigo.,identidade
472227,Tem mulher maravilhosa.,identidade
472373,Com uma moça tão linda.,aparencia
472399,Esta mulher é mesmo especial.,identidade
472400,Ela é safada sem qualidade nenhuma.,comportamentos
472417,É vida de um homem sozinho.,identidade
472446,ELE É LEVADO À BRECA.,comportamentos
472493,Dançava véio com moça solteira.,comportamentos
472494,E a rapaziada com mulher casada.,identidade
472510,Pra mulher carente.,identidade
472514,Ela é pura energia.,identidade
472658,"(Sendo mulher bonita,pode chover a vontade !).",aparencia
472659,"Eu estou bem preparado,quero que chova á vontade,sendo de mulher bonita estou querendo tempestade,o fenômeno é raro,eu não sei se vai voltar,se for um sonho somente,peço encarecidamente,deixa eu dormir e sonhar..",aparencia
472721,Uma moça encantadora na hora se ofereceu.,aparencia
472819,Ela é beleza pura.,
472946,Qualquer homem fica louco.,comportamentos
472964,Ela voou fiquei sozinho tô num desespero só.,identidade
472989,"Sua filha é especial, adora minha mãe também.",identidade
473025,Aqui tem mulher bonita e cerveja gelada.,aparencia
473165,Pra apagar o fogo dessa moça é foda.,comportamentos
473408,"-Alô meu povo, é hoje que o chão treme a casa cai, mulher dexo marido, filha mama no pai, só pra segui a turma do chapéu que sabe a onde vai.",comportamentos
473410,"onde tem mulher bonita ja vou caindo na dança,.",identidade
473417,"-Eu gosto de mulher alta, tanbem gosto das baixinhas,.",identidade
473418,"eu gosto de mulher magra, tanbem gosto das gordinhas, eu gosto de uma morena, sou tarado nas loirinhas, mas o que eu gostaria mesmo, é que eles fossem todas minhas.",
473438,Ela é bonita e eu tô nesse rala e rola.,aparencia
473457,"Toda noite a mesma coisa, ela ta ficando desconfiada.",comportamentos
473575,E eu casei com uma mulher ciumenta.,identidade
473639,Minha namorada é uma gracinha.,identidade
473646,"Taca silicone, que ela fica bela.",aparencia
474294,Ricardão vai ficar louco com essa onça de batom.,comportamentos
474484,Diz que a mulher apronta.,identidade
474545,Da linda mulher gaúcha.,identidade
474577,O homem rico tem medo de ficar pobre.,identidade
474579,eu ja sai com uma mulher bonita e quase.,aparencia
474962,Mulher bonita está chegando de bando.,aparencia
475088,Eu arrumei um enguiço com uma mulher ciumenta.,identidade
475097,Se ela continuar nervosa não sei se vou aguentar.,comportamentos
475148,"tem alguem que eu adoro, ela é minha ilusão.",identidade
475279,onde tem mulher bonita eu não sinto solidão.,aparencia
475355,Elas tão bem loucas.,
475540,Só ataca mulher boa.,identidade
475561,Lima se ele é seu amigo.,comportamentos
475679,Terra de mulher bonita eu quase fiquei ali.,aparencia
475696,eu que era um homem rude feito um touro de rodeio.,outros
475724,Pois ele está carregado.,identidade
475766,SEM ESSA MULHER NADA FAZ SENTIDO.,valores
475911,Gosto de mulher bonita.,comportamentos
475915,E quando mulher bonita.,aparencia
475958,De abandonar minha esposa fiel.,papel_social
476020,"Peão valente, cachaça e mulher bonita.",aparencia
476035,Pelo rodeio e pelas mulheres bonitas.,identidade
476107,Mas ela inocente da realidade.,comportamentos
476225,E ela ficava sozinha.,outros
476343,"Minha mulher é bonita, dessas de cair o queixo.",aparencia
476560,Mulher é coisa sublime.,identidade
476580,Vi muita mulher bonita.,aparencia
476604,Homem chorando por uma mulher bonita.,valores
476607,Eu sempre fui um homem namorador.,comportamentos
476767,Aquela que o senhor foi avalista do sampaio.,outros
476852,Onde tem mulher bonita.,aparencia
477118,Não existe homem feio.,aparencia
477134,Quem quiser mulher bonita não poder ser ao contrario.,identidade
477135,Essa é pura verdade mulher boa custa caro.,identidade
477139,As mulheres estão esperta quer bastante mordomia.,outros
477169,O moço zequinha amava a priminha.,identidade
477311,O clube estava lotado só tinha mulher bonita quanto ela pintou na fita.,aparencia
477390,"Mulher bonita é um perigo, quando sai de mini saia.",aparencia
477392,"Por uma mulher gostosa, gavião cai na arapuca.",aparencia
477395,Mulher bonita é trem bão demais.,aparencia
477397,Mulher bonita é jóia rara.,aparencia
477399,"Gosto de mulher bonita, mais eu sei bem onde eu piso.",identidade
477402,"Mais se for mulher casada é cilada, é bravaiada, é gelada, é cãibra danada, to fora....",identidade
477485,E se for mulher bonita eu aceito a companhia.,identidade
477507,Pois sempre foi uma mulher carente.,identidade
477523,Eta mulher chorona chora feito uma sanfona.,identidade
477529,Mulher chorona chega de chorar.(2x).,comportamentos
477536,Mulher chorona chega de chorar.(3x).,comportamentos
477608,A sua esposa querida.,
477622,Ela é morena dos olhos castanhos.,identidade
477637,Tem tanta mulher boa.,identidade
477650,Pode ser mulher comum.,identidade
477752,"Ela é bonita, bonita até demais (repete).",identidade
477924,prefiro mulher bonita.,aparencia
478292,Ontem era um homem forte.,identidade
478387,as mulheres mal amadas.,outros
478554,Quem rouba mulher alheia.,comportamentos
478594,Virão também do governo alguns homens importantes.,identidade
478674,A mulher não é bola pra homem meter o pé.,identidade
478681,A mulher é a beleza mais perfeita desse mundo.,aparencia
478692,Quero ver se ele é valente trancado numa gaiola.,identidade
478850,Sou um homem ciumento.,comportamentos
478891,Estou sentindo cheiro de mulher bonita.,aparencia
479037,"Essa mulher é viúva negra,.",identidade
479100,E não tem marido bravo.,comportamentos
479180,"Esse garoto e filho de mãe solteira,vive falando besteira e do meu pe ele não sai.",comportamentos
479181,A sua mãe vive cheia de esperança querendo minha herança mas disso não abro mão.,papel_social
479195,"Esse menino é esperto ate demais,onde eu vou ele vai e nao pára de me seguir.",identidade
479197,"Acho que ela nao está boa da cabeça, mas antes que o mal cresca eu vo ter que me virar..",identidade
479218,No meio da rua tem mulher bonita.,outros
479420,A maior tristeza de um homem casado.,identidade
479460,Ela é mala e não tem dó.,identidade
479570,"Ela é tão linda, é tão meiga, é tão bela.",identidade
479572,"Ela é tão pura, de beleza tão singela.",aparencia
479713,Por ela ser tão bonita você se apaixonou.,aparencia
479714,Faz de conta que ela é feia e que você nunca amou.,aparencia
479732,Ela é a mulher que a vida inteira sonhei pra mim é brasa que queima dia e noite em meu coração.,identidade
479754,"Minha mulher é baixinha, mas é o maior barato.",identidade
479898,Ela é safada mais eu gosto dela.,
479900,Ela é safada mas eu gosto dela.,identidade
479903,Essa mulher é mesmo complicada.,comportamentos
479904,Ela é safada bem pior que eu.,identidade
479977,"A mulher mais amada deste mundo, mora lá em casa..",identidade
480038,"Mulher ingrata não me maltrata, tem dó de mim.",papel_social
480429,Se a mulher é boa a coisa fica feia.,identidade
480522,Mulher solteira hoje arranja marido.,comportamentos
480523,"Mulher sozinha tô na cola, tô na fita.",comportamentos
480524,Eu tô querendo colo de mulher bonita.,identidade
480758,"Mulher bonita e cerveja, coisas que não abro mão.",identidade
480939,O amor que sinto por ela é igual polia e correia.,outros
481043,Ela é tempestade e eu sou furação.,outros
481169,Mulher feia eu não agüento.,aparencia
481258,"Tô numa cilada, mulher casada cheira chumbo.",comportamentos
481261,"Que o homem é brabo, que o homem é brabo.",identidade
481270,A mulher é linda e o seu marido é um baita macho.,identidade
481273,De hoje em diante mulher casada é homem prá mim.,identidade
481274,"Mulher casada cheira chumbo, cheira chumbo.",papel_social
481312,Mulher cheirosa....,identidade
481320,"Corpo de mulher bonita,.",aparencia
481328,"Cheiro de mulher bonita,.",aparencia
481412,Ele é machão mas só bate em mulher.,identidade
481504,"Ele muito enciumado, na hora virou uma fera.",comportamentos
481631,"Mulher madura, bonita, inteligente.",identidade
481708,Eu conheço um homem forte.,identidade
481712,Eu já vi mulher bonita.,aparencia
482088,Uma garota muito alegre e brincalhona.,identidade
482098,Ela é briguenta mas eu não fico sem ela.,identidade
482196,Flertar mulher casada.,outros
482407,"Aqui tem loira e morena, tem mulher grande.",aparencia
482411,Com tanta mulher bonita é hoje que o trem apita.,aparencia
482687,pra quebra galho não existe mulher feia.,aparencia
482809,O homem é bicho tratante e vê no seu semelhante.,valores
482856,Se ele está feliz contigo.,identidade
482857,E ela está feliz comigo.,comportamentos
483131,"Na arena do amor, ela é cobaia das suas vontades.",papel_social
483289,Meu pai era um homem forte.,identidade
483290,Minha mãe muito alegre e novinha.,aparencia
483429,"Homem sério de verdade,por ela se apaixona..",identidade
483536,Ela é fértil até demais..,habilidades
483600,A garota é cuca fresca..,identidade
483613,Ela não tem nada fixo..,identidade
483623,Ela tá arrumadinha..,aparencia
483680,Ela é muito inteligente ela só falta fala.,identidade
483707,"Com um rapaz importante, honesto e inteligente.",identidade
483717,"O tal moço inteligente, honesto e importante.",identidade
483858,Você é a mistura perfeita menina mulher.,identidade
483942,Por viver sempre cercado de mulher gostosa.,aparencia
483977,Essa vanera é pra menina carinhosa.,comportamentos
484307,Pra beijar minha mãe velha minha prenda e meus piás.,papel_social
484824,Homem fantasma apareça.,identidade
485068,Ela é ciumenta mais eu sou gamado nela.,identidade
485337,Noel vai trazer muito presente.,comportamentos
485566,"Foge comigo mulher maravilha,.",comportamentos
485742,Se o homem é traira.,comportamentos
485752,Se o homem é safado.,identidade
485762,Tem homem que esquece que a esposa é uma rainha.,comportamentos
486124,"Eu sou mais forte que um touro, valente como um leão, mulher cheirosa e bonita comigo não tem perdão.",identidade
486128,"Não gosto de mulher feia, dessas bucha de canhão.",aparencia
486129,Gosto de mulher mimosa que me chama de tigrão.,comportamentos
486252,Cuidado que essa moça é fatal.,identidade
486668,"Eles eram leigos, por não saberem ler.",comportamentos
486859,Ele é bom.,identidade
486882,Ele é bom porque.,identidade
486884,Ele é bom porque liberta.,identidade
487163,Não sabiam que este homem tinha poder.,identidade
487281,Ele é o ar que eu respiro.,valores
487546,Ele é poderoso.,habilidades
487639,Ele é fiel e nunca deixa um filho seu sozinho com o.,
487992,Que ela fica doidinha.,comportamentos
488113,Eu vou atrás de rodeio e mulher gostosa isso é bom demais.,aparencia
488913,Dá cachaça pra ela que ela bebe fica louca.,
489211,"Por que ela é boa de mais,.",habilidades
490159,Ele desce confiante sabe que é mais uma prova.,identidade
490374,"Ele é meu pastor nada vai faltar,.",identidade
490973,Jesus é feliz demais..,valores
490977,Jesus é feliz demais.,identidade
491044,"Senhor está comigo, não há o que temer.",outros
491112,"pra te guardar dos homens maus,.",comportamentos
491276,As tuas lágrimas ele mesmo recolheu.,comportamentos
491344,"Jesus é feliz demais, eu sou feliz demais.",valores
491350,Jesus está comigo ele é o meu amigo.,identidade
492584,Gosto de mulher beleza gosto de mulher princesa.,aparencia
492586,Eu já tive mulher fina já tiver mulher menina.,identidade
492810,"Ele é justo, Ele é o forte, Ele é aquele que é fiel.",valores
492814,"Ele é o príncipe da paz, o.",identidade
492854,"Ele é digno de louvor e glória,.",valores
492938,Ele vai cheio de poder.,habilidades
492997,Quem é que ouve o choro da mulher esteril.,papel_social
493211,Ele é especialista em curar.,papel_social
493221,Ele é doutor especialista.,papel_social
493249,"Porque ele é grande, forte, cheio de poder.",identidade
493289,"É de vitória em vitória, sempre confiando, se jesus é comigo, não corro perigo em nenhum momento.",valores
493292,"Jesus é comigo, estou protegido a todo momento.",outros
493430,"Ele é maior, maior que o inimigo.",identidade
493446,Ele é fiel e nunca deixa um filho.,identidade
494088,Ele faz do homem fraco ficar forte.,valores
494203,Ó Senhora escuta minha oração ele é trabalhador.,identidade
494435,Havia aqui um homem cego.,identidade
494621,No volante ele é o cara.,habilidades
494622,No romance ele é o cara.,identidade
494723,"Ela é coroa, mas bate um bolão.",identidade
494921,"É impressionante, ele é diferente.",identidade
495388,No dia que eu como frango ela fica revoltada.,comportamentos
495392,Com a casa cheia de neto e nem uma filha casada.,papel_social
495500,Tem muita moça bonita.,aparencia
495659,Por você ela foi desprezada.,identidade
495788,É o carinho da mulher sincera.,comportamentos
495848,Que eu sou um homem sorridente.,valores
495867,Boa noite pras moça bonita.,outros
495875,É lá que a moça bonita.,identidade
495905,Da ilusão da moça nova.,identidade
496037,Uma mulher mais errante do que eu.,outros
496052,Porque o homem mesmo sendo um boêmio.,identidade
496063,Ele foi considerado.,
496072,Mas eu fiquei um homem imprestável.,identidade
496100,Como pode um homem rico.,
496287,Mulher seja preta ou branca.,identidade
496579,Surgiu um moço granfino do meio da multidão.,identidade
496619,Surgiu atrás do peão um homem rico importante.,identidade
496646,Ele ficou tão contente.,comportamentos
496775,A pobre mãe ficou louca este homem foi pra prisão.,identidade
496780,Conheci um moço pobre honrado e trabalhador.,papel_social
497288,Porque amanhã eu serei um homem casado.,identidade
497293,Eu quero a tua imagem querida sempre presente.,comportamentos
497297,"Aos carinhos teus, mulher errante.",identidade
497444,E ele então muito aflito com a esposa a lhe ajudar.,identidade
497453,A comida é do senhor nóis não pode por a mão.,outros
497820,Jesus foi perdoado.,
497845,Dois menino inocente.,identidade
497929,Armando é um homem rico.,identidade
497933,Julieta é filha única.,identidade
497939,Joãozinho é rapaz galante.,aparencia
497992,Veja que homem judeu.,identidade
498334,Só que ele é malandro.,identidade
498462,Eles andam prevenido.,comportamentos
498503,Essa mulher tão faceira e tão bonita.,aparencia
498576,Por ela estar nervosa ainda mais entristeceu.,comportamentos
498591,Quando encontraram ela morta os policia se comoveu.,identidade
498610,Menina muito bonita.,aparencia
498647,"Porque já sou um homem casado ai, ai.",identidade
498809,Ele era um vigarista.,identidade
498924,Muito dinheiro ele apostô.,outros
499299,querida fazê-la feliz.,
499366,Ela era moça nova bonita que nem uma flor.,aparencia
499881,menina mulher.,identidade
500078,Vou acessar o seu orkut menina tutty fruty.,
500322,Eu quero ouvir o grito de todas as mulheres independentes.,valores
500936,Olha aquela doida que namora o menino beijoqueiro.,identidade
502564,Por ele sou capaz.,habilidades
502777,Que o moço tava acompanhado.,identidade
502790,"O moço tava acompanhado com a irmã dele,.",outros
503427,"Ela é especial, fora do comum.",comportamentos
503429,Ela é diferenciada demais.,identidade
503832,"Mãe não tem sido fácil eu sei,.",comportamentos
504076,Minha filha inocente.,identidade
504243,não interessa se ela é coroa panela velha é que faz comida boa..,identidade
504244,Menina nova é muito bom mas mete medo não.,outros
504250,não interessa se ela é coroa.,identidade
504322,O homem é valente sem vaidade.,identidade
505258,Um homem rico de uma cidade.,identidade
505264,"Um homem feliz contente cantando, peça a ele.",comportamentos
505287,Foi que o homem rico então compreendeu.,papel_social
505523,Quando eu era moço novo pra mim tudi era alegria.,identidade
505532,Quando eu era moço novo para tudo era capaz.,identidade
505537,Quando eu era moço novo era um índio muito macho.,identidade
505547,Ela é bonita e requebra pra danar.,aparencia
505549,Ela é uma gostosura ela é boa de lascar.,aparencia
505591,Tem mulher bonita e apaixonado eu tô.,aparencia
505642,Adeus rainha matogrossense não sei se foi meu bem ou meu mal.,papel_social
505845,"Por fora mulher é linda,.",aparencia
506067,Que ilumina a mina escura.,identidade
506147,Tudo que é moça solteira.,identidade
506662,Ao terminar minha prece era um homem diferente.,valores
506751,o coração de um homem fica mudo e chora.,outros
507877,Se tiver mulher bonita avisa que eu vou aí.,comportamentos
507905,Se tiver mulher bonita avisa que eu vou ai.,aparencia
508064,"Religiosos, os reis homens religiosos.",identidade
508080,Que além dos três reis magos outro.,identidade
508526,Nosso senhor é um velhinho muito pobre.,identidade
508588,"E a mãe aflita, aperta logo o seu rosário,.",papel_social
508643,Nos pés desse homem bom.,outros
508649,Ele é um mensageiro.,identidade
508659,Ele é um homem bom.,identidade
508662,Ele é nosso irmão.,papel_social
508678,Só sei que é um homem bom.,identidade
510554,Quem só fumava charuto e andava com mulher boa.,identidade
510940,Tem mulher bonita cerveja gelada e viola.,
511182,"a mulher mais linda, que adoro tanto,.",identidade
511361,Linda menina é tão bom te amar.,aparencia
511772,E as mulher solteira.,identidade
511945,Ela é tão envolvente e eu tão carente.,comportamentos
512025,Mulher bonita e cheirosa.,aparencia
512243,Achando a moça tão bela.,identidade
512255,Vocë é um rapaz tão pobre.,identidade
512257,O rapaz muito educado.,identidade
512936,Gosto de mulher princesa.,aparencia
512939,Já tive mulher menina.,identidade
513442,nada ser mulher direita conforme ela era ela decidiu.,outros
513630,E o seu namorado besta na sua mão foi comendo.,papel_social
514502,Por ser um homem sincero.,identidade
514598,Prá cumprir sua promessa a moça veio ligeiro.,comportamentos
515160,ele é igualzinho ao seu.,outros
516368,Que ela não fique maluca.,comportamentos
516583,Ela é bandida e sabe me provocar.,identidade
517902,O Chico foi baleado por um homem desconhecido.,identidade
517925,O rapaz quando é solteiro anda limpo que nem santo.,identidade
517930,"A moça quando é solteira, se lambuza de pintura.",papel_social
518217,ela é culpada auê uê uê ê boi de eu viver nas estradas uê boi.,identidade
518498,Deus o senhor poderoso eu lhe faço um pedido.,valores
518611,Que o homem seja livre.,identidade
518718,Mãe purdença inda num cuieu o ai.,outros
518741,E fui dançar com a mulher mais linda.,aparencia
518926,"Homens fortes de mãos calejadas,.",aparencia
519425,Ele bate forte por você.,comportamentos
519673,"Ele vai ser seu amigo, te chamar pra tomar uma.",identidade
519994,Tem muita mulher bonita.,aparencia
520090,só gosta mesmo é de mulher tranqueira.,identidade
520404,Só tinha mulher top.,aparencia
520805,Que mulher gostosa ela tá fogosa tá doida pra amar.,aparencia
520862,É um homem explosivo.,comportamentos
520996,pra deixar a mulher contente.,comportamentos
522243,Se ela quis ficar contigo.,comportamentos
522318,Menina linda tô ficando sem noção.,
522830,"Se ela ta chata, chocolate e flores.",comportamentos
523012,"Porque ela é mó vibe, vibe, vibe.",
523015,Ela é mó vibe.,identidade
524081,Sabe aquela história do pobre menino rico.,papel_social
524675,"Meu pensamento, ela é dona.",comportamentos
525528,"A vida as vezes te machuca, e ela mesma da a cura.",outros
527194,"tudo bem ele era o bicho,.",habilidades
527460,ela é linda.,aparencia
527868,pra ele é um trunfo.,outros
528038,"bum, bum, bum, o homem bomba.",identidade
528045,o homem bomba se esconde como um terrorista.,papel_social
528096,Cristo como ele era mulato.,aparencia
528881,Hoje eu sou um homem mais sincero.,identidade
528884,Hoje eu sou um homem mais sincero e.,valores
528943,"não tô devendo, mas a vida de homem é assim mesmo.",aparencia
529396,Uma menina mulher.,
531198,Olha só que menina bonitinha.,aparencia
532681,O homem coletivo sente a necessidade de lutar.,papel_social
534872,"Ele é chamado de doutor, é sim senhor.",comportamentos
535439,"E se ela tá afim, a gente se manda.",outros
535482,"de amor, delicadeza a ela mesma.",identidade
535589,com aquele rapaz tão bossal.,identidade
535707,Frank é mais palco que palanque até.,
535772,Bruno era tão bom moço.,identidade
536649,Se nem tudo experimentou.,outros
537090,"Não apresse o rio, ele corre sozinho.",
537092,Ele corre sozinho.,comportamentos
537982,Olho pra ela e começo adimirar como ela é linda.,identidade
538652,Dia azul e ela é infeliz.,comportamentos
538656,Ela quer ser feliz.,identidade
538678,Ela já é feliz.,identidade
538771,Um cartaz de mulher nua.,outros
538807,Ela é menina.,identidade
538994,mulher infiel.,identidade
539038,É o homem mais alegre do lugar.,identidade
539302,Menino bonito.,identidade
539606,A tua mina tá gamada hey boy.,outros
540400,"Se eles são bonitos, sou.",identidade
540403,"Se eles são famosos, sou.",identidade
540453,Hebe camargo com um rei mago.,papel_social
541846,Ela é sempre igual.,outros
543124,Moça bonita assim tão triste parte o coração.,aparencia
543421,"Tem homem corno, homem baixo, homem gordo, homem grato, safado, careca, cabeludo, veado, ousado.",identidade
543886,Sempre te vejo pelo espelho do meu carro.,comportamentos
544229,Ele foi tão falso.,identidade
545321,Por que tadinho ele é tão ocupado.,comportamentos
545917,Todas elas estão loucas pra saber.,comportamentos
549029,Garoto fenomenal.,identidade
549854,"Eita menino mais chato, ""cê"" enche o meu saco.",comportamentos
550156,"Porque ele é meu remédio, a minha insulina.",identidade
550162,"Ele é meu cateter, a minha vacina.",outros
550196,Sou mulher independente.,outros
551166,"Se achando homem moderno, com um terno desse modelo..",aparencia
552067,"Paulo, menino grande.",identidade
552071,Não tem a sua mãe preta.,aparencia
552770,Pra mim ela é linda demais.,identidade
552771,"E além do mais, ela é carioca.",identidade
553233,la vem o homem homem homem.,identidade
553243,la vem o homem homem e o que e que ele tem.,identidade
553546,"No outro lado da moeda ela é fiel,.",valores
553596,ela é brasileira.,identidade
553603,ela é nota 10.,identidade
553620,ela é sambista.,identidade
553830,O destino ninguem muda ele é perfeito.,valores
554009,Ela é poderosa.,papel_social
554055,"Ela é poderosa, ela sabe como faz pra conquistar.",habilidades
554117,Quem é a mulher mais linda desse universo.,aparencia
555083,Com uma mulher maravilhosa.,identidade
555656,Ela é trilha de boiada.,identidade
556251,Ela era uma aranha.,outros
556301,Ela é muito nova e me cheira perigo.,aparencia
556306,Ela é moderna e até meio louca.,aparencia
556329,"A mulher da minha vida, minha musa preferida.",identidade
556600,Mulher independente.,identidade
556842,Rapaziada boa e mulher bonita.,identidade
557091,Ela é a estrela que clareia o meu chão.,aparencia
557170,"rapaziada boa e mulher bonita, onde a gente chega a.",outros
557966,O homem honesto perdeu seu valor.,valores
558135,"Ela é pantera, eu sou leão.",comportamentos
558309,deixa qualquer homem louco.,comportamentos
559512,Uma mulher fogosa.,identidade
559518,Cerveja gelada e a boca molhada de uma mulher bonita.,aparencia
559761,Vou buscar ela ligeiro.,comportamentos
559875,Mulher bonita é mais fácil.,identidade
560406,Amor ele é feito de coisas pequenas.,identidade
561192,"vez ela judia, Deus do céu que covardia.",comportamentos
561275,O amor por essa moça é tão grande.,outros
561291,O meu amor por essa moça é tão grande.,comportamentos
562297,"homem é capaz, se quiser pode mudar, porque você tem a.",comportamentos
563149,Vovô era retireiro.,identidade
563364,Olhar de homem desprezado é cacimba.,identidade
563456,Que ela é dona desse porre.,comportamentos
563459,Ela é envolvente e bonita.,aparencia
563465,"Te tenho assim, mulher manequim.",identidade
563467,"Te quero assim, mulher manequim.",outros
563620,Ela é comprometida.,papel_social
563634,Que mulher difícil.,identidade
563791,Que o que ela fez foi ruim.,comportamentos
564202,Adeus rainha matogrossense.,identidade
564756,Senhor preciso de vc.,identidade
565174,Ele é o amor maior que sinto.,identidade
565571,"Ele é pai, Ele escuta o que pede o meu coração.",papel_social
565815,"Contry, é cowboy nois é fazendeiro, nois tem gado nois tem roça e nois tem dinheiro.",identidade
565820,"Nois é motoqueiro,.",identidade
565824,Nois semos lindo nois é herói nois é mocinho nois é praiboy.,aparencia
565825,Nois semos lindo nois é herói nois é metido nois é cowboy.,
566273,Essa mulher é venenosa.,identidade
566278,Essa mulher é uma loucura.,comportamentos
566937,Toda gostosa e ela é poderosa.,identidade
567147,Eu já fiz ela feliz.,identidade
567669,E a paraguaia tão querida lá ficô.,comportamentos
567714,É pras moça bonitinha.,identidade
567733,Ela é dona das pipoca.,identidade
567818,Moça feia e marmanjão na garupa a mula pula.,aparencia
567866,A moça tava montada.,identidade
567940,Quem sabe eu venha a encontrar outra moça muito fina.,valores
567988,"Eu era um rapaz gordinho, tenho emagrecido.",aparencia
568012,Homem baixo e muié arta é mais sucedido.,comportamentos
568107,"Vancê vai viver contente, nada, nada te aborrece.",outros
568207,"Ela é bem morena, cor que não descora.",aparencia
568503,Todas quinze ele ganhô.,outros
568736,Essa moça foi dizêno nóis pode fazê o torneio.,comportamentos
569493,Sou mais um homem carente.,comportamentos
569496,Sou mais um homem sozinho.,identidade
569634,"Mulher vitaminada,.",aparencia
569656,"Essa mulher foje muito,.",comportamentos
569679,Elas são tão parecidas.,aparencia
570453,"Ele é feliz, triste, amargurado, esperançoso.",identidade
570524,Eu tenho um marido pobre.,identidade
570969,A mulher é independente.,identidade
570985,Hoje a mulher carente.,identidade
571115,"Ela se se entrega aos seus reis falsos,.",outros
571390,Ele é o único menino cínico.,comportamentos
571603,Casquinha é bom de se tirar.,outros
572501,"Ela estava tão bonita, linda assim como ninguém.",aparencia
572627,Uma garota nova e sem juízo.,identidade
572640,Mamãe está tão triste.,identidade
573555,É só mulher bonita e muita bebedeira.,outros
573834,Outra vez ela judia.,outros
574090,é uma mulher envolvente.,identidade
574241,Com ela fui feliz eu sei.,
574288,"Ela é dona da saudade que te envolve,.",identidade
574657,"Sertanejo é bailão,.",outros
575784,Será que ele é melhor que eu.,identidade
576337,A mulher namoradeira.,comportamentos
576653,E todo homem fica brega por causa de uma mulher.,comportamentos
577314,Ela vai deixando vazio o quarto e o coração.,outros
577859,Maravilhosa deusa louca assim gostosa.,aparencia
580083,"Maluca, mas por mim ela é apaixonada.",comportamentos
580088,"Ela é leoa, ela é tigresa.",identidade
580096,Mas por mim eu vou falar: por ela sou apaixonado.,
580421,"Faço de tudo pra dominar a fera, ela é leoa, ela é.",identidade
580428,Mas por mim eu vou falar por ela sou apaixonado.,aparencia
580433,"Faço de tudo pra dominar a fera, ela é leoa ela é.",identidade
580488,Hoje eu descobri que ela foi infiel.,comportamentos
581407,Tem mulher mineira e do sul matogrossense.,papel_social
581408,"Tem mulher goiana, gaúcha e catarinense.",identidade
581423,Só mandou mulher bonita.,
581442,"Tem mulher verruguenta, com a bunda caida, com a teta mucha parecendo minha tia..",aparencia
581445,tem mulher baranga com bafo de onça tem umas que nem quer tomar banho.,identidade
582523,"Mas se volto pra ela, meu mundo sem ela também é vazio..",outros
582661,Tem um homem apaixonado louco pra te dar amor..,identidade
582990,Ela tá louco pra pegar outro mané.,comportamentos
583740,"Ela fica aborrecida, ela qué cama e comida.",comportamentos
584571,Eu sou homem casado.,identidade
584901,"Ela é mistério, é um caso sério, é fenomenal.",identidade
584952,Ela é feia pirracenta e mandona.,comportamentos
584957,Melhor ficar com uma mulher feia e rica.,comportamentos
584969,Ela é madura ta passada dos setenta.,aparencia
585588,"Ela dança gostoso, sensual, meio safada.",aparencia
585876,"Ela dança gostoso, sensual meio safada.",comportamentos
585920,"Deus, ela foi capaz de me dizer que gosta de outra pessoa,.",habilidades
586265,"Um homem ereto, preso à uma asa de pano.",aparencia
586323,No rodeio ele é peão.,habilidades
586560,Remexe o corpo e vem e na balada ela é astral.,identidade
586972,Minha musa preferida.,identidade
587205,Eu quero futebol e ela quer aeróbica.,habilidades
587206,Eu tomo uísque e gelo e ela pura vodca.,comportamentos
587227,Olha a menina bonita.,aparencia
589195,Só eu sei que os meus olhos.,outros
589239,Pra ela não preciso dar nenhuma explicação.,outros
589260,Ele é poderoso e sereno.,identidade
589286,Ele é tão delicado.,aparencia
589354,Se tentar morder o travesseiro vai rasgar ele inteiro você não vai aguentar.,habilidades
591291,ela é rara e preciosa.,identidade
591486,"Ela é linda, um corpo sedutor.",identidade
591842,"Se ela for presa, eu também vou em cana.",comportamentos
592253,mulher querida amada..,identidade
592299,"TÃO DIZENDO QUE VIREI MANÉ, POR ESTA MULHER SOU QUAL.",outros
592446,Só me ver que ela fica animadinha.,
592914,Mulher bonita de montão.,aparencia
592961,Menina estou intrigado este seu noivado já não tem mais fim.,comportamentos
593014,Ela fica louca.,comportamentos
593379,Ela é penetrante é a voz de.,identidade
593504,Ele faz careta.,comportamentos
593636,Ele é santo príncipe da paz.,identidade
593640,"Jesus é teu amigo, Ele está contigo por onde for.",
594145,"Ele agora está mais firme,.",comportamentos
594466,"Que o homem seja livre,.",outros
594468,Assim como os três reis magos.,papel_social
594474,Que o rei será bendito.,valores
594608,Menina manhosa.,identidade
594840,"Ai cantando conseguiu, me fazer um homem honrado,.",identidade
595261,"Moças bonitas vinha à janela,.",comportamentos
595281,O ponto era um moço novo muito desembaraçado.,outros
595316,"Detestam homens violeiros, não defendem a tradição.",comportamentos
595533,Eu lhe considero a mulher mais bela.,aparencia
595755,E de homens competentes.,comportamentos
595779,Minas é florido.,aparencia
595931,minha filha caçula namora homem casado.,papel_social
596568,Mas os homens estão esquecidos.,valores
596767,Se a mulher é bonita.,identidade
597322,Arranjou menina nova.,outros
597443,"O rapaz era descrente, nunca teve religião.",identidade
597634,Se ela vive feliz em meus braços.,comportamentos
597635,Junto a ela feliz eu estou.,comportamentos
598012,"Moça feia e marmanjão,.",aparencia
598111,"Quantas meninas bonitas, eu fiz chorar de saudade..",aparencia
598302,O santo nome de mãe é a palavra mais querida.,papel_social
598304,"Para todo meu afeto à você, mãe brasileira"".",identidade
598317,Se ela é rica ela tem todos conforto.,identidade
598318,Mas se ela é pobre muitas vez tem que sofrer.,identidade
598347,Mulher feiosa não me facina.,aparencia
598503,Se ela é rica ela tem todo o conforto.,identidade
599001,Nem se ela é feita de ouro.,identidade
599490,"E digo, mulher querida.",identidade
599847,Uma menina linda e sem juízo.,identidade
599852,Diz que a filha ainda é muito nova.,identidade
600117,Que ela foi dama de vermelho e foi de branco.,identidade
600118,Mas amanhã ela era dama de preto.,identidade
600209,Eu recebi um convite veio de minas gerais.,comportamentos
600240,Dormindo sobre ele como era bom sonhar.,comportamentos
600310,Lá na rua sou homem feliz.,identidade
600602,Mas no tempo que eu fui moço forte.,habilidades
600620,Das moças bonitas eu ganhei muito abraço.,aparencia
600758,De mulher feia e bonita.,identidade
601050,Ele louco de ciúme foi chegando devagá.,comportamentos
601236,Que mulher igual a minha.,identidade
601389,Ela foi encontrada morta.,comportamentos
602101,"Ana era morena, tinha os olhos verdes.",aparencia
602109,Que o moço rico era um grande covarde.,identidade
602111,O olhar tão lindo da moça bonita.,aparencia
602124,Ana foi chamada no banco de olhos.,outros
603327,A moça quando é bonita.,aparencia
603597,Jorge é bom cavaleiro.,papel_social
603717,Senhora dona da casa.,identidade
604486,Seu amor por ele não é verdadeiro.,valores
605119,Onde ele fica deslumbrado a contemplar.,comportamentos
605658,Chaleira é mulher velha.,identidade
605665,Ali ela foi princesa.,identidade
605688,Ela está louca da vida.,identidade
606607,Já me disseram que ela foi vista com outro.,outros
606639,"Eh mulher bandida,.",identidade
606862,"Locutor, sei que ela foi bandida.",
606959,"Gosto de você assim, menina mulher.",identidade
607099,Torcendo pra que ela mesma descubra no meu jeito de olhar.,identidade
607102,"Dizer pra ela não é culpa minha, mas é minha solidão..",comportamentos
607350,"Se ela tiver mal humorada, foge.",identidade
607848,e se tiver mulher bonita aí a lenha tá acesa..,aparencia
609041,As mina é louca tão pedindo.,identidade
609252,Ela é pró na arte.,identidade
609511,Ninguém acha ela normal.,identidade
609517,Essa menina faladeira.,comportamentos
609519,Ela é uma princesa.,identidade
610324,Foi levado pro deserto aonde ele foi tentado.,comportamentos
610378,"Minha mãe, minha vida, você é a mulher mais querida.",identidade
610980,ela mora bem distante.,outros
611006,Uma mulher tão bela.,aparencia
611179,"sou um homem direito e não tenho mais vida,.",identidade
611211,Faz homem grande chorar.,identidade
611212,Saudade que as vezes é gostosa deixa a mulher mais dengosa.,aparencia
611245,Mulher menina.,identidade
611343,"Ela é séria e não enrola, pois quando eu pisei na bola.",comportamentos
611348,"Ela gasta muito pouco, ela é coisa de louco.",comportamentos
611515,Essa mulher é tão bela.,aparencia
611753,Porque estou sofrendo tanto se ela está ausente?.,identidade
612127,ôôô mulher tô doidão.,outros
612133,"Ela é toda boa, ela é a patroa ela é poderosa.",identidade
612533,compraria um carrão e ela ficaria afim..,identidade
612563,ela é deliciosa.,identidade
612572,compraria um carrão e ela ficaria afim.,comportamentos
613056,"Ela é top, safadinha.",comportamentos
613545,Essa menina baladeira.,comportamentos
613567,Ela é linda demais.,aparencia
613759,"Aquela mina tão difícil, deixou o ego de lado.",identidade
613766,"Mas quando está sã, ela é muito mala.",comportamentos
613842,"Ele é ciumento, isso vai dar confusão.",identidade
614148,Elas ficam loucas querendo passear.,identidade
614547,Mulher não quer dinheiro ela quer ser amada.,papel_social
614555,"Ele larga tudo, esquece da farra, para de beber.",identidade
615039,Ele era novo no momento em que o primeiro apareceu.,aparencia
616303,"Mulher difícil, que sacrifício.",identidade
616910,As coisas que eles fazem parecem muito frias.,
617642,E eles ficam muito felizes.,comportamentos
617716,Ou o homem é gay.,identidade
617758,Que o homem é viado..,identidade
617839,"O que eu sei, é que eles são esquisitos.",aparencia
618213,Alguns dizem que ele é chato.,identidade
618436,Pra mim você é uma garota irresistível.,aparencia
620360,Jesus ainda amava o prefeito mesmo ele sendo um ateu.,habilidades
620625,"E Adão até foi expulso, pois.",comportamentos
620735,"Onde o rei está morto, e o carrasco no trono é quem toca o tambor.",papel_social
620763,"E aquela senhora outrora tão jovem, já parece morta.",identidade
621173,"Eu ví o futuro, baby, ele é passado.",outros
621328,"E assim ela seguiu sozinha, tentando pertencer.",identidade
621381,"Mas ele é fraco, é covarde, é frouxo, ele nunca me encara de frente.",identidade
621553,Se era estrangeira mãe esposa ou outra..,identidade
621658,"Eu pulei fora, eu juro senhor juiz.",comportamentos
622356,E elas eram tão sujas.,identidade
624186,"O nosso ódio, ele é reciproco.",identidade
624274,"Nem tenho grana, minha mulher está grávida e noite passada.",identidade
624318,o homem é um monstro e a mulher é horrível.,aparencia
624645,Uma menina tão singela..,identidade
624884,Então eu percebi que ela estava acordada.,identidade
624995,"""O homem branco do velho mundo..."".",identidade
625515,antecipada ela é sua rainha.,papel_social
625551,Ela é carne para uma rainha.,identidade
625560,antes de esfriar eu sabia ela estava morta.,valores
625569,Por uma deusa suja nós vamos dançar.,habilidades
625576,Ela é carne para uma rainha...,aparencia
625759,A brava mãe virgem.,identidade
625794,O homem caucasiano do rebanho de.,outros
626356,"Mas ela é linda,.",
626372,"Por que ela é linda,.",aparencia
626455,"Só porque ele é lindo, loiro e forte.",aparencia
626499,"Nadando com graça, fugindo da caça dos homens humanos.",comportamentos
626500,"O homem é corno e cruel, mata a baleia que não chifra.",identidade
626616,"Ela é uma vaca, eu sou um touro.",aparencia
626623,"Ela é uma vaaaaaaaaaaaca, eu sou um touroooo!!.",identidade
627099,Não interessa se ela é coroa.,comportamentos
627293,é ele mesmo e eu esqueço.,identidade
627402,A Sheyla é uma garota muito bela e recatada.,identidade
627415,"A Sheyla era maneira, ela era sensacional.",
628925,Mas o que pra eles é defeito.,outros
630594,"Mães zelosas, pais corujas.",
630929,Ronaldo é meio punk.,identidade
630939,Ronaldo é futurista.,identidade
632742,Um filme de mulheres nuas.,outros
635273,Na balada ele é o cara.,papel_social
635963,Por ela fui fiel.,valores
636230,Ele não é malandro?.,identidade
636947,Mulher bebê...,identidade
637266,"Ela é vagaba, interesseira.",identidade
637697,Ela ficou triste quando eu a deixei.,comportamentos
637973,"Uma menina linda, tão gostosa adicionei.",aparencia
637982,"Porque ela é fake, fake, fake, fake, fake.",identidade
637984,"Mas ela é fake, fake, fake, fake, fake.",identidade
638601,Me chama de homem aranha.,
638606,Minha mulher gato.,outros
638801,Aquela menina era a felicidade.,identidade
638823,"Ela é como namorada, companheira de deprê!.",identidade
639303,Mulher perfeita toda uma beleza meiga luz.,aparencia
639810,"Ela é tão pura, não sabe do mal.",comportamentos
639839,um doce ela é minha irmã.,aparencia
640294,Quero uma mulher carinhosa.,
640296,Quero ser um homem livre.,aparencia
640330,Eu sou menino sonhador.,identidade
641515,Que ela pode ser cruel.,identidade
642056,"O homem nasce livre, mas parece esquecido.",papel_social
642672,"Julgamento popular, ele não é merecedor.",comportamentos
642980,Você foi a garota mais importante.,identidade
642996,Nenhuma outra garota deu certo na minha vida.,outros
643456,É cor do pecado que deixa elas malucas.,identidade
643971,Ela é ciumenta demais.,comportamentos
643975,Ela é ciumenta de mais.,comportamentos
643988,"Eu falo que sei la, ela fica enlouquecida.",comportamentos
644375,Isso deixa ela confusa.,
644767,No véu da cambraia ela deixa louco.,comportamentos
645868,Se ela é tão louca....,
646501,"E da libido, e prum garoto introvertido.",identidade
647277,Menina linda eu te adoro.,aparencia
647714,Ela é má pode até te dar um choque.,
647728,Deus do céu como ela é maldosa.,comportamentos
648455,Ela já fica feliz.,identidade
648628,"Pega o gato com jeito que ele azunha,.",comportamentos
648707,Ele é ruim demais.,identidade
649222,"Ela é anarquista, ela é terrorista.",identidade
649982,"Cristina era mesmo legal – ""partimo"" até pro coisa e.",papel_social
650067,ela é branca é negra é de raça.,identidade
650570,Mas lendo atingi o bom senso.,outros
650787,Todo menino é um rei.,identidade
651052,Oxossi é caçador.,identidade
651235,Um dia desse ela tava descuidada.,comportamentos
651316,Ele nervoso perto do portão.,comportamentos
651322,Se eu fosse um homem branco.,outros
651582,O jeito que você olha pra ela é uma mentira.,outros
652057,Pra mulher sereia.,identidade
652768,Menina sou dependente do seu beijo.,
652796,Um homem carente de amor também chora.,comportamentos
653333,Moça bonita pode entrar à vontade.,aparencia
653334,"Homem barbado, quanto menos é melhor.",aparencia
653443,Faz qualquer homem valente cair de joelhos no chão.,comportamentos
653467,O Chico tava feliz.,comportamentos
653519,A mulher mais bela que um dia encontrei.,aparencia
654402,Ela estava tão linda naquela janela.,aparencia
654407,Pois se ela for mesmo embora.,outros
654523,"Alô, alô, alô, mulher loira ou morena.",identidade
654709,Mulher bonita perambulando sozinha.,aparencia
654914,Ela foi a testemunha.,papel_social
655048,"Se a mulher bobeia,vem um cara e passa a mão.",habilidades
655075,"Alô,alô,alô,mulher loira ou morena,eu não faço muita escolha.",aparencia
656277,"A moça era esperta, não brincava não.",identidade
658488,que ilumina a mina escura.,outros
658716,Ele é mesmo bom assim em tudo o que ele faz.,identidade
659089,A mãe vem pedir constante oração.,comportamentos
659099,Senhora tranquilos deixou.,valores
660603,Não sei se ela está sozinha..,outros
660895,-Esta mulher hoje é rica e tem de tudo..,papel_social
660904,-Minha mulher hoje é rica e tem de tudo..,identidade
660917,Ela é uma bonequinha..,aparencia
660952,"Lá na terra dos judeos,o homem mau sem coração..",valores
661047,Posso até jurar que o homem mais triste do mundo sou.,identidade
661245,Menina bonita olha pra mim..,identidade
661335,Ela estava enfezada.,comportamentos
661359,"Ela estava aborrecida,estava nervosa demais..",
661474,"Olha que garota linda,àquela..",aparencia
661486,Homem cabeludo ela não gosta..,comportamentos
661487,Tem o tipo de garota bacana..,identidade
661492,Hum!Que garota super-bacana!.,identidade
661493,"Ela é muito pra frente,ela é uma praça,mora!..",
661504,Menina linda coisinha louca.,
662683,"Sou morena faceira, menina brejeira.",identidade
663975,Todos homens são distintos demais.,identidade
664682,Moça bonita que eu gosto de amar.,aparencia
664691,Por que ela é amorosa e sabe amar..,identidade
664703,Por que ela é amorosa e sabe amar.,comportamentos
664911,Ela é bonitinha até no andar..,aparencia
664912,Ela não é alta e não é baixinha..,identidade
664920,"Ela é minha esposa,sou o marido dela..",outros
664961,A minha vó ela é mesmo assanhadinha.,identidade
665099,Faraó foi destruído.,outros
665213,Vem menino bonito.,
665718,Sua filha aqui distante não se cansa de esperar.,identidade
666057,"Ele é fiel, quando você não for.",identidade
666206,Ele é fiel!,valores
666407,"sou louco por ela é grande a nossa paixão, mais na.",comportamentos
666566,"Ele está contigo, Vai.",outros
666570,Ele está contigo é só buscar!.,identidade
667077,Mulher ingrata.,identidade
667107,Ela é a esperança.,identidade
667233,Moça branca e direita com o preto véio casou.,identidade
667254,o menino estava morto por um cascavér picado.,identidade
667950,Se o marido é violeiro.,identidade
667957,Que pena ele ser casado.,outros
668062,"Ai, ai, ai, ai garota enxuta.",aparencia
668402,Companheira mulher ideal.,valores
668613,Pra você serei sempre a mulher ideal.,aparencia
668884,Ela é deusa que passa.,aparencia
668890,Essa menina é bandida.,identidade
669616,"Linda, menina linda.",papel_social
669966,E as mulheres mais bonitas eram minha.,aparencia
671923,"Ela foi má, não soube te querer.",identidade
672895,Ele é meu amigo e ela sempre foi parceira.,identidade
673328,É que ele é lindo demais.,aparencia
673473,"Menina morena,.",identidade
673635,Muitos homens pais de família.,papel_social
673844,Com ela agora é só garrafinha d'água.,comportamentos
675079,Menina nova é muito bom mas mete medo.,
675087,Mulher casada é bom também mas é um perigo.,identidade
675294,"João foi nascido a criado na roça, não tinha maldade.",identidade
675667,Com os teus braços de mãe protegei nossas crianças.,identidade
675974,Uma mulher muito bonita de umas vinte primaveras.,identidade
676360,Fale da mãe iemanjá.,valores
676638,Defendo as mulheres carentes de afeto.,
677201,Se eu pudesse te dar meu nome seria um homem muito feliz.,identidade
677330,E se amasse ele não estaria deitada.,
677392,Ela é uma menina tímida e calada.,identidade
677781,No sorriso da mulher querida..,identidade
677976,Um homem triste apaixonado sofre muito.,comportamentos
678279,Eu confesso querida pequena.,outros
678363,Ela ansiosa com a chuva preocupada.,comportamentos
678387,Se me entreguei a ti.,comportamentos
678830,Embora o senhor seja conhecido e venha pedir pela primeira vez.,identidade
679131,"Minha mãe apenas, outra mãe solteira.",identidade
679560,"Casei com a filha mais nova, a sorte sorriu pra mim.",aparencia
679774,"Uma mulher bonita, um coração sozinho.",aparencia
679864,A mulher mais cobiçada.,identidade
680267,Se for de mulher bonita.,aparencia
680469,É você minha mãe morena meu consolo e adrenalina.,aparencia
682337,"Por isso é que se diz, como ele é sentimental..",outros
682419,Sou o homem mais pobre dos homens.,identidade
682430,Este foi o homem mais rico dos homens.,identidade
682462,Te rendo graças por tornar-me um homem forte.,habilidades
683098,No espaço ela é a lua.,habilidades
683159,Ela é minha mulher.,
683204,De um homem normal.,identidade
683691,Tanto que me gabei ser um homem forte.,identidade
683752,"Ela é cruel, perigosa e matadeira.",identidade
683821,Enquanto ela vive contente feliz.,comportamentos
683936,Saiu com o menino doente.,aparencia
683947,O menino amedrontado chamou sua mãe querida.,identidade
683953,Ali ele foi transformado numa estátua e chicote na mão.,identidade
684040,A mulher é igual a cobra tem veneno e tem peçonha.,
684176,Mulher madura sabe o que quer.,comportamentos
684177,Mulher madura é mais mulher.,identidade
684186,Mulher madura é noite suave.,identidade
684541,Virgem negra mãe bendita.,identidade
685097,Ela era muito ciumenta.,comportamentos
685140,De mulheres traiçoeiras.,identidade
685266,É hoje que sol levanta com tanta mulher bonita.,aparencia
685271,Enquanto mulher fogosa mostra o que tem de bom.,aparencia
685279,E o amarguinho que ele tem é inofensivo.,identidade
685462,Arrasa dá ibope ela é capa de revista.,identidade
685467,Ela é uma delicia.,identidade
685468,Ela é toda sensual.,identidade
685469,Ela é toda linda.,aparencia
685470,É garota nacional.,identidade
687368,Vem com ele duetar.,comportamentos
687492,Muitas mulheres bonitas me querem.,aparencia
687578,Com ele distante a dor me consome.,valores
688676,O ponteiro moço novo muito desembaraçado.,aparencia
688816,Ela era quase criança nos sonhos bons de menina.,identidade
688969,Ele é bonita e desimpedida.,identidade
689949,Mulher bonita eu abraço homem eu corto na peia.,aparencia
690029,"Deus, eu queria saber se ela está feliz.",
690310,Em pedro leopoldo em minas gerais.,identidade
690709,E a filha tá abandonada.,identidade
691215,Ela é abelha pousando nas flores.,comportamentos
691218,Ela é estrela que brilha no drama.,identidade
691220,Ela é atriz coberta de fama.,identidade
691227,A deusa divina da minha canção.,identidade
691280,Me cansei de ser um homem humilde e usado.,identidade
691349,Sou um homem triste rolando na vida.,identidade
691351,Sou um homem triste vagando no mundo.,comportamentos
691456,Pois minha deusa querida.,identidade
691457,"Fez de mim, um homem triste.",identidade
691658,A minha chefe mãe padroeira.,identidade
692327,Mané era pernambucano.,identidade
692917,"Sereia é coisa de mar, garota é coisa de bar..",identidade
694188,Mulher ciumenta que vive de marcação.,identidade
694388,Faço a ela tres pedidos.,valores
694498,Se mulher é parte fraca.,identidade
694879,Mas o coração da mulher querida parece.,identidade
694953,"É melhor eu ser assim, embora sendo um homem triste.",
695184,Se ele ficar valente tocamos zum.,comportamentos
695252,E com ela preciso encontrar..,outros
695726,Mas sou um rapaz faceiro.,identidade
696502,Ela é gostosa é maravilhosa e mexe com a gente.,aparencia
696504,Ela é diferente.,identidade
696506,Ela é cheirosa é misteriosa é menina mulher.,identidade
696997,Daqui a pouco eu visto a roupa e vou embora.,outros
697174,"Se ela é novinha, novinha.",aparencia
698548,Ela é delícia.,outros
698552,E o tanto que ela é bonita.,aparencia
699451,Pra deixar ele maluco e você mais desejada.,habilidades
699686,Lhe digo mulher querida.,identidade
699983,"Você sabe menina bonita, prestimosa, santa e pura.",identidade
700146,Sou um homem diferente.,identidade
700205,Esta mulher está sendo mal-amada.,comportamentos
700211,Que ela é muito mais bonita.,aparencia
700433,Tinha uma quadrilha de homens valentes.,papel_social
701520,O homem é bom.,identidade
702558,"Passou no salão, fez o pé e mão, agora ela tá solteira.",identidade
702701,Se tiver mulher solteira arrasto tudo lá pra casa.,comportamentos
702798,"Amor da minha vida, a musa preferida.",identidade
703185,Ela é mistério.,identidade
703187,Ele é bagunçado.,identidade
703193,Ele tá formado.,habilidades
703835,Eu já nem se sou o homem ideal da sua vida.,identidade
704078,Seu guarda sou o cara que o senhor pensou ser vagabundo.,identidade
704133,Com a agência ele deixou acertado.,outros
704384,Com a mulher mais linda.,aparencia
704699,Que você é a garota mais linda que eu pude ter.,identidade
705529,Tô mais que convencida que não tem homem perfeito.,identidade
706158,Nunca vão superar uma mulher real.,identidade
706196,E ela é companheira.,identidade
706493,"Ela tá magoada, ela tá sentida.",comportamentos
706495,"O negócio é com ela, ela tá resolvida.",outros
706497,"Ela foi enganada, ela quer da o troco, ela foi traída.",comportamentos
706507,Mas ela foi traída.,comportamentos
706513,Se perdeu a 'responsa' perdeu a mulher verdadeira.,
706525,"Ela foi traída, ela tá ferida.",comportamentos
706563,"Menina nova gosta disso também,.",outros
706569,Mulher casada gosta disso também.,
706770,Anjo em forma humana mãe doce mãe meu coração.,identidade
706775,se eles estão perdidos.,outros
707066,Essa menina não dá mole.,comportamentos
707103,Me sinto o homem mais triste do mundo.,habilidades
707321,Menina inocente pura e sincera.,
707392,Que seu namorado tá ficando bravo.,identidade
707715,Achei a mulher perfeita.,valores
707716,Moça distinta e direita.,identidade
708120,Ela também foi traída.,valores
708279,Tirando o casamento e homem ciumento.,identidade
708866,Meu namorado tava pobre.,identidade
708999,"Ela é independente, curte a vida livremente.",identidade
709971,Ela é a batida de um coração?.,identidade
709974,Ela é maravilha ou é sofrimento?.,comportamentos
709975,Ela é alegria ou lamento?.,
710924,E do rei faquir.,outros
711008,Ela tá sarada turbinada processda envenenada.,aparencia
711470,Faz do homem gentil um calhorda.,identidade
711926,Se aquela mulher é vaidosa eu não sei.,comportamentos
712393,Por isso é que se diz como ela é sentimental.,identidade
713549,"Me chamam mãe d'água, por onde caminho.",
713763,Ele é bonito de ver.,aparencia
713928,Era um menino muito legal.,identidade
714708,E as senhoras como sempre nervosas:.,identidade
715875,E ele fica mudo.,outros
717572,Ela é dark.,identidade
717613,Ela é a joaninha dark.,identidade
719057,Faça com que eles recuerdem.,outros
720303,Tudo pra ela é comum.,valores
720304,Tudo com ela é viável.,outros
721131,"Ela foi cinéfila, só ia ao belas artes.",
721167,Ela não é igual a gata que eu vi na.,identidade
721171,Nem é como a mina linda linda que dá medo.,aparencia
721188,Ela é linda linda linda linda.,identidade
721203,Ela não é a bonita do.,aparencia
721208,Ela não é a baiana bela do.,identidade
721829,"*moça bonita, eu te amo (em guarani).",aparencia
721842,Ele é lindão.,aparencia
722423,Com teu homem querido.,identidade
722652,Das mulheres famintas.,identidade
722889,Ilumina a mina escura e funda o trem da minha vida.2x.,
723549,Dedicado a um rei triste e solitário.,
723601,Creda e audiemedes trazer seus cavalos e da rainha do poli os bois do rei giriao outro gigante para enfrentar e para cômodo do jardim de pering matar a serda o cão do mau os doze trabalhos de.,outros
723811,Mas um homem normal.,identidade
723820,Pois o homem normal.,identidade
725406,"Oh, minha mãe gentil.",identidade
725761,A musa inglória partiu.,papel_social
726063,Ela é tão rica e eu tão pobre.,identidade
726064,"Eu sou plebeu, ela é nobre.",identidade
727257,Ela é uma morena sensacional.,identidade
727895,Um homem grave vende risos.,outros
728439,Ela é colorida.,aparencia
728440,Ela é multicolor.,aparencia
728896,"Mulher nova, bonita e carinhosa.",identidade
728910,Mulher nova bonita e carinhosa.,identidade
728919,Se não fosse a mulher mimosa flor.,aparencia
729025,"Ela é formosa,.",
729043,Mas é que ela é cobiçada.,valores
729083,Só por elas mais forte que paixão.,comportamentos
729715,Menina colorida.,identidade
732378,ela ficou super contente.,comportamentos
732445,e ela achava mais linda ainda.,aparencia
732456,metade ela era companheira.,identidade
732662,E eu não passo de um rapaz comum.,identidade
732968,Na boca vermelha de uma dama louca.,aparencia
733079,Quantos homens eram inverno.,identidade
733366,Porventura se a mulher for casada.,papel_social
733600,"e toda paixão recomeça, ela eh bonita, é demais.",identidade
733603,"Eu digo e ela não acredita ela eh bonita, demais.",aparencia
733604,"Eu digo e ela não acredita ela eh bonita, eh bonita.",aparencia
733791,Ele não é um doutor nem mesmo tem posição.,outros
734531,Minha filha inocente veio pra mim toda contente.,comportamentos
735722,Que é que tem nessa cabeça saiba que ela não pode irmão.,outros
736171,Ele é negro.,identidade
736172,Ele é estranho.,identidade
736736,Ela tão satisfeita por mim.,
737558,Achando todos que ela era a sedutora.,identidade
737873,Ele não é goiaba.,identidade
738533,Vê como ele está lindo.,aparencia
738803,Se ele era raso e não sentia o coração.,identidade
739062,Um homem bonito que planos.,identidade
739569,Vi que és um homem lindo e que se acaso a sina.,aparencia
739570,De um menino infeliz não se nos ilumina.,
740364,E que namora um menino eletricista.,papel_social
740396,Eu sou rapaz direito.,identidade
740397,E fui escolhido pela menina mais bonita.,aparencia
740880,Ei menino branco o que é que você faz aqui.,identidade
742168,Há um homem preto de olhos machucados.,aparencia
742171,Rindo do meu jeito ele é um anjo.,identidade
742176,Que vivi mas ele é diferente.,habilidades
742185,"Anjo, ele é um anjo.",aparencia
742415,Se eu tivesse outra ela achava bom.,valores
742517,Mas e outras coisas via um moço forte.,aparencia
742518,E a mulher macia dentro da escuridão.,identidade
744472,Jesus foi traído com um beijo.,outros
745303,Clarisse está trancada no seu quarto.,comportamentos
746196,o sonho de toda menina inocente querendo viver um.,valores
746200,esperança que ainda existia um rapaz perfeito.,habilidades
746213,a minha esperança ke ainda existia um rapaz perfeito.,identidade
747776,Ele joga baixo.,
747778,Ele paga caro.,habilidades
748329,Ela é bonita pra caramba.,aparencia
748730,Ele é seu sagrado.,valores
748854,"Homem livre, céu risonho,.",identidade
749503,Quem era a menina cabocla num rosto sereno qualquer.,identidade
750046,E quem sabe dançar a sinfonia os homens gris.,outros
750280,Ela é dona do pedaço.,
750557,"Pois ela é luz a me guiar, a me guiar, a me guiar.",
751294,Rei é um rei soberano.,valores
751308,Ele é imperialmente poderoso.,identidade
751309,Ele é imparcialmente misericordioso.,comportamentos
751315,Ele é o salvador do pecador.,identidade
751324,Ele é pré-eminente.,
751327,Ele é o problema supremo na alta crítica.,identidade
751331,Ele é o milagre do século.,identidade
751334,Ele está disponível ao tentado e ao atribulado.,identidade
751355,Ele é o caminho da paz.,outros
751359,Ele é o mestre dos poderosos.,identidade
751360,Ele é o capitão dos conquistadores.,identidade
751362,Ele é o líder dos legisladores.,identidade
751363,Ele é o superintendente dos vencedores.,identidade
751364,Ele é o governador dos governadores.,identidade
751365,Ele é o príncipe dos príncipes.,identidade
751389,Ele é indescritível...,identidade
751391,Rei é indescritível.,valores
751393,Ele é incompreensível.,identidade
751394,Ele é invencível.,identidade
751395,Ele é irresistível.,identidade
755707,Suzy era uma garota inocente.,identidade
755715,"Uma garota inocente, inconsequente, se aproximou.",comportamentos
755854,Ela indiferente abraça a vida como se não fosse mais.,identidade
756276,"Linda demais, mina brilhante.",aparencia
757112,Dizem que ele é brasileiro.,identidade
757806,"Ela é doce, é gostosa como mel.",aparencia
757822,"Ela é minha, ela é minha toxina voyeur.",identidade
758239,A mina é quente quente quente.,aparencia
758426,"Tem gente feliz, as mina é sensacional.",identidade
759186,Quando uma menina linda.,aparencia
760332,E ela ativa o modo safadagem.,comportamentos
760338,O último deixou ela ainda mais frágil.,identidade
760415,Ela é minha paixão meu desejo de mulher.,valores
760533,Ela não é qualquer menina.,identidade
760540,"Ela tá junto, ela é parceira.",outros
760643,"Mulher solteira tem os montes, tá sobrando.",identidade
762983,"E eu me derreto, me esqueço, que ele é um vira-lata.",identidade
763650,Maria era bem discreta.,comportamentos
763653,Maria é gente fina.,identidade
767125,Moacir era casado.,identidade
767716,A senhor só dar bom dia.,comportamentos
768301,"Não, ela é uma luz que chega de repente.",identidade
768946,O saravá menina mineira que é filha de.,habilidades
769347,vou seguir a sonhar.,comportamentos
769572,Pela décima vez ela está inocente nem sabe o que fez.,outros
769943,Quem tiver mulher bonita.,aparencia
770071,Que esta moça é donzela.,papel_social
770072,Esta moça é donzela.,valores
770273,Mulher igual.,identidade
771737,Ela é bonitinha toda santinha.,identidade
771821,Mulher brasileira.,identidade
771878,Esse menino não é capaz.,identidade
774432,Ela era bonitinha.,aparencia
774433,Ela era engracadinha.,habilidades
774589,E esse andar de moça prosa morena.,identidade
774707,e veja como sofre um homem infeliz.,identidade
775213,Ele é o farol.,identidade
775247,Naná tá danada.,comportamentos
775385,Menina bela e formosa.,aparencia
776258,Ela não tá disponível.,comportamentos
776262,Essa moça é minha prenda.,
776339,"O que um menino tão novo,.",outros
776424,Se na verdade não andiantou nada ser mulher direita conforme ela era.,identidade
776554,O rapaz foi perdoado.,comportamentos
776738,Você já mereceu você é um menino esperto.,identidade
777534,Um menino folgazão.,comportamentos
777589,"Você era uma menina feia,.",identidade
777616,"O tempo transformou aquela menina feia,.",aparencia
777679,"És menina, mulher tão brejeira.",identidade
777930,ela está tão distante.,comportamentos
777985,"Ela veio sorridente, com uma cara de pu...xa vida, como ela tavalinda!.",identidade
778206,"Jesus é bom comigo,.",valores
778286,"Cheio de mulher bonita, loira, morena e mulata.",identidade
778291,"Mulher bonita, sempre fez minha cabeça.",aparencia
778901,Mulher bonita igual a minha ninguém tem.,aparencia
778913,Fui um perdido hoje sou um homem bom.,identidade
779149,"Eu era um rapaz faceiro,.",identidade
779183,O menino inteligente.,identidade
779319,Ela é dengosa e faceira.,identidade
779389,"No meio da rua tem mulher bonita,.",aparencia
779469,"A sua mãe vive cheia de esperança, querendo a minha herança, mas disso eu não abro mão.",identidade
779473,"Esse menino é esperto ate demais, onde eu vou ele vai não para de me seguir.",identidade
779475,"Acho que ela não tá boa da cabeça, mas antes que o mal cresça eu vou ter que me virar.",comportamentos
779513,E muita mulher bonita.,aparencia
779579,"Pra cumprir sua promessa, a moça veio ligeiro.",identidade
779902,Ela larga de mim eu fico mal.,comportamentos
780281,"Mulher bonita e gostosa, nóis ganha de montão.",aparencia
780417,Ela ta cismada que a mulherada tá dando no meu pé.,comportamentos
780467,Mas se vê mulher bonita aparece seu defeito.,aparencia
781202,"Nós só quer mulher bonita, nós só gosta de filé.",aparencia
781324,Ela é novinha tá subindo nas paredes.,identidade
781338,Ela segura e ele pega no tranco.,comportamentos
781382,"Menina linda, eu te juro que chegou a nossa hora.",aparencia
781406,Tatá tá embola embola aí.,outros
782310,Tem cerveja gelada e mulher quente no salão.,comportamentos
782416,Mulher bonita e cerveja.,identidade
782609,Mulher bonita de olhar esperto.,identidade
783114,"To numa cilada mulher casada cheira chumbo,.",comportamentos
783130,Mulher casada cheira chumbo.,papel_social
783161,Tá pra nascer a mulher capaz.,identidade
783531,"Perdão, mas como ela é sua amiga?.",papel_social
783947,"Cai fora que essa menina doida é mesmo um perigo,.",identidade
784383,"Eu chego junto, ô menina doida, como é que eu fico.",identidade
784571,"Chega agora um moço alto, de olho azul, pelo sotaque notei que era do sul.",identidade
784864,"Mulher madura, bonita, inteligente,.",identidade
785285,"De um homem egoísta, covarde e ignorante!.",identidade
785396,Mulher bandida quando quer fazer sofrer.,identidade
785430,Mulher bonita gente boa coisa fina.,aparencia
786310,Ela não tá sozinha.,outros
786615,"Sou comprometido, sou homem casado.",identidade
786692,"Mais que menina boba, eu falo isso pra todas.",comportamentos
786698,Menina maluquete eu gosto é de piriguete.,identidade
786706,Tem uma menina linda que é uma coisinha rica.,identidade
786709,Seu pai é muito valente a menina é muito bela.,aparencia
788211,"Sou abelha, ela é flor.",identidade
788844,Ela chegou correndo demais imprudente bateu e arrebentou meu.,comportamentos
789123,a cachaça e moça branca num gole vai pra cabeça.,identidade
789215,"Porque o homem é feito de sonhos, ideais e compromissos.",identidade
789458,"Ela faz pobre beber, faz rico ficar na lona.",comportamentos
789460,Homem sério de verdade por ela se apaixona.,identidade
790147,E ele está guardado pra você.,comportamentos
790605,Ela é tão doce e linda.,aparencia
791914,Pra uma mulher inteligente.,habilidades
791944,Ela é a dona do meu coração.,valores
791956,Ela faz carinho ela é uma flor.,aparencia
791960,Ela é uma deusa ela tem valor.,identidade
792170,A mulher só é difícil quando ela é mal cantada.,valores
792172,A moça quando é bonita não demora ta casada.,identidade
792302,Se eu fosse um homem cibernético.,identidade
792576,Homem bonito e sarado.,aparencia
792685,"Ele é pai,é filho,é espirito santo.",identidade
792686,ele é o poder.,identidade
792902,"Menina tola,eu vou te colocar na linha...",comportamentos
792905,Ela é bonita.,aparencia
792906,Ela é gostosa.,identidade
795220,"""Sassinhora"" como ela é gostosa rebolando.",aparencia
795249,"""Sassinhora"" como ela tá gostosa rebolando.",aparencia
796371,"Ela ta louca, pirada, maluca, danada.",comportamentos
796406,"Ela é diferente, ela é muito top.",
798066,Garota chega aqui mais pertinho.,
798213,Ela é linda é demais quando ela passa não tem.,aparencia
798768,E é ai que o homem forte.,identidade
799048,"E o papo que eu era a moça certa, me deixava apaixonada....",comportamentos
799084,Por ele sou capaz de crime passional.,comportamentos
801134,Tem uma menina linda.,aparencia
801140,a menina é muito bela.,identidade
801859,"Eu queria dizer pra ela que ela é nova, inteligente.",aparencia
802349,Agora eu tô preparado sou homem cheio de coragem.,identidade
802470,"Eu juro homem covarde tem que ser tratado assim,.",outros
802548,Quando a gente ama de verdade o coração não muda.,valores
802964,"E elas não são bobas, tão na festa das.",identidade
802967,"E elas não são bobas, tão nas festa das.",identidade
802994,Que ela era a flor mais linda do jardim.,aparencia
803603,Tá sempre sorridente ela tá sempre bela.,aparencia
803652,Morreu a mulher carinhosa e fiel que te amava.,identidade
804097,Ela rebola é sensacional.,identidade
804098,Se trombar com ela é perca total.,
804108,"Traz chandon, deixa ela suave.",outros
804111,Nesse bonde só deu mina linda.,aparencia
804370,Um mulher bela e sedutora.,aparencia
804422,"Mais igual, não vê, era a moça mais bonita.",aparencia
804443,Ela estava mais bonita com ramo de flor na mão.,aparencia
805636,Ele é digno de adoração.,identidade
807909,Homens e mulheres comuns.,identidade
809135,Pitoco ta feliz.,identidade
809142,Pitoco ta contente.,comportamentos
809459,Se na verdade não adiantou nada ser mulher direita conforme ela era.,papel_social
810795,Tem o homem manso.,comportamentos
810944,Ele era muito cachaceiro.,comportamentos
811039,Ele é dono de tv.,identidade
811058,Luciano é bom demais.,outros
811426,Minha mãe tava sozinha.,outros
811440,Mas ela tinha um marido muito sério.,identidade
811448,Mas ela era muito esperta e escondia.,identidade
811515,Mas ela tem um marido muito forte.,identidade
811728,Ela é minha proteção.,papel_social
811759,você é meu grande mal uma mulher animal mas eu te amo.,
811799,Foi quando passou moço rico.,identidade
811811,moço rico arrependido.,valores
811935,Brasil de mulheres lindas.,aparencia
812024,Sou homem muito grato.,identidade
812082,Uma mulher bonita e rica.,identidade
812099,Seja loira ou moreno mulher grande ou pequena.,identidade
812266,Ela é pura gostosura.,identidade
812270,Ela é pura vitamina.,identidade
813247,Tenho uma gaúcha linda e por ela sou amado.,aparencia
813679,Mas a menina inocente chamou seu pai pra mostrar.,comportamentos
814241,"Patrão, o senhor desculpe.",comportamentos
814329,"Ao festão danado, cheio de mulher bonita.",aparencia
814386,Você se acostumou com esses meninos frouxos..,comportamentos
815592,Pra mim não tem mulher feia eu adoro as cachaceiras.,aparencia
815765,"Vem sambar menina linda, no pagode sertanejo.",identidade
815781,Menina linda chega mais perto de mim.,outros
815807,Ele muito bobo de saudade chora.,comportamentos
816108,Eita mulher encrenqueira.,identidade
816359,A mulher mais perfeira que eu sonhei em ter pra mim.,identidade
816937,Para de fala dessa mulher bandida.,identidade
817267,que mulher brava igual ela.,comportamentos
818131,Deus ó senhor poderoso eu lhe faço um pedido.,valores
818156,traz ela denovo pra mim.,
818338,Seu namorado louco quer pegar eu e você.,identidade
818593,cachorro campeiro que esta reis é perigosa!.,outros
818605,Ela é culpada auê-uê-uê-ê boi se vivo nas estradas!.,outros
820762,A mulher mais linda desta cidade.,identidade
821119,Ela é a deusa que passa.,identidade
821125,Essa menina eh bandida.,identidade
821176,"Se a mulher é boa, eu vou firme com meu papo.",identidade
821180,"Estou sempre aceso, onde tem mulher bonita.",comportamentos
821360,A mulher mais feliz...,comportamentos
821465,O mulher cachaceira.,identidade
821768,Homem mais forte do planeta.,identidade
822384,Senhores contemporâneos.,identidade
822539,Esse moço é neurótico.,identidade
822860,Inês é morta.,outros
823400,A mulher foi feita pro amor e pro perdão.,papel_social
823407,"no mais das vezes ela anda distante,.",comportamentos
824105,Via show de mulher nua..,identidade
824126,Aos seus senhores infalíveis..,papel_social
824432,"Como um grito profano, profundo;.",papel_social
824586,Eu não sou mulher suficiente.,identidade
825174,Ele é o beija-flor.,papel_social
826489,"Crato, nasce um homem pobre.",papel_social
826602,De repente eu vejo se transformar num menino igual à mim.,
827380,"Homens poderosos dessa terra,.",identidade
828118,"mas ela logo despis - ta,.",comportamentos
829263,"Eu sou brasileiro, Deus é brasileiro.",identidade
829330,Não há homem justo sobre a terra.,identidade
829577,Homem sábio e profundo.,identidade
829588,mas ela resoveu seguir sozinha.,outros
830466,Minha mãe é linda.,identidade
830552,"""Dos filhos deste solo és mãe gentil pátri amada.",papel_social
830602,O menino trombadinha..,comportamentos
831151,Porque ele não é serio de mais.,identidade
831253,"Vovó é genial, da casa é a mais normal,.",identidade
831846,"Menina mãe,.",
833194,Se ela usa preto e ouve rock roll.,comportamentos
833584,nós cuidamos da ideia ou ela é só ideia?.,identidade
833956,Jhony é bacana.,identidade
833957,Menino vivo não sem engana.,
834050,Nasce um homem pobre.,identidade
834453,Ela é feita pra sonhar.,aparencia
834919,"Moça nova e solteirona, cabra macho e moço alegre.",
835474,Homem justo luta quando é preciso.,identidade
835595,Mas fazer o que se ela rebola tão bonito.,comportamentos
835680,Você minha princesa é tanta formosura.,aparencia
835818,como se ele fosse um santo.,comportamentos
836839,Minha filha linda bochechuda querida.,identidade
839269,No entanto ela ficou tão insegura.,outros
839274,"Torta, ela está desengonçada.",aparencia
839279,O fato é que ela está muito abatida.,aparencia
839281,Ela está triste pra caramba.,
839291,Por isso é que ela está tão esquisita.,comportamentos
839292,Por isso é que ela está tão insegura.,identidade
839302,Você não sabe que ela velha.,identidade
839359,"Tem mulher amada, o homem que olhou e nada viu.",identidade
839959,Mulheres são a mãe de todos nós.,papel_social
839960,Mulheres são legais.,valores
839962,Mulheres sabem ser fatais.,identidade
839970,Todas elas são tão iguais.,aparencia
839974,Mulheres lindas na gravidez.,outros
840662,Faz um homem capaz.,identidade
840859,Ela é iniciada em ocultismo e coisas do astral.,
843115,Como ele é sentimental.,identidade
843353,Esse negócio da mãe preta.,outros
843829,Que a menina moça é donzela.,aparencia
844019,Ele não é dado pra ciúme.,comportamentos
844576,"Ele é dono do tempo, do vento,.",papel_social
845674,Há muito tempo ela andava distante.,comportamentos
845971,O homem louco aparece.,identidade
846534,"Ela é uma gracinha, menininha fino trato.",identidade
848008,Ele não é mais abrigo de amores perdidos.,identidade
849178,É que ele é meu benzinho.,identidade
849197,É que ele é meu bemzinho.,aparencia
849473,Essa moça tá diferente..,outros
851182,"A minha voz não soa á toa, ela é tão boa.",habilidades
851195,"A minha voz não soa à toa, ela é tão boa.",
852057,"mas só leve moça bonita, muito hóme ele não qué !.",aparencia
852203,Arranjei uma namorada muito bem arrumadinha.,aparencia
852382,"De um modo desajeitado, chamando ela prum lado.",comportamentos
852539,"que o pai do menino te manda matá "".",papel_social
853666,Ela não quer ser tratada - Doutor.,comportamentos
853668,E minha filha está solteira - Doutor.,
854592,"""Bem, não vá deixar a sua mãe aflita.",outros
854724,"A terra fértil, mãe feliz, e tudo aceita.",identidade
854732,"Mas que mulher exuberante, a primavera.",identidade
854733,Ela é a prima mais querida do verão.,comportamentos
855041,E eu menina louca.,identidade
855814,Toda mulher é mulher da vida.,identidade
855841,Mulheres confusas de guerra e de paz.,identidade
857194,"Deus do céu, como ela é maldosa.",identidade
858578,"Ele é bilíngue mano, não tem outra resposta.",identidade
858681,Pra vê minha mãe feliz.,identidade
859290,"Sim, ela estava linda.",aparencia
861879,Homem simples seringueiro.,comportamentos
862214,As mulheres são morenas.,aparencia
862215,Os homens serão felizes.,outros
862313,Que ele é um pote até aqui de mágoa.,comportamentos
862374,Por um moço requintado.,aparencia
864956,"Abraão serei coberto,.",identidade
864963,"Noé serei guardado,.",comportamentos
865064,Diz que ela é princesa.,identidade
865701,"Homem de bem, homem certo.",valores
865817,Padim era maior que o seu.,identidade
865846,Ciço era inimigo de.,identidade
865941,Menino passaro.,identidade
866981,"Minha mina preciosa, meu império.",aparencia
867255,Rei desejado é rei coroado.,valores
867473,Se ela é viagem.,aparencia
867752,Ela tem nome de mulher guerreira.,identidade
867760,Ela é livre e ser livre a faz brilhar.,identidade
867761,"Ela é filha da terra, céu e mar.",identidade
867874,Menino gigante.,aparencia
868311,Ele era um aspirante a poeta.,identidade
868312,Ela era inspiração.,identidade
868360,Ele é sozinho.,identidade
870164,Dizia que homem covarde.,comportamentos
870253,Mas ser mulher é pior.,
870256,Homem é grão de poeira.,valores
870666,O homem não pode ser escravo do homem.,identidade
871303,Mulher viuva pra sofrer.,identidade
871894,Satanáz diz que ele é seu pai.,papel_social
871910,Homem mulher velho criança e cão.,outros
872145,Zeferino ta morto no mato.,outros
872916,Mas não cante essa moça bonita.,aparencia
873903,Do senhor mais bem casado.,papel_social
874670,Ela ficou super contente.,comportamentos
874758,Metade ela era companheira.,identidade
875057,Sou tua mulher robô.,identidade
875251,Ele é um homem que ninguém entende.,identidade
875261,Ele é um homem só.,identidade
875785,"família, desprezo, rapaz ruim,.",identidade
875789,"família,desprezo,rapaz ruim.",identidade
875880,O bom homem mau.,identidade
876131,"Ela está amarrada, ela não pode atender o telefone.",outros
876608,"Menina louca, agora vai ter que provar.",comportamentos
877245,O homem é sentimental.,identidade
877254,O homem é esperto mas a morte é mais.,outros
877801,Ela é tensa só porque seu amor não vive em.,outros
877807,Ela tem andado meio frígida.,comportamentos
877817,Ela era atriz no underground.,identidade
877822,Mas mesmo assim ela não fica leve.,comportamentos
877887,Um homem comum.,identidade
877895,"Eu sou um homem , um homem comum.",identidade
877923,Com uma garota estranha.......e mandou sua ordenança.,identidade
877977,"Ela está bem diferente, ama ser independente.",identidade
878654,Seu novo namorado era um roqueiro.,outros
878656,Ele é o rei do visual.,identidade
879246,"Mães assassinas, filhas de.",identidade
879251,Toda mulher quer ser amada.,identidade
879252,Toda mulher quer ser feliz.,valores
879279,"Socialites plebéias, rainhas decadentes.",identidade
879281,"Madrastas malditas, superhomem sapatas.",identidade
879837,Olhou pra mim e logo vi que ele era bom de amor.,habilidades
880721,Ele é um homem como qualquer um.,identidade
880821,Na vida ele é bamba.,identidade
880863,Venus foi roubado.,comportamentos
881787,Deusa pagã do butantã.,valores
881870,Rainha anarquista.,comportamentos
882356,"Eu moça simples,nem chique nem fina.",
883450,"Na mesa do homem pobre falta arroz , falta.",identidade
883460,"não ter noção do que esse ""homem pobre"".",identidade
883816,a lei do homem branco continua.,valores
883844,mulher namoradeira fica só com.,comportamentos
883973,Aonde tem mulher bonita e ninguém pra aborrecer.,identidade
884356,Mas também sou homem honrado.,comportamentos
884975,Ele é músico-problema.,identidade
884988,Porque ele é músico-problema.,identidade
885614,"Mulheres locomotivas, panteras e panterinhas.",identidade
886247,Ele é o coringa e o rei.,identidade
886551,ò mãe gentil.,outros
886831,Ela é má pode.,identidade
886856,Como ela é maldosa....,identidade
886918,"E minha filha está solteira, doutor.",identidade
886987,"moça bonita, só de boca fechada,.",identidade
886988,"Menina feia, um travesseiro na cara,.",aparencia
887121,"Tudo envelhece, só ele parece eterno.",papel_social
887735,Ele sempre foi cafajeste.,identidade
887951,Que tal uma princesa chique.,aparencia
888899,Tupini-King-Kong tem dengo tem dengue.,outros
889038,"Se eles são bonitos, eu sou a.",outros
889041,"Se eles são famosos, I'm.",identidade
889208,"Nas rêivi ela é véri, véri krêizi.",outros
889226,Toda menina baiana vive na maior moleza.,
889317,Toda menina baiana vive na maior moleza..,outros
894771,Dance menina louca quero beijar.,comportamentos
895417,Ela é toda patricinha.,identidade
895461,Deus do céu essa mulher tá acabada.,aparencia
895468,Ela tá toda metralhada.,aparencia
895691,essa mina é assanhada.,comportamentos
895785,Ela é chave de cadeia.,identidade
895948,"Ela disse bem alto, minha mãe ficou braba,.",identidade
896586,Mulher amante seja a minha rainha.,identidade
897250,Ele é o motivo.,identidade
897556,Agora você parece um homem solitário.,identidade
897680,"Ela puro é rock, eu já sou do rap.",
897691,"Ela é toda linda, toda boa e cheirosa.",identidade
897781,"Ela é mala, marrenta, provoca, ignora.",comportamentos
897907,Ele é loiro alto lindo sexy e tesudo.,aparencia
897928,Se sozinho ele é quente e com elas vai ferver.,comportamentos
897988,Mulher certa e erradas.,comportamentos
898178,"Deixo ela louca, ela só fica de salto.",identidade
898303,Mulher mais sexy desse baile.,aparencia
898355,"Vem menina linda, entra na minha vida.",aparencia
898845,"Ela é tão linda, poderosa, pode ser meu abismo.",aparencia
898853,Nunca imaginei que mulher deixa um homem louco.,comportamentos
898874,Sei que todas mulheres são especiais.,identidade
898883,"firme como gelo, vem garota aqui é louco!.",identidade
899653,Nunca me deparei com uma mulher tão delicada.,
900333,As garotas dançam bem melhor!.,habilidades
901223,"[Paula]Eu sou a dona do pedaço, todo garoto fica bobo quando eu passo.",papel_social
901228,Eu sou rainha soberana.,identidade
901271,[Paula] Todo garoto fica bobo quando eu passo.,
901276,[Paula] Eu sou rainha soberana.,
901801,Que mina loka hein.,identidade
901815,Êta mina safadinha.,comportamentos
901819,Que mina loka hein fi.,
901975,"Ela tá revoltada, tá cheia de marra.",comportamentos
901987,Ela tá pronta pra curtir.,
902078,Ela é pipa solta só quer voar.,identidade
902128,Ela é debochada e o bumbum dela.,identidade
902609,Eu gosto de mulher bonita.,aparencia
902612,A mulher quando é bonita.,aparencia
902702,"Hoje fiquei sabendo que ela é orgulhosa, convencida.",identidade
902785,Si o senhor não está lembrado.,comportamentos
902921,"Por isso, ele tava caído.",identidade
902965,Que ele não esteja acuado.,comportamentos
902967,Pra ele estar sossegado.,comportamentos
903463,"'Quando pobre come galinha, ou ele tá doente ou a galinha'."".",aparencia
903695,"Ele tá doidão, vai carregado pra casa.",identidade
904148,"Ele é o céu, água do mar.",identidade
905615,Ele é o espelho do espelho que sou eu.,identidade
905689,Inês já é morta do lado de cá..,identidade
905888,Luciana é bacana mas chega na cama só enrola.,identidade
906691,"ele fica doido, já ficou lélé, quando viu a.",comportamentos
906709,ele fica doido já ficou lélé quando viu a dança.,identidade
906929,O Cupido era cuspida.,identidade
907119,Ele fica doido.,comportamentos
907538,Menino brasileiro.,identidade
907853,Ela é rainha.,identidade
907942,Como um menino travesso.,comportamentos
908028,Ele é o rei na verde-rosa da mangueira.,identidade
909394,"Amores pretos, novos, velhos, não são fáceis, eles são difíceis.",aparencia
909534,"Menina linda, dengosa.",identidade
910037,A mãe se senta na areia esperando ele vortar.,comportamentos
910531,"Dora,rainha cafusa de um maracatu.",identidade
910843,Meu namorado é rei.,identidade
910958,De rei tão cruel!.,comportamentos
911114,Bento tinha bom peito | <- 2x.,aparencia
912278,Respira menino moreno.,outros
912280,Respira menino caboclo.,identidade
912585,és a rainha eterna mulher.,identidade
913779,Ele foi prisioneiro.,identidade
913794,O homem ficou maluco.,comportamentos
914506,Ele já foi um transporte do sertão para a cidade.,outros
914742,"Enquanto ela fala, ele fica mudo.",comportamentos
914965,A mulher fica nervosa e brava que nem pimenta.,identidade
914968,Minha mulher é ciumenta e detesta bebedeira.,identidade
914970,Ela fica enfezada pega tudo e arrebenta.,comportamentos
915037,Ela foi lobo e quem confia hoje é bobo.,
915064,"Sua mãe era menina, tão sapeca quanto eu.",identidade
915742,"Amei, lutei para ter vitória e ela mesma me derrotou.",outros
915809,Se for moça esperta e ladina.,identidade
915815,Quando eu vejo uma moça bonita.,aparencia
916339,Aquele homem estranho ao.,identidade
916343,O rapaz tão inocente a sua mala abriu.,identidade
916829,A mulher difícil que me apresenta.,identidade
917439,Moça tão pura com essência de menina.,identidade
917739,Ele ficou tão contente por ter aquele netinho.,
917871,"Aonde o homem é livre, prepara a terra e semeia.",identidade
917982,Nesse caso ele é o dono.,outros
918041,uma musa internacional.,identidade
918114,E o coração de outro homem foi eleito.,habilidades
918134,Adão foi despedido.,identidade
918535,Vieram me contar que aquele homem maldito.,identidade
918545,Na terra que eu nasci um homem é homem de verdade.,identidade
918620,O homem quando é homem não perde seu valor.,identidade
918804,Maria fui criada num convento.,outros
921030,Senhor é um velhinho muito pobre barba comprida.,identidade
921076,Onde está aquele menino feliz.,identidade
921079,Onde que foi aquele moço forte.,identidade
921138,"lá a mãe era senhora e o pai era sera senhor,.",identidade
921144,"lá o homem era mais homem, mais humano e mais gentil,.",identidade
921341,Você era uma menina feia.,identidade
921350,Seu marido apaixonado cheio de amor e fé.,identidade
921368,O tempo transformou aquela menina feia.,identidade
921378,Tenho fé que este menino vai fazer boa figura.,identidade
921395,Pelo toque o povo fala é o menino caçador.,outros
921486,É uma menina triste.,identidade
921490,Essa menina é a menina dos meus olhos.,outros
921549,Não me conformo que ela foi tão volúvel.,comportamentos
921746,Mãe menininha me protegeu na bahia.,comportamentos
921747,Mãe menininha tá do jeito que eu queria.,outros
922198,De tanta mulher bonita.,aparencia
923252,Sou homem maduro.,identidade
923518,Ela é orgulhosa mais eu sou jeitoso.,identidade
923912,E o que você fez a ele está muito certo.,comportamentos
923995,Deus se ela sofre igual eu sofro sem querer ninguém.,comportamentos
924215,No meu ombro ela foi carregada..,identidade
924347,Que o rei para ser rei precisa ser muito educado.,identidade
924617,Ela era a luz desta minha vida.,aparencia
924688,"preciso de homem forte pra cuidar da plantação,.",identidade
925009,"Ditinho era um moço pobre, muito honesto e competente.",papel_social
925011,Ele namorou uma moça filha de um homem valente.,identidade
925030,"Ponha logo as alianças, quero ver os dois no laço, o velho falou depois homem grande não é dois pequeno não é pedaço.",identidade
925067,"Ela era a estrela guia, luz da minha madrugada.",identidade
925256,Destruindo lar honrado enganou moça inocente.,comportamentos
925292,Ele é rei do céu.,identidade
925300,"Cristo, Ele é o mensageiro.",habilidades
925397,Depois de moça a minha filha mais velha.,identidade
925411,Fui procurar as duas filhas ricas.,papel_social
925413,Pra filha pobre eu não fui pedir ajuda.,identidade
925506,Sua esposa era estéril.,identidade
925610,Era uma menina rica nascida em berço de ouro.,identidade
925611,Eu era um garoto pobre só tinha mãe como tesouro..,identidade
925617,"Mandou ela prum colégio, pra ficar longe de mim –.",valores
925694,Mas existe uma inocente é nossa filha legitima.,identidade
925749,Que ela não chores por mim.,comportamentos
925813,"A moça tão amorosa, construiu grande paixão,.",valores
925907,A mulher mais linda estava quase nua.,aparencia
925948,"sou um homem simples pobre pataneiro,.",identidade
926031,Por uma esposa carinhosa e fiel.,identidade
926048,Acariciando o menino pertinho dela deitou.,comportamentos
926317,Sua mãe é a roseira que te deu carinho.,identidade
926765,"Ele é o bom, é o bom demais.",identidade
926768,"Ele é o bom, é o bom, é o bom demais.",identidade
927190,"É, mulher bandida.",identidade
927689,A capital se orgulhava por ela ser afamada.,identidade
927726,Moça bonita trata dele com cuidado.,aparencia
927959,Esta roupinha que com ela estou vestido.,identidade
928161,Tinha uma filha moça mais linda que a flor do ipê..,aparencia
928170,Com minha filha inocente..,identidade
928175,Menina ficou tristonha quase morta de vergonha..,identidade
928430,Entre eles está o nortista nadando em dinheiro.,papel_social
928474,Uma mulher preferida.,identidade
928594,"Musa inspiradora, razão porque.",identidade
928614,Me casei com mulher tão ciumenta.,comportamentos
928621,Ela fica nervosa.,comportamentos
928650,Casar com mulher bonita é a coisa que mais me inclina.,aparencia
928776,Senhor onipotente.,identidade
928906,Será que ela ainda é falsa como antes?.,identidade
928975,Nem vê que ela é a flor mais bela.,habilidades
929177,por sua mulher amanda..,identidade
929245,Ele inocente foi pregado.,identidade
929352,O homem bonito que se diz conquistador.,identidade
929406,"ira perdoar, os homens ateus.",identidade
929435,Ela foi iludida por um bandido.,identidade
929509,Se ela é infeliz como eu.,identidade
929562,Ele muito enciumado.,identidade
929834,Eu sou um moço sincero.,identidade
930089,Ela é a mistura do meu arroz com feijão.,outros
930096,É meu prato preferido aquela mulher bonita.,identidade
930600,Não existiria poesia pois ela é a musa que o poeta.,identidade
931094,Quem casa com moça gorda.,aparencia
931098,Quem tem uma mulher magra.,aparencia
931283,"(falado) Ê, negócio de homem não é comigo, não, gente!.",outros
931907,Minha mãe tava muito doente.,identidade
932083,Bento hoje é religioso.,outros
932084,Homem bom e caridoso e bom chefe de família.,identidade
932170,Quando nóis chama por ele é certo que tá presente.,papel_social
932185,Jesus foi cravado.,valores
932226,"É anssim, senhor delegado, que na igreja eu fui rezá.",papel_social
932276,Ela é muito caipirinha.,identidade
932292,Ela é trabalhadeira.,identidade
932414,"Além da moça ser rica, dona de grande beleza.",aparencia
932464,Uma menina bonita demais.,aparencia
932751,O dono é um senhor decente.,identidade
932875,Ela é feita de.,identidade
933126,"Com ela sou tão feliz, assim o destino quis.",identidade
933140,Eu disse a ele contente senhor tem muitos clientes.,outros
933157,Mas uma esposa sincera enfrenta tudo o que vier.,identidade
933243,"o rapaz era casado e a muie deu de imprica,.",comportamentos
933259,"o senhor vai ficar velho e comigo vem morar,.",comportamentos
933300,"Pra gente grande ele é manso, é cortês quem nem café.",valores
933301,Pras crianças ele é doce.,identidade
933481,Leu sua sorte e diz que ela era tirana.,outros
933658,Dentro dela tem uma mulher sincera.,identidade
933798,Sem seu amor sou o homem mais pobre da terra.,identidade
934046,Tinha uma filha tão linda que se chamava.,aparencia
934096,A minha mulher é rica mas não foi pelo dinheiro.,identidade
934212,"Minha menina bonita, me desculpe.",aparencia
934448,Seu pai é muito valente e a menina é muito bela.,identidade
934561,Se não acabo me tornando um homem louco.,identidade
934818,Viu uma fotografia daquela moça tão bela.,aparencia
935683,"Ela foi pra boate sozinha, ela tá magoada, ela tá sentida.",comportamentos
935684,"Ela nem chamou as amigas, o negócio é com ela, ela tá resolvida.",comportamentos
935686,"Ela foi enganada, ela vai dar o troco, ela foi traída.",identidade
935692,"Ela tá ferida, ela tá ferida.",aparencia
935700,Ela é tão bela.,aparencia
936463,Esta noite eu sou o homem mais feliz que o amor já fez.,identidade
936494,O homem mais feliz.,identidade
936619,Meu mundo sem ela também é vazio.,outros
936718,"Moça linda, por favor.",aparencia
936743,"Mulher casada, tô fora, tem cheiro de chumbo quente.",identidade
936932,Ela nunca tá contente.,comportamentos
937870,tem tanta mulher boa por aí jogada fora.,identidade
937874,nao quero mulher de luxo gosto de mulher comum.,identidade
938150,"Elas tao afim, elas tão afim.",comportamentos
938344,"Você é cabeça feita, a musa perfeita que qualquer poeta quer.",identidade
938758,Que um cão pela lealdade de tudo ele é capaz.,outros
938847,"Amei aquela mulher querida, a vida da minha vida,.",identidade
939175,"Ela é culpada, uê, uê, uê, boi.",comportamentos
939237,E todas elas preciso provar.,outros
939651,Ela é casada e tem o seu lar.,papel_social
939936,E a mãe ficou solteira.,valores
939965,Que um dia o homem direito ia ter desilusão.,identidade
939966,O homem correto tem vergonha da situação.,identidade
940298,Ela é uma criança.,identidade
940413,Ela é criança de tudo.,identidade
940414,E eu sou um homem casado.,identidade
940504,Como pode um homem forte virar fraco.,identidade
940994,Meu pai era um homem forte minha mãe muito alegre.,habilidades
941163,A mulher desquitada é livre.,identidade
941416,Com ele foi enterrado a sua viola de pinho.,outros
941561,Ela tá machucada.,aparencia
942363,"Ele é puro demais, é profundo.",identidade
942662,Mas só quando ela voltar pros meus braços.,comportamentos
942769,Da mulher mais bela.,aparencia
943575,Pro rapaz cansado no ônibus.,identidade
943757,Ele nem imagina o que a filha é capaz.,valores
945223,Tem cada mulher bonita.,aparencia
945775,"Ela é especial, sua história não é lenda.",identidade
946070,Que eu sou sua musa preferida.,identidade
946612,Um homem quando ama fica assim meio criança.,comportamentos
946630,Um negro levando um menino louro pela mão.,comportamentos
947242,Ela tá doida tá.,
947243,Ela tá louca.,comportamentos
947251,"Pose de madame, mulher evoluída.",aparencia
947255,Ao som do tamborzão ela é delícia.,identidade
947257,"Ela tá doida, ela tá louca, querendo beijar.",identidade
947258,"Ela tá doida tá, ela tá louca.",comportamentos
947264,"Ela tá doida tá, querendo beijar.",comportamentos
947265,"Ela tá louca tá, querendo beijar.",comportamentos
947975,Ela é mais popular.,identidade
948080,E tá bombando no twitter que eu deixo as meninas loucas.,identidade
948098,Rá ela é terrível !.,identidade
948115,"Leo , bara bere, deixa ela mexer, por isso que ela é top bola.",identidade
948187,"Ô mãe ela é patricinha e tá uma delicinha,.",identidade
948460,Tem muita mulher bonita..,identidade
949213,Nois tá na rádio pode ouvir nois é bacana.,identidade
949221,Nois tá na radio pode ouvir nois é bacana.,identidade
950080,Ela é uma mulher menina.,identidade
950094,Garotas inocentes não merecem chorar.,comportamentos
950766,"Já vi mulher bonita, mas você apela.",aparencia
951017,Só não vale mulher feia..,aparencia
952479,"Você é um rapaz tão pobre, não namoro pé rapado.",identidade
953263,Que hoje ela ta feia.,aparencia
954310,Você sempre foi a menina mais linda.,aparencia
954868,Essa mina é zica.,identidade
955292,Qualquer homem durão nesse momento chora.,identidade
955334,Hoje ela é rainha.,identidade
955342,Mulher é mesmo diferente.,
955527,Uma menina séria e um sonhador.,identidade
955919,"Entre quatro paredes, ela é doida, ela é demais.",comportamentos
956067,Ela é minha musa da praia.,identidade
956425,"Ela só vai se tem camarote, ela é diferente, ela é muito top.",comportamentos
956486,"Em qualquer roupa ela fica gostosa, maravilhosa.",aparencia
956617,Já consigo ver essas minas assadinha.,comportamentos
958834,ela é ciumenta.,identidade
958944,Zé firmino era um homem desonesto.,identidade
959301,Ela não é sua escrava.,
959303,Se ela é boa companheira.,identidade
959364,Que ela é boa todo mundo sabe.,
959379,Porque ela é muita areia pro seu caminhão.,identidade
959566,Menina bonita anjo encantador.,identidade
959635,Você é maldosa menina cheirosa não faz assim.,identidade
959774,Era ela mãe solteira no mundo estava sozinha.,identidade
959793,Nem o médico sabia que era sua filha querida.,
959811,Se ela tem novo amor não fique assim triste.,outros
959817,Quem homem sempre é homem até debaixo d'água.,papel_social
959819,Só sei que eles são lindos morrer.,aparencia
959969,"- Papai, quem é aquele homem feio que quer matar todo mundo, hein?.",identidade
960085,Morta havia um homem valente..,comportamentos
960146,Com ferro ele foi ferido.,outros
960156,"Ele é bonzinho, conversou muito comigo.",comportamentos
960176,E o doutor disse pra ele muito triste.,outros
960186,Triste chorava aquele homem valentão.,identidade
960302,Com mulheres vulgares a quem eu entregava.,comportamentos
960348,"Ela é magrinha, é baixinha, mas é linda.",identidade
960354,Por ela sou apaixonado e sofredor.,identidade
960373,Homem valente comigo não cava nada.,identidade
960793,"Ela é bonita, é gostosa e é prendada,.",aparencia
961052,ele é mesmo bom de samba e de bola.,habilidades
961431,Me sentiria neste mundo o homem mais feliz.,identidade
962372,"Ela é jovem, é bonita e muito charmosa,.",aparencia
962373,Pra você ele é tão carinhosa você a ama com todo fervor.,identidade
962517,Te pedimos que abençoe o estado de minas gerias.,outros
962899,Venho pedir para o senhor bom presidente.,identidade
962994,Mas ela é inocente nem sabe que o trem entrou.,identidade
963088,Onde ele chega é recebido.,valores
963501,Ele luta sozinho.,identidade
963531,Ele é o produtor.,identidade
963552,"Eu sou o homem mau, eu sou mau, mau mesmo.",identidade
963579,Toma!Aprenda a respeitar o homem mau..,identidade
963661,Pra ser mais tarde uma moça competente.,habilidades
963663,Moça bonita comum diploma na mão.,aparencia
963684,Daí a pouco ela voltava arrependida.,comportamentos
964062,Muitos homens corruptos.,comportamentos
964097,"(“- Pai, o homem vortô.",papel_social
964270,Fala aqui com a minha mão.,comportamentos
964791,Aqui nesse lugar mulher bonita.,aparencia
965356,"Por você mulher brasileira,.",identidade
965367,Moça bonita do campo.,aparencia
965515,Ao ver seu pai e sua mãe tristes calados.,comportamentos
965517,Viveu no ventre de sua mãe igual.,identidade
965522,Chamou seu pai chamou também sua mãe querida.,papel_social
965568,Pra esquentar uma briguinha será muito divertido.,outros
965596,Navegando ele consegue esquecer tamanha dor.,habilidades
965661,Menina linda eu estou apaixonado.,identidade
965722,Minha esposa já doente.,identidade
965743,Disse o rei divino.,identidade
965867,Quem ama mulher casada.,comportamentos
965926,Eu gosto demais de uma mulher pilantra.,comportamentos
966008,Tem muito homem pior que é um bicho.,identidade
966035,Constantemente ela é muito bem guardada.,identidade
966109,Mesmo assim acho você a mulher mais linda do mundo.,identidade
966366,conduzindo os reis magos.,comportamentos
966414,Escute filha querida.,identidade
966461,Sou seu menino homem e você mulher menina.,outros
966462,Me conta menina triste.,identidade
966556,"José foi carpinteiro, Pedro foi um pescador.",identidade
966685,"Virgem santa milagrosa, mãe adorada, mãe querida.",valores
966704,Ela é mulher de um conhecido meu.,identidade
966709,Se ela fosse pobre eu lhe daria tudo.,papel_social
966711,Seu marido é jovem e muito atraente.,identidade
966713,E o pior é que ele é mais rico que eu.,identidade
966902,Ela era diferente quem te viu e quem te vê.,habilidades
966971,Que ela nunca foi prioridade.,identidade
967169,Uma pobre moça tão pequena.,aparencia
967509,"Ela tá louca, amor, tá um veneno.",comportamentos
967655,"Pegar mulher fácil, metida e feia,.",identidade
968016,Pois ela é a musa que o poeta quer.,identidade
968017,Ela é uma coisa divina.,papel_social
968200,Você querida estava tão bonita.,aparencia
968468,Com outras sou um homem infeliz.,identidade
968866,Com minha esposa fiel.,identidade
969068,brigava e matava com ele não tinha bom.,outros
969198,Ele é honesto e muito honrado.,identidade
969205,A sua mãe está doente ela vai morrer a qualquer hora.,identidade
969274,Faz tanto tempo que um menino muito pobre.,identidade
969323,O povo já corria ele era um terror..,identidade
969430,A moça é muito rica tem dinheiro de montão.,identidade
969442,Sem saber que ela seria mais amarga que o fel.,identidade
969457,Tenha dó senhor juiz eu quero me divorciar.,papel_social
969477,a mulher mais bonita do mundo.,aparencia
969497,"Mim índio louco, por mim ela índia louca.",identidade
969605,"Oi, menina cheirosa,.",identidade
969714,A Dinha é uma moça muito bela.,
969719,Eu acho ela muito bonitinha.,identidade
969792,"Termina a colheita, ele está inseguro.",identidade
970017,- pois é senhor cascavel!,identidade
970244,Eu sou seu rei ela é minha rainha.,identidade
971233,Quando ele sai contigo.,outros
971352,Jeitinho doce de moça brejeira.,outros
971383,"E até moça solteira,.",papel_social
971430,Se ela é real.,valores
972133,E de repente uma garota muito linda.,identidade
972458,"Menina charmosa, meu anjo, meu.",aparencia
973092,quis dar um beijo nessa garota sapeca.,
973136,Eu sempre fui um homem forte porém tive que separar.,identidade
973283,Com ela vou viver feliz.,
973404,Êta namorado safado.,comportamentos
973452,Eu tô amando uma mulher tão linda..,aparencia
973584,Ela é patricinha.,identidade
973864,Ela é turbinada.,aparencia
973870,"Hum, mas ela é linda demais!.",aparencia
973913,Ela é top heim.,identidade
974186,Na madrugada é perigoso uma mulher sozinha.,identidade
974288,Diz que ela é muito nova.,aparencia
974332,"Ela é safada, mas gosta de apanhar.",comportamentos
974418,o homem é só um rascunho pra mulher ficar perfeita.,valores
974424,Ele é mesmo bom demais meu.,identidade
974629,Ela é a mulher da minha vida.,identidade
975077,Ele foi tão covarde fazendo você sofrer.,valores
976207,Se ele é feio.,aparencia
976355,É só o jeito de um rapaz caipira.,identidade
976365,Esse é o jeito de um rapaz caipira.,identidade
977075,"São cavalos beirando o rio, é o corpo da menina ofegante ali do lado.",comportamentos
977079,Não demore ela é donzela mas conhece outra mulher.,identidade
977127,"Senhora dona da casa, a bandeira passou.",outros
977234,Ele era um homem feito para luta.,habilidades
977495,A minha mãe tão pobrezinha.,papel_social
977620,Meu namorado é um sujeito ocupado.,identidade
978692,Minha madrasta bem vinda no caminho.,identidade
978705,Minha madrasta bem vinda.,identidade
978876,E elas são tão belas.,aparencia
978947,E as moças donzelas.,identidade
979031,Hoje ela é triste e feia.,aparencia
979145,Laço de fita vale uma moça bonita.,aparencia
979792,Desculpe moça bonita o chuvaréu veio cedo.,aparencia
979823,Eu era um moço longo de pescoço.,identidade
979931,Moça boa e bem disposta.,comportamentos
980282,No final do dia ele cansado.,comportamentos
980323,Por ela ser audaz e coisa louca.,identidade
980698,E o homem simples.,identidade
980885,Eu sou um menino grande.,identidade
980935,Eu sou um homem calmo sertanejo.,identidade
981132,Ganha a menina mais linda do reino.,identidade
981165,Somos mulheres resistentes.,identidade
981649,Menina linda de quem é o seu amor.,aparencia
981662,Ela quer tubaína.,comportamentos
982704,Ela era virgem.,identidade
982711,E ela era só maresia em dia de tempestade.,identidade
983336,"Era um menino estranho, um homem tamanho.",identidade
983425,Pega a moça bacana.,valores
983781,"Vem, meu menino vadio.",identidade
983818,"Bom dia moça apressada, bom dia.",identidade
983892,"Senão, é como amar uma mulher só linda.",aparencia
983920,E se hoje ele é grande na poesia.,identidade
984327,Ele é profeta brincalhão da.,identidade
984338,Ele é discípulo de mestre.,identidade
984404,A mãe preta ralha com o menino.,identidade
984942,"Todos falam: ""ele é mesmo assim,.",identidade
984943,"Metido, maluco ele é pretensioso"".",identidade
985134,Sonho de moça sozinha no cine.,identidade
985684,Senhora descasada namorando firme pra poder casar de véu.,valores
985845,Ela é cadente...,identidade
985904,"menino vagalume, flor, menino estrela, a brisa mais forte veio te buscar.",identidade
986008,"Nem toda moça é sozinha, nem todo mundo é de um só.",outros
986242,"De um rapaz novo, encantado,.",aparencia
987061,Não ligava para moda ele era original.,valores
988594,"À primeira vista, ela é moça direita.",identidade
989119,Tem gente que acha que ela é algodão.,identidade
989131,Sei que toda mãe é santa.,valores
989280,Diva dona dos milagres.,comportamentos
989964,E a cédula tronco é cédula mãe solteira.,identidade
990140,eles deus.,
991484,E ele era assim meio anormal.,
991756,A moça estranha do sobrado.,identidade
991771,Até o homem incomum.,identidade
991772,"Até o homem incomum, (vira poeira).",valores
992351,O homem feminino e a mulher guerreira.,identidade
992358,Ghandi tava vivo pra sempre.,identidade
992359,"E Jesus era hippie, Beethoven era roqueiro e.",identidade
992589,Ela é tão bela sua beleza me acendeu.,identidade
993446,Ele é feio que é dando.,
993794,Ela é um furação encarnado em mulher.,identidade
994716,Ele disse bem baixinho.,comportamentos
994935,"Eu deus, tu deus, ele deus, nós deus, vós deus, ..., eles deus.",outros
996674,Eu quero diante desses homens tão obscenos.,comportamentos
996682,Esses homens tão pequenos.,identidade
997627,e quem é o machão que não teve surpresa de ser humilhado igual feio na festa e menino mijão?.,identidade
997901,Como manda esse menino doido.,
997925,Por ela vivo aos trancos e barrancos.,outros
998457,Ele é o remédio certo pra tua ferida.,
998964,Ele é pleno amor...,identidade
999600,O homem tolo se põe a lutar por um lado.,identidade
999603,Ele é o alvo da própria violência.,valores
1001454,"Cada extremo reunido, cada homem gêmeo da mulher.",identidade
1001532,Caetano é leão e sempre vai reinar.,identidade
1001695,"Ah, todo rei é babaca.",identidade
1001707,Sim todo rei é gordinho.,aparencia
1001709,"Sim, todo rei é sozinho.",identidade
1001728,É quando o rei está nu e só.,aparencia
1002129,"Três reis magos, três presentes.",identidade
1002475,"mina d'água, azul, poesia.",identidade
1002525,E ela era bem bonitinha.,aparencia
1002714,se a menina é louca.,aparencia
1002718,José é fraco.,habilidades
1002720,João é forte.,identidade
1002923,Cabral foi navegante da.,identidade
1002981,Ela é uma jararaca meu.,identidade
1003802,Eles ficaram ofendidos com a afirmação.,comportamentos
1005406,O menino voltou voltou mais velho e chorou.,identidade
1005785,Homem é homem e mulher.,papel_social
1005805,Mulher é cadeira.,identidade
1005812,Mulher é sapiência.,outros
1005814,O homem não é homem.,papel_social
1005815,A mulher não é mulher.,identidade
1005819,O homem é homem.,identidade
1005820,A mulher é mulher.,
1005938,"Sou homem bom, sei que sou..",identidade
1005939,"Sou homem bom, sei que sou.",identidade
1006051,Ela é tão bonita.,aparencia
1006052,Ela tão bonita que na certa.,
1006172,Fez-me um homem destemido.,comportamentos
1006490,"Menino bom, menino meu, meu rei.",identidade
1007149,Ele é feio que é danado mas ele é bom caçador.,habilidades
1007213,Meninas iguais.,aparencia
1008705,Mas prá eles é careta.,valores
1009151,"Minha vida toda, ela inteira,.",outros
1009292,Das cantigas de homens normais.,identidade
1009296,Mulheres respondonas.,comportamentos
1009536,"Ele é o bom, é o bom, é o bom, é o bom, é o boooom,.",identidade
1009537,"Ele é o bom, é o bom, é o bom, é o bom, é o....",identidade
1009604,Mamãe aqui tá mais escuro.,outros
1009691,Vem cá mulher dexa de manha.,comportamentos
1010019,Ele é cordial com os peixes.,comportamentos
1010397,E até as mulheres ditas escravas.,identidade
1010400,Da mãe serpente.,
1010615,Ele é o dia da vida.,identidade
1011174,"A mulher estridente,.",outros
1011196,Um rei zulu?.,papel_social
1011452,Revés é bandido.,
1012006,"Oh, menina linda.",aparencia
1012235,Pra que cassaste com um homem tão sisudo.,identidade
1012444,Lena é facilitadora leal.,
1013476,Deus porque ele é brasileiro.,identidade
1013929,E girar ele mais rápido.,outros
1013971,E ele é acusado de.,identidade
1014353,Menina flor eu já não sei o que fazer.,
1014598,Um homem é responsável por tudo que fala e canta.,valores
1014626,eles vão ser patrão.,identidade
1014643,Por carro e mulher gostosa pra dizer que é fodão.,comportamentos
1014754,E que nunca mais eu vou abrir.,outros
1015978,Filha única do meu amigo.,identidade
1017211,Ela é mais sentimental que eu.,identidade
1017407,Vem moça bonita.,aparencia
1018058,Com essa rosa no cabelo e esse andar de moça prosa.,identidade
1021084,Que não gostava de meninos tão largados.,aparencia
1021221,"Essa menina é sinistra, rapá.",identidade
1021278,A menina aflita.,
1021913,Ataulfo é nobre-lobo.,identidade
1021915,Arnulfo é águia e lobo.,
1021918,Leonardo é leão forte.,identidade
1021920,Bernardo é urso forte.,outros
1021929,Bárbara é estrangeira.,identidade
1026250,Seu pai é um homem indomável.,identidade
1026251,Um provável homem doce.,identidade
1026316,No sofá que por ele não foi feito.,comportamentos
1026687,Ela era a atmosfera.,identidade
1026970,Se fosse uma menina ruiva.,aparencia
1026971,Chamaria nossa filha ruiva.,identidade
1027084,Oh musa inspiradora.,identidade
1027092,Pra musa inspiradora.,valores
1027839,Um dia ele chegou tão diferente do seu jeito de sempre.,identidade
1028864,Que eles ficam melhores.,comportamentos
1028869,Deus que homem forte.,identidade
1029249,A morte que nos toma a mãe insubstituível de repente.,identidade
1029270,"Não é por isso que ela não possa estar feliz,.",valores
1030048,"Não há idéia que alcance ou seja parecida com a imagem da menina esguia, a bolsa a tiracolo.",aparencia
1030501,"é lindo vê-lo bailando ele é tão pierrô, pierrô.",identidade
1030668,"Maria é moça nova,.",identidade
1031181,Amo tanto e de tanto amar acho que ela é bonita..,aparencia
1031967,Mas ele está melhor.,identidade
1033169,Um homem melhor.,identidade
1033362,Eles estavam livres.,identidade
1033407,Percebi que o lencinho da moça estava molhado.,comportamentos
1033410,Em minha vida inteira jamais moça tão linda eu vira.,aparencia
1033421,"""Ela é minha irmã e está muito doente"" ele foi logo dizendo.",aparencia
1034056,Será sempre a mulher como é minha mãe.,identidade
1034471,Brazil és diferente.,identidade
1034518,"Ela é penetra, essa miquinha amestrada.",identidade
1035176,Elas tecem longos bordados.,habilidades
1035298,Mulher barriguda.,aparencia
1035344,"Que homem foi feito direito, do jeito que é feito o.",identidade
1035371,Será que ela não fica afoita pra dançar na chama da batalha?.,outros
1035504,"Eu sou tio, ela é tia.",papel_social
1035775,"Maria é muito prosa, é mentirosa, mas é gostosa demais.",aparencia
1036004,Johnny é executivo de uma multilegal.,identidade
1036612,"A lua poderosa, mulher muito fogosa.",identidade
1037689,A moça é capaz de se aborrecer.,habilidades
1037690,Por trás de um homem triste.,
1037691,Há sempre uma mulher feliz.,comportamentos
1037693,Mil homens sempre tão gentis.,comportamentos
1038473,Ele é filho do verde.,
1038474,Ele é filho da mata.,identidade
1038502,Ele é filho do rei.,papel_social
1039015,Ele é o cordeiro infinito.,identidade
1039022,Ele é o céu prometido.,valores
1039411,"Ele e ela sempre juntos, a caveira e seu amor.",aparencia
1039714,Ela está sempre aberta e tem língua de serpente.,comportamentos
1040674,O homem mais forte do planeta.,identidade
1040809,"Ela é surda, ela é muda.",identidade
1040820,"Ela é cega, ela é burra.",identidade
1040821,Ela é explosão.,outros
1041342,Ele é o amor da sua vida.,identidade
1041344,Seu namorado é um cuzão.,comportamentos
1041349,Ele é o cara e eu sou só mais um.,identidade
1041405,"Um namorado bonito, loiro, alto e rico.",identidade
1041499,A reza forte da mãe negra pra espantar o mau-olhado.,papel_social
1041905,E ele fica tonto.,outros
1047144,"Eu quero uma mulher normal do povo,.",identidade
1047145,Não quero uma mulher global de novo.,aparencia
1049513,Ela é populosa.,identidade
1050104,se está com ele está sozinha.,identidade
1051162,Finalmente entendam porque eles ficam tão furiosos.,habilidades
1054964,Princesa d'água dos sonhos dourados.,identidade
1056091,Te fez mulher bem brasileira.,identidade
1056125,"Menina pobre, menina rica.",papel_social
1056310,Só tem mulher desinibida.,identidade
1056314,Com tanta mulher bonita.,aparencia
1056413,Quando vê menino novo.,identidade
1056421,Dizem que ela é uma santa sem imagem.,identidade
1056558,Era um menino tocador.,identidade
1056634,Menina tão louca.,identidade
1056777,Menino lindo onde você for eu vou.,aparencia
1056930,Suas mulheres ficaram estéreis.,identidade
1057358,uma mulher cheirosa tão linda como uma flor.,identidade
1057484,Ela fica muito louca.,identidade
1057617,Oh menina linda veja o que você fez comigo (x2).,identidade
1057670,"Ai caramba, que mina maluca.",comportamentos
1057972,"E ele é feliz, ele é feliz.",identidade
1057973,"E ela é feliz, ela,ela.",identidade
1057981,Então ele é suspeito.,identidade
1058233,Mara oh mulher maravilhosa.,aparencia
1058447,"Menina gostosinha, eu sou o seu neguinho.",aparencia
1059836,Corpo nu deusa lunar.,aparencia
1059932,A noite é princesa caída por mim.,identidade
1061353,Uma garota tão perdida.,
1061484,Pra não esquecer - sua oferta ela boa.,outros
1061643,Ele é meu boy.,identidade
1062909,Ela é guerreira.,identidade
1062910,Ela é uma deusa.,aparencia
1062911,Ela é mulher de verdade.,
1062917,Ela é discreta.,comportamentos
1062929,Mesmo ele sendo irreal.,
1064149,"que ela é linda, ela é sua.",aparencia
1064471,Ela pode ser bonita.,aparencia
1065556,EU SÓ SEI ELA É DEMAIS.,identidade
1065558,"FAÇO ASSIM ""Ô"", ELE É DEMAIS.",
1065559,"ELE É DEMAIS, ELE É DEMAIS..",identidade
1065560,TIPO ASSIM ELE É DEMAIS.,identidade
1065561,"ELA É DEMAIS, ELA É DEMAIS..",comportamentos
1065562,TIPO ASSIM ELA É DEMAIS.,
1065568,"ELE É DEMAIS, MUITO DEMAIS.",identidade
1065570,"ELA É DEMAIS, MUITO DEMAIS..",comportamentos
1065599,ELE É DEMAIS.,identidade
1065601,ELA É DEMAIS.,identidade
1066478,Menina é muito triste dizer.,comportamentos
1066597,Que mulher decente fica na cozinha.,papel_social
1066622,Ele é um fantoche?.,identidade
1067287,Ela gira.,identidade
1067722,O menino franzino do morro.,identidade
1067730,Sou menino humilde de um país.,comportamentos
1067735,Por que o jogo ele é duro e vale um campeonato.,comportamentos
1068527,O homem era feliz enquanto deus assim quis..,comportamentos
1068758,Ela agora é importante.,identidade
1069456,Eles estão doidinhos.,comportamentos
1070571,Menina tão dengosa.,comportamentos
1071367,Quando a menina travessa.,comportamentos
1072494,Pra uma menina linda.,aparencia
1073150,"Menina bacana, me leva pro.",outros
1073530,Menina é bacana me enrola na cama me namora.,identidade
1073710,porque o homem quando está apaixonado.,identidade
1073917,uma moça pantaneira.,identidade
1074283,Vem ver o céu a deusa nua.,aparencia
1074399,Se ele fôr dançador.,identidade
1076021,Sou um menino pobre.,identidade
1076030,Com esses meninos pobres.,identidade
1076035,Esta dor de um menino pobre.,identidade
1077274,Esqueço tudo sou um menino feliz.,identidade
1078084,Mulher sou a receita pra curar a tua dor.,habilidades
1079671,Ele não foi reconhecido.,identidade
1080518,sou um homem apaixonado(apaixonado).,identidade
1080616,Ele fica doente chorando de dor.,identidade
1081374,Mulher grande ou pequena.,identidade
1081483,Tenho falado à mulher companheira.,identidade
1082301,Ele é dono do mundo e eu sou filho do dono..,identidade
1083112,"Nunca vi mãe amorosa, dos filho não ter saudade.",identidade
1083969,"é que ninguem tem nadahaver com meus problemas,,até de mim eu consegui me esconder,,,mais esse homem forte tão determinado,,que pode tudo não aceita se entregar.",identidade
1084160,um homem sofredor.,identidade
1084181,"|Eu estou perdido, nem sei que dia é hoje da semana.",identidade
1084426,com ele era dividido.,
1084455,o menino estava vivo.,comportamentos
1084721,Não entendo você com seu jeito de ser de menina manhosa.,comportamentos
1085286,Se ela não fosse casada.,papel_social
1085421,Pode maltratar você já não é mais mulher sentimental.,comportamentos
1085895,Que ela já foi esquecida.,outros
1086499,E pra ele sarar urgente vai ter que amar de novo.,comportamentos
1087212,eu não tenho culpa se elas tem sexto sentido.,habilidades
1087402,Minha menina e o rapaz faceiro ouve esse som sem.,comportamentos
1087601,você é do tipo mulher fatal...,aparencia
1088278,UMA MOÇA MUITO LINDA.,aparencia
1088541,ELA SAIU SEM DIZER NADA.,
1088547,ELA É DONA DE MIM.,identidade
1088552,SE ELA NÃO APARECER.,outros
1089350,Senhora é a luz do meu caminho.,valores
1089372,Ele é dono do mundo e eu sou filho do dono.,identidade
1089528,Conhecido homem bravo.,identidade
1089672,De moça namoradeira.,comportamentos
1089993,É uma mulher envolvente.,identidade
1090408,mulher feia fica linda veja o que a cachaça faz.,aparencia
1090751,Quem me vê com mulher feia pode crer que eu to doente.,aparencia
1090896,"Ele é seu amigo, seu namorado.",identidade
1091389,Menina maluquinha.,identidade
1091929,Homem é o animal da terra que mais manda.,
1091998,a moça veio ligeiro.,outros
1092424,"Domingo lá vem ela caminhando sempre bela, me consolar.",aparencia
1092615,Faz algum tempo que ele anda descontente.,identidade
1092944,torcendo pra que ela mesma descubra no meu jeito de olhar.,comportamentos
1092947,"dizer pra ela não é culpa minha, mas é minha solidão.",identidade
1093123,Já está preparada a mulher mais amada.,identidade
1093130,Na hora do amor você é mulher amante menina.,identidade
1094767,"Deus me livre desse cara, ele é nó cego.",outros
1096495,Nunca vi mãe amorosa.,
1097619,"Eu entrei numa roubada, ela tava melhorzinha quando eu peguei.",outros
1098018,Viola eu me lembro ainda ela estava tão linda naquela janela.,aparencia
1098716,"Mulher bonita e viola,.",aparencia
1100466,Seria um homem muito feliz.,identidade
1100880,Ou serei o homem mais triste da terra sem você aqui.,comportamentos
1101436,"Eu chego junto, ó menina doida, como é que eu fico?.",habilidades
1101657,Ela só quer ser feliz.,habilidades
1101811,Ele está aqui comigo.,identidade
1102111,Minha mulher faceira.,identidade
1102304,Em homenagem a menina mais amada.,identidade
1102640,"Tente escutar o vento, ele traz bem lento, este canto meu.",
1102721,Se na verdade não andiantou nada ser mulher direita.,identidade
1102853,Com seu jeito de mulher amante.,identidade
1104341,"com tanta mulher bonita,.",aparencia
1104680,e dar pra ele a mulher mais perfeita.,identidade
1105185,Surgiu um moço grã-fino no meio da multidão.,identidade
1105979,homem maduro mas na sua frente.,identidade
1105984,sou homem maduro mais na sua frente.,identidade
1106511,Ele era um rei.,aparencia
1106513,Ele foi filho de carpinteiro.,
1106518,Mas na vida ele foi doutor.,identidade
1106891,Joia adorada namorada amante.,identidade
1107076,Estoura essa champanhe que elas ficam louca.,aparencia
1107191,Que homem assim não é bom pra mulher..,comportamentos
1107532,"Eles são bravos, são tão fortes,.",valores
1107535,Eles são pura emoção.,identidade
1107548,São sempre meninos cowboys.,identidade
1107555,"Menina moça, loucamente apaixonada.",identidade
1107943,Eu sou um moça sincera.,identidade
1109060,Ele melhor que eu.,valores
1109121,"homem objeto, quero ser um cara serio amarrar meu.",identidade
1109706,Só sei que ela é linda demais.,aparencia
1109709,Aquela menina misteriosa.,identidade
1110099,As meninas ficam louca.,comportamentos
1110292,"Ela tá solteira, ela não tem dono...",comportamentos
1110294,"Ela é muito top, essa mina é sensacional.",identidade
1110301,"Musa perfeita, ela incendeia.",
1110518,"Ela é exigente, só toma bebida quente,.",identidade
1110526,"O menina exigente, ela só toma destilado.",comportamentos
1111052,Era minha mulher feia torcendo a minha orelha.,comportamentos
1111394,Adeus rainha mato-grossense.,outros
1111529,só que ela foi capaz do nosso rancho abandonar.,comportamentos
1111961,"A mulher que engravidasse, se não fosse ela casada,.",papel_social
1112142,Vem me namorar e vem ser a minha menina mulher.,papel_social
1112157,"Ele é malhado, eu sou gordinho,.",aparencia
1112159,"Eu sou gordinho, ele é malhado,.",aparencia
1112705,Pára de me olhar com esse jeitinho de mulher carente querendo beijinho.,comportamentos
1113808,A mulher honesta de um homem ruim.,identidade
1113901,Eu nunca quis ter comigo uma mulher preferida.,valores
1114083,A menina mais querida que me dá inspiração.,identidade
1114097,Menina bonita você não me ama.,outros
1114418,Porque um homem verdadeiro sabe caminhar.,identidade
1114435,Na moça alegre que pedia pra me acompanhar.,outros
1114587,Eu era um bom moço caseiro e certinho.,valores
1114710,Eu nunca passei tão bem com farra e mulher bunita.,comportamentos
1115116,Homem esperto é aquele que não trabalha.,papel_social
1115524,"eu so um rapaz solteiro,.",comportamentos
1115636,"Um homem forte e guerreiro,.",identidade
1115640,"Me faça mais positivo, homem forte.",
1115839,"Só tem mulher bunita, só mulher sapeca.",aparencia
1115918,"Ele fica sozinho, mas carrega no peito a certeza.",papel_social
1116060,Mulher bonita e gostosa já peguei mais de mil.,identidade
1116220,Minha mulher é parceira.,valores
1116401,Primeira vez que este homem forte e matuto.,identidade
1116640,O gosto de uma família é ver a filha bem casada.,
1116794,Ela é minha lágrima mesmo sendo prazer.,
1116992,Pagando amor à mulher estranha.,comportamentos
1117038,Sou um homem não sou mais menino.,identidade
1117429,Se passo a noite no jogo ela não acha ruim.,comportamentos
1117695,Sabendo que ela é comprometida.,comportamentos
1117741,"Não tenho culpa, se você a moça crente.",identidade
1117819,Ela tem seus defeitos de mulher explosiva.,comportamentos
1117908,Ela era quase criança.,identidade
1118059,mulher feia.,aparencia
1118175,Ela é muito boa.,identidade
1118176,Que ela é tranqueira e que 'nois' dois não entoa.,identidade
1118178,Ela é muito boa (3x).,outros
1118184,Ela é casada e seu marido é 'brabo'.,papel_social
1118193,Ela é muito boa (2x).,aparencia
1118203,Ela é muito boa(2x).,identidade
1118325,Onde tem mulher baixinha tem relia e desaforo.,aparencia
1118328,"Amor de mulher usguenta, catinga, jaratataca.",outros
1118699,conheci o namorado da minha filha caçula.,identidade
1118950,"A tereza tá junto, ela é feliz e eu demais com ela.",comportamentos
1119039,Cheio de mulher bonita e as minhas modas cantando.,aparencia
1119601,Foi me mostrando a menina baladeira que cê é.,comportamentos
1119616,"Deixa ela dançar, deixa ela ser feliz.",comportamentos
1119617,Se alguém falar que ela é vulgar não sabe o que diz.,comportamentos
1119679,Mas só a mulher goiana.,identidade
1119681,"Mulher bonita e gostosa, já peguei mais de mil.",aparencia
1119686,Mas descobri que ela não era comportada.,comportamentos
1119715,Ele é feijão com arroz.,identidade
1119727,João já ta veiáco.,identidade
1119879,Grande rei violeiro que hoje descansa em paz.,identidade
1120401,"Santa me consola, me ajude a vender a viola pra salvar minha mãe querida..",identidade
1120477,Muita mulher bonita.,aparencia
1120730,"Porque ela é pistoleira,.",habilidades
1120736,"Ela é ligeira,.",identidade
1121874,Ele é único e me diz.,identidade
1121888,Wiski do bom e mulher bonita.,aparencia
1121895,Eu tô com ela porque ela é rica.,outros
1121906,"É muito feia, ela é uma traira, é o clone da lacraia,.",identidade
1122451,No meu ver a mulher é a dama.,papel_social
1122500,Fui um grande homem feliz ao seu lado.,comportamentos
1122712,É que esse homem é fraco por um silicone.,identidade
1122985,Ela é bonitinha.,aparencia
1122986,"Ela só tá magrela,.",
1123342,"Peguei loira e morena, mulher grande e pequena.",aparencia
1123529,Essa mulher é fatal um terror.,papel_social
1123734,A mulher mais linda que eu conheci....,aparencia
1123903,"Não existe mulher feia, se for também não me importa.",valores
1123981,Eu sou bilhete ela é a loteria.,identidade
1124261,Ela é caolha tem unha encravada boca desdentada barriga dobrada tirando a camisa o peito bate no chão ela.,aparencia
1124395,"Brasil de mulher bonita mais igual aqui não há,.",identidade
1124508,Mais comigo ela foi malvada e me deixou no abandono.,comportamentos
1124644,Eta mulher xucra.,identidade
1124649,A mulher sertaneja.,
1124650,Na beleza ela é campeã.,aparencia
1125519,Senhora dona eu lhe dou meu coração.,outros
1125523,Senhora deusa da paixão.,identidade
1125528,Senhora dona da paixão...,identidade
1126524,Qual mulher sensacional - ponto e vírgula.,identidade
1126571,Você quer ver ele contente ?.,comportamentos
1126814,"Garota boa, está pra mim,.",
1127122,"Tem tanta garota roxa,.",aparencia
1127177,A inconfidência de minas gerais..,outros
1127235,"Empreste a tua namorada tetéo,.",outros
1127708,Ó que dama divinal!.,aparencia
1128109,"Sou moça decente,.",identidade
1128779,Ela foi culpada !.,comportamentos
1128787,"A princesa morena,.",aparencia
1130290,"Quando a mulher é boa,.",aparencia
1130294,"Também quando ela é feia,.",aparencia
1130508,E se ele não vem ligeiro / Nem cinzas vai.,
1130787,"O vovô sempre foi, um homem feliz,.",identidade
1131239,"no mis das vezes ela anda distante,.",comportamentos
1131263,Legião de homens negros como a noite.,aparencia
1131289,Musa libérrima audaz.,identidade
1131293,A tribo dos homens nús.,identidade
1131297,"Homens simples, fortes, bravos.",identidade
1131302,Viveram moças gentis.,identidade
1131508,ele vem seguro e vencendo estrada e muro.,comportamentos
1131512,e ve que ele mesmo era.,identidade
1131660,"São menina amarela, metade de gente.",outros
1131661,"São menino safado, levado, insolente.",identidade
1132502,"Com tanta mulher boa,.",identidade
1133182,Se assustou com a moça linda.,identidade
1133204,Que os homens tão loucos.,comportamentos
1133423,"Vem, meu menino vadio,.",comportamentos
1133504,"Todo dia ele faz diferente,.",habilidades
1133815,Veja como ele está lindo.,aparencia
1134413,"Rainha negra da voz, mãe de todos nós....",identidade
1135725,"É juntinho que ele fica bom,.",comportamentos
1135963,Ele é dono do meu destino até o fim.,identidade
1135994,"Oxum era rainha,.",
1136275,Ele estar nu..,outros
1136617,"Essa mulher é muito boa,.",habilidades
1137085,"Esse menino é gay,.",identidade
1137089,"Um dia ele é gatinho,.",aparencia
1137090,"No outro ele é gatão,.",aparencia
1137180,"Que garota boa,.",identidade
1137314,És um senhor tão bonito.,aparencia
1137764,Bárbara é santa que me clareia (2x).,valores
1137774,Bárbara é santa que me clareia.,identidade
1137784,Ela é a menina dos olhos de.,identidade
1138058,Ele é casado e eu sou a outra na vida dele.,identidade
1138060,Ele é casado e eu sou a outra que o mundo difama.,identidade
1138247,"Meninos maus, mulheres nuas.",aparencia
1138275,E ele é meu rapaz.,identidade
1138639,"Homem comigo não vai,.",outros
1138642,"Garota boa, é quem comanda a guarnição,.",
1139132,Ela é da bossa e o marido é um boçal!.,comportamentos
1139152,"O homem pode ser careca,.",identidade
1139545,"Legiões de homens negros como a noite,.",aparencia
1139568,"Musa libérrima, audaz!.",
1139572,A tribo dos homens nus....,comportamentos
1139576,"Homens simples, fortes, bravos....",identidade
1139582,Viveram moças gentis....,comportamentos
1139989,"Moças operárias, prostitutas meninas.",identidade
1139993,A mulher brasileira.,identidade
1140208,Mulher mais adorada!.,identidade
1140509,"Dorme, menino grande.",aparencia
1140956,"Leopoldo é homem sossegado,.",identidade
1141870,"Ele vem feliz, pois ele vem voltando.",comportamentos
1141912,"Sempre menina franzina, traquina.",identidade
1142006,"Tudo são trechos que escuto, vem dela, pois minha mãe é minha voz, como será que isso era?",identidade
1143372,"Olha a moça bonita vestida de branco,.",identidade
1143377,"E a moça bonita, desceu a ladeira,.",aparencia
1143383,"A moça bonita enfeitou os cabelos,.",identidade
1143618,"Ela nervosa, enfim,.",comportamentos
1144336,Mas o seu marido era rude e calado.,identidade
1144776,"Ilumina, ilumina, ilumina, senhora divina, ilumina.",identidade
1145593,"Ele é sonho, é som, é sol, é cor, é vida.",identidade
1145792,Da mãe preta carinhosa.,comportamentos
1146209,"Ela não quer ser vedete, não !.",identidade
1146348,A tecnologia trás a musa ideal.,outros
1147008,Com você sou um homem forte.,identidade
1147364,"Com você, sou um homem forte.",identidade
1147616,Vou proteger nossa filha indefesa.,identidade
1147653,Coitado do rapaz foi perseguido.,identidade
1147662,E desde então o moço bonitão.,aparencia
1147852,"Ele é casado e eu sou a outra,.",identidade
1148392,Ele é o homem.,identidade
1149469,Inverno pra ela é pleno verão..,comportamentos
1151314,Homem bom.,comportamentos
1151397,E o homem virgem que tinha aqui.,identidade
1151944,Que ele está apressado.,comportamentos
1152098,De quem falo ele é feio e bonito.,aparencia
1152107,Ela é carioca da gema.,identidade
1152127,Ela é total colorida.,
1152603,Mulher amada (mulher amada).,identidade
1153075,"Menina linda, por que me olha?.",aparencia
1154432,"Menina bonita bordada de flor,.",identidade
1154433,Menina bonita bordada de flor..,
1155736,Um homem bom.,identidade
1155763,e lá vai menino lambendo podre delícia.,comportamentos
1156047,Ele é meu homem.,identidade
1156218,A mina bela de pele lisa.,aparencia
1157158,"Miguel é bom barqueiro, Aleluia.",identidade
1157203,Ele é filho do mestre.,identidade
1158843,Desde menina sou búzio da minha terra.,comportamentos
1159838,"Com tanta mulher bonita,.",aparencia
1160219,"Mulher casada,.",papel_social
1160228,"Homem casado,.",identidade
1160371,"Com mulher rica,.",identidade
1160925,senhores ingratos..,comportamentos
1161260,Ela acorda mais bonita.,aparencia
1161384,Eu sou um homem comum.,identidade
1161422,Para moças flores janelas e quintais.,habilidades
1162425,Criança menina flor.,identidade
1162601,Ele agora é um passarinho.,identidade
1162773,Tu és minha menina caprichosa.,identidade
1163165,A mulher é chata e o cachorro late.,comportamentos
1163169,A mulher tá gorda e a mãe dela é sogra.,aparencia
1163257,"Que ele é tão sincero,não deve findar.",valores
1165564,Esse menino é show.,aparencia
1166247,É uma menina bonita.,aparencia
1166698,é quando ele é sincero.,identidade
1167544,"Rei morto, rei posto.",
1167625,Ele buscando-a sem tino.,outros
1167636,E vê que ele mesmo era.,outros
1167928,"O moço ficou tão empolgado,.",comportamentos
1168991,O menino é o dono do mundo.,identidade
1169820,e tem conversas com a mãe ausente.,identidade
1173493,Para a filha predileta.,identidade
1173498,A nossa princesa nagô.,outros
1173594,O rei foi coroado.,papel_social
1173620,Ele é livre como os ventos.,identidade
1175542,No caminho dessa cidade as mulheres são morenas.,outros
1176039,Ela é humana e é divina essa voz.,identidade
1176041,Ela é a voz de todos nós.,identidade
1176748,Então pensei: ela é bela.,aparencia
1177061,Ela é a cobra do meu paraíso.,
1177062,Ela é a dobra do meu paraíso.,identidade
1177063,Ela é a sobra do meu paraíso.,identidade
1177064,Ela é a sombra do meu paraíso.,identidade
1177065,Ela é a cobra.,identidade
1177720,Eu queria ser como ele assim cruel como o mundo.,identidade
1177737,Eu queria ser assim como ele cruel como o mundo.,identidade
1177794,Vem justiceira mãe majestosa.,valores
1177959,"Homem feliz, mulher carente.",comportamentos
1178449,Ela entra divina beleza em meu coração.,identidade
1178698,Moço lindo do.,aparencia
1180069,Ele dançava bem melhor.,habilidades
1180143,Filho de mãe solteira.,papel_social
1181175,Soldado menino soldado de louça.,habilidades
1181304,Um velho e pobre homem estanca.,identidade
1181552,Ela é a cara do custo de vida.,aparencia
1183197,A mãe me ensina que ela é bela.,valores
1183204,Mulher e homem é o amor.,identidade
1183230,A mãe ensina que ela é sábia.,identidade
1183302,E lá vai menino lambendo podre delícia.,
1185274,Ela brilha igual mussafera.,identidade
1185607,Mina interessante.,comportamentos
1185893,Ela tá muito louca.,identidade
1185917,Ela tá mó brisada.,identidade
1185983,Essa garota parecia forte.,outros
1187079,"Olha, será que ela é moça, será que ela é triste.",papel_social
1187227,E o menino brasileiro.,identidade
1189008,A garota mais bonita também era a mais rica.,identidade
1189219,Uma garota bacana.,aparencia
1189874,Menina bonita com o céu azul.,identidade
1189875,Ela é uma beleza.,aparencia
1190437,Pois ele é guerreiro.,identidade
1190438,Ele é bandoleiro.,identidade
1190439,Ele é justiceiro.,identidade
1190440,Ele é mandingueiro.,papel_social
1190446,"Pois ele é sentimental, é humano, é nobre,.",identidade
1190880,"""Ele é um homem e entende tudo"".",
1191488,"a (ha) mulher ideal, assim.",identidade
1191490,muito menos homem ideal.,habilidades
1191492,a(ha) mulher ideal não tá ai.,valores
1191500,a(ha) mulher ideal não tá aí.,identidade
1193062,"Cuidado, com ela bela menina,.",identidade
1193063,"Cuidado, pois ela é palestina..",identidade
1193070,"Quando ela larga seu fuzil e quase nua,.",habilidades
1193084,"Cuidado, pois ela é palestina.",identidade
1194386,E um homem é mais sólido que a maré.,identidade
1195106,Ela é mais sentimental que eu!.,identidade
1195932,O menino mais bonito que me apareceu.,aparencia
1196505,Um homem sábio nunca vai se entregar.,identidade
1196886,Ela é toda dor e toda mágoa.,identidade
1197401,Desses homens sórdidos.,outros
1198686,Perdão a namorada é uma coisa normal.,comportamentos
1199709,A minha mina é figurativa.,identidade
1199713,a minha mina é maluca.,identidade
1200102,Ele é claro e é negro e na noite.,aparencia
1200882,E o homem é mau.,identidade
1201937,Eu descobri um mundo teu e ele é manso.,identidade
1202250,"Ó, minha menina bonitinha eu te dei.",comportamentos
1202259,"Ó, minha menina bonitinha, eu te dei.",aparencia
1202511,"Ele não sabe ser melhor, viu?.",identidade
1202540,Um homem bem mais feliz.,comportamentos
1202693,Que eu sou teu homem vil.,identidade
1205700,De braços abertos essa mãe ossuda.,outros
1205910,"Nega, menina direita.",
1206179,Ele não é viado.,identidade
1207491,Se o homem nasceu bom.,identidade
1208142,Ele era tão pobre que seu dinheiro.,identidade
1208145,Ele era tão cego que só via.,aparencia
1208148,Ele era tão frágil.,identidade
1208152,Ele era tão triste que não podia.,outros
1208158,Ele era tão normal.,comportamentos
1208714,Ela era tão bonita que ensandecia a tropa.,aparencia
1208726,Ela é a moça certa carregando aquela tocha.,identidade
1209798,senhora datilógrafa anota aí na máquina.,papel_social
1210711,Ele quer ser famoso ele quer ser pop star.,identidade
1210832,"O garoto prodígio, perdeste o dom.",
1210839,Pra um rapaz tão viril.,identidade
1210976,talvez uma garota estranha.,identidade
1211215,Pra comprovar que as meninas tem melhor educação.,comportamentos
1212551,Ela anda sozinha encharcando seus pés.,comportamentos
1212653,Ele está preocupado em dar o dinheiro.,identidade
1212909,"Para mim ele é lindo, para outros talvez.",aparencia
1213551,Eu dou um cutuco e ela rola gostoso.,comportamentos
1214289,Ele é o bom é o bom demais.,identidade
1214630,Ele é dono de tudo.,identidade
1214634,Ele é o dono da festa.,identidade
1214636,Ele sempre está certo.,habilidades
1214638,Ele é o maioral.,comportamentos
1214639,Ele é o bonzão.,identidade
1214659,Ele é o campeão.,identidade
1215300,O homem branco e o homem negro.,aparencia
1215499,O Rei está nu.,identidade
1216346,Por uma mulher fria.,identidade
1217029,"o homem nú estava preso, o homem nú se libertou.",identidade
1217030,"o homem nú está aqui, o homem nú te faz tão mal.",aparencia
1217031,porque tanto desconforto com o homem nú?.,
1217035,"o homem nú assaltou um banco, o homem nú perdeu a razão.",identidade
1217040,o homem nú subiu ao palco e fez o que você não quis.,comportamentos
1217041,o homem nu não te tocou mas você se sentiu invadido.,identidade
1217043,o homem nu rasgou a bíblia mesmo não tendo religião.,outros
1217206,"E ai poderemos sorrir como mulheres negras,.",identidade
1218013,Eles darão novas respostas.,identidade
1218366,Seremos homens melhores.,papel_social
1219027,"E os seus amigos, eles são patéticos demais pra mim..",identidade
1219284,"Eles são caretas, doentes, não sabem ver beleza.",identidade
1219691,Elas já estão prontas!.,outros
1221433,Uma mulher gostosa sentou ao meu lado.,aparencia
1221508,Ela é uma mulher que tem personalidade.,identidade
1221516,Ela é sinistra e eu admiro ela demais.,identidade
1221545,"Ela é parceira, ela é gostosa.",identidade
1221546,"Se garante, é poderosa, ela é mulher, ela é sagaz.",identidade
1222841,"Sua trança bonita, ela é badauê.",outros
1222857,Menino baiano tem um jeito de dançar.,outros
1223207,"Cheiro, de uma princesa linda.",aparencia
1224758,"Eles são legais, além do mais,.",identidade
1224886,Ela era a filha mais bela.,identidade
1224943,Ele é careta.,identidade
1224946,Ela é um capeta.,identidade
1224949,Ele é porreta.,identidade
1224958,Ela é fumeta.,identidade
1224961,Ele é um planeta.,identidade
1224987,E ela é um capeta.,identidade
1225000,E ela é fumeta.,comportamentos
1225004,Mas ele é um planeta.,identidade
1225816,ela está pronta pra recomeçar.,identidade
1230439,"um estudante, uma mulher sozinha.",identidade
1231864,Que eu quero contar.,comportamentos
1232252,Garoto fique esperto.,comportamentos
1233067,primeiro ele foi sonhado lá no céu.,identidade
1233221,Gentileza é importante e também faz parte.,outros
1233959,Da nossa mãe preta bahia.,identidade
1234085,armário de mulher dama.,identidade
1234547,Tipo senhorita criticada quando atual.,papel_social
1234767,Eles são tão complicados.,identidade
1234795,"Mulher fatal, menininha indefesa.",identidade
1235579,Ele é profundo mano.,identidade
1235746,Elas são autoria do sono.,identidade
1235794,As mina louca pra tirar a roupa.,comportamentos
1236062,"Ela é linda, ela é diva ela sabe e gosta.",aparencia
1236192,"Linda, ela incrivel tipo a minha melhor rima.",identidade
1236211,"Mas ela era tão linda, então não entendia.",aparencia
1236298,Eles tão incriveis pra mim.,identidade
1236781,Mulher é verdade.,outros
1238669,Moça preta do curuzú.,aparencia
1239196,"não são fáceis, eles são difíceis.",identidade
1239286,Por que tenho a princesa mais linda.,identidade
1239439,sua menina loca.,identidade
1239457,"Menina linda eu te adoro, aahh.",
1239458,"Menina pura como a flor, uououou,ah.",identidade
1239464,Menina linda do cateretê.,aparencia
1239496,Paulo é samba no berço da madrugada.,identidade
1239551,Menina bela.,aparencia
1239887,Em donzelas tímidas.,comportamentos
1240344,"Se ela é dança, se ela é grude.",identidade
1240449,"a esperança perdida, de um homem carente.",identidade
1241480,Ela canta lindo.,
1241724,"Somos deusas, mulheres incríveis.",identidade
1241728,Todas deusas são mulheres.,identidade
1242105,Que ela já era morta tava livre da ilusão.,identidade
1242112,Tá fazendo muitos anos que ela foi falecida.,
1242212,Tudo quanto não prestava por ele era fim dado.,
1243163,vê gente nova mulheres bonitas.,aparencia
1243511,Pois ele foi tão covarde levou minha alegria.,comportamentos
1243661,Ele é meu aconchego é minha paixão é meu cobertor.,identidade
1244098,Ela é imponente dona da situação.,identidade
1244293,"NÓS ""TÁ"" POR CIMA, ELES TÃO POR BAIXO.",outros
1244296,"ELES TÃO POR BAIXO E NÓS ""TÁ"" POR CIMA.",identidade
1244397,sofrendo por ela chorando por ela louco de paixão.,comportamentos
1244582,sou o homem ideal.,identidade
1244607,Pra você serei sempre o homem ideal.,identidade
1244744,E mulher bonita.,aparencia
1246025,Quando eu vi uma mulher tão diferente.,aparencia
1246210,"E os meus amigos me dizendo, ela está afim..",
1247189,Nossos sonhos pois eles estão escondidos lá.,valores
1247502,Eu sou um pobre menino rico.,papel_social
1248088,E ela é violenta.,comportamentos
1248246,Ela é a deusa que passa que deixa sem brilho a lua.,aparencia
1248248,Com essa deusa menina o amor tem que ser com fúria.,valores
1248249,"Essa menina é bandida, é uma deusa é furacão.",comportamentos
1249691,Mais se ela voltasse ia ser diferente.,
1249794,Imagina ela solteira.,identidade
1249871,"Todo homem tá cansado, já chifrou, já foi chifrado.",papel_social
1249878,Vai atrás de menina loucamente apaixonada.,identidade
1249990,Sensual é menina mulher.,comportamentos
1249998,Mas no fundo ela é legal.,identidade
1250008,Com outra sou um homem infeliz.,identidade
1251281,"Glamurosa, top, ela é capa de revista.",aparencia
1252340,Em ser uma mãe solteira.,identidade
1252428,Eu serei a mulher mais feliz deste mundo.,identidade
1253110,Fazer de mim a mulher mais feliz do mundo.,papel_social
1253371,Quero ser com você um homem amoroso.,comportamentos
1253869,E ela ainda estava acordada.,comportamentos
1253982,Ela esquece que é moça fiel.,papel_social
1254544,Quem gosta de homem bonito é viado.,aparencia
1254787,Se tiver mulher bonita.,aparencia
1254797,Adão não foi avisado.,identidade
1254799,Adão não era viado.,identidade
1254993,Que a mulher bonita tem.,identidade
1255140,Larai quer dizer homem direito.,valores
1255292,Ele sendo homem direito.,identidade
1255958,Tem tantas moças bonitas parece um romper da aurora.,aparencia
1256161,eu sou um homem muito franco.,identidade
1256169,Foi um homem fazendeiro.,habilidades
1256177,Por isso ele foi traído.,comportamentos
1256180,Pois um homem boiadeiro.,identidade
1256190,Silvério sendo um homem ativo.,identidade
1256495,Ela foi bandida e me abandonou.,comportamentos
1256591,A mulher batia mole.,comportamentos
1256603,"Quem tiver moça bonita,.",aparencia
1256644,Talves seja melhor assim.,outros
1256869,Tem mulher bonita e apaixonado eu to.,identidade
1257627,O beijo da mulher goiana.,identidade
1257647,Tem muito homem esperto que não trabalha.,
1257720,Homem criança que vive sonhando mesmo acordado.,habilidades
1257782,Mulher boa me balança mas a viola muito mais.,identidade
1257783,No batido do pagode balançei minas gerais.,comportamentos
1257944,Pois a meu lado ele não era feliz.,identidade
1258239,Meu nome ele fala bem canoeira do.,comportamentos
1258677,Mulher bandida.,papel_social
1259831,Tinha um homem grandalhão.,identidade
1259965,A ilusão da moça nova.,aparencia
1260106,A minha esposa sincera.,identidade
1260245,"Açúcar quero saber ele certo,.",outros
1260301,Pureza era bela em sua humildade.,
1260305,Pureza era pobre e sofria a pobreza.,identidade
1260309,Pureza era pura como o próprio nome.,outros
1260331,As mulher são igual a cachaça.,identidade
1260390,eu vou garantir seu nome pois eu sei que ele é homem.,comportamentos
1260429,Mulher seja preta ou seja branca.,identidade
1260431,Por elas preto e branco.,outros
1260465,"E a minha mulher, ela é uma coitada.",identidade
1260467,Por moda de viola ela é apaixonada.,identidade
1260477,Aquele moço estava sendo castigado.,comportamentos
1260666,Estão na memória de um moço exigente.,identidade
1260720,Amado é pepino japonês.,aparencia
1260856,Surgiu um moço granfino.,identidade
1261094,Estou esperando uma boca de encontrar ela sozinha.,comportamentos
1261099,O meu papo foi furado a mina ficou maluca.,comportamentos
1261133,O pensionista tinha uma filha linda.,
1261138,E um homem ativo nem não deu satisfação.,identidade
1261218,Antônio foi padrinho.,identidade
1262302,Quero uma mulher bonita.,aparencia
1262382,Deus que moça bruta.,
1262849,E casar com mulher velha minha mãe não vai gostar.,aparencia
1262929,Ele é seu irmão.,papel_social
1263004,Pensa numa mulher ruim.,identidade
1263111,E se ela for mesmo embora.,comportamentos
1263113,Viola estou muito triste.,comportamentos
1263464,"Conheci um moço pobre, honrado e trabalhador.",identidade
1263524,De moças bonitas do rosto corado.,aparencia
1263533,Formaram equipe de homens direito.,outros
1263579,Nas novenas pra chover ele ia meio na marra.,comportamentos
1263770,Voltei pra minas gerais.,outros
1264069,"Que nada meu chapa, é filha única, bicho!.",papel_social
1264105,Cheguei a turma pra frente quero ver homem valente.,papel_social
1264225,de um certo tempo pra cá ela tá desconfiada.,identidade
1264261,O marido bravo desce o porrete.,papel_social
1264328,Ela será mulher casada.,papel_social
1264438,Casa com mulher ciumenta os seus gosto pouco atura.,comportamentos
1264467,Disse ao velhinho com o gesto de homem mal.,identidade
1264472,E o senhor pode morrer bem sossegado.,outros
1264515,Essas moça namorista só garrega fantasia.,identidade
1264527,As moças namoradeira eu tenho pena das coitada.,identidade
1264565,De um rapaz cortês.,identidade
1264573,Quando a minha mãe aflita.,identidade
1264600,Eu não sou um bom marido mesmo assim ela me ama.,identidade
1264615,Eu sou um homem feliz desde quando eu pus aliança.,identidade
1264697,Já fui um moço ciumento fiquei velho fiquei pior.,identidade
1264814,Menina moça não chores tanto.,comportamentos
1264842,A menina mais bonita.,outros
1264904,"Veio uma moça linda, nunca vi assim.",outros
1265150,Marido vadio tem desculpa gozada.,identidade
1265154,Mulher envelhece fica desbeiçada.,aparencia
1265161,Mulher ciumenta é o que ele detesta.,comportamentos
1265530,Ela foi muito maldosa.,comportamentos
1265798,"Eu cresci e mudei, ela sim sempre linda e bela.",identidade
1266127,Cheio de mulher bonita e minhas modas ponteando.,
1266171,"Ela é moderna, é patricinha.",aparencia
1266384,Na minha teoria ela é a prática.,valores
1266508,"Quem fere a ferro, com ele vai ser ferido.",outros
1266707,É neste ponto senhor juiz.,outros
1266718,Julguem senhores jurados.,papel_social
1266900,Deus que mulher bandida.,identidade
1267024,Se a filha for bonita.,aparencia
1267129,Mulher ingrata vai dormir na rua..,identidade
1267292,A senhora muito triste.,comportamentos
1268016,Vestido da mãe é verde.,outros
1268018,A mãe é muito mancinha.,identidade
1268019,Mas a filha é muito braba.,comportamentos
1268038,Veja que mulher bonita.,
1268309,Com moço pobre eu não caso.,identidade
1268610,"Você era uma menina feia, de chinelinhos nos pés.",aparencia
1268629,"O tempo transformou, aquela menina feia.",aparencia
1268633,seu marido apaixonado cheio de amor e fé.,comportamentos
1268746,"Ela é pura emoção, aah aah pura emoção.",comportamentos
1268796,Dou meu comprimento a ela não dá bom dia pra mim.,comportamentos
1269555,Mas o homem estava morto tinha sido castigado.,identidade
1269562,Mas ela é verdadeira só o bom caminho ensina.,outros
1269566,Marido bonito e a mulher faceira.,identidade
1269592,Ela é grande na beleza.,identidade
1269598,Ela não é estrangeira.,identidade
1269599,Ela é brasileira pura.,identidade
1269640,Por ser uma mulher falsa.,identidade
1270041,As moças bonitas na sala saiu.,identidade
1270044,"Vendo moça bonita, das feia eu desvio.",comportamentos
1270141,Maneco dois homens aventureiro.,identidade
1270557,Eu já vi homem valente.,comportamentos
1270596,Cantando vou defendê menina namoradeira.,papel_social
1270904,Enquanto eles vivem felizes.,identidade
1271667,Até ontem eu era a mina perfeita.,identidade
1272539,Ser homem solteiro.,papel_social
1273037,Isso é forte demais faz um homem sentir-se incapaz.,habilidades
1273632,Essa vaneira vai pra todas as meninas carinhosas....,identidade
1273633,"Essa vaneira é pra menina carinhosa, que dá beijinho quando a gente sai lá fora,.",comportamentos
1273634,"essa vaneira é pra menina carinhosa, que faz denguinho quando a gente vai embora,.",identidade
1273725,Mulher feia é ciumenta.,
1273953,"Eita mulher difícil, complicada assim não há,.",identidade
1273975,"Pra beijar minha mãe velha, minha prenda e os meus piás..",comportamentos
1274714,"Ela é sol a meia noite, ela é luz do horizonte.",identidade
1274993,"Sereia é coisa de mar, mulher é coisa de bar.",identidade
1275506,Ela é luz do horizonte.,identidade
1275964,Tem tanta mulher boa por ai jogada fora.,identidade
1275971,Gosto de mulher comum.,
1276423,"E se a cerveja está gelada, ela fica mais bonita.",aparencia
1276829,Ela é inteira e quer alguém.,comportamentos
1276994,Com ela sou feliz.,identidade
1278123,Menina morena.,aparencia
1278188,"Menina linda, tão bela.",aparencia
1278375,A moça não é nenhuma miss.,aparencia
1278404,"""Ela é virgem, só que morou no.",identidade
1278458,Minha mulher maravilha.,comportamentos
1278519,"Ele é amor, a força e o poder.",identidade
1278699,Vou ser um rapaz direito.,identidade
1278913,Essa vaneira é pra menina carinhosa.,comportamentos
1279315,"ele é grande, ele é tudo, ele é mais.",identidade
1280267,Essa mulher é uma loucura tem olhar fatal.,identidade
1280508,ela é vidrada em televisão.,identidade
1281485,Você uma mãe solteira abandonada pelo ex marido.,outros
1282486,E é por isso que ele já foi censurado.,comportamentos
1282914,"Mulher bonita e muita cerveja gelada,.",aparencia
1283446,Sou homem maduro mas na sua frente nao sou mais que um menino.,identidade
1283450,Sou homem maduro mas na sua frente não sou mais que um menino.,identidade
1283458,Sou homem maduro mas na sua frente pareço um menino.,identidade
1284091,Porque só mulher bonita.,aparencia
1284111,Porque só mulher bonita é.,aparencia
1285075,"Você era uma menina feia, de chinelinho nos pés.",aparencia
1285687,Que ela já tá louca.,comportamentos
1285696,Ela tá pirada.,comportamentos
1285733,Beijar a menina mais linda do lugar.,comportamentos
1286028,Desço um pouco de uísque pra elas liberar geral.,habilidades
1286780,Que ele é perfeito pra você.,aparencia
1287581,E a mulher aguentando quieta.,identidade
1287593,E a mulher aguentando quieta dormindo sem ter o treco.,outros
1288085,Que a moça não era minha namorada.,identidade
1288181,Essa mulher é minha vida.,identidade
1288183,Ela é dona de mim.,identidade
1288638,Já não tem mais mulher feia.,aparencia
1289004,CORAÇÃO TA PREPARADO ESPERANDO ELA CHEGAR.,valores
1289428,"Deus, tira da minha vida essa mulher bandida.",
1289471,Com ela é forte.,identidade
1290111,Ele é livre pra voar.,identidade
1291201,Cumade ta diferente e você nem desconfia.,comportamentos
1291250,Hoje quem manda é as mulher solteira.,
1291884,O assunto é que homem não consegue ser fiel.,outros
1292052,"Ela é gostosa, só faz isso pra me provocar,.",aparencia
1292358,Mas que menina indecente.,identidade
1292856,"Só porque ela é bonita, uma mulher maravilhosa.",aparencia
1292888,Duas mulheres é bom.,
1293009,Ela é mulher sensual.,aparencia
1293252,Mas se tem mulher bonita.,aparencia
1293290,Mulher bonita eu pego no abraço.,aparencia
1293291,Menina moça a gente namora.,identidade
1293559,Ela foi bem criada.,papel_social
1293578,Ela é a gata do poder.,papel_social
1294951,Ela é a menina dos meus sonhos.,identidade
1295011,"Ela é discreta, ela é legal, minha amiga.",habilidades
1295157,Ela é toda nervosinha.,identidade
1295169,Ela é toda mimada.,identidade
1295280,"Ela é uma mina decidida, é inteligente, é minha amiga e sabe o que quer.",identidade
1295296,"Mulher independente, ela só quer aproveitar.",papel_social
1295300,Essa mina é linda.,aparencia
1295305,"Ah, essa mina é linda.",aparencia
1295307,Ela é aquela música que eu não sei escrever.,identidade
1295395,E Se o sonho do menino hoje é ser jogador.,outros
1295626,"Eu sou comprometido, eu sou homem casado....",identidade
1295627,"Menina bonita dos zói ingatinhado,.",aparencia
1295719,Aqui não paga entrada mas moça bonita.,aparencia
1295728,Passei o fim de semana com uma menina bacana.,
1295732,Minha mulher é ciumenta mais brava que pimenta.,identidade
1295736,Ela tá virada no peba essa mulher tá com feitiço no coro.,comportamentos
1295771,Aqui não paga pra andar moça bonita.,
1296585,"Pra mulher zangada, presente é um calmante.",comportamentos
1297191,"Ela é top, é filé,.",identidade
1297195,"Ela envolve, ela é quente.",identidade
1297526,"Poxa, como ela tava linda.",aparencia
1297830,Menina doce.,identidade
1297856,Que menina louca.,identidade
1297859,"Ela fica louca, quer beijar na boca.",identidade
1297945,"Menina faceira, fera no cio.",comportamentos
1297985,"Ela fica louca, louquinha, perde a razão.",comportamentos
1298914,Fiquei sabendo que você tá de namorado novo.,
1298968,E quando eu pego uma menina é papapa.,identidade
1299236,Instagram ela é top da balada.,aparencia
1299237,Pessoalmente ela é toda instagrada.,
1299761,Ela tá louca de uísque.,comportamentos
1299897,Essa mina é esperta.,habilidades
1299902,Ela é a marreta que te arrebenta.,identidade
1300905,Um homem quando tá apaixonado.,papel_social
1301258,Jeito triste de um menino tão carente.,comportamentos
1301642,Será que ele não é competente.,comportamentos
1301731,E do meu lado eu só quero mulher solteira.,comportamentos
1301884,Tira o olho dessa mina ela é a filha do patrão.,identidade
1301896,Se ela é linda demais.,aparencia
1302248,Ela tá colecionando bobo.,habilidades
1302706,E uns cabides que ele é espaçoso.,comportamentos
1302819,Pega mulher feia pra fazer o amigo feliz.,aparencia
1303010,Quis ser dono do teu pensamento.,outros
1304699,"Ela é imponente, dona da situação.",
1305021,Que mulher bandida!.,identidade
1305249,"Sua mãe foi mãe, e foi pai.",identidade
1305677,Hoje é fazer ela feliz.,identidade
1306180,E tem mulher bonita esperando quem vencer.,aparencia
1306213,que mulher bonita.,aparencia
1306348,Vou procurar uma mulher bonita.,aparencia
1306375,Mas quero o coração de uma mulher xonada.,identidade
1306970,A mulher mais bela que eu tanto amava.,aparencia
1307002,aconteceu porque perdi minha mulher querida.,comportamentos
1307124,Só a mulher é capaz de me fazer chorar a toa.,outros
1307309,Ela é cara deu pau.,identidade
1307674,Enquanto ele dá presente.,comportamentos
1307704,Pode se ir embora mulher traiçoeira.,identidade
1307710,A minha esposa é mulher sincera.,identidade
1307768,Seu marido é ruim.,identidade
1307774,Ele é mais bonito.,aparencia
1307776,Seu marido é pão duro.,identidade
1307784,Seu homem é mal acabado.,identidade
1307789,E larga esse homem frouxo.,comportamentos
1308255,Sou homem independente.,identidade
1308455,Eu sou um homem direito pode crer que sou perfeito.,identidade
1308528,Eu dei um beijo nela ela é bonitinha.,aparencia
1308789,"Ela veio sorridente, com uma cara de pu...xa vida, como ela tava linda!.",aparencia
1308939,quero uma mina porreta.,identidade
1308993,"Eles querem jogar bonito, eu só quero é por pra.",aparencia
1309135,A Eva é possuída.,identidade
1309173,"Deus, que filha linda.",aparencia
1309174,Mulheres iguais à elas no mundo.,identidade
1309218,Mulher iguais à elas no mundo.,identidade
1309401,que mulher brava igual.,identidade
1309493,Tem mulher solteira aí?,identidade
1309581,Qualquer homem exigente logo fica apaixonado.,identidade
1309766,(A oooooh moçada ele ficou sozinho na estrada numa poeira danada!).,outros
1309769,Pra o corcel dois ela passou obrigada.,outros
1310422,Dar um cheiro na cumade pra ela não ficar sozinha..,outros
1311029,Mulher é bom concordo plenamente.,papel_social
1311031,Mulher é igual carro novo na garagem.,identidade
1311085,Nois semos lindo nois é herói nois é mocinho nois é.,aparencia
1311087,Nois semos lindo nois é herói nois é metido nois é.,identidade
1311121,"Mulher bonita e gostosa, nóis ganha é de montão,.",aparencia
1311303,Mulher bonita gosta de dinheiro.,valores
1311307,Mulher bonita tem muito valor.,aparencia
1311314,Em mulher bonita é o meu investimento.,identidade
1311318,Mulher bonita tem no mundo inteiro.,aparencia
1311609,Senhor verdadeiro.,identidade
1311729,Eles desconhecem tão grande paixão.,valores
1311760,És a mulher mais querida.,identidade
1311817,Menina bonita não chore assim.,aparencia
1311829,"(""Ô menina bonita!.",aparencia
1311913,Esta que é a deusa linda dos meus sonhos.,aparencia
1312037,Com ela vivo sonhando.,comportamentos
1312110,Ou serei o homem mais triste da.,papel_social
1312153,"baile com pouca mulher é fácil de arrumar encrenca,.",
1312156,ela veio sorridente com uma cara de....,aparencia
1312157,"puxa vida com ela tava linda,.",aparencia
1312355,Goiano é apaixonado e o mineiro não fica pra trás.,
1312404,A moça era milionária filha de um fazendeiro.,
1312405,O moço era bem pobre mas muito bom violeiro.,habilidades
1312416,E hoje por ele ser pobre.,identidade
1312469,O homem é preciso ter reservas de energia.,identidade
1312859,Fico de longe se acho mulher casada.,identidade
1313315,Mas eles estão enganados toda noite sou feliz.,outros
1313660,"Ah, ela é brincadeira, é porta bandeira.",identidade
1313746,"safada, manhosa, menina faceira.",identidade
1314159,"Ela pode, ela é top.",
1314164,Essa garota fascina.,identidade
1314786,Minha garota manhosa.,identidade
1314993,A mulher é coisa boa não existe discussão.,valores
1314995,E o homem fica preso já ta de papel passado.,identidade
1315004,Homem casado é aquele que leva doce na festa.,papel_social
1315048,Sou homem comum.,identidade
1315715,Ouvi a voz da menina mais carinhosa.,identidade
1315764,Sou o homem mais feliz do mundo.,identidade
1316038,mulher bonita de olhar esperto.,identidade
1316157,Homem manchudado sabe.,identidade
1316499,"Em breve o senhor padre, vai selar nossa união.",identidade
1316640,Em meu ombro ela foi carregada.,valores
1316757,"Será essa mulher querida, amante amiga desse meu viver.",papel_social
1316847,"sorrindo ela veio quase despida, se atirou nos meus braços ofereceu seu amor, sai arrassado daquele lugar, triste.",outros
1317556,Ela é alérgica de vários temperos.,outros
1317580,Eu queria ser um homem pássaro.,outros
1317693,Ela linda no altar.,aparencia
1317825,Parecia um menino inconsequente sem destino.,identidade
1318041,Essa moça tão linda nem sequer imagina.,identidade
1318080,Se ele ainda bate forte e diz que não passou.,habilidades
1318115,Safada manhosa menina faceira.,
1319297,Deus ela é igualzinha a você.,identidade
1319815,"Ninguém faz amor comigo do jeito que ela fez, ela é a bola da vez, ela é a bola da vez..",identidade
1319820,Ela tem o feitiço ela é dona do meu corpo e do meu coração..,identidade
1319836,"Ninguém faz amor comigo do jeito que ela fez, ela é a bola da vez, ela é a bola da vez.",identidade
1319996,Itaúna tem moça bonita.,aparencia
1320071,mulher bonita gente boa coisa fina.,aparencia
1320547,"Minha mulher é feia demais, mas tem dinheiro bisurdo!",identidade
1320554,Mas ela é cheia da nota e o meu nome tá crescendo.,habilidades
1320555,"Ela é tão feia, mas é de família nobre.",aparencia
1320559,"Minha mulher é feia, mas vamo lá minha gente!",aparencia
1320562,Ela estava enfuazada querendo me agredir.,comportamentos
1320565,Hoje estou rico e tenho mulher ciumenta.,habilidades
1320582,O meu chão sagrado de mulher bonita.,outros
1320767,"preciso lutar com a vida para lhe dar, mãe querida.",papel_social
1320875,Mais barato pra um homem roceiro.,identidade
1320963,Um homem apaixonado vai ficando intediado.,identidade
1321038,A moça é linda demais.,aparencia
1321039,Por uma mulher bonita.,aparencia
1321079,Tenho uma mulher bonita.,identidade
1321114,Com a mulher mais linda desta região.,aparencia
1321201,Ela vive tão distante.,aparencia
1321415,Cheguei a turma pra frente quero ver o homem valente.,identidade
1321469,Mulher é bom de mais eu quero é namora.,identidade
1321547,Ela é triste demais.,identidade
1321718,"Oh, minha mulher amante.",identidade
1322012,Ela era igual a você.,identidade
1322112,Maria agora está ficando muito rica.,habilidades
1322129,Sou italiano minha mãe é espanhola.,identidade
1322147,Ela é bonita e diz que me ama.,aparencia
1322150,Bonita de cima em baixo essa mulher é uma loucura.,aparencia
1322158,Ela é uma jóia rara não se encontra por ai.,identidade
1322776,Solidao é dor que vem pra machucar.,outros
1322962,No verão faz frio e quando é inverno ele fica quente..,outros
1323479,Um monte de menina linda vai cair na minha rede.,aparencia
1323579,A mulher mais feliz.,comportamentos
1323864,Eu era um homem feliz da vida.,identidade
1324020,Ele veio sozinho.,outros
1324400,Ela é a paz que está dentro de mim.,identidade
1324402,Ela é a essência desse amor que me domina.,identidade
1324405,Ela é a essência da minha felicidade.,identidade
1324406,Ela é a saudade.,valores
1324737,Se ela for cheirosa eu não posso resistir.,identidade
1324887,Machuca como é grande a dor.,outros
1324983,Que vem da mina mais bonita que se viu.,aparencia
1325182,Até as moça granfina.,identidade
1325246,Pois uma mulher ingrata fez morada no meu coração.,habilidades
1325308,Por mais que o homem tenta ser insuperável.,comportamentos
1325477,Homens honestos que lutaram pra vencer.,identidade
1325760,O fazendeiro homem rico e caprichoso.,identidade
1325834,Pois ele foi operário e hoje é um forte empresário.,papel_social
1325966,Essa moça caipira uma hora.,identidade
1325977,Não tô preocupado ela é minha rainha.,identidade
1326240,Ele passava folgado.,identidade
1326675,A mulher mais linda que adoro tanto.,aparencia
1326716,"Onde tem mulher bonita, to chegando pra ficar.",aparencia
1327422,Ela é jovem bonita é linda demais.,aparencia
1327428,Sabe de tudo mulher inteligente.,identidade
1327493,Eu gosto muito dela ela vai ser minha senhora.,identidade
1327700,ela sozinha estava na calçada.,outros
1327840,Só eu e ela sozinhos no carro.,identidade
1327994,"Pois era ela, minha esposa amante.",identidade
1328323,Ele é um cavalinho equipado.,identidade
1329108,Um dia desse ela chegou cheia de prosa.,comportamentos
1329113,"Ela muito assanhadinha, não deu pra segurá.",identidade
1329157,De ser um homem feliz em eterna união.,identidade
1329257,Isto ele mesmo afirmava.,outros
1329357,Ele é honesto é muito honrado.,papel_social
1329441,"Iraci, uma mulher fiel.",identidade
1329625,Ele é presente em qualquer lugar.,habilidades
1329758,Entre as flores da estrada ela é a rainha.,identidade
1329760,Se ela vive sozinha na carreta apaixonada.,identidade
1329858,Ela foi minha riqueza.,identidade
1329862,Mulher é a felicidade.,identidade
1329863,Mulher é a fonte do prazer.,identidade
1330650,"Ela dar pra nois que nois é patrao, ela da pra nois que nois é patrão ,ela da pra nois que nois é patrão olha a contravenção (bis).",identidade
1330833,"Gosto de mulher bonita, de viola e cantoria.",identidade
1330843,Dourado é um peixe que pula quando ele é bem fisgado.,identidade
1330852,Ela tá maluca.,comportamentos
1330861,Ela tá doida pra comprar.,comportamentos
1330917,moça tão bonita bonita chama minha atenção.,aparencia
1331186,"Ela,ela ela é uma cadela.",identidade
1331265,Tome cuidado com a mulher bandida.,identidade
1331276,Diz que ela é pura na gastura meu irmão.,identidade
1331579,"Ele é completo,.",identidade
1331789,"Menina piveta, da natureza divina.",identidade
1332035,Com a mãe loura você malha todo dia.,aparencia
1332042,E com a mãe loura calorias vai perdendo.,identidade
1332060,Com a mãe loira.,identidade
1332422,vem vem menina tarada.,comportamentos
1332715,Ele foi consciente é pra enxergar.,valores
1332944,"Porque ela é impossível,.",comportamentos
1332950,"Ela é impossível,.",identidade
1333109,Mina cheia de marra de bam.,comportamentos
1333627,Ela é surreal quando rebola senta e kika.,identidade
1333628,Ela é surreal que delicinha de menina.,aparencia
1333629,Ela é surreal com esse corpinho me alucina.,aparencia
1333630,Ela é surreal quando ela para empina assim.,habilidades
1333631,Ela é top capa de revista.,identidade
1333636,Ela é surreal.,identidade
1333800,ela quica ela quica ela quica assim.,comportamentos
1333843,"aí eu falei: 'porra, ela era bonitinha né, de roupa, vamo vê depois que ela fica pelada'.",aparencia
1334152,"Mina caolha,.",aparencia
1334157,"As mulher feia,.",aparencia
1334177,Mulher perneta.,identidade
1334181,As mulher feia.,aparencia
1334275,"Mas, se chegar outro, ela fica bolada.",comportamentos
1334495,"Viu pela foto uma mulher bonita, uma gatinha do corpo.",aparencia
1334505,"Mais quando tu viu, você gritou: Caraaaaaaaaacaaaaa, ela é feia demais.",identidade
1335925,Uma mulher quase nua.,identidade
1336038,Se minha mulher descobrir tô perdido..,comportamentos
1336962,"Na madrugada, Na favela, Mamada se desentoca, De vestido pequenininho, À procura de piroca, Os amigos 'tão' cheio de ódio, Cansado de trocar tiro, Elas são a solução e.",aparencia
1337230,ela contagiou geral.,habilidades
1337451,Tu quer se tonar mulher novinha?.,identidade
1337638,Que só quer homem casado.,
1338066,O namorado é meeeeeeu.,papel_social
1338111,ele é peludinho e gostosinho de apertar.,
1338274,"Chic é nada, ela é cachorra na.",identidade
1338292,"Na frente da familia, ela é comportadinha,.",
1338293,"matem o seu estilo: de garota patricinha,.",papel_social
1338308,ela é cachorra na.,comportamentos
1339812,"Ela é cínica, mas ela.",identidade
1339831,"Ela é quente, ela é carente.",identidade
1339832,Ela é a mistura mais potente.,
1340159,============ Refrão ==============.,outros
1340976,mas ela pressente que ele não existe.,valores
1341675,Ela é muito bonita podes crer que ninguém viu..,aparencia
1341772,Ela é muito bonita podes crer que ninguém viu.,aparencia
1341803,quatro paredes ela fico maluquinha e o pau no cinco ela.,comportamentos
1341872,Mais ela é muito feia.,aparencia
1341965,"Ela é muito engraçada,.",
1342115,"Ui, ui, ela quica.",habilidades
1342600,"Para o senhor estar comigo,.",comportamentos
1342746,Ele é o rei do quadradinho.,identidade
1342979,No baile ela ta louca.,comportamentos
1343214,Eita que mina maluca..,identidade
1343334,"que a fiel fala que ele é meu,.",outros
1343340,"Mas a fiel fala ele é meu,.",identidade
1343349,por qualquer mulher imunda.,aparencia
1343357,"a fiel fala ele é meu,.",comportamentos
1343457,Essa mina é uma uva.,aparencia
1343605,princesa natural.,identidade
1343895,"Ele era funkeiro, mas era pai de família..",identidade
1343912,Outros o criticavam porque ele era funkeiro..,identidade
1344501,"Seu menino lindo, seu menino lindo.",aparencia
1344502,Seu menino lindo.,aparencia
1344506,"Minha menina linda, minha menina linda.",aparencia
1344507,Minha menina linda.,aparencia
1344535,"Sou tua mina linda, sou tua mina linda.",aparencia
1344536,Tua mina linda.,aparencia
1344630,Eu sou diferente menina chapa-quente.,
1345165,Sai garoto chato.,comportamentos
1345500,Senhor cavaleiro da paz.,identidade
1345594,",entenda de uma vez ela é a mulher que tu quis.",papel_social
1345693,Deixa a mãe feliz e a família bem.,
1345810,E como é que eles fika mano ?.,outros
1345895,Hoje amanheceu e ela acordou disposta.,comportamentos
1345915,Amanheceu e ela acordou disposta.,comportamentos
1346098,"ela é impossível,.",identidade
1346279,Mano é mó beleza o cabelo da morena é lindo de natureza.,aparencia
1346320,Sua loira é muito feia ela é a loira do banheiro.,aparencia
1346357,Ela é tão branca que parece o vermelho.,aparencia
1346369,Deixa eu falar sua mina é muito feia.,outros
1346401,Mano aqui não assa tá ligado é desse jeito.,outros
1346479,Pra todas namorada maluca do.,comportamentos
1346486,homem casado ja tenho minha pretinha pra fazer.,papel_social
1346595,ela é cadela.,identidade
1346659,lá vem ela é a larguinha da favela.,identidade
1346678,lá vem ela é a larguinha da favelaaa.,
1346685,lá vem ela é a gatinha da favelaaa.,aparencia
1346718,Mas essas minas são sinistras e.,identidade
1346839,"Insiste que ela é feia, mas gosto não se discute.",aparencia
1346939,As mulheres safadinhas.,identidade
1347055,"Ela é impossível, que novinha terrível.",identidade
1347194,nois não é modelo porra so vamo faze um show.,identidade
1347454,Ai que homem gostoso.,identidade
1347559,"ela tá bolada,tá nervosa,tá querendo aparecer.",comportamentos
1347628,quanta mulher boa...ahahaha.,aparencia
1347633,Ela chata demais...,identidade
1347799,Uma mina tão linda fez eu me apaixonar.,aparencia
1347923,Nóis tem mulher coroa e já nem sei quantas novinhas.,identidade
1349192,Ela é negra.,identidade
1349275,Do meu lado me fazendo o homem mais feliz.,identidade
1349414,"Ela sobe ela desce, ela quica no meu.",outros
1349938,"Oh yes, essa garota é nota 10.",identidade
1349946,Eu conheci uma menina muito atraente.,aparencia
1350279,"bolada, ela tá nervosa, tá querendo aparecer.",identidade
1350352,Ela quer descer lindinha.,identidade
1350482,"É viciante, ela é feita de açúcar.",identidade
1350487,Ela é mais quente que pimenta malagueta.,aparencia
1350705,Com a mãe loira agacha e levanta..,aparencia
1350817,E ai mãe loira tá no ponto ?.,identidade
1350818,Com a mãe loira você malha todo dia.,aparencia
1350822,E com a mãe loira calorias vai perdendo.,
1351317,Senhor é digno de toda honra.,valores
1351351,Jesus sou enviado.,identidade
1351557,Nem toda mulher é vaca.,identidade
1351671,"O tatu foi homem pobre,.",identidade
1351694,VAI CUIDAR DA TUA MULHER SIRIGAITA ESSA POLACA.,outros
1351849,Ou um lenço de mulher vulgar.,identidade
1355078,Há muitos homens importantes.,aparencia
1355544,Todos as vezes que o homem velho.,identidade
1356197,"Veja bem, sou homem maduro.",identidade
1356276,Mas o rapaz ficou paralisado e em silêncio.,comportamentos
1356757,Um garoto imbecil a se repetir...,identidade
1357091,"E sim, ele estava tão feliz....",identidade
1357290,e elas são tão secas..,comportamentos
1357975,Mulher rendeira.,identidade
1358000,os pais da namorada libanesa.,papel_social
1359341,O Tião é um homem valente.,comportamentos
1359355,Se toda mulher é viúva negra.,identidade
1359363,É de homem vaidoso ou metrossexual.,identidade
1359371,"De mulher rica, livre e poderosa.",identidade
1359372,"Eu, homem objeto; ela mulher incompleta.",outros
1359382,Para seu desejo de mulher fatal.,identidade
1359393,"Quis ser feliz, pagou o preço.",identidade
1359843,Com a vida de homem casado.,papel_social
1359934,E você a musa imperadora dessa canção.,identidade
1360044,Não sou mais aquele moço afoito.,identidade
1360047,Com ela tem que ser moço arrojado.,aparencia
1360189,Olha pra esses homens sérios e seus futuros perfeitos..,identidade
1361945,Bueller está solto.,identidade
1362786,"Caymmi, a moça prosa.",identidade
1362787,E a musa inspiradora.,identidade
1362834,Que é todas elas juntas num só ser.,outros
1363111,Luiz hoje está feliz.,comportamentos
1364048,"ela andava livre pelas ruas,.",comportamentos
1365195,Ela é muito elegante.,identidade
1365881,Mas ele foi cruel com você.,comportamentos
1366202,menino genioso e impulsivo..,identidade
1367726,Dormia a nossa pátria mãe tão distraída.,comportamentos
1368349,Zumbi foi eleito.,habilidades
1371174,Ela é filha dos raios.,identidade
1371373,Oh filha mais bela do sangue.,aparencia
1371666,E as mãos delicadas de esposa carinhosa.,habilidades
1371745,Se os homens não aram desertos;.,identidade
1372092,E às suas coxas de mulher fatal.,identidade
1372149,Ou se ela foi fiel.,valores
1372439,Nosso cheiro de homem bruto.,identidade
1372472,Que você é mulher moderna.,comportamentos
1372538,Menina moça brincando.,comportamentos
1372837,Ela é sua felicidade impossível.,identidade
1372847,Feito um homem estranho ao mundo.,identidade
1373501,"""Senão é como amar uma mulher só linda.",outros
1374666,Ela é minha delícia.,identidade
1374671,Ela é minha festa.,identidade
1374677,Ela é minha sina.,identidade
1374685,Ela é minha orgia.,identidade
1375003,Toda ela bela.,identidade
1375042,Ele é um jogador acima da média fora do normal.,habilidades
1375044,Mas todos querem ver ele dar show ele é o artista.,valores
1375633,Tanto faz se o rei pirateou.,comportamentos
1376420,Da garota bonita esnobando a loser.,aparencia
1377208,"Moça flor, tem a cor do amor.",identidade
1377212,"Moça flor, esta lágrima pura.",identidade
1377216,"Moça flor, tem a cor do amor...",identidade
1377307,"Vai correndo ver como ela está feia,.",aparencia
1378661,Mas ninguém repara que ele está pelado.,outros
1378939,Tantos homens virtuais.,identidade
1379096,Será que ele ainda tá muito zangado comigo.,comportamentos
1379799,Bebete vamos simbora!.,outros
1380413,Do homem terrível.,identidade
1381025,Vai cuidar da tua mulher sirigaita esta polaca.,comportamentos
1381040,"As moças já estão rosadas, também com tanta grossura.",aparencia
1381338,Com passarinheiro e mulher sardenta é bom se cuidar.,comportamentos
1381595,O CORPO DA PRINCESA NA RAIZ DA MANDIOCA E RÊ.,outros
1381695,Jorge sou dragão.,comportamentos
1381767,Ele é um herói.,identidade
1382170,Por trás de um homem triste há sempre uma mulher feliz.,outros
1382171,E atrás dessa mulher mil homens sempre tão gentis.,outros
1382826,"Pra que se preocupar, Jesus está presente.",valores
1382860,"Ele foi humilhado, pisoteado, tudo por nós.",outros
1383200,Ele é o dono da vitória.,valores
1383208,Senhor é poderoso.,
1383492,Feito ela ser macio.,aparencia
1385529,"ela é surda, ela é muda.",identidade
1385540,"ela é cega, ela é burra.",identidade
1386836,Grita mulher velha grita:.,aparencia
1387590,Mãe amorosa.,identidade
1388665,Ela é maldade em estado puro.,identidade
1388675,Ela é a cidade.,identidade
1389167,Da menina feia querendo casar.,aparencia
1389168,"Da mulher cansada, louça pra lavar.",papel_social
1389840,Ela é culpada eu eu eu boi.,identidade
1391001,Eu sei que na verdade ele é filho do javé.,identidade
1391129,A minha filha mais velha.,papel_social
1391321,E a menina bonita girando o cabelo.,aparencia
1391335,Liga pro seu amigo e diz que ele é irmão.,papel_social
1391373,E a menina triste morrendo de rir.,comportamentos
1391619,Que a moça triste ia sorrir.,comportamentos
1391712,Mas não é uma sapa atoa cuida da filha mais bela.,valores
1391733,E já bateu pra ela sou atleta de primeira.,identidade
1392231,O meu corpo ele tocô.,comportamentos
1392280,Belinho ta lotado.,comportamentos
1392425,Senhor limpa o seu coração.,valores
1393580,E quando era moço foi soldado.,identidade
1393691,homem decente.,identidade
1393734,Sua mulher antiga.,identidade
1394033,Senhor preciso tanto entregar o meu coração.,valores
1394445,Vejo homens verdes.,identidade
1396041,"Ele é sexy, Ele é sexy, Ele é sexagenário (2X).",aparencia
1396079,Que ela é dona do chuá.,identidade
1396290,Orejebola.,outros
1396685,Janaína é passageira.,
1397498,Bicho feroz é mulher mal amada.,identidade
1397661,Homem quando ama fica cego.,comportamentos
1397895,Moça muito nova é chave de cadeia.,papel_social
1399126,A garota mais linda.,identidade
1399969,Minha musa viro escravo teu.,
1399978,"Ela é carioca, ela tem tempero.",identidade
1399979,Ela é a dona desse rio de janeiro.,habilidades
1399980,"Ela é carioca, ela é o samba.",identidade
1399982,Ela é bamba e ninguém manda.,identidade
1399996,"Ela é carnaval, ela tem paixão.",identidade
1399997,"Ela é sensual, fora do normal, bate o coração.",aparencia
1400561,Nois é moço pra casar.,
1400674,E eu só quero elas nuas quando isso acabar yah.,outros
1400978,Tem que ficar esperto e escolher a mina certa.,outros
1401071,Eu acabo bem suado e ela bem despida.,comportamentos
1402168,pela filosofia de platão é fácil conquistar alguém.,outros
1405358,Ela fica mais bonita.,aparencia
1406663,E só ver mulher nua na.,outros
1406677,Ele é fingido.,valores
1406750,"Ela é má, pode até te dar um choque..",identidade
1406762,Deus do ceu como ela é maldosa.,valores
1407477,Mãe maiamba que comanda o centro.,identidade
1407887,Menina tão linda que alucina.,aparencia
1407949,"Menina muito linda, por favor não se iluda.",aparencia
1407961,ela desce gostoso.,habilidades
1409018,Mulher insatisfeita é um perigo.,
1410914,Ela é sofisticada.,identidade
1410915,"E mesmo em cima da mesa, ela é delicada.",identidade
1411171,Veria que ele é o cara errado.,outros
1411208,"Que tava fácil, que ela tava afim.",comportamentos
1411591,Se tem mulher fruta.,identidade
1411592,Agora tem mulher muamba.,identidade
1412826,Ela é mistério esse jeito sério.,identidade
1412830,Ela é tão bonita que até.,aparencia
1412833,Ela é teimosa ela é toda prosa.,identidade
1412840,Pega essa menina segura esse peão.,outros
1412847,Aposto que ela é pura emoção.,identidade
1413222,"Ela é atriz, ela faz cena,.",identidade
1413318,Ela é deusa do amor.,identidade
1413957,Ela é feita de açúcar.,identidade
1413958,Ela é pura sedução.,aparencia
1413960,É a moça mais bonita que eu já vi no.,aparencia
1414144,Ela tá maravilhosa.,outros
1414148,Ela tá pura malícia.,comportamentos
1414154,Ela tá top de mais.,identidade
1414313,Deixou ela sozinha.,comportamentos
1414882,"Ela é linda,.",identidade
1414998,"Sou tão comum, ela é diferente.",aparencia
1415059,Tá na orelha da minha mulher direto.,comportamentos
1415131,O homem é meio misterioso.,identidade
1415134,Ter a filha tão bacana pela qual me apaixonei.,identidade
1416079,Que mulher diferente.,
1416178,"Na moral, essa menina ela 13, ela louca.",identidade
1416271,"Ela é linda, mas interesseira.",valores
1416589,Ela é cidade eu sou fazenda.,valores
1416590,Eu sou cachaça ela é nutella.,
1417355,Mas ela quis dormir sozinha.,comportamentos
1418218,"Ela é coberta de ouro, a deusa da ostentação.",identidade
1418262,Toda a banda agora ta tocando um batidão.,outros
1418284,Ela é aposentada mãe.,papel_social
1418319,Tereza é danada demais.,comportamentos
1418758,"Ela é internacional, ela é tipo.",identidade
1418997,E se ele perceber vai dar ruim.,outros
1419036,"Tá top sensual, ela tá deliciosa.",identidade
1419277,Um garoto imperfeito não merece seu amor.,outros
1419536,Ela tava certinha a farra já tava marcada.,identidade
1420719,"Se acha, ela é uma gata.",outros
1420721,E ela é uó do borogodó.,identidade
1420822,Esse homem é cego.,identidade
1421102,Minha mulher é só pressão.,papel_social
1421486,Ela é linda charmosa é uma.,aparencia
1421628,Ela linda no altar toda de branco.,aparencia
1421646,Na mesa só mulher gata.,aparencia
1421666,"Ai danada, que mina maluca!.",identidade
1421679,"Ela tá maluca, ela tá doidinha.",identidade
1421681,"Ela tá doidona, fora da casinha.",identidade
1421755,É o preço do pecado quando o homem é ateu.,valores
1422014,O senhor está comigo.,valores
1422195,Terra de mulher bonito fiquei lá uma semana.,aparencia
1422505,"Você é do tipo mulher fatal, desejo animal.",aparencia
1423777,"As meninas soltinhas, os parceiros pegando.",comportamentos
1423857,Torcendo pra que ela mesma descubra no meu jeito de.,comportamentos
1424571,Mas ela é muito safada.,comportamentos
1424611,"Ela é bandida, ela é descarada.",comportamentos
1424872,E tá rolando no twitter que eu deixo as meninas loucas.,comportamentos
1424908,"Ela é gostosa demais, a gata é um tesão.",
1424911,Pois ele é ciumento e vai fazer confusão.,identidade
1425035,O meu sonho de menino era ser um peão.,
1426122,Que faz ela feliz.,outros
1426137,Que faz ela feliz!.,identidade
1426523,Essa minha namorada não larga do meu pé.,papel_social
1426605,"Mas ela é safadinha, é sapequinha.",comportamentos
1426610,"Ela é safadinha, é assanhadinha.",comportamentos
1426617,"Mas ela é safadinha, é assanhadinha.",identidade
1426622,"Ela é assanhadinha, é patricinha.",identidade
1426848,"Bull, quanta mulher boa.",aparencia
1426852,"A mais top da galaxia, ela é pura tentação.",identidade
1426874,cachaça e mulher bonita são a minha perdição..,comportamentos
1427620,Isso não é coisa de mulher casada.,
1427977,Um menino sonhador também aprendeu a voar.,valores
1429196,uma mulher perfeita e ainda não achou.,identidade
1429375,"Que havia um homem d'água ai, ai.",identidade
1429407,Porque o homem d'água.,identidade
1430322,Eu vou arrumar outra moça bonita.,aparencia
1431515,tem muita mulher bonita e muito homem solteiro.,aparencia
1431669,sem ela estou sozinho.,identidade
1432613,Ela era minha vida mandava em meu coração.,identidade
1432666,Eu conheço mulher feia.,aparencia
1432677,Sapateia mulher feia.,aparencia
1432729,E toda vez que vê uma mulher bonita.,aparencia
1433136,Ela é sensacional.,identidade
1433150,Ela é boa de cama.,
1433300,Ele não vai fazer feio.,comportamentos
1433399,ela fica triste e chora e me pede pra ficar.,comportamentos
1433599,Uma mulher tão bonita e atraente.,aparencia
1433799,Ao receber a notícia ele ficou desesperado.,habilidades
1433922,Ela é uma loucura.,comportamentos
1434105,Eu conheci uma menina atraente.,identidade
1434200,Não olha em mulher casada.,identidade
1434367,"É a mulher brasileira, rainha do carnaval.",identidade
1434371,"É a mulher brasileira, é fogo de sedução.",identidade
1434435,"Uns acham o cacete lindo, outros acham ele feio,.",aparencia
1434549,Ali existia uma moça bonita.,aparencia
1434557,Ele muito tímido porém satisfeito.,identidade
1434576,Quando fica preto ele é mais bonito.,aparencia
1434977,"Basta só eu dar um toque, ela fica esperta.",
1435074,Por eu ser um moço forte.,identidade
1435107,Mulher engabela a gente.,identidade
1435142,E todas elas são eternas.,
1435330,Hoje ela veio quase louca de desejo.,identidade
1435593,Eta homem tagarela deixa eu ver a novela....,comportamentos
1435692,"Mau, que menino mau.",identidade
1435753,se ele é indefinido.,valores
1436189,"Ela é clichê, é complicada, mas no fundo.",identidade
1436190,Ela só quer ser amada.,identidade
1436191,"Ela é clichê, e é perfeita.",identidade
1436266,Quem tiver mulher bonita cuidado que eu levo embora.,comportamentos
1436670,Que a mulher moderna.,comportamentos
1436673,O homem maduro entrou em ação.,comportamentos
1436734,da menina gostosa que rebola.,aparencia
1436775,Tem mulher bonita.,aparencia
1436886,A minha namorada era legal.,comportamentos
1436888,Que ela é cara de pau.,identidade
1436921,Tô procurando essa menina sapeca.,identidade
1437002,Se me ver com mulher feia.,aparencia
1437516,Ela está sempre presente.,identidade
1437716,Se a moça linda procura paixão.,identidade
1437889,Ele é o bão só ele sabe de tudo.,habilidades
1437900,Mulher bonita quer ficar do seu lado.,identidade
1437963,Vem uma cerveja e elas tão loucas.,comportamentos
1438887,Era a garota mais feia da escola.,aparencia
1438910,Mas ela se tornou garota popular.,papel_social
1439269,"Aonde tá a galera, tem mulher boa eu vou pra lá.",aparencia
1439275,"Ó menina linda, vem cá, quero do teu beijo provar.",aparencia
1439683,Só que ela é frigideira.,identidade
1440054,Que ela tá livre como um passarinho.,valores
1440488,Sai fora garota não vivo de ilusão.,outros
1441672,De onde é que vem essa garota tão bonita?.,aparencia
1441816,"Lá só vai mulher bonita, lá é só felicidade,.",identidade
1441960,Eu tenho uma filha linda que se chama.,aparencia
1442596,"Ela é bruxa, mas é linda.",aparencia
1442856,Nem ela é santa.,identidade
1443099,Tudo que ela não gosta ela vai ficar maluca.,comportamentos
1443201,Essa mulher é louca por você.,comportamentos
1444101,Mulher bonita muita grana na parada.,identidade
1444108,Se me ver com mulher feia pode separar que é briga.,aparencia
1444359,Luciana é alegria.,identidade
1444380,Essas minas tão armadas.,comportamentos
1444466,Se os trem que ela faz é bão.,habilidades
1444486,Se os trem que ele faz é bão.,outros
1445282,Não sei se ela é pedra noventa.,outros
1446502,com uma mulher tão bela....,aparencia
1446617,Janaína era menina.,identidade
1447389,Maria era linha de frente.,papel_social
1447392,"Menina carente, veio do.",comportamentos
1447510,"Tudo pra ele é real, para o povo é só fetiche.",comportamentos
1448101,A filha é bacana.,
1449095,Pedra sol rei solar.,identidade
1449898,"AÍ ELE QUIS LOGO BRIGA , TU TINHA QUE TÁ LÁ PRA VER , USEI DE CARA CAPOEIRA ,DEPOIS DEI UM CATERETÊ , MANDEI-LHE UM VATAPÁ NA CARA E UM ACARAJÉ PRA REBATER , ENTÃO ELE CORREU PRO MATO.",comportamentos
1449911,São eles velhos malandros maneiros.,identidade
1449939,São eles velhos malandros maneiros....,comportamentos
1450279,Senhoras dona de casa.,identidade
1450371,Com essa cara de menino cínico.,aparencia
1451418,E ela é soberana.,identidade
1451433,Pois ela é pura prenda.,identidade
1451987,"Ele cheio de experiência, conhece a ciência de improvisar com inteligência muita competência, não perde a cadencia ele saber versar..",identidade
1452272,"Tião motorista tire, tire ê ê, mãe menininha e seus laôs.",outros
1452524,"Mulher melhor, mulher.",outros
1452532,Salve a mulher brasileira.,
1452607,"Vai um rapaz delicado, de olhar espichado, imagine pra quem.",aparencia
1453156,Se o amor no moço velho.,valores
1456059,Uma mulher brasileira.,identidade
1456069,Uma mulher cigana.,identidade
1456848,A tua mina é maneirona.,comportamentos
1457128,Os homens maus não tinham compaixão.,identidade
1457215,A nossa energia ela é muito maior.,identidade
1457250,Meu amor por ela é forte.,outros
1457365,Ela não larga mais.,habilidades
1457389,Ele não dá mole.,habilidades
1457404,Ele é o rei da pista.,identidade
1457406,Ele é fundamental.,identidade
1457407,Ele é solidário.,identidade
1457419,Minha mina é feia mas não tem problema.,aparencia
1457422,Eu sei que ela é feia mas eu dou valor.,aparencia
1457430,Caiu na teia de uma mina feia.,
1457618,Ele tá junto sempre firme.,comportamentos
1457644,A noite ela é uma estrela.,identidade
1457925,Joana é preciso compreender.,outros
1457928,Ela é difícil de se convencer.,comportamentos
1457929,Ela é igual a urubu.,identidade
1458124,Tem mãe preta na cozinha.,identidade
1458511,Ele é o rei do.,identidade
1461711,"Ela é campeã, um pedaço de maçã, um arraso no pedaço.",outros
1461721,Â“oh menina gostosa que passa cheirosa.,aparencia
1461754,Ela é bipolar.,identidade
1461922,Mademoiselle és capaz de me fazer sorrir.,outros
1462031,"Meia-noite ela jura eterno amor,.",comportamentos
1462189,Inteligente ela é muito sensual.,aparencia
1462400,Ela é selvagem.,identidade
1462519,Ela é amiga da minha mulher.,identidade
1462525,Se fosse mulher feia tava tudo certo.,aparencia
1463745,"Ela chegou bem famosa, toda venenosa pra me seduzir.",papel_social
1464757,Deixar ela maluca.,comportamentos
1465123,Tem homem muito velhaco.,identidade
1465991,"Mulher ingrata, mulher fingida.",identidade
1466478,Que homem é aquele artista.,identidade
1467928,Ela é a mulher da minha vida eu sou o seu fã.,identidade
1468036,Ela tá cismada que a mulherada tá dando no meu pé.,comportamentos
1468807,Ele é sensacional.,identidade
1470118,Ela é uma garota bem interessante.,comportamentos
1470531,"Ela não adimite, diz que eu to mentindo.",comportamentos
1470534,Ela ta enganada....,valores
1471224,Pra fazer amor gostoso e deixar o homem louco.,comportamentos
1471229,O homem fica maluco mas se tem o vucu-vucu.,comportamentos
1472079,"Mas ela vem, rebola minha musa cheirosa.",habilidades
1472298,Que ela tá afim de namorar.,papel_social
1473327,Já sei o que fazer com essa mulher bandida.,identidade
1473332,Vou levar ela prum motel mais caro da cidade.,outros
1473340,Mulher mercenária.,identidade
1473341,"Oh, mulher mercenária!.",identidade
1473346,Já sei o que fazer com essa mulher bandida....,comportamentos
1473347,Mulher mercenária....,identidade
1473739,Uma mulher bandida.,identidade
1475418,O locutor agita é só mulher bonita querendo beijar..,comportamentos
1475907,O menina linda vou deixar tudo rolar.,
1477267,Pra atender essas mulheres mal amadas.,identidade
1477477,"Mas, comigo ele foi covarde e malvado.",comportamentos
1478256,Ela estava acompanhada.,outros
1478260,"É Andrezinho é complicado, Mas como somos amigos.",papel_social
1478300,Se ele era irmão.,identidade
1478311,Às vezes ela é dengosa.,comportamentos
1479273,Uma namorada linda e verdadeira.,aparencia
1479762,Ela é uma tentação.,aparencia
1480548,tô amando de verdade uma mulher muito louca.,identidade
1481444,E ela chega firme.,comportamentos
1481446,"Ela é top, ela cai pra cima.",habilidades
1481450,"Gracinha, ela tá soltinha.",comportamentos
1481458,Essa mina é uma delicia.,identidade
1481473,Ela tá solta igual arroz.,identidade
1482939,eu sou o homem dela ela é minha mulher.,papel_social
1483493,"A garota mais bonita, também era a mais rica.",identidade
1483636,"Menina bonita, do centro da cidade.",aparencia
1483639,Convidar ela prum charme.,outros
1483649,"Que moça bonita, que moça bonita.",aparencia
1483662,"Moça bonita, brinco de ouro de princesa.",
1484079,Vou ser o homem mais feliz.,identidade
1484325,ela estava acompanhada com um cara que eu nunca vi.,identidade
1484350,(C) Ele era alto?.,identidade
1484362,(R) Como eu ia saber se ele era irmão?.,outros
1487647,Teu jeito de mulher fatal.,comportamentos
1487681,Minha namorada é nota dez.,habilidades
1487702,Ela negra negritude que fascina.,identidade
1487703,"Senhora menina, menina senhora me descontrolou.",identidade
1488723,Se ela fosse uma estrela.,identidade
1489124,Mas ele é tão gostoso.,aparencia
1489765,E toda menina baiana que eu via.,identidade
1489889,Ela tão empolgada.,comportamentos
1489917,É me cansei de curtir paixão/hojê eu sou o homem mais fiel.,outros
1490036,"Menina linda, coisa louca.",identidade
1490373,Menina é gostoso.,aparencia
1491460,Ela é prima de um amigo que eu trombei num rolê.,identidade
1491482,"E vai pensando que ela é fácil, rapaz.",identidade
1491932,Pois quando a gente ama eu sou o homem mais feliz.,valores
1493148,Ele lembrou como ela era magrinha e desajeitada.,outros
1493163,"Ele tinha 18, ela novinha 16.",identidade
1493199,Que a mulher mais linda do.,comportamentos
1493380,"Ela é linda, é uma delícia.",identidade
1493521,Ela é puro excesso.,aparencia
1494116,Ela é inteligente e sabe se cuidar.,identidade
1496069,Mãe pequena me conhece não sou de vacilação.,identidade
1496388,De homem forte virei um menino.,comportamentos
1496859,Essa mulher é minha ê ê.,identidade
1498368,"Ela é maravilhosa, tem um sorriso maroto.",aparencia
1499506,Quando o homem é camarada.,identidade
1499512,Todo homem aventureiro.,identidade
1499870,"A minha preta pensa que eu sou um santo e essa fama até que eu banco mas não sou nenhum guri, ela é a preta mais bonita da favela e no desfile da.",papel_social
1499923,"Fox, tiete era moça fanática,.",identidade
1499990,"Do cheiro do cravo, da rosa da moça formosa e de mais.",
1501966,Com esse teu jeito de mulher fatal.,identidade
1502343,É triste um garoto pobre.,identidade
1504098,"Não se condena, você fez tudo que podia pra fazer essa mina contente..",outros
1504233,Ele é meio atrevido.,comportamentos
1504824,Me contaram que a menina moça é donzela.,identidade
1505691,Vou lhe dar pudim gelatina chinesa o colo do rei momo pra ele sentar.,comportamentos
1505730,O carinho de pai e de mãe é verdade.,identidade
1506859,"E o pior de tudo, é que ele é meu amigo.",papel_social
1506897,"Ele fica meio tímido, confundi a amizade..",
1507654,ela é a namorada do meu melhor amigo..,identidade
1509154,"Menina linda, o seu lindo requebrado.",aparencia
1509605,"Ela é capaz de me encantar, caramba!.",habilidades
1509993,Mulher perversa como essa eu nunca vi.,outros
1510976,"Menina linda e tristonha, que não cansa de.",identidade
1510979,"Garota bela e fagueira, formosura sem igual,.",aparencia
1512439,Menina sapequinha mostra aí como é que faz.,outros
1512486,"A mina é top, desfilando é a mais bela.",outros
1512532,Ela é muito safada.,identidade
1512559,Ela também é bagaceira.,identidade
1512565,Agora ela é bagaceira.,aparencia
1512566,Mariazinha é uma menina tão danada.,identidade
1512864,"Sandreco ela só foi legal com você, ela tá.",comportamentos
1513026,Hoje ela é empresária.,
1513035,Ela é muito bacana.,identidade
1513486,"Ela é malandrona, uma tremenda ""171"".",identidade
1514087,"Minha musa inspiradora, minha fé, minha paixão.",aparencia
1514173,Dizem que a mulher é a parte fraca.,papel_social
1514176,O homem não tendo é bem capaz de roubar.,comportamentos
1514232,"Diz que sua mãe é crente, mais seu pai nunca fez jura.",identidade
1514911,Ela é tão cheia de graça.,identidade
1516166,"Tião não foi rei sozinho, O seu parceiro pardinho,.",papel_social
1516238,"Ela é muito importante,.",papel_social
1516263,"A rainha defensora,.",identidade
1516688,Sou menino brincalhão.,outros
1517116,homem menino menina mulher.,identidade
1517336,Inez já é morta.,outros
1517364,Era um homem muito forte.,identidade
1517372,Pra ele eram vagabundos.,aparencia
1517373,E as mulheres sem-vergonhas.,valores
1517681,Ela é vacilona deu bola na zona.,identidade
1517701,as nuances africanas que mantém vovó em pé é que ela traz como herança orixas do candomblé o seu santo de cabeça faz o bem sem ver a quem ajudando a quem mereça ajuda vovó também ela só não está contente com o preconceito racial ela só quer cozinhar com sua colher de pau.,identidade
1517711,Zeca foi sensacional.,habilidades
1518076,Menino inocente e sozinho.,identidade
1518114,Cangote de moça bonita.,identidade
1518592,Ela é tão linda me fez tão contente.,identidade
1519067,Menina moça quer casar de branco.,
1519069,Menina nova nunca perde tempo.,identidade
1519310,"Cantores e compositores, temos divas sensacionais.",identidade
1519422,"Pitbull é picanha, rotweiller é filé.",
1519699,Ele é reprodutor.,identidade
1519700,Ele é competidor.,identidade
1519708,Ele hoje é suvenir.,identidade
1519764,marido infiel vai levar rasteira.,valores
1521077,Ela é tão fascinante.,identidade
1521078,Ela é minha paixão.,papel_social
1521079,Ela é amada amante.,identidade
1522173,"É só beber, que ela fica animadinha.",comportamentos
1522174,"É só beber, que ela fica perigosa.",comportamentos
1522195,"Vai tequila, vai cerveja, essa mina não é mole não.",identidade
1522414,"Vote em mim para presidente ele pede, ele é insistente.",habilidades
1522429,"Todo povo ele iludi fria, não se toca, não renuncia.",identidade
1523609,"Ela é preta na cor,.",
1523800,mulher carinhosa é falsa.,identidade
1523804,ela preta da cor mas é loira do cabelo.,aparencia
1524352,Na mina quente do aço.,identidade
1524883,Mulher bonita um samba lá no fundo de quintal.,aparencia
1524933,Minha namorada não é mole não.,identidade
1525215,Se veste toda sensual tipo mulher fatal.,identidade
1525486,A mina iludida acha que ele é herói.,identidade
1525984,Mas ela é sexy é sexy sexy.,aparencia
1525985,Mas ela é sexy comigo mexe assim.,comportamentos
1525998,Ela é sexy quando passa as mãos nos cabelos.,identidade
1526001,Ela é sexy quando faz amor.,aparencia
1526555,ela é muito gatinha ai meu.,aparencia
1527150,Mina gostosa sabe como é né.,aparencia
1527598,"Eu to querendo me dar bem no seu espaço mas a fila é grande é grande pra danado.Ela estasiou todo o salão todos de boca aberta de olho no popozão, ela é preferencia nacional, de ponta a ponta não tem nada igual..",aparencia
1527599,"Quando ela dança da um show a parte, ela é mais gostosa do que barra de chocolate, agora vem vai pega no joelinho põe a mão na boca e rebola de mansinho..",aparencia
1528450,menina baiana que desce a ladeira.,identidade
1528600,"Amante amigo, teu sol, meu abrigo.",
1529067,Mulher brasileira eu quero você pra mim.,identidade
1529075,É conseguir bota uma mulher brasileira na minha vida.,identidade
1529081,"Mulher brasileira você me faz muito, muito, muito bem.",identidade
1529084,"Mulher brasileia, és a melhor do universo.",identidade
1529091,"Eu quero mulher, quero mulher brasileira.",identidade
1529600,Uma garota tão bonita é um alvo excitante.,aparencia
1529608,Ela é uma garota espetacular.,identidade
1529963,Que uma delas é um homem irresponsável.,papel_social
1530145,Fica com ela não acho certo.,comportamentos
1531331,Ele é amigo companheiro.,identidade
1531799,Dia e noite noite e dia eu e ela pura harmonia !.,outros
1531877,Minha princesa rainha.,
1532983,Ele está doente.,comportamentos
1534097,"Ela é uma gatinha moreninha e sensual, é o meu prazer.",aparencia
1534657,Minha eterna namorada dona do meu coração.,comportamentos
1535055,"Quis ser diferente, só que não rolou.",valores
1535361,"Seios de uma deusa grega, sensual.",identidade
1535481,Quis ser diferente só que não rolou.,comportamentos
1535705,"""Tá"" cheio de mulher bonita.",aparencia
1535863,Hoje em dia ela é madame chique contando.,identidade
1536096,Não importa se é gorda ou se ela é magrinha.,aparencia
1536678,Que as mina são chapa quente.,
1536842,Essa mina é feiticeira não tá fe brincadeira.,identidade
1536844,Essa mina é feiticeira não tá de bobeira.,
1536960,Se ela for sapatão.,identidade
1537070,Rio de janeiro tem carnaval tem mulher bonita e futebol.,aparencia
1537407,Não é a toa que eles fala: - as mina é foda.,identidade
1537513,Aquelas menina interesseira.,identidade
1537988,Mulheres muito atraentes.,identidade
1538233,Ela é top de luxo.,aparencia
1538243,"Ela é perigosa, mulher do patrão.",comportamentos
1538365,"Agora estou assim, virei um rapaz maroto.",comportamentos
1538415,Ela ficou feliz.,identidade
1539111,Nosso sangue é derramado pra eles é só ibope to.,papel_social
1539548,"Nosso sangue é derramado, pra eles é só ibope,.",outros
1539557,Acelerando a hornet elas ficam bem doidinha.,habilidades
1539559,Garota safadinha quer curtir não namora.,identidade
1539729,ai que homem gostoso.,aparencia
1539730,vem que homem gostoso.,
1540275,Chuck 22 ele é um caçacheiro.,identidade
1540540,"Bagdá, vou mandar um papo reto, não to de sacanagem, um monte de homem bomba no.",identidade
1540645,Aquele mundo de gostosa eu só tinha mulher boa.,aparencia
1541576,As menina fica louca.,comportamentos
1541743,Oh os menino aqui é bruxo e bota a chapa pra esquentar.,identidade
1541752,Oi os menino aqui é zika e o jogo é objetivo.,comportamentos
1541951,Bruninho tá ligado e sempre me acompanhou sua.,outros
1542063,OOh menina louca.,identidade
1542072,Menina louca.,comportamentos
1542220,Eric está bolado está vindo de.,comportamentos
1542249,Daniel tá resgatado e os detento deu nu pé.,
1542674,Ela fica loucona e senta.,identidade
1542870,Essa mina é diferente eu não posso perder não.,identidade
1542923,Tudo lembra você minha garota linda.,aparencia
1543161,Jesus sou conduzido.,outros
1543251,Ela fica louca beijando na boca.,comportamentos
1543466,Sou garota melancia.,identidade
1543510,Muito menos de homem duro.,identidade
1543517,Homem bobo eu esculacho.,identidade
1543529,"Mulher boa, todo homem gosta,.",identidade
1543530,"Mulher boa, todo homem baba,.",outros
1543606,"Que homem maluco, ciumento.",identidade
1544000,"Ela dá pra nóis que nois é patrão, ela dá pra nóis que nois é patrão.",comportamentos
1544003,Ela dá pra nóis que nois é patrão.,comportamentos
1544006,"Ela dá pra nóis que nois é patrão, oi, ela dá pra nóis que nois é patrão.",identidade
1544011,"Quando a gente ama não vemos defeito, ela é a dona do meu cora....",identidade
1544034,"ta que ta que ta que ta ela tá ela tá doidinha pra an, doidinha pra ui, doidinha pra hum.",comportamentos
1544048,Minha cama é king-box ela não é muito pequena o bagulho é louco mais a brincadeira.,outros
1544528,"Tu é uma mina braba, faz de tudo e não reclama.",identidade
1544539,"Mina fiquei intrigado, e não desvendei a trama.",outros
1544861,"Ela é louca, se transforma.",identidade
1544890,Ela é louca se transforma.,identidade
1545050,O Senhor é meu pastor e nada me faltará.,valores
1545148,Ela mexe bem louca.,
1545484,Homem tão bom.,valores
1545491,Meu pai um homem tão bom.,identidade
1545499,Ele foi preso de cabeça baixa.,comportamentos
1545536,Deus usando mais um homem mano eu vou te falar.,identidade
1545562,Não esqueci do amor dos meus pais mas a senhora é minha riqueza...,identidade
1545815,Ela é mercenária.,identidade
1545912,Pois eu sei que o senhor é fiel.,valores
1546365,mulheres sedutoras gostosas com expressão.,identidade
1546564,"Só tem menina bonita, gostosa e de mente aberta.",identidade
1546581,Ai ela ficou nervosa.,comportamentos
1546618,Zé tava duro e andava de trem..,comportamentos
1546654,"Ela é top rapaz, empina a bunda pra trás.",comportamentos
1546981,aí eu gostei ela mamo diferente.,comportamentos
1547006,"Ela dá pra nois que nois é patrão,.",comportamentos
1547007,"ela dá pra nois que nois é patrão,.",comportamentos
1547017,ela dá pra nois que nois é patrão...,identidade
1547205,"Eoeoeoeoeoeoeoeo não estou iskulachano as muié, maismaismais.",comportamentos
1547412,"Depois da mulher filé a mulher goiaba,.",identidade
1547415,"Mulher cereja, mulher jaca...",aparencia
1547976,"Ela é inteligente, ela é chapa quente, ela estoura os cofres.",identidade
1548076,"Ela tá louca, louca, louca,.",
1548081,"Ela tá louca e eu também enlouqueci,.",identidade
1548088,"Porque ela é zica, porque ela é bela..",identidade
1548094,"Ela tá louca de whisky e energético, e aí fica frenético,.",comportamentos
1548108,"Ela é louca, louca consciente,.",identidade
1548111,"Ela tá louca, louca, louca.",comportamentos
1548172,Léo está trancado.,comportamentos
1548239,Ela é cheia do poder.,identidade
1548823,"Whisky energético, quanta mulher boa.",habilidades
1548832,Ela é profissional amigo.,papel_social
1549031,"agora sou um rapaz sério, muito sério.",valores
1550319,"com a mulher mais linda, quente ,claro é você !.",aparencia
1550405,desce ela sobe geral passa mal.,aparencia
1550707,"O ""blá-blá-blá"" do homem mau querendo pegar geral.",identidade
1550769,Menina mais linda eu sei que não tem.,
1551227,De nossa senhora iemanjá.,identidade
1551861,Laurant sou preto perfumado.,identidade
1551979,Ela é pura explosão.,identidade
1551981,essa mina é chapa quente.,identidade
1552250,Que eu sou uma mulher foguenta.,comportamentos
1552255,Eu sou uma mulher gostosa.,aparencia
1552256,Eu sou uma mulher foguenta.,identidade
1552417,Sonhei que a mulher gato me arranhava a todo instante.,outros
1552900,"Chego a mulher melão,.",identidade
1552910,"Ela já foi consagrada,.",comportamentos
1553214,Com a mulher mais linda que de cara é você.,identidade
1553722,"Se a banca tá formada, ela nunca tá sozinha (x2).",comportamentos
1553924,"Essas mina é baladeira, elas dançam a noite inteira.",identidade
1553927,"Olha pro lado, se liga moleque, que mina gostosa ""tum"".",identidade
1553928,"Olha pro lado, dj marcelinho, que mina gostosa ""tum"".",identidade
1553930,"Olha pro lado, se liga moleque, que mina gostosa.",aparencia
1554713,Se tem mulher solteira por favor levanta a mão..,comportamentos
1554720,"Tem jogo do meu time ele vai ser campeão,.",outros
1554749,Byano é foda.,identidade
1554832,Ele fica parado.,comportamentos
1555324,"As mulher são nacional, mas a bebida é importada.",identidade
1555336,"Várias mulher gostosa, muito dinheiro e poder..",aparencia
1555747,Ele é parceiro antigo.,identidade
1556853,Treva a mais negra sobre homens tristes.,comportamentos
1557033,"Ela senta, ela quica, não pode parar.",outros
1557061,"Que senta ela quica, não pode parar.",identidade
1557114,"Ela dança, ela quica, não pode parar.",comportamentos
1558955,Ela mesma se cuida.,identidade
1560144,Do que ela é capaz.,habilidades
1560145,Ela é cheia de malícia.,comportamentos
1560523,Mas ele certo fingia que não notava.,comportamentos
1560555,Dadá é linda e uma beleza de garota.,aparencia
1562177,"Ah, meu garoto querido.",aparencia
1562196,E minha esposa querida.,identidade
1562246,Várias mulheres lindas rebolando até o chão.,
1562661,O rei tá bolado.,comportamentos
1563213,"A musa mais bonita,linda noiva no veu..",identidade
1563277,Ela tá doidona ahn.,comportamentos
1563278,Ela tá doidona e não disfarça.,identidade
1563299,Ela desce gostoso.,outros
1563343,Ela tá loucona ahn.,comportamentos
1563543,Atualidade das princesas diferente da.,papel_social
1563740,Olha a mina louca tá dançando.,identidade
1563745,A mina louca tá dançando.,identidade
1564001,"Ela é gata, delicia de fazer pirar.",aparencia
1564010,Onde ela passa faz geral babar.,aparencia
1564015,Ela é tão vaidosa.,identidade
1564018,Menina mulher.,identidade
1564020,Ela é muito atrevida.,
1564389,"Delícia, menina perfeita.",identidade
1564491,"Eu fico ""very crazy"", quase que passando mal, só tem mulher gostosa no país do carnaval!.",identidade
1564691,"Adoro provocar, fingir que to na tua, mulher fatal, menina indefesa, objeto sexual, aha coitados ..",identidade
1564845,Essa mina é louca.,comportamentos
1565033,Toda mulher sexy (Ai...).,aparencia
1565659,Esse é o funck de uma mulher sofredora.,identidade
1566231,"essa mina é safada se liga o que eu tô dizendo,.",identidade
1566237,Pra toda mulher solteira.,identidade
1566243,Se tiver mulher solteira.,identidade
1566246,Se tiver mulher tarada.,identidade
1566297,ela tá cansada de dar o cu.,
1566421,"Ai cheguei na hora h, deixei ela maluquinha.",comportamentos
1566470,Dançando tá sem limite que menina perigosa.,
1566508,Isso é um absurdo o juíz vai apitar ele não pode ser expulso..,papel_social
1566509,Gosto quando ele faz gool.,identidade
1566657,Eu não posso mais sair na rua que ele fica cheio de.,outros
1566819,Aqui só tem mulher bandida.,identidade
1566847,A mulher quando é certinha nunca é valorizada.,identidade
1566880,Mulheres fiquei rico.,identidade
1567507,"pra todas as mulheres solteiras aí,.",identidade
1567518,"Pra todas as mulheres solteiras aí,.",identidade
1567527,"Elas são braba, essas mina esculacha.",comportamentos
1567550,"elas ficou cheia de marra,.",identidade
1567664,Ela quica e trava.,outros
1569109,Algumas moças rezadeiras que vieram.,outros
1570082,Um rapaz muito diferente.,identidade
1570095,Lessa era goleiro do.,identidade
1570126,Reparei que o rapaz era muito inteligente.,identidade
1570313,Esse homem medicante.,outros
1571049,"Que ela é minha vida, a musa dos meus sonhos.",comportamentos
1571082,"Bem, não vai deixar a sua mãe aflita,.",habilidades
1571091,"E veja como sofre um homem infeliz,.",comportamentos
1571910,"Pois ele é rei, rei, rei.",identidade
1572228,Na voz de uma mulher sagrada.,identidade
1572585,Ele é um tuareg.,identidade
1572593,Pois ele é sentimental.,identidade
1572844,Chega mais perto moço bonito.,aparencia
1573198,Eu sou um rapaz considerado simpático.,identidade
1573476,Ela é médica.,identidade
1573888,Ou apenas senhores feudais.,identidade
1573924,No seu peito de homem direito.,identidade
1574527,Se oferece a olho a boca à mão.,outros
1575505,"etá, etá tá rá tá tá.",outros
1575669,Quem sabe se ela é donzela.,identidade
1575815,ELA VEM TODA DE BRANCO.,aparencia
1575820,"ELA VEM TODA DE BRANCO,MEIGA E MUITO TÍMIDA.",identidade
1576682,E todos eles ficaram cheios de espírito santo e principiaram a falar em línguas diferentes..,identidade
1576887,Ele ficou bom.,comportamentos
1577642,Os homens são mortais.,valores
1577909,E se ele não vem ligeiro.,outros
1578243,minha mãe menininha.,identidade
1578618,Mãe falou ruim pra diabo.,
1578871,Ele mesmo quis.,comportamentos
1578873,Ele mesmo matou.,comportamentos
1579338,Pena que ela ache tão estranha minha maneira de ser.,comportamentos
1579344,Mas tudo é só porque ela está sozinha.,identidade
1580412,Bom rapaz direitinho.,identidade
1580592,Quatro homens dependentes e carentes.,comportamentos
1580951,"Que ele não seja branco, não tenha cultura.",identidade
1581338,"Deus, a mãe é a voz.",valores
1581437,Eu sou um homem tão sozinho.,identidade
1581467,Ela é a lua.,identidade
1581615,"De nada importar, se para o homem mortal.",valores
1582257,Via com seus olhos de menino esperto.,identidade
1582999,ele não está sozinho não.,identidade
1583469,A menina muito contente.,identidade
1584803,Sou um homem tão comun.,identidade
1585521,Sei que o senhor é pago pra suspeitar.,papel_social
1585677,Menina direita.,valores
1585678,Menina suspeita.,identidade
1585680,Menina barata.,identidade
1585988,Essa é pra moça dengosa.,identidade
1586049,Todas elas detentoras.,papel_social
1586198,Ele vive calmo.,comportamentos
1586228,"Musa única, mulher.",identidade
1587455,Sofisticada dama infeliz.,aparencia
1587828,Velhas senhoras mineiras.,identidade
1587905,Tomara que o amor te estrague.,identidade
1588799,Eu canto aos homens sós.,comportamentos
1588812,lembranças de esposas sombrias.,
1592081,Esse negócio da mãe preta ser leiteira.,papel_social
1592087,Do menino infeliz não se nos ilumina.,identidade
1592603,Nem ligar pro rei guerreiro.,outros
1592608,Porque o povo é o rei primeiro.,papel_social
1592618,Mas o que o mal do rei é o bem.,identidade
1592624,E era a voz do rei guerreiro.,identidade
1592988,Vi toda beleza e ela andava nua..,aparencia
1593011,os reis magros do carnaval.,identidade
1593181,Um menino diferente.,identidade
1594440,"Não tenha medo, meu menino povo.",papel_social
1594630,Aquele moço fulano de tal.,identidade
1595538,É uma deusa louca.,identidade
1596525,"sua mãe é ranheta, seu pai é careta.",identidade
1596526,e você é uma garota certa.,
1597053,O homem predador não pensa no que faz.,identidade
1597403,um homem benevolente e bendito.,identidade
1598509,Do menino infeliz se nos ilumina.,identidade
1598617,Dorival é ím-par.,identidade
1598619,Dorival é par.,identidade
1598623,Dorival é mar.,identidade
1598635,Dorival é bom.,identidade
1598641,Dorival vai can-tar.,outros
1598688,Dorival é limão.,identidade
1598692,Dorival é pai.,identidade
1598723,Dorival é ín-dio.,papel_social
1599165,Diabliu de menino internetinho.,identidade
1599481,Corpo eterno e nobre de um rei nagô.,aparencia
1600747,"Ela é perfeita, é perfeita, meu bem.",identidade
1600755,Dessa mulher tão irritante.,comportamentos
1600792,Ela é poderosa!.,identidade
1601353,Aquele homem groover.,identidade
1601782,"Neo-asiática, ela é supralusitana.",identidade
1601861,Aurora agora é bela.,aparencia
1602259,Joana é mulher.,identidade
1602665,Coisa pra ele bonita e comum.,outros
1603753,Mamãe falou que eu era um menino muito feliz.,papel_social
1604949,"Moça bonita, seu corpo cheira.",aparencia
1604956,"Moça bonita, seu olho brilha.",aparencia
1604963,"Moça bonita, seu beijo pode.",identidade
1605314,é bem maior do que poemas.,identidade
1605346,"E toda paixão recomeça ela é bonita, é demais.",aparencia
1605349,Eu digo e ela não acredita ela é bonita demais.,aparencia
1605350,"Eu digo e ela não acredita ela é bonita, é bonita.",identidade
1606172,Aruera é pau pesado.,identidade
1606734,Tem pilares sólidos..,outros
1606763,"Que os homens sisudos,.",comportamentos
1607447,tudo para ela é muito especial.,valores
1607449,Ela é muito especial.,aparencia
1608107,onde as mulheres são lindas e tardam a envelhecer.,aparencia
1609690,Thereza é presa da fome!.,identidade
1609741,O que beleza também é a cor da mulher brasileira.,aparencia
1609894,E por isso ele hoje é ex-amor.,papel_social
1610694,Que elas foram tão felizes para sempre.,valores
1610950,"Tenha paciência, Deus está contigo.",identidade
1610971,E quando a mulher desequilibra.,identidade
1610982,Quando a mulher desequilibra.,comportamentos
1611975,Que esta menina hoje é uma mulher.,identidade
1611976,E que esta mulher é uma menina.,identidade
1612126,"Labutar é preciso, ô mãe.",comportamentos
1612134,"No ""ponto"" e volto pra casa com ele cansado com.",identidade
1612138,Labutar é preciso.,outros
1612474,Suas mulheres guerreiras fazem a vida lá longe do coração da cidade.,comportamentos
1612635,Por ser homem bem disciplinado.,habilidades
1612968,ela é louca.,comportamentos
1613960,Essa menina biônica.,identidade
1614663,o menino brilhante e precoce que eles viam em mim.,valores
1614880,Ela é a garota.,identidade
1615104,"Ela fica piradinha, dinha, dinha, dinha, dinha.",comportamentos
1615882,"Luau, mina bonita, social na costa do farol.",identidade
1616048,e as revistas de mulheres nuas.,aparencia
1616160,Quando trombo com a mina mais linda da madrugada.,identidade
1617740,"hoje é mulher bonita, whisky e cerveja.",identidade
1617916,Ela é muito louca muito louca bem legar.,comportamentos
1618690,Mas eles mesmos não fazem por onde.,comportamentos
1618818,Ah garota esperta.,identidade
1618830,Garota esperta safada.,identidade
1619272,Mãe preciso te dizer.,comportamentos
1619413,"Pode crê, Batuque é dom!.",habilidades
1619684,Pra ele ficar inteirinho.,identidade
1620503,Ela é muito linda.,identidade
1620673,Quando ela passa sorridente na avenida.,aparencia
1621052,Quem quiser mapa da mina descambe pra.,outros
1622656,Hermeto já era livre.,outros
1622930,Perdão foi feito pra gente pedir.,valores
1623038,Mestiço não é mulato.,
1623446,Mas de meninos sonhadores em serem jogadores.,valores
1623570,"Menina tão linda, que traz sempre um sorriso.",identidade
1624118,"Ninguém sabe se ele é branco,.",identidade
1626166,Ele sempre foi menino.,identidade
1626472,Agora ele é um pássaro sonhador.,identidade
1627165,Do sol o pôr que ele mesmo quis.,outros
1627166,Pôr que ele mesmo matou.,outros
1627565,Mas ele derruba tudo o que ele mesmo constrói.,identidade
1627566,Ele fica perdido no dia a dia.,comportamentos
1627702,Ela é tão interessante e eu aqui pichando muro.,identidade
1627704,Ela é tão diferente.,identidade
1627735,Pra essa menina linda vou escrever um som.,identidade
1627737,"Ela continua linda, ela continua bela!.",aparencia
1627761,ela é a menina mais incrível desse mundo!.,identidade
1627818,Ela só pode estar afim.,comportamentos
1627899,Homens criminal mentes criminal.,identidade
1628067,homens criminal mentes criminal.,identidade
1628262,"Ela é gata, eu vou.",aparencia
1628263,Mulher bonita e vagabundo sempre combinou.,identidade
1628454,"O MANO FOI EMBORA ELE SUMIU MANDOU SUA FAMILIA PRA PUTA QUE PARIU, FALOU MUITA BESTEIRA FOLGOU FOI ABUSADO E EU ESTOU LIGADO QUE ELE ESTAVA DROGADO, AGIU DE FORMA ERRADA AGIU DE FORMA BRUTA XINGOU ATE A MAE, E DAÍ O FILHA DA PUTA FUGIU DA ÁREA NEM PAGOU O MEU DINHEIRO TOMA VERGONHA NESTA CARA CALOTEIRO TA QUENTE QUE ABAFA QUE ESTA FAMOSO SEU SONHO E SER DOUTOR OU SENAO UM MAFIOSO COM CARRO,DINHEIRO,REVOLVER,MULHER E PO SEM MISERIA SENDO O MANO OUTRO DIA FOI PRO SACO ELE ACHOU ENGRAÇADO ELE TIROU UM BARATO ELE RI ELE TIRA TODO MUNDO DE CUSAO FALOU VACILAO ELE PASSOU AQUI NA AREA OUTRO DIA VEJA EM UM ESCORTE CONVERSIVEL PRATEADO COM UMA VAGABUNDA DO LADO A MINA ME TIRANDO O OLHO FEIO SORRIU MANDA ESTA VACA PRA PUTA QUE PARIU.",valores
1628479,Brown não deve ser consumido por pessoas simpáticas.,identidade
1628663,"Menina linda eu quero morar na sua rua,.",aparencia
1629146,"Estúpido ele fica, assim ela é linda,.",identidade
1629147,"ela vem, ela abala, ela é má!.",identidade
1629394,"Pimp eu sou, ela é gata, eu vou.",aparencia
1630438,Além de tudo tem mulheres muito lindas.,identidade
1631036,Um namorado muito louco.,comportamentos
1631246,Que ele é louco e vagabundo.,
1631828,"Dos filhos deste solo és mãe gentil,.",identidade
1633305,Ela estava ali sozinha querendo atenção.,comportamentos
1633566,Dizem que ele é bom.,valores
1633738,"Mas, dizem que eles disseram bem melhor.",habilidades
1636413,"ilumina mina escura e funda,.",aparencia
1636428,"ilumina a mina escura e funda,.",identidade
1636609,Onde as pessoas pudessem escrever o quanto elas são felizes ou não.,
1636715,Ela é pra ele tão perfeita.,identidade
1636734,Ele é um peixe suicida.,identidade
1636959,Sou homem maduro mas na sua frente.,comportamentos
1637270,Puta mulher bacana.,identidade
1637281,Ela é resolvida.,identidade
1638458,Ele é meu lado de dentro.,identidade
1638994,Convences as mulheres convences.,outros
1639196,"Ela é mais do que eu possa dizer, ela é a menina mais.",identidade
1639440,Hoje eu sou um homem mais justo.,identidade
1639443,Hoje eu sou um homem mais justo e.,identidade
1639936,O homem imoral trabalha o mês inteiro e revoltado.,habilidades
1640312,"Menininha da família, pai promíscuo e mãe otária se apaixona pelo mundo que.",identidade
1640320,Mas ela é forte e sincera.,habilidades
1640920,"Vem que eu te quero também, menina linda.",comportamentos
1640923,"Vem que eu te quero também, menina linda, vem.",identidade
1640993,"Chorão não é fraco não, pesa várias toneladas.",identidade
1643016,Ela é uma pessoa.,identidade
1643038,Ela é uma rainha.,identidade
1644706,Que elas mesmas escolheram.,comportamentos
1644911,Eu sei se uma mulher não é sincera.,identidade
1645728,"ninguém sabe se ele é branco, é mulato ou negro.",identidade
1645813,De manhã ela mesma traz o lanche.,outros
1647144,"Pra essa menina linda, eu vou fazer um som.",
1647157,Ela é a menina mais special desse mundo.,identidade
1647267,"Nós somos tudo maloqueiro, eles são tudo cuzão.",identidade
1647440,Ele está mais bonito e afiou o seu novo tridente.,aparencia
1649154,Eu quero a garota mais linda do bar.,aparencia
1650918,Menino caramanchão.,aparencia
1650919,Menino fui sapateiro.,identidade
1650921,Menino fui cangaceiro.,identidade
1651246,Pois as mulheres são tão iguais.,identidade
1651762,Moça branca como a neve.,identidade
1651766,Menina branca de neve.,identidade
1651798,Ele é mesmo veiaco.,comportamentos
1651799,Ele é o rei dos veneno.,papel_social
1651900,Martelo de homem simples só pega.,outros
1653530,Esses moços pobres moços.,outros
1653634,A princesa mais bonita.,aparencia
1653802,"Nós somos assim, ela é parte de mim, meu motivo maior pra voltar.",identidade
1654945,Se ele foi tão ruim.,outros
1654948,Ele foi capaz.,habilidades
1656096,Pensam que a pobreza é lixo e que rapaz pobre.,identidade
1656487,por ser homem bem disciplinado.,
1656879,Inês já é morta do lado de cá.,identidade
1657800,sou um homem feliz.,identidade
1657817,um homem feliz.,identidade
1657973,Que ilumina os meninos risonhos.,identidade
1657999,Doce ilusão moça bela.,identidade
1658164,E ele neco de se apaixonar.,comportamentos
1661162,"Ela é bonita, é demais.",aparencia
1661168,"Ela é bonita, demais.",identidade
1661170,"Ela é bonita, é bonita.",aparencia
1661187,"Ela é bonita, é bonita, demais.",identidade
1661232,"Só o senhor tá disconforme, então vai ser logo encanado.",outros
1661748,que ela vai ser sempre apaixonada..,comportamentos
1662151,"Teu marido é bom, muié.",
1662230,Mulher gato.,
1662355,De manha eu durmo e ela limpa a casa correndo.,outros
1662517,"e não para não, Que mulher furacão.",identidade
1662591,Ela é a mãe dos seres vivos.,identidade
1662979,É um menino nú.,aparencia
1663372,E Inês é morta sem cor.,aparencia
1663767,A mulher homem bacante.,identidade
1663814,É você menina mais linda.,aparencia
1663837,Ela é tão inteligente.,identidade
1663843,Que ela é aquela menina.,comportamentos
1663852,Ela é incrível em tudo que faz.,habilidades
1664479,[Clarice é interrompida].,outros
1665115,"Moto loca, lota o carro, entope só de mina top.",aparencia
1666030,"""Cuide bem dessa rosa, trate ela melhor do que tratou a mim"".",outros
1666528,Por ser uma menina má.,identidade
1666836,"Menina ousada, menina abusada.",identidade
1666922,Ela é dengosa e sabe o jeito.,identidade
1666928,Ela é mulher da vida.,valores
1666997,Eles estão despreocupados.,
1667894,Ele não saber ser mais viril.,outros
1668406,Pois não há ponto virgem nessa garota virgem.,identidade
1668734,Ela é formada em contabilidade.,identidade
1668756,"Ela é linda e cruel, é viciante.",identidade
1669336,"""Ele é um homem e entende tudo""....",identidade
1669917,Ele é mais leve que o ar.,identidade
1670030,Ela já esteve nua.,
1670497,Os meninos satisfeitos.,identidade
1670895,Mina linda eu quero morar na sua rua.,aparencia
1671571,Você nem imagina do que ele é capaz.,identidade
1671744,É bem fácil pois ele é mais fraco.,aparencia
1671840,"Demorou, mas finalmente ela voltou cansada.",comportamentos
1671918,"E da porta ele gritou orgulhoso,.",comportamentos
1672027,Eles fizeram pior.,outros
1672500,E bem mais facíl pois ele é mais fraco.,
1672569,"E Adão até foi expulso, pois quis desobedecer.",valores
1672841,Com os reis magos que ela mesma fez.,
1673080,Quem acha que eles andam preocupados com você.,comportamentos
1674200,Ele é muito mais familiar do que eu gostaria de admitir.,identidade
1674331,Já falei: Essa garota é maluca.,comportamentos
1674341,Já falei: Essa que essa garota é lesada.,identidade
1675134,Se fez de sobremesa pra esposa japonesa.,identidade
1675165,ele era independente.,identidade
1675169,ele era diferente.,identidade
1675298,E acha os homens chatos.,identidade
1676289,"""Miguel era um ladrão de banco, ele andava injuriado.",identidade
1676305,E com uma bala na barriga ele foi trancafiado.,comportamentos
1676580,"""Homem forte todos diziam, o seu poder todos sabiam.",outros
1676581,"Ele não é vulnerável, nada pode lhe machucar.",comportamentos
1676582,"Homem forte, homem forte, homem forte.",identidade
1676592,"Homem forte, homem forte, homem forte"".",aparencia
1676826,Ser como eles banais.,identidade
1677155,Pra ser um homem feliz.,identidade
1677195,"O garoto morreu, ele foi massacrado, a camisa que ele usava era do time errado.",comportamentos
1677224,E as garotas são iguais.,identidade
1677614,Ela foi tão gentil.,comportamentos
1677808,"Garotas bonitas,fugas espetaculares.",aparencia
1677810,"Garotas bonitas,amores impossiveis.",aparencia
1677852,"Que ele é feito, que ele é feito para se machucar.",identidade
1678049,"Judy é uma garota punk, Suzy gosta de metal.",identidade
1678106,Não é que ela fosse pobre.,identidade
1678125,Até aqui ela era tida como louca por conversar com planetas.,comportamentos
1678273,Ainda faz dela uma garota forte.,identidade
1679640,E um homem solitário no cais.,identidade
1679740,Minh’alma me tornava um homem rico.,
1679901,Garotas sinceras de sorriso bem pequeno.,aparencia
1680016,"Ela é loira, galega, é infame.",identidade
1680315,"Me abraça qual filha pequena,.",identidade
1680385,"Ela é branca como a neve, paraíso andino.",aparencia
1680624,Numa outra encarnação ela era a deusa da verdade.,identidade
1680630,Essa mulher é uma fogueta.,
1680635,Essa garota é uma fogueta e aconteça o que aconteça.,identidade
1680637,Essa garota é uma fogueta.,comportamentos
1680909,Ela é a garota mais bonita do colégio.,aparencia
1680937,garota espetacular..,identidade
1681016,Ela estava debruçada sobre a mesa de sinuca.,comportamentos
1682298,Será que ele está perdido.,
1682317,Será que ele não está errado.,comportamentos
1682395,Me abraça qual filha pequena.,identidade
1682466,Daquela garota tão cheia de solidão que era há anos atrás.,identidade
1682686,Ás vezes vejo o homem velho.,
1682705,Às vezes vejo o homem velho.,aparencia
1682785,E ela é ignorada.,outros
1682911,Porém ele era o cantor de jazz.,identidade
1682917,Pois ele era o cantor de jazz.,habilidades
1683448,Tão miserável como um homem rico.,papel_social
1683462,"A mim bastava o teu calor, só isso eu seria um homem rico mesmo sem grana”.",identidade
1683803,"Era aquela, toda tarde ele ia ver tão bela.",aparencia
1683874,Rainha falsa sem rei.,identidade
1683916,A mãe da minha garota é uma tentação.,identidade
1687167,João não é brinquedo.,identidade
1687258,Ele é o mito desse sertão.,identidade
1688604,Foi quando conheci uma garota especial.,identidade
1688614,Não continuo com a garota especial.,identidade
1688885,"Eu já cansei de zóio gordo, talarico e mina zica.",outros
1689444,Zumbi é santo sim que eu sei.,valores
1689604,Mulher boa é todo dia.,identidade
1691619,E diziam que aos 8 ele iria ser cantor.,habilidades
1691631,Ou ele foi egoísta?.,comportamentos
1692144,Ela anda calada.,comportamentos
1692269,"disponha, ele é tão descompensado.",identidade
1693544,"Mara, ô mulher maravilhosa.",identidade
1697400,Que mina loka.,
1698621,Garota excitante vem ser minha amante.,identidade
1699162,"Ele é fazendeiro, eu não quero dinheiro.",identidade
1699739,Menina linda eu vou te levar.,aparencia
1700517,Perdão foi feito pra se pedir.,valores
1702455,Hoje sou mulher não sou mais menina (2x).,identidade
1702554,Sei que essa ariranha gosta de homem casado.,comportamentos
1702573,Eu sei que essa ariranha gosta de homem casado.,identidade
1702796,Menina tão louca eu quero te beijar.,identidade
1702991,Mexendo ela não é brincadeira.,identidade
1703547,Mulher bonita o ano inteiro.,aparencia
1703571,Ela sorridente e eu quase louco.,identidade
1703602,Tem sempre homens diferentes.,identidade
1704105,Só ela mesma.,
1705199,Abraçar moça bonita.,aparencia
1705211,As garotas carinhosas.,comportamentos
1705737,Ela é triste de mais e lembra você.,identidade
1705953,Que menina elegante.,aparencia
1706600,Que é sempre o marido quando vem sendo traído.,outros
1706764,Me fazendo com que eu sinta o homem mais feliz do mundo isso é real pra mim.,identidade
1707047,Mas o homem preguiçoso só sabe ficar na cama.,identidade
1707216,"Veja que felicidade, a mulher já tá gordinha.",aparencia
1707770,O homem era valente.,identidade
1707994,A família dessa moça é uma gente cretina.,identidade
1708062,Fiquei um moço ladino..,identidade
1708092,Eu sou um moço ladino.,identidade
1708321,Eu sempre fui um rapaz decente.,identidade
1708362,a garota era muito bacana.,identidade
1708470,Tem uma mulher bonita.,aparencia
1708525,Mas meu argumento ele é tão pequeno.,identidade
1708630,a mulher quando é mal criada.,comportamentos
1709191,Ele é capaz de mover montanhas.,identidade
1709628,"Minha musa inspiradora, minha miss.",aparencia
1709718,Sou um homem infeliz.,identidade
1710093,Certa fez me perguntaram porque sou um homem triste.,comportamentos
1710181,Apesar de homem rude.,identidade
1710554,No jogo desta vida mulher é loteria.,identidade
1710854,Muitas mulheres bonitas de distantes paradeiros.,aparencia
1710928,Fiquei um homem descrente.,identidade
1710948,Se vejo mulher bonita.,aparencia
1711089,Uma joia de menina mais bonita que uma flor.,aparencia
1711382,"É fascinante, muito bonita a mulher carioca.",aparencia
1711387,É muito culta e trabalhadora a mulher paulista.,papel_social
1711391,Pode ser linda qual uma jóia a mulher goiana.,aparencia
1711415,Brasil a mulher gentil do.,identidade
1711639,Conheço a sensível mulher brasileira de tranças compridas.,outros
1711657,Meu senhor onipotente.,identidade
1711852,Depois o seriado de um homem biônico.,aparencia
1712014,A menina é linda e o seu pai é uma fera.,aparencia
1712023,E por um momento deixou a filha sozinha.,aparencia
1712107,Minha linda mulher maravilha.,aparencia
1712328,"Ela é a rainha, eu sou um coitado.",identidade
1712365,A mulher mais bonita do mundo.,
1712482,Será que ela está feliz.,identidade
1712491,O homem mais triste do mundo.,identidade
1712516,Da mulher mais bonita do mundo!).,aparencia
1712517,O homem mais feliz do mundo.,identidade
1712519,"Ela é a mulher mais divina,.",
1712560,e ela inteira lambuzada.,outros
1712608,O menina bonitinha.,aparencia
1712627,O menina danadinha.,comportamentos
1712676,"Ser filho, ser filha não é brincadeira.",identidade
1712763,Se ela der mole.,comportamentos
1712790,é sua mãe e ele mesmo não sabe.,identidade
1712792,como ela é covarde ela manchou.,identidade
1713239,Sou o seu marido não sou objeto.,identidade
1713261,ela é muito gostosa e safada demais.,identidade
1713265,ela é sensual e adora andar na rua se mostrando.,aparencia
1713350,Mulher mal amada sofre mais não perde a posição.,outros
1713453,Mulher loira ou morena.,aparencia
1713711,que por ela também estava apaixonado.,identidade
1713972,Menina mulher já sabe bem o que quer.,identidade
1714189,"Ô mulher perigosa,.",identidade
1714570,"E ela, é uma menina linda.",aparencia
1715052,Era a moça mais bonita.,identidade
1715126,O mundo habitado por homens leais.,identidade
1715583,De um certo tempo pra cá me tornei um homem chato.,
1715622,Se mandou pra outras bandas ninguém sabe onde ele anda e a filha tá abandonada.,comportamentos
1715636,Ela é tão bonita parece uma flor.,aparencia
1716367,se transformou em mulher moderna.,identidade
1716472,A senhora é responsável por um sucesso aparente.,habilidades
1716476,"Minha mãe é a lavoura de milho, arroz e feijão.",identidade
1716542,"Mulher maravilha, modelo do mundo,.",identidade
1716549,"Pra colar no corpo, da mulher mais linda,.",identidade
1716622,E você não vê que ela é mulher não é só na cama.,comportamentos
1716625,Mulher é a beleza do mundo.,identidade
1716896,que mulher divina tão cheia de glória.,identidade
1716898,que mulher divina cheia de graça.,identidade
1717307,dar uma surra na mulher mais bela.,comportamentos
1717310,Desta vez a menina bonita vai apanhar no fim da novela.,aparencia
1717346,Olhei para ela vi tão diferente.,identidade
1717461,A moça mais linda que eu conheci.,aparencia
1717496,hoje ela volta quase louca de desejo.,comportamentos
1717565,ela estava tão divina seu corpinho de menina.,outros
1717569,ela é tão atraente seu jeitinho.,identidade
1717601,Uma mulher bem bonita e atraente.,identidade
1717617,"É amiga e senhora, é uma deusa é uma dama.",identidade
1717618,Ela é muito sincera.,habilidades
1717624,É mulher perfeita.,identidade
1718028,"Musa perfeita, olhos de luar.",aparencia
1718303,Ela é gostosa e vai pra balada toda cheirosa.,aparencia
1718304,"Ela é metida, e chama atenção ela tá carente.",identidade
1718646,De namorado agora é seu ex.,papel_social
1719202,Mulher bonita e gostosa que não pára de chegar.,aparencia
1719219,Se me vê com mulher feia pode crer que eu tô doente.,
1719520,"Oi, menina cheirosa, corpinho enxuto, coisa gostosa.",identidade
1719729,Carnavá é amor carnavá é calor.,identidade
1719812,De repente eu vi uma deusa real.,valores
1719975,enquanto ela está feliz em outros braços.,
1720007,Ela estava tão carente e tão aflita.,identidade
1720220,"Ele é boiola, um boi boiola.",identidade
1720222,"Ele é boiola, ele é boiola.",identidade
1720236,"Ele é boiola, é o boi boiola.",identidade
1720304,"É a mulher mais linda do mundo, sempre a vejo no mesmo lugar.",identidade
1720851,"Esposa boa e direita,.",identidade
1721003,vem com ele duetar.,outros
1721215,Já é madrugada e ela está cansada.,comportamentos
1722561,Mas ele é bem mais forte.,identidade
1722636,"Eu encontrei, queridas, um homem diferente.",identidade
1722782,Mas hoje ela é vilã.,identidade
1722783,"Ela é vilã, ela é vilã.",identidade
1723145,Sou um moço pobre porém muito honesto.,identidade
1723167,Sou um moço pobre.,identidade
1723701,Ele é boa pinta mais tem muita vergonha.,aparencia
1723730,Quer me enlouquecer nesse close de mulher fatal.,aparencia
1723734,Fonte de prazer que mulher gostosa.,
1723904,Se ela continuar nervosa.,outros
1725102,Sou um rei vagabundo.,identidade
1725642,Não era um homem comum.,identidade
1725754,O homem já foi roubado.,outros
1726005,Mesmo que ela seja infiel.,valores
1726501,Ela não é uma equação.,identidade
1726632,Pois de fato minha gente ele é muito original.,valores
1727438,"Ela é manequim, já fez desfiles em.",identidade
1727445,Ela não é flor pro seu jardim.,identidade
1727544,"nem faz idéia do que ela é capaz,.",habilidades
1727691,E um homem velho se acercou e assim falou.,
1728253,Menina vem aqui ligeiro.,outros
1728291,Se o pai dessa moça é gringo.,identidade
1728533,"Com perfume da mulher amada fica embriagado, dominado.",
1728655,"Ela é muito atraente,.",aparencia
1728683,Ela é a deusa que todo homem quer.,aparencia
1728684,Ela é musa do meu coração.,identidade
1728815,sou o homem mais feliz do mundo.,identidade
1728833,QUE SÓ DÁ MULHER SOLTEIRA.,outros
1729132,"UMA MULHER LINDA, BOA E DIREITA.",identidade
1729285,Ela é muito desbocada.,identidade
1731151,"Ela é negra, negritude que fascina.",identidade
1731152,"Senhora menina, menina senhora.",identidade
1731224,Não sei se ela é pagodeira.,identidade
1731378,A mulher é a mulher.,papel_social
1731423,MULHER brasileira!!!.,identidade
1731467,É que o homem é peixe graúdo.,aparencia
1731524,Nasceu um menino pobre.,identidade
1731541,"Anísio é samba, amor e amizade.",valores
1731545,Sou menino pobre da favela.,identidade
1731549,Olha seu moço sou um rapaz decente.,valores
1732226,Ela é negra negritude que fascina.,identidade
1732227,Senhora menina menina senhora me descontrolou.,identidade
1732494,"Se tem mulher bonita,.",identidade
1732713,Mulher carinhosa a gente faz o que ela quer.,comportamentos
1732716,Mulher motorista é charme na direção.,papel_social
1732721,Pra mulher bonita não existe homem bravo.,identidade
1732722,Foi uma mulher charmosa que libertou os escravos.,aparencia
1733043,Ela é musa!,identidade
1733044,Ela é gata!,aparencia
1733190,Deixa a gente sem destino faz o homem ser menino.,papel_social
1734116,Eu sou seu velho namorado novo.,identidade
1734268,Ela fica grilada se eu vou pra balada.,comportamentos
1734487,Ela é minha amiga eu não posso falhar.,identidade
1734780,Agora ela ficou louca.,comportamentos
1734896,Mulher bonita é fruta no pé madura.,identidade
1734911,Amigo mulher bonita é perigosa.,aparencia
1734922,em casa ela é a rainha.,identidade
1735010,"Sobe na mesa quando ela fica louca,.",identidade
1735229,menina linda.,aparencia
1735388,se o pai dessa moça é gringo.,papel_social
1735558,"ai, ai, ai tem muita mulher bonita.",aparencia
1735560,"ai, ai, ai mas como tem homem feio.",aparencia
1736016,Sou um menino sou sonhador.,identidade
1736565,Ele andava tristonho.,identidade
1736875,"Se o homem nasceu bom, e bom não se conservou,.",identidade
1737474,Senhor é impossível andar.,habilidades
1737549,Ele é fiel e verdadeiro..,identidade
1737571,Ele é fácil resolver.,habilidades
1737764,ele é o caminho serto para voçê seguir.,identidade
1738037,Ele pode estar certo que sem bênçãos.,
1738127,Pra salvar o homem vil.,identidade
1738450,E esse homem é o filho que com ele vai morar.,identidade
1738544,ele é justo e é fiel e jamais esquece os seus.,valores
1738552,Ele é o consolador que enchuga o planto seu.,identidade
1738598,Tereza era uma menina linda.,aparencia
1738665,Tereza era uma menina linda que vivia na.,identidade
1738939,Pra mim elas são iguais.,identidade
1739184,Atendia a qualquer um: doutores ou homens comuns.,papel_social
1739333,Ela não merecia tamanha ingratidão.,comportamentos
1739805,Maria era muito legal.,comportamentos
1740163,"Ou um homem pequenino, que tem medo de mulhé,.",comportamentos
1740164,"Ou um homem pequenino, que tem medo de mulhé....",aparencia
1740874,Ela é boa demais..,habilidades
1740899,"para ela ficar mais bonita,.",aparencia
1741601,Deus quanta mulher bonita.,identidade
1741830,E a mulher namoradeira eu passo o coro e.,comportamentos
1742211,Deus que filha linda...,
1742215,a filha morena clara a mãe é cor de canela.,
1742223,Mulheres iguais a elas no mundo...,identidade
1742238,Deus que filha linda..,aparencia
1742253,Mulheres iguais à elas no mundo...,comportamentos
1743248,"de uma mulher urbana, e.",outros
1743477,"Eu fico ruim, ela acha ruim.",comportamentos
1743725,Tem até mulher bonita.,aparencia
1743823,"Só quer prazer, mulher ruim, fantoche sexual..",comportamentos
1744175,Ele tá desesperado liga todo dia.,identidade
1744554,Ela não tem noção do quanto ela é linda.,aparencia
1744764,O meu pai com uma mulher diferente.,identidade
1745103,Me dá pena pensar nessas mulheres lindas amanhã de ressaca.,outros
1745326,Ele é o vencedor da cruz.,identidade
1745917,"Ele era um rapaz humilhado, calado e sofrido.",identidade
1745951,Ele agora é amigo e servo do.,papel_social
1746020,"Um certo homem fazendeiro, cheio do dinheiro, irreverente ateu.",identidade
1746023,"Mas ele tinha um agregado, um homem honrado servo do.",papel_social
1746139,A ponte móvel ele atento manejava.,comportamentos
1746143,Aquele homem caprichoso e dedicado.,identidade
1746145,Em quanto ele trabalhava ali contente.,comportamentos
1746151,"Seu filho não escutou, ele ficou desnorteado.",comportamentos
1746231,Ele é professor.,identidade
1746302,O homem mal será jugado.,identidade
1746424,"A alma do homem redimi, o amor não oprime.",outros
1746455,Quando ele aqui viveu foi um homem destemido.,
1746554,cinco pães e dois peixinhos para ele sozinho estavam bom.,outros
1746736,Ela é veterana da guerra da itália.,identidade
1746786,"Fox, tiete era moça fanática.",identidade
1747070,Filó não era mole não.,comportamentos
1747305,"Nascimento, esse bandido me detesta, se eu não sou mulher honesta, ele ofendia o meu pudor"".",identidade
1747565,Desses que já não tem mais (E ele era ainda bem rapaz!).,outros
1748563,Não é porque ele é meu pai.,papel_social
1748579,Esse homem tão direito.,comportamentos
1749011,que ela é maravilhosa e que eu tô afim.,identidade
1749031,"ela é charmosa, um tremendo avião.",aparencia
1749196,Sou um homem maduro e estou mais do que pronto.,identidade
1749262,Mesmo que você não volte eu vou te esperar.,outros
1749788,"ela ainda é virgem, não tem hora pra voltar,.",comportamentos
1749791,"Essa garota é top, ela é rock roll,.",identidade
1749793,"Essa garota é top, ela é rock star,.",identidade
1750076,Tá de namorado novo.,papel_social
1750135,Nossa ela é doce de mais.,identidade
1750139,Ela é doce de mais.,comportamentos
1750332,Ela ta feliz agora.,identidade
1751535,Elas tão loucas!.,comportamentos
1751536,"É só chegar e beijar, elas tão loucas.",identidade
1751540,E as meninas estão loucas na balada.,
1751947,"Ela é maravilhosa, olha que sorriso lindo.",identidade
1752163,Essa mulher é tentação.,identidade
1752177,Essa mulher é meio louca.,identidade
1752183,tá sempre sorridente ela tá sempre bela.,aparencia
1752251,Nazaré porque ele é fiel.,valores
1752327,Ele é meu equilíbrio.,identidade
1752332,Com ele sou valente.,identidade
1752367,Um dia você vai pagar por tudo que fez sendo um homem cruel.,comportamentos
1752726,Ele foi fiel em seus ensinamentos.,comportamentos
1752783,"Ele está o lobo não passa, e no seu rediu não pode chegar.",habilidades
1752795,Ele é vencedor sem comparação.,identidade
1752815,Ele é justo e é fiel e jamais esquece os seus.,comportamentos
1752822,Ele é o consolador que enxuga o planto seu.,outros
1752979,"Ele aqui viveu foi um homem destemido, demonstrou fé e coragem..",identidade
1753025,"Chico é forte, vai passar no teste.",habilidades
1753192,Ele é caminho o resto é vereda.,identidade
1753372,Ele está pronto para festejar de novo.,comportamentos
1753412,Da mulher mais bonita do mundo!.,aparencia
1753415,Ela é a mulher mais divina.,identidade
1753534,"Ele é amigo, ele é justo é fiel.",identidade
1753946,porque sou um homem casado e arrumei outra mulher.,identidade
1753957,minha mulher é bonita e é faceira.,
1753985,Pra ele é o fim; mas a tua história.,outros
1753996,Pra ele é o fim mas a tua história.,
1754099,Há uma menina frágil e angelical...,identidade
1754179,"Mulher maravilha, modelo do mundo.",aparencia
1754192,"Mulher bonita, festa e cerveja gelada.",aparencia
1754242,E ela é uma artista coberta de fama.,habilidades
1754243,Ela é a deusa divina do mundo.,identidade
1754248,Da mulher mais linda que droga de vida.,identidade
1755054,Sem ela sou bom dia de ressaca em dia de segunda-feira.,outros
1755135,"Garota adolescente, senhorita minha jovem senhora, dona.",
1755650,As vezes eu acho que ela é miragem.,aparencia
1755651,Ela é covardia.,identidade
1755653,Ela é uma viagem.,identidade
1755655,Ela é uma deusa e eu sou submisso.,identidade
1756001,Sou menino maluquinho caidinho por você.,
1756243,"Domingo lá vem ela caminhando sempre bela, me consolar..",aparencia
1756362,Do pecado todo homem pecador.,valores
1756478,Confesso pra você ele é o cara perfeito.,outros
1756596,E no meio da balada ela chega atrapalhada.,comportamentos
1756676,Ele somos bons amigos.,identidade
1756678,"Eu sou o menino, Ele é o colo pra eu deitar..",identidade
1756679,"Eu sou a ovelha, Ele é o pastor jamais vai me deixar..",valores
1756909,Ele é capaz de entrar..,habilidades
1757006,Ele está presente.,valores
1757315,"Ele é soberano, se importa com os humanos.",identidade
1757420,Sabe que ele é dono do.,outros
1757439,"Eu sirvo a ele, adoro ele, dependo dele, ele é meu rei.",
1757556,"Porque ele é dono de tudo, dono da vida que eu levo;.",valores
1757603,Menino mata gigante.,outros
1757642,Sabe que ele é o dono do poder.,identidade
1757663,"Dependo dele, Ele é meu rei.",identidade
1757758,Nosso rei é muito forte.,identidade
1757908,O quanto ele é grande e fiel.,aparencia
1757929,"Deus é cem por cento, adore e glorifique, ele é o rei da glória.",valores
1757953,"Elias homem forte, servo do.",aparencia
1757993,Ele é poderoso eu provo pra vocês.,comportamentos
1758257,E você por ele vai ser coroado.,outros
1758315,Essa mulher não pesta.,aparencia
1759033,Vai cartinha querida guiada pela minha dor.,comportamentos
1759506,Esposa boa e direita.,identidade
1759957,"Ela é jovem, tão bonita.",aparencia
1760200,Se a mulher é boa eu vou firme com o meu papo.,comportamentos
1760204,Estou sempre aceso onde tem mulher bonita.,aparencia
1760214,Isso tá tirando o sono de um homem simples como eu.,identidade
1760853,Ai nois vai dormir tranqüilo pra no outro dia nois.,outros
1760954,Mas ela é dona do pedaço.,identidade
1761591,Ela é cheia de axé.,identidade
1761622,"Ela é alegria,.",identidade
1761626,Alo mulher brasileira.,identidade
1761822,"Na mão de moça bonita, mais uma jóia ele tem.",identidade
1761894,Porque ele é o mentor do que há.,habilidades
1762094,Ele agora é guerreiro do universo e tem fogo em suas.,identidade
1762102,E Deus sempre esta por perto porque ele é fiel.,identidade
1762154,"Jesus que te ama, se você olhar de lado vai notar, sua presença sem falência, ele é o amigo mais preciso, se você olhar pra frente vai caminhar mais contente pois na frente te espera um paraíso..",valores
1762499,Ele está pronto pra lutar contigo.,outros
1762796,Ele está pronto pra sempre ficar do seu lado.,comportamentos
1762921,Nosso rei é vencedor.,comportamentos
1763692,E a minha namorada é sua amiga.,identidade
1763953,Se ela é doida eu sou mais.,identidade
1764099,"Vovó disse, quando eu nascer esse menino vai ser rei.",papel_social
1764173,"Arranjei uma gata, ela é bonita, é um avião.",aparencia
1764190,Corro de mulher briguenta.,outros
1764226,Eu faço ela ficar louca só na base do retoço.,comportamentos
1764388,Pra você homem chorando deve ser muito engraçado.,comportamentos
1764419,"Ela é malcriada, só fica provocando.",identidade
1764687,ENQUANTO ELES BEBEM.,outros
1764694,ELES BEBEM PRA CARAI.,comportamentos
1765545,O Homem preto e pobre é uma espécie em extinção.,identidade
1766658,Descobriu que eu sou o homem certo pra viver.,identidade
1767218,"Eu sou o homem mais feliz, eu sou feliz.",
1769266,Ela é comprometida ela já tem namorado.,identidade
1769344,"Se ela é ciumenta, muito chato isso é normal.",comportamentos
1769345,"Se ela foi escolhida, é porque é especial e não.",outros
1769763,Gonzaga era preto e era o rei do baião.,identidade
1769796,Negra mulher preta.,identidade
1770652,A mulher escolheria o homem certo.,valores
1771210,Pequena princesa és a primavera.,identidade
1771223,pequena princesa és a primavera.,aparencia
1773201,Com seu marido nobre ela não se deu bem.,valores
1773680,Ela é filha de.,papel_social
1773874,A moça linda vive a pensar.,aparencia
1774197,Sou filho de mãe preta.,identidade
1774484,Eu sou um menino bem bamba.,identidade
1774485,Eu sou um garoto bem bamba.,identidade
1774656,Trocou seu amor ardente por um moço requintado.,valores
1774760,"Mulher preguiçosa, mulher tão dengosa, mulher.",comportamentos
1774762,"Mulher tão bacana e cheia de grana, mulher.",identidade
1774766,"Olha que moça bonita,.",aparencia
1774767,"Olhando pra moça mimosa e faceira,.",comportamentos
1774775,"Olha a moça inteligente,.",comportamentos
1775003,||: O homem não é um animal.,identidade
1775140,Ele é o líder da comunidade.,identidade
1775718,Deixa ele ser moleque dessa mulher.,identidade
1775937,Mulher brasileira que vai ao mercado e pechincha na feira.,identidade
1775939,Mulher brasileira.......mulher brasileira.,identidade
1775947,Mulher brasileira.......cidadã brasileira.,identidade
1775950,"Ela é delegada, ela é deputada, prefeita e juíza.",papel_social
1776828,Pensando em você menina dona do meu coração.,comportamentos
1777059,Existem homens maus.,identidade
1777076,Que vira homem bom.,papel_social
1777258,que ele é sinistro não deixa passar.,comportamentos
1777388,Bündchen é preta.,identidade
1777551,"Ela é breve, ela linda é comovente.",identidade
1778121,Do coração de um homem bom.,identidade
1778350,Menino é bom ficar de olho aí.,outros
1780805,Minha deusa é uma mulher.,identidade
1780912,MENINA MOÇA É QUEM MANDA NA ALDEIA.,papel_social
1781108,Eu que fui menino pobre.,identidade
1781511,Mulher boa é aqui.,identidade
1781514,Mulher boa dá em qualquer lugar....,valores
1781523,E mulher feia?.,aparencia
1781524,Não existe mulher feia gente boa.,aparencia
1781531,"Mulher brasileira, cidadã brasileira.",identidade
1781532,E mulher burra?.,identidade
1781534,Não me fale em mulher burra.,identidade
1781552,Que vamos descolar umas mulheres inteligentes....,habilidades
1781713,Segure a menina rapaz.,comportamentos
1781893,Essa mina era jóia.,identidade
1781894,Essa mina era bela.,aparencia
1781899,Ela era gordinha.,aparencia
1782143,Ela ficou tão feliz.,identidade
1783779,Nóis tem que quebrar eles diferente.,comportamentos
1784372,Torno um homem mais forte com destreza coragem o os.,
1784577,Garoto suburbano tipo como: Rio de.,outros
1785168,"Ele é rei, coroado pela gente...",identidade
1786101,Ela estava errada e eu também.,identidade
1786117,E sofre também.,outros
1786686,Ela é uma luz que chega de repente.,identidade
1786734,Ela é a terra virgem.,identidade
1786787,Que nem mulher traiçoeira.,papel_social
1787089,Garota prodígio.,identidade
1787091,Menina legal.,identidade
1788348,que o homem que matou o homem mau era mau também..,identidade
1788437,"Ele é um sujeito distraído demais,.",
1789541,Um sagaz homem fumaça.,identidade
1790025,Mané é mané.,identidade
1790591,"Molambo,bendita, princesa bonita, formosa que me conquistou.",aparencia
1791864,"Poderosa, empoderada, Ela é livre.",identidade
1791871,Ela forte igual.,identidade
1791878,"Que ela zika memo, muita chuva pra sua garoa.",identidade
1792177,Eu não sou senhor feudal mas te prometo um reinado.,identidade
1792921,"Lisboa menina moça, menina.",
1793310,"Zukuta, menino zukuta.",
1793610,ele é filho de.,identidade
1793657,que ele é rei da floresta.,identidade
1793663,que ele é rei na floresta.,identidade
1793974,"Ela é de bahia, ela é feiticeira.",
1794238,Êta mulher traiçoeira.,identidade
1794348,Maninha é rainha ginga.,identidade
1794374,Lara é fruta rara.,identidade
1795458,"Menina lavadeira, da beira, beira da estrada.",identidade
1795551,"Traga flores também, para minha mãe iemanjá.",papel_social
1795568,"Moça morena, vizinha das águas também.",identidade
1796045,Se tu é homem mané.,identidade
1796356,Menino vadio.,aparencia
1796799,"Ela é a fulana de tal,.",identidade
1796804,"Ela é gente bem,.",identidade
1797172,Num tem mulher nova comadre.,identidade
1798312,Ela é mãe solteira não tem tempo pra zoeira não.,identidade
1798695,Ela tá sendo mal comida então que se intrometer.,aparencia
1798773,"Ti avisei, com ele nunca vai ser igual.",outros
1798984,Namorada sinhazinha.,outros
1799205,Quando o rei mais confiante.,valores
1799215,A idéia do rei foi genial.,habilidades
1799265,Moça bonita e sapeca.,aparencia
1799471,Só queria moço rico.,identidade
1799479,Tinha que ser moço louro.,aparencia
1799806,Muitas querem um homem casado pra curtir.,outros
1800006,"Estranhamente, o homem branco chegou.",aparencia
1800602,Quando moça foi bonita.,aparencia
1800621,Mulher feia e sem vintém.,aparencia
1800796,Sou mamãe e ele é papai.,papel_social
1800997,De madrugada uma dama fuleira fez um tempo quente.,identidade
1801688,MENINA MOÇA.,aparencia
1801697,"Você, menina moça,.",identidade
1801886,"Vai dizer que ela é a razão dos meus ais,.",identidade
1802167,"Aquela bonita, nega!) (Coitado está azarado!).",aparencia
1802492,essa mulher ao seu lado é uma mina mais forte que o.,identidade
1802600,o homem estava abilolado.,comportamentos
1802708,Ela anda arrependida de tudo o que fez.,identidade
1802789,"Atenção, senhoras senhores, vamos rir até o fim da viagem.",comportamentos
1802946,Com seu decote italiano ela é tão bela.,aparencia
1803102,No meio de homens fortes - eu estava jogando com a sorte.,comportamentos
1803182,Porque ela é tão boa.,identidade
1803313,E eu sou um homem feliz.,identidade
1803476,Pela padroeira ela foi bem contemplada.,
1803511,"Ela ficou zangada, me fez “mal-criação”.",comportamentos
1803605,"Sou nordestino, um homem fino, com diploma de doutor –.",identidade
1803674,Procuro para minha companheira uma deusa faceira.,identidade
1803768,Você mulher é uma chave de cadeia.,papel_social
1804538,"Bahia, ela é feiticeira.",identidade
1806861,Menina tanajura jura que nasceu pra mim.,comportamentos
1806909,UM MENINO FORTE E BONITÃO.,identidade
1807216,Não há mulher mais bonita.,aparencia
1807449,As mina ficam doida no estilo do negão.,comportamentos
1808331,Moça bonita segura a saia pra eu não pensar besteira.,comportamentos
1812762,Ela é ótima.,identidade
1812930,Que menina cheia de saúde.,identidade
1813560,Sou honesto sim senhor traição me dá vertigem.,valores
1813919,É bom a gente deixar ele quieto.,comportamentos
1814704,No estado civil ser homem casado.,papel_social
1814771,Mistura de menina inocente com malicia no olhar.,identidade
1815255,"Ela é linda, é novidade.",aparencia
1819566,Me descrever um homem ruim.,comportamentos
1819643,"Você pode sofrer, esquece essa mulher casada!",comportamentos
1819837,Garota sexy vem me dar um beijo.,identidade
1820099,"Se ele é teu herói, eu sou mais corajoso.",identidade
1820101,"Se ele é o ator, eu sou realidade.",identidade
1820106,"Ele foi traído, eu fui o traidor.",comportamentos
1821382,Uma deusa sedenta de amor.,papel_social
1821677,A minha mina tá desconfiada que é você.,comportamentos
1822922,Cerveja gelada e mulher bonita.,comportamentos
1824247,Ê menina linda que eu vejo todo dia.,aparencia
1824259,Garota bela o que eu quero.,aparencia
1824263,Ê menina linda que eu vejo todo dia....,aparencia
1825506,Menina criança linda.,aparencia
1825511,Menina rara beleza.,aparencia
1825853,"Está é uma história, de uma garota nova.",identidade
1826333,Ele foi doutor.,identidade
1826345,Rapaz tão feio assim.,aparencia
1826357,Ele é comprido e até parece.,identidade
1826379,"É, elas dizem que ele é feio, mas tem molho.",aparencia
1826990,A mulher mais feliz do mundo.,identidade
1827777,Todo homem é iludido.,valores
1828506,"Feito um menino inocente,.",identidade
1829501,essa mina é uma pressão mas não posso me aventurar.,papel_social
1829513,Lembro a menina feia.,aparencia
1830229,Deixa a mulher sensual.,identidade
1830970,princesa bela.,aparencia
1830983,"Ela é maravilhosa, de enlouquecer.",identidade
1831293,"O nosso caso ele é complicado, é difícil de entender.",identidade
1831401,E a minha mãe como ela é chata.,comportamentos
1831413,Um homem culto e educado....,identidade
1831494,"Segura coração ela linda demais mais eu, eu não quero mais.",aparencia
1831526,Ela é doce e meiga perto de mim.,identidade
1831579,mulher amante.,identidade
1831750,Eu gaguejando e ela cheia de razão.,habilidades
1831930,É muito linda é muito gata ( ela é minha flor...).,identidade
1831937,"Louca, louca, louca, louca, louca, louca que menina louca.",valores
1833244,"Aí, Deus foi tão bom, me apresentou você.",comportamentos
1835938,Ta na cara que ele ta apaixonado.,aparencia
1836105,Voltar a ser teu namorado doido apaixonado.,outros
1838431,Vou te mostrar do que um homem é capaz.,papel_social
1839010,"Não a vez pra razão, Amar é msm assim.",valores
1839867,"Se ele é um sentimento que está dentro do meu peito,.",identidade
1840891,Menino apressadinho não me esperou.,comportamentos
1841227,Uma moça tão bonita fez acelerar.,identidade
1841230,O que uma moça linda queria comigo.,aparencia
1841234,Já sei que ela está sózinha.,identidade
1841249,Uma deusa linda não me avisou da profissão.,aparencia
1842219,Ela é a mulher da minha vida (ô ô ô ô).,papel_social
1842347,A dama mais bonita.,aparencia
1844119,"Que moço igual não há pela cidade,.",outros
1844136,Eu farei dela a mulher mais feliz desse mundo.,identidade
1844896,"Provocante, insinuante ela é poderosa.",identidade
1846293,Com toda a ingenuidade de um menino sonhador.,valores
1847167,No requebrado da menina sensual.,identidade
1847194,Deus te fez assim menina linda pra me encantar.,aparencia
1847368,Se toca um samba ela rebola bonitinho.,habilidades
1847518,Vicentina.....ela não é dar mole não.,identidade
1847580,Fica com ela não acho certo .,
1847708,"Me inspiro nela pois ela é a luz que me ilumina, à noite.",identidade
1847804,Deusa menina ou mulher.,
1847971,Uma mina diferente todo dia vem me ver.,aparencia
1849143,Mais eu to sabendo que essa mina é perigosa e mandigueira.,identidade
1849251,Na vida seria um homem mais feliz.,identidade
1849257,"Menina linda, quero te namorar.",identidade
1849523,"Ela é minha princesa, diz que é minha cinderela.",identidade
1849526,"Deve ser inveja porque ela é tão cheirosa, barriga saradinha ela sabe que é gostosa.",aparencia
1849540,"Todos lá na rua sabem que ela é piriguete,.",identidade
1849541,dizem as más linguas que ela é boa...(de chiclete).,comportamentos
1849627,Esta é uma história de uma garota nova.,identidade
1849637,Eu sou a tal (menina louca).,identidade
1849640,A turma logo responde ela fica empolgada.,
1849837,E na hora do almoço ela é carne de pescoço.,identidade
1849901,Mas com ele é diferente.,comportamentos
1850242,Ela é a mulher que eu sempre quiz.,identidade
1850247,Mas é que ela é estrangeira.,identidade
1850509,Ah ah ah ah ah ah essa mulher é bipolar.,comportamentos
1850591,Um homem apaixonado fica cego e louco de paixão (paixão).,comportamentos
1850595,Um homem apaixonado fica cego e louco de paixão.,identidade
1850644,"Na comunidade ela é estrela, gata de elite.",
1851544,Que essa menina boa.,identidade
1852009,Eu arranjei uma menina tão faceira tão felina.,aparencia
1853182,e agora ele é conhecido como o famoso pé rapado.,identidade
1853821,"Já tem mar, já tem mar, minas gerais já tem mar.",identidade
1853822,"Já tem mar, já tem mar, minas graias já tem mar, já tem mar.",outros
1853823,"Já tem mar, minas gerais já tem mar, já tem mar.",outros
1853868,Ao invés de você procurar pelo homem perfeito.,identidade
1854550,"Ela é parceira, é fechamento.",comportamentos
1854561,Ela é barreira que anda.,identidade
1854570,Ela é provocante.,comportamentos
1854572,Ela é fatal quando chega é um furacão.,identidade
1854797,Sou mulher capaz de tudo.,identidade
1854847,Que ela tá é afim de mim.,identidade
1855235,Ela tá loca tche e não para de dança.,identidade
1855261,essa garota é nota 10.,identidade
1855269,eu conheci uma menina muito atraente.,identidade
1855630,Quando elas bebem ficam igual a shakira..,identidade
1855635,Ela fica tarada e bota a bebida na boca.,identidade
1855713,E elas tão cheia de tesão..,comportamentos
1856063,"Ela é danada é sem vergonha gosta muito de dançar,.",identidade
1856168,"Porque nóis é coletividade nóis só não dá moral pra falsidade estora o champangne amor é só de mãe paz, justiça e liberdade..",comportamentos
1856175,"Se liga só nessa comparação se eles é peixe nóis é tubarão, se eles é cú nóis é sangue bom nóis só não se compara a papai do céu é ele lá e nóis aqui no chão..",identidade
1856246,As mulheres são atriz.,identidade
1856247,E os homens são ator ator ator.,identidade
1856576,Cabral tá favoravel.,outros
1856770,É por isso que hoje ele é o protagonista dessa nova minha letra.,outros
1857204,"Deixar os homens malucos, essa é sua marca.",comportamentos
1857205,"Ela é original, quem não é, paga um pau.",identidade
1857211,"No tamborzão ela rebola, de whisk ela tá dahora.",outros
1857551,"Deus que ele é justo e tudo tem seu porém, ir além, ir além, ir além.",valores
1857604,"Deixa elas malucona,.",habilidades
1857659,"Ele tem dinheiro, ele é ligeiro,.",identidade
1858093,Meu shortinho amarelo deixa os meninos doidão.,outros
1858199,Essa menina linda muito princesinha.,identidade
1858333,Eu sei que ela não é mina pra colar.,comportamentos
1858846,Pego outro e ele rala rala rala rala.,habilidades
1859884,Mulher ouro e poder já falei que é lutando.,identidade
1860193,"Se ela é linda, simples, simpática.",outros
1860195,se ela é simples e satisfaz!.,identidade
1860452,Dj vou te falar: ela é muito sensual.,identidade
1860457,Ela tá doidona de tequila.,comportamentos
1860709,R.L fé em deus que ele é justo.,valores
1861169,Dedicada a todas as mulheres ciumentas....,comportamentos
1861181,Ela fica louca para me localizar....,comportamentos
1861292,"Eu vi a minha mãe chorando, minha mulher aflita.",comportamentos
1861340,A vingança como ela é gelada.,outros
1861429,Caia na gandaia e deixava ela sozinha.,identidade
1861621,No falto-as ela já tá conhecida.,identidade
1861721,brasil o som de minas gerais.,outros
1861769,Elas querem ficar sexy na noite e no dia....,comportamentos
1861779,"Se ela quer um carro, ela mesma compra!.",habilidades
1861793,"Querendo um homem forte, do rico e do mal.",identidade
1861850,"Vendo ela chora quando você saia,caia na gandaia e deichava ela sozinha..",comportamentos
1861912,ela ela tão bela!.,aparencia
1861916,"tigrinha o seu jeito de princesa tão bela,tão linda.",papel_social
1861921,"Essa mina é tão perigosa,ela chega de saia de boné.",identidade
1862014,"há novinha tá gostando, ela é uma delicia.",aparencia
1862146,O NOSSO SOM DEIXE ELE ENTRA.,
1862273,Ela é toda princesa.,aparencia
1862454,Mulheres lindas.,identidade
1862476,Uma mãe sozinha.,identidade
1862493,Mulher guerreira.,identidade
1862573,"Ela é chique no verão, seu biquini é um arraso.",identidade
1862585,"Ela não é alta, não é baixinha.",identidade
1862948,Mas se mexer com nois vai segura as ponta.,outros
1863178,Ela é novinha treinada ela novinha insana.,identidade
1863227,Onde chega ela é notada.,comportamentos
1863246,Ela ta suave bright.,
1863269,Ela ta maior gata.,aparencia
1863279,Ela é a dama de vermelho.,identidade
1863334,"Mais um louco, diretamente de maria da fé, minas gerais.",valores
1863438,"Se tem mulher bonita no meio do salão,.",aparencia
1863547,"Olha que menina linda, linda.",aparencia
1863921,"E a justiça do homem falha, mas de.",papel_social
1863954,Ela é gostosa bonita e sensual.,identidade
1863970,O que ela é novinha louca.,identidade
1864038,Ela é charmosa.,identidade
1864085,Verde é os olhos daquela menina morena.,identidade
1864091,Luigi é verde!.,identidade
1864155,Ela tá insaciável.,identidade
1864288,"""Malandro é malandro e mané é mané"".",habilidades
1864399,Muleke era bom a vera cantava de mais.,identidade
1864415,A garota mais linda do baile.,identidade
1864652,"As minas são chapa quente, só mexe quem é maluca.",identidade
1864778,Eu sou aquela mina muito atrevida.,identidade
1864892,Quero ver mexer comigo meu marido é revoltado.,comportamentos
1864909,Ele é chifrudo?.,identidade
1864977,Toda vez que eu passo ela joga piada.,comportamentos
1864983,O bonde da pocahontas só tem mina braba.,identidade
1865001,se tem coisa que eu não gosto é homem borracha fraca.,comportamentos
1865039,A mulher quando é muito sincera ela olha pro homem e manda a real.,
1865077,Calma garoto só muito novinha.,comportamentos
1865130,Ele é gostoso e tem um olhar periculoso.,aparencia
1865131,Mas com a nega aqui ele fica dengoso.,identidade
1865138,Ele é o brabo dos brabos.,habilidades
1865143,Ele é o brabo.,identidade
1865261,Deixar qualquer homem louco.,comportamentos
1865521,refrão : Sou uma menina super.,outros
1865526,Sou uma menina super.,identidade
1865573,Menina atrevida marra de pop star.,identidade
1865582,A Princesa tá sozinha vou me oferecer.,identidade
1865756,"Essa garota é poderosa, é gostosa.",aparencia
1865759,"Mas ela é tão maravilhosa, venenosa no seu jeito de.",identidade
1865764,Com esse jeitinho de menino inocente.,identidade
1865790,Ela é maravilhosa não se acha formosa.,aparencia
1865803,"Ela é gostosa, um diamante.",aparencia
1865862,Ela é minha princesa.,outros
1866314,"SÓ DI BLINDÃO,SÓ DI BLINDÃO,TODOS IRMÃOS NA CONTENSÃO É QUE ESTÃO AQUI NO MUNDÃO I FAVELA VAI REAGIR QUANDO OS BOTA PRETA QUIZER INTERFERIR I MULEQUE VAI REAGIR DE 357 NA CINTURA ELE VEM AI.(REFRÃO).",outros
1866820,Pow é difícil confiar em alguém nessa vida.,valores
1866860,Malícia uma garota esperta.,identidade
1866862,Ela diz não ela é cheia de intenção.,comportamentos
1866874,Como ninguém tivesse notado ela é interesseira.,comportamentos
1866878,Ela é esperta e traiçoeira.,comportamentos
1866879,Uma garota baladeira.,valores
1866887,Mas ela é linda de mais.,aparencia
1867026,Mulher moça menina ainda por cima é minha sina.,aparencia
1867034,Ela é diferente me ganhou só no olhar.,comportamentos
1867286,Ela é apaixonada no fuzil.,identidade
1867341,OLA SÓ COMO ELA VEM.....,comportamentos
1867441,"Ela é sapeca, tá com fogo nessa festa.",
1867442,"Ela é sapeca, deixa a mina dançar.",
1867444,"Ela é sapeca, hoje vamos nos amar.",identidade
1867511,essa menina é muito linda tá querendo aparecer.,aparencia
1867568,É a garota furacão.,identidade
1867672,"Minha mãe é legal, minha é 1000 grau.",identidade
1868032,Inventaram arma de fogo não existe homem forte.,habilidades
1868254,"Vai mulher mulher , mulher ,.",identidade
1868542,"Vou aproveitar, que ele também tá louco.",comportamentos
1868591,"Mas mulher igual eu, haha.",comportamentos
1868593,"Mas mulher igual eu, haha deus só fez uma(2x).",identidade
1868677,"Não pode entrar mulher feia, nem homem barrigudo.",aparencia
1868683,Vai ter vários patrão e as minas vai ser patroa.,identidade
1869430,moleque tá treinado.,aparencia
1869725,"Na pracinha noite e dia, nois tá boladão cantando,.",habilidades
1869795,Encotrei o dj bala ele aperto na purehemp.,outros
1869974,Chama as meninas bem trajadas.,identidade
1870036,Vem cá menina linda.,aparencia
1870238,"E com as mulheres nois é sempre atraente,.",aparencia
1870357,Marcelly tá maluquinha.,comportamentos
1870371,"Deixando as menina louca,.",papel_social
1870532,Eu não sei se ela foi cagada.,identidade
1871294,"Minha mãe tá muito triste , porque eu não sou mas virgem.",comportamentos
1871322,Ela é malandra.,identidade
1871344,Já era namorado novo.,identidade
1871615,E ele cheio de maldade.,
1871762,E vou passando tipo diva total elegância.,outros
1871826,As mina aqui são zica e gosta de chamar atenção.,identidade
1871959,Quando ela tá chapada é pior do que careta amiga é o.,papel_social
1872067,Trombei o dj bala ele aperto na purehemp.,outros
1872390,Pra ver minha mãe bem contente.,
1872649,Achei ela muito especial.,identidade
1872702,Que elas rebola quica e vai até o chão.,outros
1872705,so mina gata so top de linha.,identidade
1872847,E os mlk é zika e ta que e nois tá desposto.,outros
1873293,"oh mãe fica tranquila , o meu irmão vai voltar.",comportamentos
1873486,Ela vem formosa.,aparencia
1873664,Só que o foda é que ela é gata demais.,identidade
1873674,O foda é que ela é gata demais.,aparencia
1873798,Os mano que já folgo e as minas folgo também.,identidade
1874078,"agora é bem falado e dado que ele é o gerente ,.",identidade
1874148,Essas meninas ficam louca.,comportamentos
1874170,Só menino bom tá com a gente ensandecidamente.,identidade
1874522,"Menina extrovertida,.",comportamentos
1874543,"Ela é bandida,.",comportamentos
1874906,As mulheres lindas que tem no brasil.,aparencia
1874909,"Nem ouro nem a prata, faz o homem mais feliz.",comportamentos
1875727,Ela é saliente.,identidade
1875730,ela é vaidosa.,identidade
1875741,Porque quando meu funk toca as mulheres ficam louca.,habilidades
1875846,Que ela é mulher gambiarra e ela saiu na favela.,
1875853,Minha esposa é dedicada e a tua é gaia de sabão.,identidade
1875987,Mas eu já fiquei ligado que ela é danadinha.,identidade
1876382,Porque todas minas preciso agradar.,outros
1877142,"Uma menina ainda muito adolescente,.",identidade
1877152,pra piorar ela tá grávida de um vacilão.,identidade
1877317,Os menino chique bem trajado.,aparencia
1877381,Menina inocente chora de repente.,identidade
1877384,Menina inocente chora por ilusão.,identidade
1877426,"Ela é prima da piriguete, sai com as amigas, sexy,.",outros
1877428,"Ela não é fiel nem substituta, ela é a cachorrete,.",identidade
1877443,"Joy já me falo que ela é gata cachorrete, tira onda de.",comportamentos
1877728,Ele é considerado um dos 43 ladrões.,papel_social
1877754,"Mas na favela ele é famoso, é melhor ficar ligado.",identidade
1877834,Ela quer ficar louca soltinha.,outros
1877842,"Ela quer ficar louca, solta, louca.",comportamentos
1878229,"Vem a mulher mais sensual, linda da cor da noite.",identidade
1878283,Ela é bonita demais.,aparencia
1878319,O motor envenenado ela é pouco amostra.,outros
1878655,Jesus está contigo tem que ter fé em.,valores
1878661,"Meire, Osmir, Erica, Deus está conosco.",outros
1878737,Leonardo é maior satisfação.,valores
1878745,Jesus tá comigo.,
1878758,marcelinho era guerreiro.,identidade
1879040,Ela é cheia de vergonha menina do bem.,identidade
1879158,"Ela é espetacular, é a mulher kama sutra.",identidade
1879159,Em cima do palco ela mantém boa conduta.,
1879203,essa mina alucina.,comportamentos
1879237,"Jogando a bunda, olha só que mina louca.",comportamentos
1879497,Pra ver se essa mina é selvagem.,identidade
1879517,"Ei, hey, mulher profissional?.",identidade
1879723,"Eita, caralho, que mina esquisita.",identidade
1879763,Noite de balada ela é a sensação.,identidade
1880367,Minha mulher é chapa quente.,identidade
1880412,Porque na porrada ela é foda e na cama ela é cruel.,comportamentos
1880424,Mulher barraqueira.,comportamentos
1880434,Oh mulher barraqueira.,comportamentos
1880443,Porque tu é mulher muito saliente.,identidade
1880629,"Ela não é minha namorada,.",identidade
1880649,Ela vem cheia de graça.,identidade
1880695,"Amizade especial, ela é sinistra piranha profissional.",identidade
1880935,Ela já tá embrasada (4x).,valores
1881730,Caô é forte o.,outros
1881918,Moreninha mina top sempre a mais requisitada.,
1882021,Cheio de mulher gostosa.,identidade
1882201,Elas são gostosa.,identidade
1882219,E ela tá estressada.,comportamentos
1882249,Eu sou mina top tipo que eles adoram na boca das.,aparencia
1882268,As minas top da zl vai mostrando com é que se faz.,outros
1882270,A familia tá crescendo do jeito que eu tô gostando no embalo da percusão as minas top vai esculachando.,identidade
1882275,Mp de lap top piriguete aumenta o volume e ve se aprende com a mina top.,outros
1882287,embalo da percusão as minas top vai esculachando.,identidade
1882323,"Papai sempre falou, luan seja inteligente.",identidade
1882327,"Elas tão perdendo a linha, elas tão doidona, doidona, doidona.",comportamentos
1882329,"Levei ela pra festa, elas foram a atração.",comportamentos
1882352,As meninas joga piada.,comportamentos
1882357,Minha mulher é braba hein.,identidade
1882413,fala sou um homem fuleiro.,identidade
1882414,eu sou um homem barato.,identidade
1882497,Eu tô rindo a toa e ela tá estressada.,comportamentos
1882548,"Dei um pente gostoso, ela ficou apaixonada e falou pra todo mundo.",outros
1882727,Eu tô rindo atoa e ela tá estressada.,comportamentos
1883000,"O nosso amor, ele é eterno.",valores
1883331,"Vem menina gostosa, esse seu jeito de olhar.",identidade
1883392,"Ela é uma gracinha, é toda lindinha.",aparencia
1884185,E quando ela é bonita.,aparencia
1884660,Mulher igual a você não tem.,identidade
1884860,Quando eu danço ela fica istigada.,
1884872,Ela quica machuca e não para.,outros
1884924,Mulher profissional.,identidade
1885027,Nosso bonde na balada eles ficam maluquinho.,outros
1885029,Eles estão descontrolados e todo mundo viu.,comportamentos
1885158,Garota estou perdido.,comportamentos
1885236,Você me escolheu pra ser seu homem eterno.,papel_social
1885522,"Mulheres lindas e o bolso sempre cheio,.",identidade
1885617,menina bonitinha.,aparencia
1885623,Ela já tá embrasada..,comportamentos
1885768,Baba ele todin pra ficar escorregadin.,outros
1885899,No acampamento ele era genial.,identidade
1886010,Escute minha deusa eu te amo de verdade.,aparencia
1886372,nossa que mina difícil.,identidade
1886842,"Não vai ser de brincadeira, ele vai ser campeão.",habilidades
1886888,Pra minha princesa tá escrtio assim ooo minha princesa tá escrito assim.,identidade
1886921,Ela está ficando louca.,identidade
1886967,Ela está ficando louca!.,comportamentos
1887046,"Menina selvagem da areia, menina selvagem da areia....",identidade
1887446,Agora sou um rapaz sério.,identidade
1887836,mulher interesante (x2).,valores
1888002,Ela é linda mas é mentirosa.,identidade
1888090,O menino solitario que quer ter o que não pode.,comportamentos
1888143,A mina ta chapada de whisky e.,comportamentos
1888491,Ela é a rainha do baile ela é a mulher que eu sempre.,aparencia
1888493,Ela é a mulher dos meus.,identidade
1888586,Ela ta sensacional.,identidade
1888591,ela quica pra valer.,habilidades
1888671,Porque ela é braba.,identidade
1888674,Ela é malvada.,identidade
1888725,Ela quica assim não para.,comportamentos
1888762,E o senhor é meu pastor e nada me faltará.,papel_social
1888948,"Essa mina é relíquia, cobiçada na favela, ela joga o meu jogo e eu patrocino ela..",identidade
1889020,Mano é tiro pra caralho..,outros
1889087,Se fica na água ela é uma santa.,comportamentos
1889090,Ela é gostosa de mais.,identidade
1889108,Mais no bagulho ela é atrevida.,valores
1889110,Deus duvida do que ela é capaz.,valores
1889173,Só mulher gostosa da alta e da cinco boca.,aparencia
1889265,Essa mina é louca na balada.,identidade
1889367,Essa vai especialmente para toda mulher fiel que ta no baile presente.,
1889408,"se tem mulher casada, neurose eu to correndo.",identidade
1889593,oh senhor tu me responda o que está acontecendo.,outros
1889979,"Amor de mãe é materno,.",identidade
1890076,"O desejo dessa mina é sua humilhação, dá valor pra.",comportamentos
1890241,Que ela fica louca.,comportamentos
1890253,Ela é top e sabe que é.,aparencia
1890316,Ela é dama de elite.,
1890318,"Mais fica a vontade, no funk de luxo ela é celebridade.",identidade
1890325,E na balada ela é sempre elegante.,aparencia
1890326,"Essa mina é tão impressionante, a todo instante.",identidade
1890343,Na boate ela quica causando.,papel_social
1890460,"Essa mina é chapa quente, é bandida experiente.",identidade
1890705,E o lema do menino é assim respeito pra ser respeitado.,identidade
1890824,Se tiver mulher gostosa.,aparencia
1890838,Ela tá rebelde.,comportamentos
1890877,As mina fica loca.,comportamentos
1890908,"Mas ela parece ser diferente,.",outros
1890935,Mas ela parece ser diferente (não se iluda não).,identidade
1890949,"Ela é top, ela é braba.",identidade
1890978,"Ela é top, ela é diva.",identidade
1891089,Ela tá sempre chique e elegante.,identidade
1891095,"Ela é gata, ela é linda.",aparencia
1891246,De menino não foi conselho.,outros
1891558,Nois é os pica por isso que elas imbica trazendo varias amigas no piko.,identidade
1891569,"Até mais, nois é louco mais louco de mente serena.",identidade
1891960,e você mulher guerreira.,identidade
1892257,"Eu sei, eu sei, ela é bonita.",aparencia
1892408,"Se eles forga, somos fodas, gostamos de andar na moda.",comportamentos
1892789,"Vive intensamente, mina caliente.",identidade
1892861,E se ela for digna do seu amor ela vai voltar.,valores
1892946,Enquanto ele era alcool puta cocaina.,outros
1893146,Tá bom se ela for solteira.,papel_social
1893147,Melhor se ela for baladeira.,identidade
1893423,"Fazendo por merecer, não deixando elas carente.",outros
1893768,Em casa ela é santinha.,comportamentos
1893769,"Mas na rua, ela é piranha.",comportamentos
1893771,E na escola ela é piranha.,identidade
1893775,Que você achou que ela era princesinha.,identidade
1894006,Ela é musa brasileira.,identidade
1894013,Menina aventureira.,identidade
1894022,Menina interessante.,identidade
1894040,Ela é original.,identidade
1894045,Mas ela é muito esperta.,identidade
1894121,Só tinha mulher gostosa.,aparencia
1894169,Ela mexe gostoso te faz delirar.,habilidades
1894210,Eita mina louca.,identidade
1895334,Quero ver a mãe tranquila sabendo que o filho frita.,comportamentos
1895337,Ele amanhece tubarão e vai dormir sardinha.,comportamentos
1895364,"Ela é grande, mas os.",aparencia
1895552,"(É tem uns menino bom novo hoje ai na rua,.",identidade
1895606,Ele é tão clarinho.,aparencia
1895615,O avó é lindo.,identidade
1895649,"E cantar rap nunca foi pra homem fraco,.",identidade
1895650,Saber a hora de parar é pra homem sábio..,valores
1895687,"Rap nunca foi pra homem fraco,.",identidade
1896165,Vejo as mães alegres com seus filhos!.,identidade
1896552,Cascão é rei do morro e a chapa esquenta fácil..,papel_social
1896606,"E no clássico feroz da cidade,.",outros
1896857,Ela é filha do manéco.,identidade
1896876,"Que logo meu respondeu, ela é filha do.",outros
1897144,O Criolo aqui é doido e não aceita mancada..,comportamentos
1897576,Casa de mãe é bom.,papel_social
1897970,"Mulher inteligente, sabe se valorizá.",habilidades
1898224,O homem é um animal que está sempre em conflito com a mente.,identidade
1898257,Há preconceito com o homem negro.,identidade
1898550,Elas só estão perdidas.,comportamentos
1898962,Mas ela é justa também.,identidade
1900014,Porém não se tocou que homem não é leão.,identidade
1901518,coitada da mãe é tão novinha.,identidade
1903049,"Ela é minha morena,.",identidade
1903055,"Pois ela é minha menina, ela é minha fulô, ela é minha.",identidade
1903875,Ele é mais que um rei poderoso.,identidade
1903878,Ele é alfa e ômega.,outros
1903890,Ele é o maioral!.,identidade
1904138,"Papagaio, mães cocotas.",identidade
1904254,No olhar inquieto da moça triste.,identidade
1904537,Juro que um dia eu vi um homem ser feliz.,identidade
1904549,"Ah, juro que um dia eu vi o homem ser feliz!.",identidade
1904583,Eu tenho uma namorada viva no interior.,outros
1905201,No dia em que eu vim de casa.,identidade
1906066,"Ela é a rainha, eu o rei.",identidade
1906083,Ela é a rainha eu o rei.,identidade
1908545,Ela é tão linda é sensacional.,aparencia
1908548,Ela é tão linda a todo instante.,aparencia
1908601,Que gosta de chegar mas ela ligeira se liga na hora.,comportamentos
1908613,Mas ela ligeira se liga na hora.,habilidades
1909623,Que é só você todas elas juntas num só ser.,identidade
1909628,"acompanha bom vinho, musa grega chama.",aparencia
1909654,"Feito pra você, que é todas elas juntas num só ser.",papel_social
1910069,"E ele nengro, doente.",identidade
1910070,Ela o confiou a uma mulher negra.,identidade
1910074,Ele cresceu sendo amado.,identidade
1910623,Ela é chegada.,identidade
1911081,Que é pro menino fraquejar.,comportamentos
1911779,"Ai, como essa moça é descuidada.",identidade
1911793,"Ai, como essa moça é distraída.",habilidades
1911827,"A moça bonita, onde anda você.",aparencia
1912406,Namorada mais amada.,identidade
1912853,Mulher nova homem velho ou sabido.,aparencia
1912923,Foge asa branca.,outros
1913215,Quem foi que disse que os homens nascem iguais?.,valores
1913912,Ela é bem mais rica que uma posse pessoal.,
1914553,Mulher não quero ser mais certo.,valores
1915880,ela é a campeã.,habilidades
1917916,Só as mães são felizes...,outros
1918182,Homens pobres das cidades.,identidade
1918986,"(marido velho, filhos adultos ).",outros
1921644,"Não é por isso que ela não possa estar feliz, sorrindo e cantando.",comportamentos
1922130,"A morte que nos toma a mãe insubstituível de repente dela, já nem me lembro.",identidade
1922475,Richard já era cantor.,identidade
1923006,"Embora, ele seja prenúncio do mal.",identidade
1923543,na boca vermelha de uma dama louca.,aparencia
1924023,Sejam eles morais físicos ou psicológicos.,valores
1924868,Na natureza onde ele é rei.,identidade
1925108,Só as mães são felizes.,identidade
1925185,(Só as mães são felizes).,papel_social
1925518,Que ele é um sonho bom.,identidade
1925937,"o homem antigo, o homem aflito e o homem amargo.",valores
1925998,disse o velho louco pro menino bobo cheio de ilusão.,identidade
1926100,"Ela é carioca, de.",identidade
1926106,"Ela é carioca, garota demais, e não sabe ter um dia de romance com o mesmo rapaz.",identidade
1926736,Mas ainda existem certos homens incertos.,comportamentos
1927057,Vou ter um dia uma mulher valente.,identidade
1927249,E o menino triste.,identidade
1927798,E o homem bom pratica o ato heróico.,identidade
1928244,E aprendi como eles são engraçados.,identidade
1928545,a menina nua.,aparencia
1929442,"Ele é irônico, é só irônico.",identidade
1929591,E você sabe muito bem que eu sou filha única.,papel_social
1929640,E ela é alérgica.,identidade
1929878,Ou se eu menino fosse mais amado.,outros
1930672,Tantas mulheres febris.,identidade
1931033,Minha minas gerais.,outros
1931827,"Rosa, menina rosa.",identidade
1931846,"Me disseram que você menina rosa, samba demais.",habilidades
1932251,"A mãe, que ela é maluca.",
1932521,"sobre as vidas alheias, ou como elas são feias,.",valores
1932548,Ele é um homem e eu sou apenas uma mulher.,papel_social
1932977,Todo homem será rei na terra.,papel_social
1933373,E ela estava viva.,identidade
1933545,Repare o crime senhor juiz.,outros
1934025,Esse homem nu sou eu.,
1935005,Onde o moço rio afunda nos olhos da moça.,outros
1935376,No coração de uma mulher |refrão.,identidade
1935408,Menina faceira.,comportamentos
1935469,Pois ela é mãe das flores.,identidade
1936158,Faz do homem pleno e vazio.,identidade
1936200,Aonde foi aquele moço bom da.,outros
1936542,Eu sou plebeu e ela é nobre.,identidade
1936551,"Menino bonito, menino bonito, ai.",identidade
1936552,"ai menino bonito, menino bonito ai.",aparencia
1938854,Moça tão bonita posso ir no seu quarto conhecer.,identidade
1939196,A moça mais bela que ultimamente eu conheci.,identidade
1939524,a minha mãe é mãe solteira.,outros
1939704,"João é rei, nunca foi réu.",identidade
1939712,Todo homem nasce livre.,identidade
1940262,Dança a moça triste do.,outros
1940375,"Qual o clã deste menino clandestino, qual o clã?",identidade
1940415,Menina bela vai me carregando.,identidade
1940515,Nenem que a mãe não mais aleita.,outros
1940610,Ela é tão bela e determinada.,identidade
1940905,Querubins são engraxates aos seus pés.,papel_social
1941463,"Coco é sincopado, eu vou sincopar.",comportamentos
1941575,"Só come alface, é uma garota suicida.",comportamentos
1943146,"Ela está suada, pronta pra se derreter!.",identidade
1943147,"Ela é puro êxtase, êxtase..",comportamentos
1944314,"Freud é tão simples, odeio-te meu amor!.",outros
1945202,Uma menina linda.,aparencia
1945414,HOMEM NÃO CHORA.,papel_social
1945430,QUE HOMEM NÃO CHORA.,papel_social
1945473,Se prepare querida pruma revolução.,identidade
1945486,"Como ela especiais, no seu jeito de se entregar.",comportamentos
1945561,Mulheres motores.,identidade
1945970,"Pai presente, mãe presente.",identidade
1945985,Insípido é inacreditável seu descaso.,identidade
1947653,Nossas belas bagatelas.,outros
1947817,como ela não tinha igual.,aparencia
1948145,Davi também foi desacreditado.,identidade
1948146,mas no final o gigante por ele foi derrotado.,habilidades
1948308,Não tenha medo ele já é derrotado irmão.,habilidades
1948736,Minha avó fica preocupada.,comportamentos
1948780,"O senhor tá ligado,.",identidade
1949262,Ele dirige todas aquelas meninas louco..,papel_social
1949588,Mas ela não é fácil e não bebe nada.,comportamentos
1951922,Mas com essa menina não adianta ser gostoso.,aparencia
1952256,sabendo que ela é burra.,identidade
1954152,Sabath é trabalho hip hop de rastaman.,outros
1955573,Olho pro mar ele fica revolto.,outros
1955963,Ele é um cara 100%.,identidade
1956093,Era um menino prodígio.,comportamentos
1956151,Ela é uma fera.,
1957302,"Ela é princesa,malícia quando passa por mim, sorriso de quem sabe seduzir.",identidade
1957681,"Ela é diferente, bagunçou a minha mente.",identidade
1958055,Que eu sou um homem bem mais feliz.,identidade
1958968,Mais garoto primeiro você tem que saber jogar o meu jogo.,comportamentos
1959494,E ela mesma se encontrou.,habilidades
1959599,Sou uma garota idiota.,identidade
1959770,"Mas na verdade, ele ta muito ruim.",comportamentos
1960970,"Ela é preto e branco, eu verde e amarelo.",identidade
1960972,Ela é cult e eu sou clichê.,identidade
1960974,Ela é bossa nova e eu sou baião.,identidade
1961452,Pros lados da serra de minas gerais.,outros
1961700,E hoje sou um homem infeliz.,identidade
1962075,A moça mais linda que tanto amei.,aparencia
1962321,Desse violeiro ela é a paixão.,identidade
1963464,Hoje sou um homem triste.,identidade
1963648,De homem fraco vacilante e fraco.,identidade
1965576,Serviço e mulher feia.,identidade
1966258,Mulher bonita passa por mim.,aparencia
1966399,Tem que ter mulher bonita.,aparencia
1966546,Eu sempre me achei um rapaz normal.,identidade
1966624,Da mulher sou dependente.,comportamentos
1968029,Sou o homem mais triste do mundo.,papel_social
1968482,Ela é difícil de amar.,comportamentos
1968485,Ela é favo de mel.,identidade
1968747,Ela é teimosa.,comportamentos
1968748,Ela é toda prosa.,comportamentos
1968920,Mulher seja preta ou branca grande prestigio disputa.,identidade
1969419,Eu sendo um garoto estudioso.,identidade
1969437,Senhor foi menino brasileiro.,identidade
1970067,"Minas gerais tem queijo, goiabada e tem muito mais.",outros
1970068,"Minas gerais é terra da alegria, é terra da paz!.",outros
1970069,"Minas gerais tem sanfona, viola e tem muito mais.",outros
1971942,"Ô moçada, vai rasgando que.",outros
1972035,"Essa menina é uma loucura que me leva nas alturas e me faz cair no chão,.",comportamentos
1972036,Essa menina é uma loucura que me leva nas alturas e me faz cair no chão..,identidade
1973043,"“Êta” mulher boa, essa tá na minha pegada.",outros
1973077,"“Êta” mulher boa, essa tá na nossa pegada.",comportamentos
1973742,"A casar com um homem rico, a contra gosto ela casou.",comportamentos
1973860,Pro menino guarani.,identidade
1973892,"Pega na viola pra cantar sua poesia, quando fora a brisa fria, vem com ele duetar.",outros
1974097,No amor ela é linha de frente.,
1974102,"Ela sabe se dar, ela é diferente.",identidade
1974106,"É a mulher ideal, amante, amada, amiga.",identidade
1974827,Deus faça de mim um homem forte.,outros
1974840,"Sou um homem casado, coberto carinho.",identidade
1975076,Se a menina é ligeira eu grudo ela nos braços.,identidade
1975110,Homens fortes valentes.,identidade
1975309,E a mulher namoradeira eu passo.,identidade
1975788,"Esse juiz é uma fera, um homem sério e de tutano.",identidade
1976031,Ela é minha paz.,papel_social
1976357,entrega seu corpo a homens estranhos.,
1976825,Vou fazer de você a mulher mais feliz do mundo..,papel_social
1977781,E o astro rei majestoso.,identidade
1978063,Deus é o dono da palavra ele é dono do louvor.,identidade
1978065,Pra todo sempre ele é o senhor.,identidade
1978066,Ele é o dono desta casa.,outros
1978558,Sua mulher é linda você tá de parabéns.,aparencia
1978610,Moça linda por favor guarde todo esse amor.,aparencia
1979283,"Ela tá beba doida,.",comportamentos
1979285,Ela tá beba doida.,comportamentos
1979297,Ela tá beba doida..,comportamentos
1979310,"Balada proibida, só mulher bonita.",aparencia
1980514,Manda pro inferno a mulher mais querida.,aparencia
1980991,Aldo de um homem valente.,identidade
1981001,Ela já foi minha dona.,identidade
1981327,"Vem amante, eu sou aquele homem certo.",
1981504,"Antes levava moça linda na garupa,.",aparencia
1981538,Comigo ela é esposa.,identidade
1982521,Feitiço não é pecado.,outros
1982712,Porque ela é tua irmã....,papel_social
1983133,Quis ser feliz.,identidade
1983599,Já não sei o que faço pra ser um homem feliz.,identidade
1983897,"sou um moço pobre, porém muito honesto.",identidade
1983901,se para o senhor ser pobre é defeito.,papel_social
1984052,Eu sou apenas um homem comum.,identidade
1984071,Sou apenas um homem comum.,identidade
1985129,"Eu sou carne e ela é unha, é paixão que não tem fim....",comportamentos
1985132,"Para escrever esses versos, ela foi a inspiração,.",habilidades
1986982,Mulheres valentes elas são prudentes.,
1987072,Trás a cura por que ele é doutor.,habilidades
1987272,É que ele ainda estava calado.,comportamentos
1987299,Ele é valente na batalha.,outros
1987314,Vai sumir pois pra você ele é doutor.,identidade
1987316,Ele é o juiz e também o advogado.,identidade
1987407,Guerreiro do céu os anjos cantam que ele é fiel.,identidade
1987409,Ele é vencedor ele é campeão.,identidade
1987525,Enche o crente de um jeito e deixa ele perfeito.,outros
1987621,"Ele forte, poderoso é tremendo e milagroso.",habilidades
1987693,Do senhor é é o mundo e os quele habitam.,valores
1987697,Separei a terra seca para homem abitar.,outros
1987782,"Ele é capaz de tudo, ele para o mundo.",papel_social
1987940,Ele é mesmo assim ele é tudo pra mim.,identidade
1988173,O senhor é contigo pra ti defender.,identidade
1988302,Senhorita dama da noite.,identidade
1988691,"Para cumprir sua promessa, a moça veio ligeiro.",habilidades
1988701,O Juca era bobo.,outros
1988702,O Juca era tonto.,
1988739,Juca é bobo.,comportamentos
1988740,Ou se ele é sabido demais.,identidade
1988877,Um homem triste vai seguindo a caminhada.,identidade
1989068,Ele é o bom da boca é um porra loca.,identidade
1989069,ele é mesmo assim.,identidade
1989291,Basta ter uma viola e mulher boa na festança.,aparencia
1989313,Mulher bonita prende fogo no salão.,aparencia
1990600,"E toda noite, na pista, ela mexe gostosa.",identidade
1990601,"Chega a doer na vista, ela é maravilhosa.",papel_social
1991629,Que mulher igual à ela.,outros
1991838,"A menina é boa, boa demais.",identidade
1991839,É filha única é fazendeira em.,identidade
1992021,Eu seria o homem mais feliz do mundo.,comportamentos
1992204,Sentindo o drama de um homem sozinho.,identidade
1992428,Bebo por uma dama meiga e bela.,aparencia
1992431,Ela é a razão do meu sofrer.,identidade
1992460,"Arrume tudo, mãe querida, o seu filho vai voltar.",identidade
1993064,Aquela garota vaidosa.,identidade
1993815,"Não quer saber de malhação, ela tá linda.",aparencia
1993817,"Ela é gordinha mas é minha, eu não troco por nada.",aparencia
1993819,"Ela é gordinha mas é minha, tem gente querendo.",aparencia
1993869,Ela é dona do meu coração.,identidade
1994824,A mulher mais linda que pisou no solo do meu coração.,aparencia
1995155,não deixo mulher bonita.,aparencia
1995498,Mulher bonita é o que não falta no rodeio.,aparencia
1996639,Olha que mulher charmosa.,aparencia
1997300,"Ela foi atriz, eu fui infeliz.",identidade
1997311,Mulher bonita não se joga fora.,
1997317,"Ela é doida, eu sou mais.",outros
1997717,Ela é mulher perfeita.,identidade
1997952,Não sei por que ela adora a vida rude de um homem xucro.,outros
1997957,Parece ser incrível uma moça delicada.,comportamentos
1997963,Vivo sozinho sempre fui um homem livre.,identidade
1997971,Festa de moça bonita.,aparencia
1998343,"Deus, Ele está sempre comigo.",valores
2000230,"Chiquinha, menina nova,.",aparencia
2000463,Ela sempre sorridente a seus pretendentes não diz sim.,aparencia
2002061,Você é a moça mais bela.,identidade
2003293,Requebra que requebra menina faceira.,habilidades
2003456,Mulher bonita é o que não falta no bailão.,aparencia
2003469,"Não existe mulher feia, é vocês que bebem pouco.",aparencia
2005068,"Nas águas sou protegido, rainha mãe.",identidade
2005299,Quem tem mulher bonita sofre igual burro de carga.,aparencia
2005307,"Mulher bonita é sempre mais cobiçada, dependendo da cantada ela cai em tentação.",aparencia
2005319,"Mulher bonita é bom mas é perigoso, se o peão for nervoso acaba ficando lelé.",aparencia
2005359,"Um homem ereto, preso a uma asa de pano.",identidade
2005606,Viola é meu instrumento e a moça é minha viola.,outros
2005908,Nóis só quer mulher bonita mas as feias nos persegue.,aparencia
2006479,A mina chique numa calça santropê.,aparencia
2006565,Bota o sertanejo sem vergonha que ela acha bom.,valores
2006878,Beijo de mulher bonita.,aparencia
2007175,"Ele é grande é cabeçudo, ele é bravo, é nervoso..",aparencia
2007315,Quanto mais mulher bonita a gente bebe e acha “bão”..,aparencia
2007316,"Mulher bonita, judia com o coração,.",
2007565,Ela é toda malícia.,identidade
2009230,Ele é livre como o vento.,identidade
2009231,Ele é grande como o mar.,identidade
2009745,"e vamos nessa peleia,potro homem,homem potro..",aparencia
2010932,Ela é bem diferente.,identidade
2011132,Ela fica mais certeira.,comportamentos
2011530,Mulher livre não comprometida.,identidade
2011937,Deus eu não sei como ela foi capaz.,habilidades
2013005,sou o homem mais triste desta cidade.,identidade
2013400,Maria é bom viver.,outros
2013749,Ela é a preferida.,comportamentos
2013750,Ela é a flor da noite.,aparencia
2013772,Ela é uma flor da noite.,aparencia
2013875,PELA MULHER NA MESMA CAMA.,
2014838,a mulher mais linda que adoro tanto.,aparencia
2014980,Dizendo que ela estava nervosa.,identidade
2014984,Diz que sou o homem melhor deste mundo.,identidade
2015211,Salvo na terra moça boiadeira.,comportamentos
2015927,Aquele homem selvagem.,identidade
2016689,Ela prefere ser careta.,identidade
2017042,Odeia homem frouxo.,valores
2018544,E a garota mais bonita que encontrei.,aparencia
2019233,Bendita és porque hoje eu sou um homem mais feliz.,outros
2019242,"Bendita és, porque hoje eu sou um homem mais feliz.",valores
2020277,Aquela menina era felicidade que eu tanto esperei.,valores
2022055,Sua esposa é uma roseira e cada filho é um botão..,identidade
2022329,"Corro de mulher casada pra minha vida não complicar,.",outros
2022390,"E mulher namoradeira, quando quer trocar de macho..",identidade
2022408,"E mulher namoradeira, quando quer trocar de macho.(2X).",outros
2022826,O coração da mulher é uma caixa de segredos.,outros
2023184,(se largarmos da mulher interesseira é porque encontramos.,comportamentos
2023185,"a mulher verdadeira, mas lembrem-se meus amigos que mulhe.",identidade
2024289,A mulher verdadeira.,valores
2024657,Que ela é top.,identidade
2025068,mãe querida.,identidade
2025637,"Mulher bonita, hoje aqui tá cheio.",aparencia
2025939,Fazer o que se ela é moderna?.,identidade
2026003,Eu sou mesmo um homem santo.,identidade
2026021,"Ela é top, é filé.",aparencia
2026182,Ela é cheia de jeitinho pra falar comigo.,
2027072,"Eu arrumei um enguiço, com uma mulher ciumenta,.",
2027083,"Se ela continuar nervosa não sei se vou agüentar,.",comportamentos
2027127,"Só ataca mulher boa, e quando enjoa , sai comentando.",identidade
2027270,Essa mulher é bandida.,identidade
2027391,"Marido quis me matar, mas ela foi camarada..",comportamentos
2027399,De um certo tempo pra ela ta desconfiada.,comportamentos
2027429,Você é um rapaz tão pobre.,identidade
2027587,Imagino eu e ela sozinhos....,comportamentos
2027706,Por essa mulher bonita.,aparencia
2028222,Homem que tem mulher brava.,identidade
2028935,"Sua menina linda, olha, eu tô do seu lado.",
2028977,Ela mora sozinha.,outros
2029440,Mas quando a mulher chega pertinho.,comportamentos
2030273,Das coisas que essa mulher é capaz.,habilidades
2030287,Essa mulher é uma arma fatal.,aparencia
2030290,Ela tá prontinha pra te conquistar.,comportamentos
2030779,Ela tá quente e eu já tô fervendo..,comportamentos
2030803,Se me vê com mulher feia pode crer que eu to doente.,
2031671,"Ela é maluca, é linda e sabe que é gostosa.",identidade
2031680,Ela é tipo de mulher independente.,identidade
2031687,Se ela sozinha já é um perigo.,identidade
2031690,Se ela solteira já é um perigo.,identidade
2031839,"Todo homem tá cansado, já chifrou já foi chifrado.",comportamentos
2031846,vai atrás de menina loucamente apaixonada.,papel_social
2031912,"Ela é princesa, é poderosa.",identidade
2031915,Ela é estrela.,identidade
2031916,Ela é divina.,identidade
2032030,Ela sabe ser sexy sem ser vulgar.,identidade
2032037,E na balada ela é a sensação.,identidade
2033521,A mulher linda por quem sou apaixonado.,aparencia
2033537,"Uma moça muito linda, bem na flor da mocidade.",aparencia
2034127,Seu jeito maluquinha ela disfarça é tão particular.,comportamentos
2034475,O meu irmão zé tá louco por uma menina.,comportamentos
2034478,De fato ela é uma graça.,identidade
2035278,Que ao lado de outro homem tá feliz demais.,valores
2036185,E ele que era um homem sozinho.,identidade
2036219,O rapaz namorador.,identidade
2036726,"Já me avisaram, que ela não é mulher de casar.",papel_social
2037016,Se toca uns modão é tapa na mesa.,comportamentos
2037712,olhe pro alto minha menina nova vida vai chegar.,papel_social
2038801,Somente ela é minha flor.,identidade
2038836,Junto a mim ela estava tão linda.,aparencia
2039161,"Ela é um encanto, ela é uma flor.",identidade
2039290,Se eu fosse um homem fraco.,identidade
2039583,Ela é a luz que domina meu ser.,identidade
2039699,Mãe pensando nisso vivo a lamentar-me.,comportamentos
2039972,Ele tava acostumado com mulher cheio de frescura.,identidade
2039997,Mas ela é poderosa po po po poderosa.,identidade
2039998,Ela é perigosa pi pi pi pirigosa.,outros
2039999,Ela é poderosa po po po poderosa.,identidade
2040000,Mas ela é perigosa pi pi pi pirigosa.,valores
2040498,Ela chega chegando pronta pra detonar.,identidade
2040499,Ela sabe ser gostosa sabe me conquistar.,comportamentos
2040502,"Ela é musa ela e top, gata sensual.",aparencia
2041105,"Ela sabe ser gostosa, sabe me conquistar.",aparencia
2041108,"Ela é musa, ela é top gata sensual.",comportamentos
2042350,Porque os meninos maiores que eu.,aparencia
2042396,Ela é fiel a verdade dela.,valores
2042416,"Menina interior seu jeito leve, cura.",identidade
2043461,Se ela não vier é grande a minha dor.,outros
2043561,Sinto a minha alma triste e vazia sem a senhora mãezinha querida.,identidade
2043598,A moça era milionária.,habilidades
2043600,O moço era bem pobre.,identidade
2043621,e hoje por ele ser pobre.,identidade
2043781,"Minha mãe estava muito doente, pra mim foi um golpe dolorido.",identidade
2044168,E lhe digo mulher querida.,aparencia
2045522,a mulher mais linda do mundo me olhando.,aparencia
2045725,"Sabe, ela é uma pessoa que eu convivo bem.",comportamentos
2046464,Para um menino tão maluco.,identidade
2046992,A menina pensativa.,identidade
2047290,"Essa mina tá doidona vai descendo até o chão,.",comportamentos
2047291,Ela quica ela rebola quando toca o tamborzão.,habilidades
2047559,"Nois é foda, nois é fera, nóis não copia nóis cria.",outros
2047837,Uma mulher braba em casa doidinha pra me matar.,comportamentos
2048415,Só que ela tão modesta.,valores
2048437,Por que ele muito esperto.,habilidades
2048738,Mas por sorte ela mesma me atendeu.,comportamentos
2048782,Por viver em companhia de uma mulher traidora.,identidade
2048870,"Afaste dele, ele é casado.",identidade
2049095,E hoje menina moça.,identidade
2049518,SE ELE ENCHUGA O PRANTO EU LHE TIRO A DOR.,outros
2049598,Quem me vê com mulher feia pode crer que eu tô doente.,identidade
2049757,Foi brilhante um moço advogado.,identidade
2049855,Se a mina for meia louco pra encarar.,outros
2049906,Ela é comprometida não consigo controlar.,identidade
2049908,Mulher mulher.,papel_social
2049960,Deus que mulher divina.,aparencia
2049961,Ela tem maior idade.,identidade
2049978,Ela é uma máquina é um avião.,identidade
2050079,ela é bonita e eu sou bonitão.,aparencia
2050080,Mulher bonita é comigo mesmo.,aparencia
2050101,O homem muito valente.,identidade
2050110,Eu tolero mulher feia mas não me passa pra trás.,aparencia
2050113,Dez meninos pequeninos começaram a chorar.,comportamentos
2050127,"Preciso dos teus abraços, minha dama preferida.",aparencia
2050188,Que mulher bonita que aparece.,identidade
2050313,"Essa mina é bela, da balada e do bar.",identidade
2050464,E acha ela tão linda.,aparencia
2050475,De um garoto esperto e uma pobre menina.,
2050899,Hoje eu to no grau e não existe mulher feia.,aparencia
2051094,"Se ela é bonita,.",aparencia
2051097,Se ela é querida.,identidade
2051099,Se ela é famosa eu sou respeitado..,identidade
2052271,eu sou a sua musa preferida.,aparencia
2052371,Não falta mulher gostosa no meu carro turbinado.,outros
2052377,Mulher raparigueira que na hora da zoeira agente passa a noite inteira pra matar meu tesão.,habilidades
2053430,"Ele foi o verão, foi a chuva e foi o nome.",identidade
2053432,Foi ele amigo baião.,identidade
2053436,Ele foi o calor das morenas faceiras.,comportamentos
2053453,Menina nova quando entra num torrado.,comportamentos
2053468,Nem aprender o que é um torrado de moça nova.,identidade
2053984,Eu vou fazer de você a mulher mais feliz do mundo.,identidade
2054128,"Ela é linda,faz questão de esconder sua beleza.",aparencia
2054135,Mas sempre segura um homem maduro na vida ela quer se dá bem.,papel_social
2054719,A dança que remexe garota safada.,papel_social
2054782,Quando a mulher vê que o homem ta apaixonado.,identidade
2054784,E o homem é insistente só fica todo contente.,comportamentos
2054872,"Ele é muito quente, é bacana e pode crer.",identidade
2055088,"Aqui tem mulher bonita, aqui tem moço educado, isso sim que é.",
2055238,João é alegre pra xuxu.,comportamentos
2055384,O homem aqui feliz sou eu.,identidade
2055497,Ela é agigantada parece uma tanajura.,aparencia
2055529,O progresso do homem é tão sublime.,valores
2056355,São palavras que eu quero te fazer provar.,aparencia
2056760,Pense numa mulher arrumada doida para ser amada.,identidade
2056762,"Mas também pense numa mulher traiçoeira, vagabunda e desordeira.",identidade
2056764,Pense numa mulher objeto que não tem um canto certo.,comportamentos
2056766,Também pense numa mulher leviana que só quer a sua cama.,identidade
2056860,Zumbi é senhor das guerras.,outros
2057155,Ele é um zagueiro.,identidade
2057196,Menina bonita é um céu azul.,aparencia
2057199,Ela é alegria de minha tristeza.,identidade
2057639,Pois ela é toda colorida.,identidade
2057640,Ela é a coisa mais meiga.,identidade
2057713,Pois ele é muito bom também.,identidade
2057735,Flu foi campeão.,outros
2058491,Menina rosa.,identidade
2058540,"Pelo seu amigo mais querido ele foi apunhalado,.",outros
2059011,Um dia um menino cego.,identidade
2059274,"Menina moça gavião, aluvião, anunciando anunciação.",identidade
2060174,"Minha menina felina, meu mel , arranhão.",identidade
2060192,"Mulher perversa,.",identidade
2060336,Moça direita e bonita.,identidade
2060343,Que era a moça mais bonita.,aparencia
2060666,O sanfoneiro quando vê moça bonita.,aparencia
2060713,Pra que ele não venda biscoito no trem..,
2060798,que a filha é falada em toda região.,comportamentos
2060804,A Zefa é moça bonita.,
2060808,Os homens ficam quase doidos.,comportamentos
2060956,Tem menina assanhadinha.,comportamentos
2061047,Quem nasce em minas é mineiro.,papel_social
2061224,É triste seu moço é triste.,identidade
2062120,Essa mina é chapa quente é bandida experiente.,aparencia
2062349,Ela anda sexy toda guapetona.,identidade
2062350,"Ela não é amante, não é prostituta, ela é fiel, ela é.",identidade
2063186,E ELA VEM CHEGANDO DE BRANCO MEIGA PURA LINDA E MUITO TÍMIDA.,identidade
2063242,Mendes tá preocupado.,comportamentos
2063249,Mas cavalos lentos e mulheres ligeiras salientes.,outros
2063843,De menino contente.,identidade
2063854,Mulher carinhosa.,comportamentos
2064077,Eles são discretos e silenciosos.,comportamentos
2064172,Todo homem deve ter uma esposa bonita.,aparencia
2064195,Será que ela ainda está muito zangada comigo.,comportamentos
2064202,Ela é a paz da minha guerra.,identidade
2064223,Há seis mil anos que o homem vive feliz.,outros
2064229,Eu sou um homem sincero.,identidade
2064231,Homem sincero quero morrer nascer.,valores
2064481,Que ele seja o portador da paz.,identidade
2064505,Ela é a razão prá eu ficar.,comportamentos
2064508,Ela é a razão pra eu ficar.,valores
2064894,Menino bom em sua lingua natal.,
2064895,Menino bom que se tornou imortal.,identidade
2065078,O filho do seu menino ficou rapaz.,outros
2065888,Mulher bonita é vitrine de avenida.,aparencia
2065893,Agora eu vivo com ela contente.,identidade
2065902,Sem ela muito pior.,valores
2065904,Viver pra ela é melhor.,valores
2066640,as moças chiques.,identidade
2066898,Ela era estrela.,identidade
2066904,Mas ela era nova.,aparencia
2067282,Aqui meu irmão ela é coisa rara de ver.,identidade
2067661,Mas ela é maior e vacinada (2x).,identidade
2068052,Se prende no rebolado de uma mulher bonita.,aparencia
2068064,Um homem rico gente fina de destaque.,identidade
2068130,"Tem sanfona, tem ganzá, e tem mulher boa.",outros
2068212,Esse misturado ele é muito quente.,identidade
2068358,O Homem casado não agüenta.,papel_social
2068359,menino chorão e mulher ciumenta.,comportamentos
2068362,namorei uma garota muito bonitinha.,aparencia
2068379,é menino chorão e mulher ciumenta.,comportamentos
2068414,Veja só moça boba o que é que faz.,identidade
2068591,Francisco que é um menino calma.,comportamentos
2068671,Meu pai é um homem bom.,identidade
2068716,Você é menina moça.,identidade
2068720,"Menina moça, tão bela.",
2068740,"É coco menina, menina mulher.",identidade
2068794,"De menino criança, homem feito já morrendo.",outros
2068864,Essa menina é uma brasa.,identidade
2068867,E ela é apimentada.,identidade
2069168,Jesus só queria ser preto também.,aparencia
2069186,"Senhora rainha, Quelé.",identidade
2070460,Tão triste terminar.,papel_social
2071237,Minha princesa cinderela.,
2072017,Ele é fodão.,identidade
2072046,E as meninas ficam loucas.,comportamentos
2072339,"Lá vem o homem, que matou o homem que matou o homem mau.",identidade
2072342,Pois o homem que matou o homem mau.,identidade
2072356,Um homem bom e corajoso e ligeiro no gatilho apareceu.,identidade
2072359,A preferida do homem bom.,identidade
2072364,No chão o homem mau ficou.,comportamentos
2072366,E o homem bom com a recompensa que ganhou.,comportamentos
2072369,"Lá vai o homem, que matou o homem que matou o homem mau.",comportamentos
2072388,Tem o homem foguete.,identidade
2072434,Nos dias que ela fica minguada.,comportamentos
2072461,De um homem simpático e feliz.,identidade
2072464,"Qualquer homem feio, qualquer homem feio.",aparencia
2072513,Ele vai confiante em direção ao topo do mastro.,comportamentos
2072827,"Ai ai ai, moça bonita.",aparencia
2072831,Moça bonita.,aparencia
2072836,"Moça bonita, ai ai ai.",aparencia
2072837,"Moça bonita, bonita fêmea.",aparencia
2072854,"Ai ai ai moça bonita, moça bonita.",aparencia
2072858,"Moça bonita, moça bonita.",aparencia
2072904,Mulher brasileira eu quero você prá mim.,
2072922,Mulher brasileira...,identidade
2072923,mulher brasileira.,identidade
2072959,"Mulher graciosa, alcança a honra.",valores
2073030,Todo homem deve ter uma mulher bonita.,aparencia
2073174,Menina menininha.,identidade
2073223,Pois menina bonita não chora.,aparencia
2073385,Ele vem feliz pois ele vem voltando.,comportamentos
2073606,Ela é a liberdade.,identidade
2073607,Ela é a rima e o amor.,identidade
2073608,Ela é a mulher.,identidade
2073609,Ela é a sensualidade.,identidade
2073619,E tem mais ela é linda demais.,aparencia
2073652,Por que ele é um herói.,identidade
2073966,Pois ele é o padrinho de sinhá.,papel_social
2074016,Moça simpática prendada ano ginasial completo.,habilidades
2074033,Pois um moço simpático.,identidade
2074498,"Eu quero mais é a moça bonita que passa,.",aparencia
2074514,"Ele vem saliente, alegre, contente,.",identidade
2074716,"Cantador é cantador,.",identidade
2074984,Da burguesia e dos homens ilustres da.,identidade
2075203,"Claudionor era um rapaz inteligente,.",identidade
2075719,Que em todo lugar mulher sempre é mulher..,identidade
2076622,Tu es a filha pródiga que volta.,outros
2076751,"Ah, eu vivo entre mulheres levianas.",identidade
2078052,"Menina rosa, botão e flor.",papel_social
2078060,"Boneca linda, menina morena.",identidade
2078365,Eu sou um menino grande iaia.,identidade
2079044,Ta cheio de mulher bonita não podia ser melhor.,aparencia
2079045,"Tem mulher casada, tem mulher solteira.",identidade
2079046,"Tem viúva nova, e moça namoradeira.",papel_social
2079050,Cheinho de mulher é bem melhor.,identidade
2079489,Sempre disseram que ele é um caso sério.,outros
2079941,"Soares é japonesa ou não, Banzai!",identidade
2080953,Mulher valente é minha mãe..,identidade
2081764,"Tu é dark, ele rip, ela é punk, todos dançam funk lá.",identidade
2083059,se ela é convertida em terra..,
2083178,"Todo homem rude, todo homem sábio.",comportamentos
2083227,"Gostosa, ela é gostosa.",aparencia
2083244,Mas ela é gostosa.,aparencia
2083270,O homem é um espírito eterno.,identidade
2083271,O homem é um arquetipal eterno..,identidade
2083459,Há 10.000 anos o homem vive feliz.,
2083540,Uma dama milhonária e perigosa.,identidade
2083553,Passam-se os anos o homem vive feliz.,identidade
2083590,Pelas moças bonitas.,aparencia
2083597,"Pelas moças bonitas eu vou torcer, eu vou.",aparencia
2083626,Ela quer ser testada rigorosamente.,comportamentos
2084059,Por duas mulheres sorridentes.,identidade
2084380,Mulher bonita e elegante.,
2084392,Uma linda dama negra.,aparencia
2086462,Ele foi meu camarada.,papel_social
2087139,Ela fica contente.,comportamentos
2087242,"Onde tem mulher bonita, homem não quer ficar só.",identidade
2087916,Que ele mesmo quis.,comportamentos
2088054,"Ele é movimento, se move com o tempo.",comportamentos
2088782,Mulher é flor que sabe ao mundo perfumar.,identidade
2089003,Do lugar moça mais bela.,aparencia
2089263,"Arlindo é pai d'égua, foi passando a régua, eu fiquei logo bão.",identidade
2089392,"Acredite, ela é chic radical.",outros
2089405,Besterol ela acha genial.,valores
2089513,"Tem retrato falado, ele é o bão.",identidade
2089515,"Mas não pegou prisão, ele é o cão.",identidade
2089853,Que ele é o espelho do espelho que sou eu.,identidade
2090066,nosso amor não tem mais jeito ele quase perfeito é dificil ter fim.,outros
2090069,esquece assim nosso amor não tem mais jeito ele quase perfeito é.,outros
2090228,Dia de festa menina namoradeira.,identidade
2090232,Ô menina segura a saia não deixa a saia voar.,outros
2090242,ô menina segura a saia não deixa a saia voar.,habilidades
2090346,Que esse amor me fez um homem sofredor.,identidade
2090387,Ela é boazinha eu meter lhe o pau.,identidade
2090393,Querendo pegar ela por ela ser sozinha.,identidade
2090513,Posso dizer que ela é boa de cama.,identidade
2090662,"Ela não achou muito bom, mais eu peguei;.",comportamentos
2091131,"Eu tô bem na fita, só mulher bonita.",aparencia
2091570,Ei ele é rei ele é cor.,identidade
2091632,"Ela quica, ela para.",comportamentos
2091760,O homem carinhoso fiel que te amava.,valores
2091817,Niguém sabe se ele é branco.,identidade
2092291,ele é todinho seu.,identidade
2092565,Ele é leão do império.,papel_social
2093494,Ela é magnética!,identidade
2093495,Ela é magnética!.,identidade
2093544,Ela é minha dor.,identidade
2093766,ela será eternamente gloriosa!.,valores
2094045,E depois que o menino nascer.,
2095533,Moço cansado de remar contra a maré.,
2096559,Eu sou um menino passarinho.,identidade
2096738,"Ela é falsa tá na cara, seu semblante já mostrou.",identidade
2096915,"O Tonho já tá liberado, e foi morar no cabaré..",
2097109,Quando passa uma mina manhosa.,comportamentos
2097263,"Mulher dengosa, quero.",
2097334,ache ela bem má ....,comportamentos
2097455,Uma mulher decente.,identidade
2097471,Ele é meu neto e eu sou cunhado dele.,identidade
2097475,Acaba esse garoto sendo meu avô.,identidade
2097602,"Ele é tão palpitoso, tão fofinho e bonitinho.",identidade
2097751,Todo homem é sonhador.,habilidades
2097784,"Chamego de motorista, é menina é menina.",identidade
2097931,"Mãe menininha rezando, pra gente no cantua..",identidade
2098324,De manhã ele mesmo traz o lanche.,comportamentos
2098887,Mas no forró se tiver mulher bonita.,identidade
2099561,por onde anda aquela moça feiticeira.,identidade
2099715,Eu quero alguém pra balançar meu coração.,comportamentos
2099974,Ela não tem mais celular;.,identidade
2100134,"Quanta alegria das meninas dançadeiras,.",comportamentos
2100149,"Ela é a dona,.",identidade
2100296,Faz o homem menino viver mais feliz.,identidade
2101507,Ele é famoso.,identidade
2101673,Tem tanta menina bonita.,aparencia
2101959,que não gostava de festas / e tinha três filhas solteiras /.,comportamentos
2102038,Com a filha mais nova do patrão.,outros
2102048,Mas só vou com a filha mais nova do patrão.,identidade
2102057,Cachaça e mulher bonita foi a minha perdição.,aparencia
2102179,Homem casado quando tá cheio no dinheiro.,papel_social
2102208,quando chega no samba ela mostra que é bamba ela é nota dez.,habilidades
2102364,saudade não tem braço mas aperta ela é uma porta aberta.,outros
2102470,sei que essa menina tá apaixonada.,valores
2102488,sou um homem diferente.,identidade
2103143,E a namorada analisada por sobre o divã.,comportamentos
2103280,"Moça donzela, mulher dama ilusão.",identidade
2103485,"Moça linda, por favor,.",aparencia
2103631,No meu tempo de criança eu era menino chato.,comportamentos
2103646,Uma moça bonita.,aparencia
2103654,Mas uma moça bonita.,aparencia
2104249,Nesse jeitinho de moça brejeira.,comportamentos
2104412,Porque ele é um pedaço de mim.,identidade
2104576,Xangô é peixe do mar.,identidade
2105011,Ela é cheirosinha.,identidade
2105243,No norte ele era querido.,identidade
2105502,Eu sou o fogo ela é a lenha da fogueira.,identidade
2105668,Moça bonita bota água de cheiro.,aparencia
2105826,Ele é um artista.,outros
2105913,Mulher bonita na sala a gritar.,aparencia
2106006,Se a mulher for boa no mocotó.,valores
2106056,Dança cabra muito feio e muita menina bunita.,aparencia
2106674,"Que mulher doida,doida,doida,doida.",comportamentos
2106725,Essa mulher tão boa de cama.,habilidades
2107011,E a mulher nao é chegada em homem nao.,identidade
2107160,Eu arrochei uma menina tão linda.,
2107164,essa mulher tão boa de cama.,habilidades
2107166,eita mulher tão boa de cama.,habilidades
2107267,"Mas ela é feia, é feia, é feia, é feia que doi.",identidade
2107394,"que mulher doida,doida,doida doida,doida doida doida.",identidade
2107481,O homem quando é forte.,identidade
2107502,Vc é fogosa demais.,comportamentos
2108064,Nem homem bonito.,
2108799,Alagoas é mulher é boa (bebe e beija).,outros
2109249,"Antigamente as meninas cozinhavam igual mamãe,.",outros
2109250,"hoje em dia elas estão bebendo igual papai"".",comportamentos
2109261,ninguém vai me mudar não existe homem perfeito..,outros
2109597,As meninas gingam gigam sem parar.,comportamentos
2111432,Nessa história ela é a dama.,identidade
2111767,Sou rapaz honesto.,identidade
2111812,Uma mulher bonitinha.,
2111864,"Deixa ele desmontado,deixa ele torto,.",comportamentos
2111949,"Você é um homem casado,.",identidade
2112749,O homem é bicho feroz.,
2112769,você é um homem casado.,
2113761,Mulher bonita pra admirar.,aparencia
2113905,"Virou homem forte, não teve receio.",habilidades
2114045,ele é dono do império.,identidade
2114093,Ele tá apaixonado.,comportamentos
2114323,Pra filha mais velha comprou um.,identidade
2114408,"""Que garoto esperto.",identidade
2114893,Sertanejo homem forte.,identidade
2115015,"Ela é top, e eu do samba quente.",outros
2115249,"Enquanto ela deu duro, não deram valor..",habilidades
2116746,Nesta pátria mãe querida.,identidade
2116956,Menina dona do meu amor.,identidade
2117106,Mulheres guerreiras.,identidade
2117200,Dizem que a mulher é a parte mais fraca.,valores
2117482,Essa mulher é pura beleza.,aparencia
2117597,Teresa era bem forte.,identidade
2118621,"Tu és ,a filha pródiga que volta,.",outros
2118925,Benedito não foi encontrado.,outros
2119831,Mas ele é o rei da prosa.,identidade
2119855,Ele é hors concours.,identidade
2120046,Não acredito em homem valente.,valores
2120149,Ela fica chateada.,identidade
2120945,Que ela é feliz.,identidade
2121598,Minha moça bonita!.,aparencia
2122730,E também assim é a mulher peituda.,aparencia
2125744,A mina é sensação.,identidade
2128008,Tem homem que não abre mão de uma mulher gordinha.,aparencia
2128012,Tem homem que se apaixona por mulher carente.,valores
2128035,Uma mina bonita.,aparencia
2128351,"Essa mulher já ta cheia de magoa,.",comportamentos
2128358,Ela é uma dama que honra a fidelidade.,comportamentos
2128369,Essa mulher ta cheia de lamentos.,comportamentos
2128709,"Ela é linda, é divinal, é produto da favela.",
2129036,"É pimenta malagueta, mulher esporreta, vai te complicar.",identidade
2129052,"Ela já tá serelepe, dizendo a todos no samba.",aparencia
2129056,"Ela tá cheia de graça, falou que pega de tapa.",comportamentos
2130351,Um cavalheiro sonhador.,identidade
2130395,Ela rouba a cena ela é turbinada.,identidade
2130396,Ela é saliente toda marombada.,aparencia
2130397,Ela é atraente toda desenhada.,identidade
2130398,Ela é gata de elite só curte área vip.,aparencia
2130502,Mas ele estava indecente.,aparencia
2130957,Mulher foi feita para o tanque.,identidade
2132738,menina segura esse teu pensamento.,comportamentos
2133158,"Eu sei, minha namorada é linda.",identidade
2133332,Me faço um namorado tão perfeito.,papel_social
2133485,"Olha só mas que loucura, essa menina é uma doçura.",identidade
2134415,Que eu sou o homem mais feliz.,identidade
2134429,Hoje sou um homem feliz.,identidade
2135506,Ela é boa companheira.,identidade
2135674,MAS BOTA ELA NA MINHA FITA.,outros
2136295,Menina bonita me temperou.,outros
2136614,"Um homem feliz, amor.",identidade
2137156,"E ela é tão perfeita, só que não pra mim.",identidade
2137568,Achou que eu não encontraria uma mina melhor.,habilidades
2137638,Ele é apaixonado.,comportamentos
2137699,"Homem comum e até infiel, meu deus do céu.",identidade
2138671,Ela é dona dos desejos..,identidade
2138694,Minha princesa bandida....,identidade
2139655,Esse teu jeitinho de mulher difícil me pegou.,identidade
2140580,"essa mulher menina, cativante.",aparencia
2140875,Cheio de mulheres lindas.,
2140925,Ela é a namorada do meu melhor amigo.,identidade
2140994,Me sentia o homem mais importante.,identidade
2141975,Ela é incrível.,identidade
2142008,Ela é tão vistosa.,identidade
2142017,"Com um senhor cego e tão velho, eu pego um prego....",identidade
2142092,"Casar com mulher feia, mulher feia não convém.",aparencia
2142094,"Não me convém, mulher feia não convém.",valores
2142100,"Casar com mulher linda, mulher linda não convém.",aparencia
2142102,"Não me convém, mulher linda não convém.",identidade
2142108,"Casar com mulher baixa, mulher baixa não convém.",identidade
2142110,"Não me convém, mulher baixa não convém.",aparencia
2142116,"Casar com mulher alta, mulher alta não convém.",valores
2142124,"Casar com mulher nova, mulher nova não convém.",identidade
2142134,"Não me convém, mulher velha não convém.",aparencia
2142140,"Casar com mulher virgem, mulher virgem não convém.",papel_social
2142142,"Não me convém, mulher virgem não convém.",identidade
2142156,"Casar com mulher fácil, mulher fácil não vai dar.",outros
2142194,"Casar com mulher loira, mulher loira não convém.",aparencia
2142196,"Não me convém, mulher loira não convém.",aparencia
2142204,"Não me convém, mulher pobre não convém.",identidade
2142210,"Casar com mulher rica, mulher rica me convém.",identidade
2142287,"Ela é descolada,.",identidade
2142919,"Ele é baixinho, musculoso.",aparencia
2143131,sou um homem tão fiel.,valores
2144007,"Ela é minha cinderela, eu posso ser da favela.",papel_social
2144194,"Ela é cheirosa, sabe que é gostosa.",identidade
2144198,Essa mina é diferente.,identidade
2144240,Mas pra variar ele já tava enrolado.,comportamentos
2144583,A minha namorada anda desconfiada.,papel_social
2144605,"A minha namorada é linda, vale ouro.",identidade
2144943,Detalhes da mulher perfeita que é pra mim.,identidade
2144948,Era uma mina diferente em cada esquina..,identidade
2144956,"Ela é pagodeira, vai pro samba a semana inteira,.",identidade
2145611,"Eu quis te olhar, a mulher nua.",outros
2146062,Pois a mulher é uma coisa bem singela.,identidade
2147345,(Agora o seguinte: tem mulher virgem aqui?,identidade
2147801,"Moça bonita, pescoço alto, aveludado, olhar de fada, voce é foda....",identidade
2147979,Ela vem toda maneira menina ligeira.,
2147991,"Ela é funk, ela é rock, ela é bamba.",identidade
2148410,Ela é a dona da parada.,identidade
2148904,Você que lê livros de mulher nua.,identidade
2148933,"Ela é diferente,.",identidade
2148934,Ela é engraçada.,identidade
2148940,O assunto é futebol e ela tá atualizada.,outros
2148950,Ela trabalha independente.,comportamentos
2148951,Sempre disposta ela sempre tá contente.,identidade
2149235,"Mina certa, parei em você.",comportamentos
2149554,Alma de menina doce de viver.,identidade
2149865,Eita mulher ciumenta.,comportamentos
2152303,Eu hoje sou um homem mais feliz.,identidade
2152805,Ela não é tão santa como você acha.,identidade
2153725,Alma de menina boa de viver.,
2153839,Menina linda cor doce e singela.,identidade
2153855,Contido nesse favo sedutor vem minha rainha dona do dom de seduzir.,identidade
2154273,Cuidado ele é o cara!.,identidade
2154281,Porque ele é o cara do momento.,identidade
2154775,ex namorada é mesmo assim.,papel_social
2155065,ele é teu amigo.,identidade
2155601,Pra nossa pátria mãe gentil melhorar.,outros
2155702,"Ela tá doidinha, Tá maluquinha.",identidade
2155827,Mulheres elegantes vestidas de prata.,identidade
2155934,Ela canta bem alto que é pra vagabundo chorar.,comportamentos
2156327,"Brasil, oh pátria amada mãe gentil.",outros
2157157,Essa garota é linda ..,identidade
2157178,Essa mina faz geral perder a linha.,habilidades
2157195,Balança bem gostoso mina top da balada.,identidade
2157383,Se a mina for responsa não pode vacilar.,identidade
2157693,Ela é coisa rara de ver.,identidade
2158462,Ele também quer estar contigo.,valores
2159993,Batucada boa cerveja gelada e mulher bonita quem é que.,aparencia
2160787,"Ela fica louca com água na boca, quando chega perto de mim.",comportamentos
2163741,Invés de você procurar pelo homem perfeito.,valores
2164524,Tem uma novinha que ela é muito especial.,identidade
2164579,Mas que menina poderosa o bonde já parou pra ver.,comportamentos
2164929,Homem é burro até pra falar.,identidade
2164947,As minas são profissionais.,habilidades
2165026,Homem é burro até pra fala.,identidade
2165037,"fingir que tá gostando as minas são profissionais, a.",comportamentos
2165962,Mulheres diferentes lindas com um belo corpo.,identidade
2166151,Million os menino ta docinho.,identidade
2166346,É que as donzela já ficou maluca.,comportamentos
2166362,Só que as donzela já ficou maluca.,identidade
2166755,Eu riqueza e os menino virou repetente.,habilidades
2166760,Desconfio que até sua mãe já esteja apaixonada.,identidade
2166763,"Tem mulher quietinha, tem mulher cachorra.",identidade
2166874,Que nos que deixou ele rico.,identidade
2167233,Se torca de marido mano.,identidade
2167282,Namorado é meuuuuuuuuu.,identidade
2167559,E pro meu marido sou absoluta..,identidade
2167719,pros homens presentes vou mandar um sapatinho arrasta.,identidade
2167722,Que ela tá facinho facinho..,comportamentos
2167724,Sabaozinho...que ela tá facinho facinho!,comportamentos
2167733,que ela tá facinho facinho (2x).,identidade
2167737,"facinho facinho, ela tá se sentindo, ela tá facinho.",comportamentos
2167766,ele é um lixo.,identidade
2167815,Que o bom de ser mulher solteira.,outros
2167891,"Ela desce, ela quica, ela sobe, ela empina.",identidade
2168030,"Gosta de ""bebe"", mais que mina bacana.",aparencia
2168135,Quando ela bebe ela fica maluca.,comportamentos
2168302,com certeza ele tá comigo.,
2168357,K9 ela rebola gostoso.,habilidades
2168494,"Ela é safada, vem piranha,.",identidade
2168785,"Ela é meu pente certo, é minha dama exclusiva (x2).",identidade
2168860,Pras mulheres caôzeiras do baile.,identidade
2168992,Gosta de beber mas que mina bacana.,identidade
2169264,se ele está comigo podes crer não é a toa!.,outros
2169392,Elas fica louca.,comportamentos
2169427,Você não sabe o que essa mina é capaz de fazer.,habilidades
2169428,Ela é alegre e curte só balada boa.,identidade
2169469,a uma hora atrás ele estava comigo.,comportamentos
2169493,Mulher interessante.,identidade
2169555,como sempre ela tava linda.,aparencia
2169558,"Há pincel ela foi desenhada,.",aparencia
2169571,"como sempre ela tava linda,.",aparencia
2169732,Garota interessante....,identidade
2169758,"Baladeira de plantão na pista, ela é top vey..",comportamentos
2169760,"Baladeira de plantão na pista, ela é top vey.",comportamentos
2169771,"Baladeira de plantão na pista, ela é top vey...",comportamentos
2169806,que ele procura ele não larga do meu pé..,outros
2170174,O senhor é meu pastor e nada me faltará sabe por quê.,identidade
2170190,O senhor é meu pastor e nada me faltará sabe porquê.,valores
2170812,Nada que eu faço pra ela tá bom.,outros
2170936,Eles são figurantes.,identidade
2171428,Só os chapa quente nois é lado a lado.,identidade
2171463,Os meninos ficou rico.,habilidades
2171631,Garoto insano.,comportamentos
2171835,Os garoto saliente.,identidade
2171854,Com os garotos salientes.,comportamentos
2171984,"Tu viu quem passou, os garoto maroto,.",identidade
2171987,"Tu viu quem passou, os garoto maroto.",identidade
2171989,"Os garoto maroto, os garoto maroto..",identidade
2172062,"Se for pra forgar, nois somos mais forgados.",identidade
2172328,Meu irmão um homem tão bom.,identidade
2172538,"Que mina foda, não olhar é impossível.",identidade
2172544,Se tá no love ela é sensação ...,identidade
2172831,é a garota especial que dominou o meu planeta.,
2172864,"garota especial,eu quero você.",habilidades
2173341,Quando ela desce é igual terremoto.,identidade
2173593,"Que ela é linda, ela é gata.",identidade
2174007,Só se via mina gata e os.,identidade
2174085,Ela é linda dos pés a cabeça.,
2174090,De fofoca ela tá odiada.,comportamentos
2174283,Pra ele vai ficando bem mais difícil.,outros
2174287,É um grande problema mais ele é mais forte.,habilidades
2174475,"Arlequina é mó chavona, é o terror das patricinha..",aparencia
2174730,A mina troca mó ideia.,habilidades
2174967,As princesas maravilhosas.,identidade
2175010,As menina é chapa quente e quer se divertir.,identidade
2175396,Ele tá pronto pra matar vou dizer se quer caô vai.,comportamentos
2175399,Que tá doido pra guerrear vou falar ele tá pronto.,habilidades
2175439,Oi deixa o homem mais feliz.,identidade
2175465,é tudo que eu sempre quiz putaria e baile funk deixa o homem mais feliz.,comportamentos
2175549,"é só menina top que nunca fica em choque,.",aparencia
2176139,"Ela não é amante, não é prostituta.",outros
2176140,"Ela é fiel, ela é substituta.",identidade
2176515,cheio de mulher bonita.,aparencia
2176705,Menino liso!.,aparencia
2176746,E os menino é bom!.,habilidades
2177278,Acende aquele verde pra deixa elas louca maluquinha.,outros
2177376,Menina linda!.,
2177559,"Manda o som da batida, que ela tá envolvida.",outros
2177606,Segura na minha mãe gatinha com firmeza.,aparencia
2177851,Ela já ta suadinha.,identidade
2178105,O homem tá doido!.,
2179090,ele é duro demais.,identidade
2179096,a mulher é carioca e conheçe o pancadão.,identidade
2179457,"Haha, ai caramba essa mina tá maluca.",comportamentos
2179596,Porque essa mulher é sensacional.,aparencia
2179849,Alta ele sempre foi querido.,habilidades
2180025,"Ela é quente, envolvente, mexe com a mente da gente.",papel_social
2180040,"Que mina louca, dedo na boca, eu tô pronto pra convocar.",identidade
2180148,Enquanto eu não encontro a mulher certa.,comportamentos
2180292,G3 ele era meu chara.,identidade
2180380,Ela é gostosa roba a cena é fiel e não amante.,identidade
2180469,"você, um garoto diferente muito apaixonado dexa eu te.",comportamentos
2180581,Se eu acho ela gostosa?,aparencia
2180838,"Aqui no baile funk ela é a sensação,.",
2181088,"Essas mina é foda, elas são tudo sem limite.",identidade
2181164,"Então ela se revoltou e começou a gritar que viro, que virou, que virou menina má.",comportamentos
2181165,"A menina má só quer sentar, sentar, sentar, sentar, sentar.",identidade
2181167,A menina má só quer aquele que com certeza vai bancar.,identidade
2181170,"A menina má só quer sentar,sentar,sentar,sentar, sentar.",identidade
2181271,"Garota mais linda, eu quero você.",aparencia
2181464,"Não penso no passado, pois sei que ele é cruel´.",
2181601,"Ela é neurótica, não curte ice na balada.",identidade
2181603,"Ela é romântica, selfie na night pra geral curtir oh.",identidade
2181604,"Ela é galática, sua beleza natural.",identidade
2181606,"É tão frenética, ela é gostosa e sabe seduzir.",aparencia
2181637,Ela é galática.,identidade
2181694,"Mesmo anda no vale da morte, ele estará contigo.",outros
2181811,De minas gerais.,outros
2182017,Durante a semana ela fica quietinha.,
2182070,Ela é provocante na hora de me olhar.,identidade
2182266,Ele é dono de favela.,papel_social
2183033,"Com seu jeito de gatinha, menina mulher.",comportamentos
2183419,Tancredo já não é mais presidente.,outros
2184060,ele não tava ciente que o veículo era roubado.,outros
2184064,sociedade que não é culpado...ele é inocente.,valores
2184287,Só os menino bom preparado para vibe.,comportamentos
2184531,elas fica louca de bala.,comportamentos
2184535,Elas fica louca de bala.,comportamentos
2184726,"Tchutchururu ta ligado, tchutchuru fica ligado,tchururururururu, saudade.",outros
2184727,"Tchutchururu ta ligado, tchutchuru fica ligado,tchururururururu..",outros
2184733,Eles estão guardados no meu coração.,comportamentos
2184994,João é colombiano....,identidade
2185172,"E o moleque tá no morro, ele é procurado.",papel_social
2185220,Claudia tá fechada com o.,outros
2185700,Coloquei minas terrestres envolta do meu coração.,outros
2186137,"E pra completar a salada, chegou a mulher melão,.",identidade
2186143,"Ela já foi consagrada eleita por todos nós,.",outros
2186468,Aqui só tem mulher gostosa mano eu vou enlouquecer.,aparencia
2186814,Todas mulher experiente.,identidade
2186826,Elas senta forte e nem sente.,habilidades
2186834,É que ela é louca de bala.,identidade
2187242,o bonde de homem bomba no estilo osama binladem.,identidade
2187473,Ela é profissional.,habilidades
2187548,Ela fica impressionada com o relógio da.,comportamentos
2187619,"Deixa, deixa os homens maluco.",identidade
2188005,Ela não é mais criança.,comportamentos
2188144,O ataque com a mente como um homem não covarde.,identidade
2188255,E ela é gata...,aparencia
2188442,Vem minha princesa seria tão bela.,aparencia
2188799,elas são a sensação.,identidade
2189336,"Se tua mina é vagabunda, o problema é só teu.",identidade
2189666,"Carlos é pique de guerra,.",identidade
2189849,Porque o senhor é meu pastor e nada me faltará.,comportamentos
2190107,Que elas fica louca.,comportamentos
2190113,Ela é chamada de patroa.,papel_social
2190257,O passado te condenava mais ele era mais forte.,aparencia
2190323,Se o senhor é meu pastor e nada me faltará.,valores
2190570,Mas o bonde tá ligado que ela é uma galinha.,identidade
2190579,E essa mina é chapa quente me liga pra dizer.,comportamentos
2190580,"Que quando ele tá ausente, comigo ela quer fuder.",comportamentos
2190878,"Pediram pra deixar passa, ela é top.",comportamentos
2190885,Lá na minha quebrada ela é conhecida.,comportamentos
2190991,"Pra essa moça linda, meu coração.",
2191282,Ela é top !,identidade
2191446,"senhor deus, teu filho.",valores
2191521,O senhor é meu pastor....,identidade
2191765,Senhor é meu pastor e nada me faltará.,
2191827,Ela é má.,papel_social
2191961,Ela é minha onda do mar.,identidade
2192016,"Essa mina é mó tentação,.",aparencia
2192133,Ela fica mais linda.,aparencia
2192196,"Meu mano ceará quem me avisou, moleque é sinistro, o moleque é maluco.",comportamentos
2192224,Ela é aquela virgem que não tem fim.,identidade
2192301,Tremenda moça bonita merece palmas.,aparencia
2192454,Que ela tá cheia de marra.,comportamentos
2192608,pra subir as minas top.,
2192627,as meninas ficam louca.,comportamentos
2192702,Ela é livre e beleza é isso.,identidade
2192732,Só pras menina sacana.,comportamentos
2192847,"Ela é rainha do baile, só quer curtição.",identidade
2192849,"Ela é rainha do funk, é pura ostentação.",identidade
2192854,Ela é a gata certa que ganhou meu coração.,aparencia
2192998,"Vale mais que um diamante, essa mina é uma riqueza!.",identidade
2193362,Porque ela é tão perfeita.,identidade
2193376,Ela é tranquila.,identidade
2193379,Ela é feliz acompanhada ou sozinha.,identidade
2193440,Quando ela dança geral que ver.,outros
2193539,Porque ela é zika memo.,outros
2193603,(Vai mulher doida em ).,identidade
2194119,As meninas dançarinas.,identidade
2194299,Clarice era morena como as manhãs são morenas.,aparencia
2194398,"Se enfeita, na mata, a menina preta.",identidade
2198052,"É lindo vê-lo bailando ele é tão pierrô, pierrô,.",aparencia
2198344,"oh, virgem mãe puríssima.",valores
2198655,"Com alguns homens foi feliz, com outros foi mulher.",comportamentos
2198795,"Gil existir, por ele ser preto, por ele ser ele, e por minha mãe saudar tudo isso de forma tão direta e tão transcendente.",identidade
2199676,O que é que pode fazer o homem comum.,comportamentos
2199973,A musa urbana me fez.,valores
2199981,"Menina moça, fina massa, porcelana.",identidade
2200160,"Só o homem feito, o homem forte,.",identidade
2200254,"E ao pôr fé nessa deusa gorda da tecnologia, gelei de pura emoção..",aparencia
2200262,"Virou superstar, a mulher ideal, mais que mãe, mais que a outra...",identidade
2200319,Tesão de deusa pagã.,valores
2200429,"O homem comum inda nem levantou,.",papel_social
2200431,Eu sou apenas um rapaz latino-americano sem dinheiro no banco.,identidade
2200451,"Eu sou apenas um rapaz latino-americano, sem dinheiro no banco.",comportamentos
2200553,Os rapazes latino-americanos?.,identidade
2200814,E pra começar eu só vou gostar.,comportamentos
2200860,Essa menina bonita botou amor em mim.,aparencia
2200865,"Viva a princesa menina, uma estrela.",papel_social
2201270,Conheço um moço lindo que é salva-vida.,aparencia
2201286,Que profissão bonita pra um homem jovem.,aparencia
2201918,Que uma menina loira.,identidade
2202023,"Nora, ""menino grande"".",aparencia
2202328,Sou um homem comum.,identidade
2202332,Como um homem comum.,identidade
2202354,"O menino bonito, Peter.",aparencia
2203215,"Eu sou um homem sincero por que nasci, cresci e vivo livre.",
2203216,"Eu sou um homem sincero que quero morrer, nascer e viver livre.",comportamentos
2203510,Ela é t'tudo de bom.,identidade
2203566,O homem velho deixa a vida e morte para trás.,identidade
2203569,O homem velho é o rei dos animais.,identidade
2203619,eu sou o homem cordial.,identidade
2203885,Charles é cego.,identidade
2203889,Wonder é cego.,identidade
2203919,E uma menina ainda adolescente e muito linda.,identidade
2203962,"""O rei está nu"".",identidade
2203964,Mas eu desperto porque tudo cala frente ao fato de que o rei é mais bonito nú.,aparencia
2204232,A essa mulher potente e iluminada.,identidade
2204383,Ela é modal.,aparencia
2204385,Gol que ela mesma comprou.,outros
2204397,"Preta sã, ela é filha de.",identidade
2204399,Ela é muito cidadã.,identidade
2204401,"Elegante, ela é muito elegante.",identidade
2204402,Ela é superelegante.,identidade
2204437,Minha avó já quase morta.,outros
2204660,musa híbrida.,identidade
2204806,"Tome cerva, pra deixar ela feliz.",comportamentos
2205210,Menino é fato que eu queria você.,identidade
2205450,Hermeto é mito!,valores
2206405,"Rapazes maus, moças nuas.",identidade
2206753,Como ele vem faceiro.,identidade
2206911,Que menina bonita mordendo a polpa da maçã:.,aparencia
2207660,Moça donzela mulher dama ilusão.,identidade
2208102,Criar um homem tão diferente.,papel_social
2208636,Minha mãe calma e serena.,identidade
2209941,Esse rapaz gostoso.,aparencia
2210237,Beijo de uma deusa morta.,habilidades
2210506,Lá vem o homem bomba.,comportamentos
2211088,Ou só a moça simples que canta uma canção.,identidade
2211369,Toda mulher é uma lua de claridade e mistério.,identidade
2211713,Mulher indigesta você só merece mesmo o céu.,papel_social
2212154,Na cara da moça bonita.,
2212172,E ela é a lei.,papel_social
2212329,Mas via outras coisas: via o moço forte.,identidade
2213249,Ela é tão jovem.,aparencia
2213931,"menina deusa urbana, neta do sol.",identidade
2214238,De tua mãe inteiro o coração..,comportamentos
2214500,Paul ainda fosse vivo.,outros
2214942,Seu chapéu azul.,outros
2215505,Os pivetes ainda pensam que eles eram americanos.,valores
2215545,São velhos homens humanos.,identidade
2215587,Eu digo que ela é gostosa.,aparencia
2215596,"Eu digo que ela é gostosa, eu digo que ela é gostosa.",comportamentos
2217039,Mas muito cedo ele se revelou um menino extraordinário:.,identidade
2217065,Ainda criança ele surpreendeu importantes visitantes.,comportamentos
2217784,Uma menina preta.,aparencia
2217901,Homem cruel.,identidade
2218009,Dorme menino grande..,aparencia
2218018,(Dorme menino grande...).,identidade
2218021,"Ela não é romântica, mas quer ganhar flores.",valores
2218024,"Ela é delicada, mas sai quebrando portas.",identidade
2218025,"Ela é decidida, mas não sabe se quer chá ou café.",comportamentos
2218028,"Ela é bem liberal, mas gosta de parecer recatada.",identidade
2218029,"Ela é bem legal, mas acaba ficando chata.",identidade
2218034,"Ela quer ser espontânea, mas é bu-ro-crá-ti-ca.",identidade
2218041,"Ela é segura de si, mas se olha no espelho.",valores
2219164,Senhora dona que sai na janela.,outros
2219167,menina bela que o circo chegou.,aparencia
2219347,Ô senhora dona.,papel_social
2219348,Senhora dona dos meus mares e navios.,identidade
2219388,"Já que homem é o lobo do homem, o homem cordeiro.",identidade
2220184,Uma princesa tão linda.,aparencia
2220199,E ele é o pirata chamado.,identidade
2220702,"Ela é melhor que tudo, é só nela que eu me agrego.",identidade
2221312,"Não chore, menina bonita.",identidade
2221561,Ele é feito de barro.,identidade
2221973,Eu dançava forró ela calango.,identidade
2221974,Descobri que a menina era mineira.,identidade
2222875,Ele limpa o banheiro.,habilidades
2223745,Ela é simpática seduz com.,comportamentos
2223749,Ela é melancólica.,comportamentos
2224165,Ela é doidinha forró por forró.,identidade
2224169,Ela é doidinha por forró.,valores
2224290,Ela é dona de 7 colinas.,identidade
2224546,Minha princesa senhora.,identidade
2224692,Uma moça bonita de olhar agateado.,aparencia
2224696,Mas uma moça bonita de olhar agateado.,aparencia
2224765,Com ele não tem valente.,comportamentos
2224910,"Passaram moças lindas, ruas sem fim.",identidade
2225995,Menina insana.,identidade
2228462,É com essa menina bonita.,aparencia
2228741,Ela é uma borboleta.,identidade
2228896,Que ele mesmo protege.,valores
2228949,Três moças solteiras.,identidade
2229129,Dessa terra mãe gentil.,identidade
2229167,"Moça bonita, novilha tão rara.",aparencia
2230949,O coração do menino verde-amarelo..,identidade
2231106,Garota esperta.,comportamentos
2231143,Toda mulher é livre.,identidade
2231145,Toda mulher é louca.,identidade
2231146,E se ela voa verás vênus nas asas.,comportamentos
2231164,Toda mulher é deusa.,identidade
2231374,Nós é assim mina maravilhosa.,aparencia
2232049,Crente que o que ele sente é sagrado.,valores
2232652,Era uma moça linda.,aparencia
2233106,Maria é poesia.,identidade
2233117,Maria é poesia..,identidade
2233204,Maria é mulher do mundo.,identidade
2233549,Homem valente.,identidade
2234121,"E, eu que era uma garota tão normal.",identidade
2234241,Ela é uma estrela.,identidade
2234439,Minha garota perfeita não precisa ser igual a mim.,habilidades
2234647,Mulher guerreira: amazona tem vigor.,
2234660,Uma garota engraçada com um charme total.,habilidades
2235074,Menina esperta.,comportamentos
2235105,"Mulher divina, que me faz feliz.",identidade
2237017,Tia surica.,identidade
2237035,A tia louca do ouvidor.,identidade
2237037,Enquanto tia surica.,identidade
2237155,Uma menina tão linda.,identidade
2237724,Na sua luta do dia-a-dia em todas elas não andamos sozinhos.,papel_social
2237967,"Ela é surpresa, ela é suspense.",identidade
2237971,"(uma mina leal, no mundo real ela é surreal, desejo letal).",valores
2237985,"Quando eu sou louco ela é insana e tudo encaixa, mina.",identidade
2239975,E ela parecia tão nova.,outros
2240313,Elas estão prontas pra guerra vestidas pra matar.,identidade
2246426,Se todos eles são tão cegos.,outros
2249379,Ela é viagem infinita do momento.,identidade
2249395,E ela tão feliz.,identidade
2249414,"Ela indiferente, sorrindo explicou....",comportamentos
2253698,Lá onde eu moro tem muita mulher bonita.,identidade
2254362,A mulher quando é moça e bonita.,aparencia
2254614,Tu és a filha pródiga que volta.,identidade
2255440,"Era uma vez, uma garota simples.",comportamentos
2255619,Ele não é brinquedo nas suas mãos.,
2255657,Linda menina mandona.,aparencia
2255662,Bandida mulher menina.,identidade
2255885,O corpo da mulher nua..,aparencia
2255994,onde cada homem é sozinho.,identidade
2256360,Que é todas elas juntas num só ser..,identidade
2256566,Não há rei maior que a dama.,
2256865,Carmem sou bereguendéns.,identidade
2257017,"Ela não é amante, não é prostituta, ela é fiel, ela é substituta.",identidade
2257117,O corpo da mulher nua.,aparencia
2258042,Ela quer viver sozinha.,comportamentos
2258149,"Bamba, ela é bamba, ela é bamba, ela é bamba.",outros
2258175,"Ela é pop, ela é rap, ela é blues e jazz.",identidade
2258933,Ela fique esperando serena.,comportamentos
2259252,"Para cuidar de uma casa, de um homem triste cansado de chorar..",identidade
2259333,Você é a minha dama é a voz que clama dentro de mim.,identidade
2259447,Homem velho e mulher nova já disseram que não rola.,identidade
2259522,Ela tava tão apavorada.,outros
2259613,Que ela é a mulher que eu amo.,identidade
2259685,mulher bonita e rica é muito dificil de se encontrar.,identidade
2259943,Mesmo que s um homem muito lindo.,identidade
2259970,"Que remelexo, que corpão menina linda.",aparencia
2260005,"Eu gosto é de mulher gostosa,.",identidade
2260006,"De mulher cheirosa, rabo de saia..",habilidades
2260436,Se ela não frouxa eu também não vou frouxar.,comportamentos
2260475,Mulher transgênica.,outros
2260481,"Ela já fez plástica, ela faz ginástica, ela faz dieta é gostosa àbeça, ela ficou fantástica,.",comportamentos
2260482,"Ela é transgênica, ela é transgênica, ela é turbinada, foi modificada ela ficou fantástica..",identidade
2260493,E ela mais doidinha por mim.,comportamentos
2260559,Ele é seu pesadelo.,identidade
2260642,"Essa menina doce, meiga e carinhosa,.",identidade
2260645,"De tanto amor ela ferio meu coração,.",comportamentos
2260956,Gabriela é bonita.,aparencia
2260962,Gabriela como é linda.,identidade
2261005,E jogo ela pros gavião.,comportamentos
2261007,Que hoje ela ficou sozinha.,identidade
2261048,"Onde tem mulher bonita, pode crê, eu to na roda.",aparencia
2261049,"Mulher bonita é um perigo, mulher bonita é um veneno.",aparencia
2261050,"Mulher bonita é ""fooora"" de série.",aparencia
2261051,"Mulher linda e carinhosa, é essa aí que eu quero.",comportamentos
2261053,Mulher é bonita do jeitinho que eu sonhei.,aparencia
2261054,Com ela eu sou feliz e ela é feliz também.,comportamentos
2261066,Ela é uma fofoqueira.,
2261085,Falam que ela é feia de cara.,aparencia
2261128,Ele não é seu amigo.,
2261218,ela tá distante e não pode me ver.,comportamentos
2261311,"SE ELA É DOMÉSTICA,.",identidade
2261394,Agoro sim sou feliz.,identidade
2262422,"Desculpe o linguajar, mas ela foi uma safada.",identidade
2262435,Nois é caipira mesmo.,identidade
2262698,"Me falaram que você, tá de namorado novo.",comportamentos
2262825,Por fora ela é santinha.,comportamentos
2263544,Mulher é uma florzinha viva que não pode nunca chorar por ninguém!.,identidade
2263573,Quando completasse dez anos sua mãe mamãe ia voltar.,outros
2263582,Papai o senhor é o culpado.,
2263735,Estou achando que ele ficou esperto.,identidade
2263902,Mulher carinhosa bonita e charmosa.,identidade
2263949,Eu preferia ver ela morta.,outros
2264140,Tornou-se um homem muito honrado.,valores
2264147,Um homem estranho sentiu emoção..,aparencia
2264224,O amor de uma princesa é uma coisa que me dobra.,
2264228,"Ela é a dama do shopping, todo mundo já conhece.",identidade
2264252,ele é meu pai poderoso.,identidade
2264373,O homem forte que eu fui outrora.,identidade
2264375,Fui me cansando e ela jovem sempre mais bela.,aparencia
2264432,que não era uma mulher errante.,comportamentos
2264444,diante daquela mulher infeliz.,comportamentos
2264505,Enquanto ela vive contente feliz nos braços de outro.,comportamentos
2264548,Qual uma deusa bela e despida.,aparencia
2264650,Estou dançando com a mulher mais bela.,
2264732,Ela sempre está presente.,identidade
2264788,A minha mãe é enfermeira no hospital.,papel_social
2264925,Gabriela é muito cheia da grana.,identidade
2264972,Que acolhe e dá conforto a este homem cansado.,identidade
2265242,Ela é minha voz afinada.,habilidades
2265285,Ele é puro demais é profundo.,identidade
2265633,menina boa era aquela.,identidade
2266348,(Balada louca só mulher boa.,comportamentos
2267295,Pra cada dia da semana é uma moça nova.,identidade
2267304,"Pra cada dia da semana, é uma moça nova.",outros
2267542,Se tem mulher sozinha.,
2267627,Mas que ela é minha rainha isso pode apostar que é.,identidade
2267637,Mas que ela é minha rainha isso pode apostar que é [x2].,identidade
2267646,"Se a mulher é uma princesa, viola é minha rainha.",identidade
2267659,Ela é louca mais eu sou mais louco estou apaixonado.,identidade
2267662,Ela é louca mais eu nunca vi uma louca tão linda.,aparencia
2268371,Sorriso de mulher é bom.,aparencia
2268386,O homem precisa de uma mulher bem apaixonada.,identidade
2268831,"Minas sou mineiro, sim senhor.",identidade
2269448,Doce anjo menina mulher.,identidade
2269598,Mulher bonita de longe.,aparencia
2270655,Eu sei que sou um moço pobre.,identidade
2271253,Mulher boa era a.,comportamentos
2271379,"Moda, bebida e mulher bandida, ninguém dá jeito.",identidade
2272595,Ela é sensual.,aparencia
2272739,Meu negócio é mulher sou latino.,identidade
2272743,"Com homem não brinco, eu respeito.",valores
2273420,Enquanto não acho a mulher certa.,habilidades
2273484,Feitiço não é pecado é até sagrado se for por amor.,
2274576,Hoje sou um homem triste sem o seu amor.,identidade
2274760,Que aquela noite não será esquecida.,outros
2274940,Existem só alma de mulher pecadora.,identidade
2275084,"Você mulher amor, mulher amiga.",identidade
2275964,Delicada e atrevida coisa de mulher gostosa.,aparencia
2275967,Ela é bonita demais bonita que eu não aguento.,aparencia
2275973,Mulher bonita demais sempre causa sofrimento.,aparencia
2276701,Menina nova.,aparencia
2276913,"Mulher bonita e gostosa, nóis ganha é de montão.",aparencia
2276981,Parecia um menino inconseqüente sem destino.,identidade
2277523,Olha como ela ta linda.,aparencia
2277537,Ela é princesa o seu mundo é encantado.,identidade
2278258,Ela segura na sedução.,habilidades
2278260,"Ela quica, ela quica, ela quica.",comportamentos
2278265,Ela é diferentona.,identidade
2279555,Quem tem sua mãe distante dos olhos.,valores
2279568,Maria é mãe e mãe é amor.,papel_social
2279587,"Maria é mãe, mãe de nosso senhor.",identidade
2279930,"Nóis só quer mulher bonita, mas as feia nos persegue.",identidade
2280187,Que casou com mulher feia.,aparencia
2280191,Quem tem a mulher bonita.,aparencia
2280487,"Um menino frágil, tão inconsequente.",identidade
2280702,De ser somente o marido apresentável.,identidade
2281476,Ela estranha e semitona.,habilidades
2282015,"Noite, mãe sigilosa.",identidade
2282135,Ela era engraçadinha.,identidade
2283152,"É uma mulher envolvente,.",identidade
2284609,Eu encontrei você moça mais linda da cidade.,aparencia
2284892,As moças bonitas.,identidade
2284941,de um rapaz caipira.,identidade
2285211,"Senhora dona da casa, bandeira passou.",papel_social
2285296,Esta moça é janeleira.,identidade
2285299,Quando a moça é janeleira.,identidade
2285523,Ele é meu protetor.,identidade
2286724,Por ser uma mulher tão linda sozinha não ficava.,
2287384,"Alô,alô,alô mulher loira ou morena..",aparencia
2288180,E assanha essa tal moça bonita.,aparencia
2290439,"Ela só ta magrela,.",
2290472,"Ah, é flor de acucena, deusa morena, beleza plena.",identidade
2290735,Deus essa mulher é minha vida.,identidade
2290788,E namorar mulher bonita.,comportamentos
2291144,Garota bandida.,papel_social
2291717,Ele tá descontrolada.,comportamentos
2291946,"Alô,alô,alô mulher loira ou morena eu não faço muita.",aparencia
2292676,"Arrasta pé, mulher bonita.",aparencia
2292698,Ela fica satisfeita.,comportamentos
2292739,Que ela é maravilhosa e que eu tô afim.,
2292749,"Ela é charmosa, um tremendo avião.",identidade
2293579,Ele é puro demais.,identidade
2293696,Mulher direita o cara não quer.,identidade
2293953,Mulher bonita é um perigo.,aparencia
2293955,Mulher bonita é fora de sério.,aparencia
2293956,Mulher linda e carinhosa.,identidade
2293958,Minha mulher é bonita.,identidade
2293961,E ela é feliz também.,identidade
2294069,Sou comprometido sou um homem casado.,identidade
2294136,E ter a mulher mais linda pra viver junto de mim.,aparencia
2294222,"Ela já foi pisada, maltratada, humilhada e enganada.",identidade
2294265,"Encaixou certinho, ela é minha cinderela.",identidade
2294356,E quando ele estiver bem distraído.,outros
2294583,Tatá tando é mesmo que.,outros
2294820,De forró de cachaça de uma mulher bonequeira.,identidade
2294842,Quero uma mulher bonita que saiba dançar forró.,aparencia
2294885,"O homem aranha,ou ben 10,liga da justiça,.",papel_social
2294886,"Ou os xman,mulher maravilha ou stefhany.",outros
2295101,Vai dizer consigo mesmo ele é vencedor.,identidade
2295323,tô na curtição com as amigas só mulher bonita a farra.,aparencia
2295435,Uma mulher carente a te esperar.,comportamentos
2295637,Mulher boa é minha mãe.,identidade
2295639,Pense numa mulher galinha.,identidade
2295884,Fomos namorados hoje somos ex....,identidade
2296155,As minas muito doida.,comportamentos
2296296,Sou taxista procurando uma mulher querida.,identidade
2296363,"Ela é gostosa, ela é uma coisa louca.",aparencia
2296768,Ela é uma pimenta na cama ela inventa.,comportamentos
2296931,essa sebosa mulher feia.,identidade
2297941,"MENINA LINDA,OLHOS RELUZENTES.",aparencia
2297991,É de um homem aflito.,identidade
2298483,"Sou tua mulher gato, venha venha me pegar...",identidade
2298489,"Sou a mulher gato,eu te arranho por inteiro !.",identidade
2298695,"A mulher boa é minha mãe,.",identidade
2298696,"gostosa é minha vizinha,pense numa mulher galinha,.",aparencia
2298697,"todos querem lhe traçar, todo dia é um macho, é um cabra diferente, pense numa mulher doente, e quero ir mas tenho medo e nós temos um segredo,.",comportamentos
2298828,Ele era vagabundo ele só pensava de se apaixonar.,identidade
2298936,Se a mina der vacilo(já foi)ele pegou.,comportamentos
2298969,Moça menina.,identidade
2298989,Menina moça.,identidade
2298998,Como te amei moça menina.,identidade
2299034,Dessa vez não moça menina.,identidade
2299035,Outra vez não moça menina.,identidade
2299055,E lá eu conheci uma mulher tão linda.,identidade
2299079,"Corinha é bonita,.",aparencia
2299570,Ele é muito legal.,comportamentos
2299691,Cerveja gela e mulher bonita.,aparencia
2299916,"Pense numa mina linda, a danada enlouqueceu.",aparencia
2300304,"Garota esperta sabe onde pisa,.",identidade
2301975,"Uma mulher traída é pior que um vulcão, em plena.",identidade
2302155,Ele é fazendeiro.,
2302417,Mostra teu gingado mulher brasileira.,comportamentos
2302583,"Eu digo e ela não acredita ela eh bonita, eh bonita (2x).",aparencia
2302640,Você não está vendo que a mãe é uma loirinha.,aparencia
2303108,Mexer com mulher casada.,identidade
2303265,"Eu não sabia, que ela era tão veloz.",habilidades
2303409,Ele era vagabundo.,identidade
2303920,mãe generosa.,identidade
2303959,Ela estava tão carente.,identidade
2304203,Minha mãe ficou zangada.,outros
2304397,Ela era miudinha.,identidade
2304647,"É a moça bonita, aliança no dedo.",aparencia
2304718,É que ele é bem fofinho e bem bonitinho primo.,habilidades
2305189,Só gosta mesmo é de mulher tranqueira..,comportamentos
2306671,Faço ela feliz e eu fico também.,comportamentos
2306745,Minha esposa amante.,identidade
2306833,E a menina é muito bela.,aparencia
2307111,Garoto livre menino de fato.,
2307558,Menino fui cassetete.,identidade
2307562,Fui menino meia noite.,identidade
2307563,Menino fui meio dia.,identidade
2307894,"Ele ficou apaixonado, arriado encabulado, era amor que não tinha fim..",comportamentos
2308107,"Menina linda, vem cá.",identidade
2308140,Feito menino amarelo.,identidade
2309177,"Gado bom, moça bonita.",aparencia
2309259,Moça bailarina.,identidade
2309863,"Menino sexy, sexy, sexy.",aparencia
2309864,"Menino lindo, lindo, lindo.",aparencia
2309883,Menino sexy.,aparencia
2309884,Menino lindo.,aparencia
2310404,Ele está convencido.,identidade
2310538,"Você é minha vida, ele é meu mundo,.",identidade
2310631,Que homem vulgar.,identidade
2311252,Tem tigre e o rei leão e muita fé.,identidade
2311358,Quando vê a moça bonita.,aparencia
2311877,Sou mais um menino triste que não sabe.,identidade
2311964,sou menino louco.,identidade
2312309,"Cidade grande, moça bela.",aparencia
2313064,Mas se ve mulher gostosa garanhão logo conquista.,comportamentos
2313328,Ela é minha paixão mora no meu coração.,
2313339,"Ela é gostosa, só faz isso pra me provocar.",aparencia
2313362,Ela faz pobre beber.,habilidades
2314442,"Mulher bunita troca de batom para ver o vaqueiro fazer tirar sua senha,sou vaqueiro classificado,ei ô mulher de gado venha dançar comigo venha..",aparencia
2314587,A MULHER MAIS LINDA.,aparencia
2314670,O baile tá animado tem mulher rapaz e moça.,identidade
2314840,Peguei uma menina nova.,identidade
2315435,As mina tão chapada e eu já tô falando grego.,identidade
2315898,A ressaca da cachaça ela é boa de mais.,outros
2316040,Ela é muito massa.,identidade
2316249,Dei um abraço por trás e ela ficou bem doida.,comportamentos
2316274,Se tem mulher carente eu dou amor.,valores
2316766,"No sertão, mãe preta me ensinou.",
2316964,Ta com menino no colo é uma mulher exemplar.,papel_social
2316999,garoto raparigueiro esforço olha aí.,identidade
2317438,Terra de homem machão.,identidade
2317459,Esse moço é diferente.,identidade
2317473,Os homens ficaram bravo.,comportamentos
2317513,Os homens ficaram espertos.,comportamentos
2318806,Te dei meu coração e ele foi traído.,comportamentos
2319156,"Ela é a sensação, é a gata do paredão.",aparencia
2319363,Esse garoto é metido a playboy.,identidade
2319374,Ele é pura sedução.,habilidades
2319854,Pra atender essas mulheres mal amadas....,identidade
2320135,"Elas estão fascinadas fazem tudo que eu pesso,.",comportamentos
2320788,depois de uma mulher feia é mulherão.,aparencia
2320823,Ele é o rei das coroas.,identidade
2320886,Ele tá melado pensando na mulher dele.,comportamentos
2320888,Ele tá melado pensando no chifre dele...,comportamentos
2321977,"rap da mulher pequena,.",aparencia
2321983,"Quando a mulher é pequena,.",identidade
2321985,"Se ela nao é grande,.",aparencia
2321986,é porque ela é pequena.,identidade
2321987,"Se ela é pequena,.",identidade
2321995,"Se ela é anã,.",aparencia
2321998,ou da sua mãe baixinha.,identidade
2322001,"ele quis fazer maior,.",outros
2322494,"Ele é corno, mas é meu amigo.",identidade
2322495,"Ele é viado, mas é meu amigo.",comportamentos
2322496,"Ele é baitola, mas é meu amigo.",identidade
2322512,"Ele é briguento, mas é meu amigo.",identidade
2322517,"Ele pode ser briguento, mas é meu amigo.",identidade
2322531,"Ele é ladrão, mas é meu amigo.",
2322539,O importante é que ele é meu amigo.,identidade
2322552,"Ela é magrela, mas eu gosto dela.",aparencia
2322561,Ainda por cima ela é louca.,comportamentos
2322566,Ela é toda aleijada mas ela tem um negocinho tão legal...,identidade
2322588,Se você pegou uma mulher querida.,identidade
2323523,Por detrás da moita tem mulher casada.,identidade
2323657,Essa menina na minha frente ela é perigosa.,habilidades
2324000,É homem forte.,identidade
2324006,Coroné tava danado.,identidade
2324027,Um homem forte.,identidade
2324368,Com mulher moça.,identidade
2324596,"Ninguém sabe se ele é branco, se é mulato ou ""nego"".",identidade
2324716,ele ta vivo padre não ta morto.,valores
2325009,"Coco que tem mulher bonita,.",aparencia
2325478,"Quando sair quero ter limpo o meu nome, falo grosso sou um homem brasileiro pra valer..",identidade
2325706,E desse jeito com tanta moça bonita.,aparencia
2325721,Com tanta moça bonita.,
2326131,Sertanejo é tão feliz.,identidade
2326490,Aquele moço ta rico.,identidade
2326799,"Botei a cela no lombo desse cavalo e acochei a cia peguei a véia joguei em riba, quase que ela imbica p'outa banda..",outros
2326922,"- Ah, se é menino homem, olha se é?",identidade
2327629,E o homem fica azuado } bis.,identidade
2327863,"O Homem é bom, o homem é espetacular!.",papel_social
2327940,Mulher bonita da porr...,aparencia
2329247,Do marido verdadero assim mesmo ninguém vê.,valores
2329249,Pois ou ela sai casada ou muita gente vai morrer.,outros
2329255,Os olhinhos do menino marejou.,identidade
2329268,E os olhinhos do menino marejou.,comportamentos
2329724,Pois sua mãe não é direita.,identidade
2329912,Na minha terra tem menino barrigudo.,aparencia
2330040,"Trabalhando a terra, ele está feliz.",identidade
2330101,Ele é nordestino e não foge sem lutar.,identidade
2330111,Ele é o lamento da alma do meu.,identidade
2330143,Pra ele é mais troféu.,identidade
2330794,Mas ela é cobiçada.,outros
2330863,Ele é direito porque não é torto.,aparencia
2330964,A mulher era mulher.,identidade
2330972,Mulher era assim muito sensata.,identidade
2330977,Marido era marido e patrão.,identidade
2330979,É mulher muito danada.,
2331521,Os zoinho do menino marejô.,aparencia
2331535,E os zoinho do menino marejô.,aparencia
2332102,E o olhar de moça rica.,identidade
2332499,Onde esta o homem bom?.,comportamentos
2332502,Não tem um homem perfeito } bis.,identidade
2332584,Lampião era valente.,identidade
2332647,"Ah, mulher bagunceira da mulesta...",identidade
2332648,Mulher cangaceira...,identidade
2332652,"Mulher bonita, morena trigueira...",aparencia
2332687,"Joguei ela pra direita, ela veio; joguei ela pra esquerda, ela tava aí -- a mulher era adivinhona...",comportamentos
2332732,Anselmo achou foi bom.,comportamentos
2332839,Que faz um homem forte gemer.,comportamentos
2334009,"Se o homem ta zangado, um agradinho é bom.",comportamentos
2334014,"Quando o homem é ciumento, um agradinho é bom.",papel_social
2334015,"Quando o homem ta doente, um agradinho é bom.",
2334021,"E quando o homem ta danado, um agradinho é bom.",
2334092,O marcado do homem tá gostoso pra danar.,outros
2334100,Eu vou escolher a mulher mais bonitinha.,aparencia
2334242,Menina bela que me faz feliz.,outros
2334455,João é animado até amanhecer o dia.,identidade
2334729,O homem batalhador.,comportamentos
2335154,Zé é organizado.,identidade
2335562,"Chorando, gemendo, menina bonita pra gente dançar (bis).",aparencia
2335676,José nunca foi mole.,identidade
2335933,"Fui sua menina, princesa mais bela.",aparencia
2336245,Eu fiquei impressionado como ele era valente.,comportamentos
2337105,Ó mulher boa.,identidade
2337440,Descanso feito um menino inocente.,comportamentos
2337955,Fico tonto de tanta mulher quase nua.,aparencia
2337958,Mais elas andam quase nua.,aparencia
2337968,Ela andar quase nua.,comportamentos
2338845,"Hoje é um homem lindo por quem me apaixonei,.",valores
2338870,"É um rapaz respeitador, pronto pra qualquer parada.",identidade
2339230,Ela é muito pesada pra você....,identidade
2339232,Ela é jeitosa...,identidade
2339393,Porque forró moça bonita (bis).,aparencia
2339553,Homem direito.,identidade
2340600,Qual a saída.,comportamentos
2340749,Ele está contigo em qualquer lugar.,comportamentos
2340752,Ele é o brilho da lua.,
2342207,O homem é civilizado.,comportamentos
2342583,E hoje aqui ela é rainha.,identidade
2342648,Ela é vovó losa.,identidade
2342746,COMO ELE VEM FACEIRO.,habilidades
2342931,Da moça bonita que quer namorar.,aparencia
2343172,"Mais fácil que nem osso, porque ela é mulher.",papel_social
2343173,"Ela é mulher, muito mulher, mais que mulher.",identidade
2343179,Ela é mulher com um.,identidade
2343299,"Menina maravilha, é minha namorada.",aparencia
2343303,Menina preguiçosa.,identidade
2343419,Ô Menina linda eu te quero.,aparencia
2343455,A moça estava tremula batendo o coração.,comportamentos
2343583,"Ela é a criana, tem corpo bacana.",identidade
2343616,Se existe no mundo um homem mais feliz que eu.,identidade
2344193,"Eu fiquei impressionado, como ele era valente,.",comportamentos
2344222,"Ela veio sorridente, em minha direção,.",comportamentos
2345032,Menina linda me dê um abraço.,aparencia
2345110,Sua mulher não tá presente quem mandou entrar.,comportamentos
2345114,Casquinha é bom de se tirar vambora aproveitar.,comportamentos
2345388,E Jesus foi intimado..,valores
2345821,Desde menino sempre foi danado.,comportamentos
2345846,"Moça bonita, jóia prometida.",aparencia
2346150,Diz que ela véve do abandono.,identidade
2346222,Quando ela foi simbora.,comportamentos
2346281,"Vigário, esse homem é casado.",valores
2346516,Moça faceira.,identidade
2347191,Ela é bangula..,aparencia
2349091,Vi que meu coração andou confuso com ele mesmo.,
2349096,Eu sou o homem mais iluminado.,identidade
2349112,Eu sou um homem tão iluminado.,identidade
2349300,Ela é muito jeitoza.,identidade
2349310,Não sou mais aquele homem sofredor.,identidade
2349311,Que menina linda cheia de beleza me apareceu.,identidade
2349453,Prefiro moça bonita.,aparencia
2349736,O sanfoneiro quando vê mulher bonita.,comportamentos
2349914,Zé é forrozeiro e é só.,identidade
2349957,eu era menino chato.,identidade
2350025,Da moça mais desejada.,identidade
2350083,Homem casado pra entrar nesse forró.,comportamentos
2350344,Eu sou um rapaz direito.,identidade
2350830,Ela é danada.,
2350832,ela é danada.,comportamentos
2350834,Eu conheci uma menina muito louca.,comportamentos
2350837,"ela é doidinha, ela é muito safadinha.",
2350840,"Ela é rampeira, é da bagaceira.",identidade
2350841,que mulher doideira só pensa em transar.,identidade
2350842,"ela é maluca, é lélé da cuca.",identidade
2351246,"Eu sou a rainha, menina sou sua parceira no forró.",identidade
2351733,De uma mulher bonequeira!.,identidade
2352027,Só namoro mulher boa.,aparencia
2352042,Jesus tava inspirado.,identidade
2352046,Mulher madura.,identidade
2352245,Mesmo assim a mulher não disamina.,habilidades
2353005,Eu fui menino tão mimado e manhoso.,comportamentos
2353709,O jumento é sagrado...O homem é mau..,valores
2353747,"Foi ali que o menino santo fez um ""pipizinho"".",comportamentos
2353750,Ele é cheio de presepada sim senhor.,comportamentos
2353777,Porque ele é servidorzinho que é danado.,outros
2353921,"Como vai seu filho, tipo do rapaz perfeito.",
2355626,"Cachaça e mulher bonita, é a minha perdição.",aparencia
2355719,"Namorei mariazinha, depois namorei lucinha no fim namorei lurdinha moça linda e educada.",comportamentos
2355720,Que maltratou deu risada se tornou mulher mundana.,identidade
2356768,mim chamam homem solitário e sei que eles tem razão..,identidade
2356774,mim chamam homem solitário e sei que eles tem razão.,identidade
2357880,Beliscar não é pecado.,comportamentos
2357881,Diz o senhor capelão.,
2357955,Eu sou a rainha fiel do xaxado.,papel_social
2357977,"Olé mulher rendeira, cantiga de lampião.",identidade
2358077,Vitalino hoje é imortal também.,identidade
2358512,Sem cantar mulher rendeira.,outros
2358688,Um litro de pinga ela sozinha engole.,comportamentos
2358770,Uma mulher feliz.,identidade
2359241,Tem mulher saliente que adora um caquiado.,identidade
2359475,O homem não dança solteiro tendo mulher pra dançar.,comportamentos
2360018,Ele é meu ex-namorado.,identidade
2360489,Um marido exemplar.,identidade
2361025,"E ele neco de se apaixonar,.",identidade
2361035,E ele neco..,outros
2361253,Ela é tão linda é tão bela.,aparencia
2362004,Moça feia e marmajão.,outros
2362300,"MOÇA LINE E RAPAZ, FICARÁ SUSTADO EM PÉ.",outros
2362578,Pois ela é muito bonita e eu não posso abandonar.,aparencia
2362966,Mais que menina indecente.,habilidades
2363039,É festa de vaquejada mulher bonita e forró.,aparencia
2363155,Mas ela mexe gostoso.,habilidades
2363158,No agudo ela quica suave.,outros
2363159,E ela desce gostoso.,habilidades
2363222,"Falando em mulher nova, que anda se rebolando,.",
2363285,mulher ruim.,identidade
2363873,"Apareceu o vigia, Aílton pra ele dizia: Amigo estou baliado.",identidade
2363874,"Aílton foi socorrido, estava passando mal.",identidade
2363894,"Quem quiser moça bonita, vai mandar encher de birita.",outros
2364027,Sertanejo é caboclo forte e foste trabalhador.,identidade
2364110,Nem se ela é casada.,identidade
2364115,Se eu soubesse onde ela mora corria pros braços dela.,comportamentos
2364255,"Macaco, que só era homem fraco quando olhava o céu....",identidade
2364946,Ela é a filha do velho.,identidade
2365192,Que não caia na esparrela que ele é casado.,identidade
2365813,Menina bonitinha me dê mais o seu carinho.,aparencia
2365900,Menina estou pirado.,comportamentos
2365957,Era um homem meio bicho.,identidade
2365985,Ele é bicho homem.,outros
2365986,Ele é lobisomem.,aparencia
2366055,"Ela não é virgem, não é virgem não.",identidade
2366175,se for moça educada.,outros
2366728,"Abre a roda, as moças namoradeiras.",identidade
2366752,Menina linda acabou meu coração.,aparencia
2367978,Menina linda por favor.,aparencia
2368898,é a filha mais nova do patrão..,identidade
2369353,Mulher boba no colchão.,identidade
2369563,Penso que ela é casada.,identidade
2369735,Ela é independente.,identidade
2369842,Menina linda vou agradecer a.,aparencia
2370893,Ele é o pai do meu filho.,identidade
2370894,Ele é meu matulão.,identidade
2371010,Moça velha que ainda tem.,identidade
2371020,Beijo de menina nova.,identidade
2371024,Beijo de mulher viúva.,papel_social
2371026,Beijo de mulher casada.,papel_social
2371036,Já falei das moças velhas.,aparencia
2371037,De mulher namoradeira.,identidade
2371151,"É homem casado enxerido, Marinheiro samba.",identidade
2371173,Ela faz igual a cobra.,comportamentos
2371203,"Rosa, moça bela.",aparencia
2371303,Mais vejo sempre menina sapeca.,identidade
2371938,Me casei com um homem velho e ciumento.,outros
2372849,Agora que viu que ela tá feliz.,comportamentos
2373143,Homem forte pra valer.,habilidades
2373144,Na vaquejada ele é o rei.,identidade
2373156,A menina passa faceira.,
2374582,O cheiro do cangote de uma mulher cheirosa.,aparencia
2374617,A mulher quando é boa de chamego.,identidade
2374816,João é infeliz.,valores
2374851,Ele é sabiá cantando numa laranjeira em flor.,identidade
2374936,"Todo homem é chachorro, mas quem late mais gostoso sou eu.",comportamentos
2375009,Ela já tá virada na quinta.,comportamentos
2376672,Eu sei que ela é dona do seu coração.,identidade
2377235,Maria moça bonita.,habilidades
2377414,Ela dançava bonito o ritmo quente do meu carimbó.,aparencia
2377902,Ele é tal igual maré..,identidade
2378111,Mulher só gosta do homem galinha.,outros
2378120,O manual da mulher é fácil de ler.,outros
2378383,Só gosta mesmo é de mulher tranqueira.,aparencia
2378636,Rapaz novo se encanta.,identidade
2378771,Tem menina beijoqueira.,comportamentos
2378821,Menina quente do chilique danado.,outros
2378823,Teu peneirado é tempero de moça nova.,outros
2378825,É fogo de moça nova.,comportamentos
2378891,Mulher bonita desfilando a noite inteira.,aparencia
2378918,Maria aqui ta muito bom.,outros
2379482,Pode beijar na boca da mulher namoradeira.,comportamentos
2379676,Hoje ela tá virada pela madrugada.,
2379796,A mina tá danada.,identidade
2380552,não sei se ela vai ficar comtigo.,outros
2382182,"Dulce, Mãe menininha,.",outros
2382401,"Mulher rendeira,.",identidade
2382788,Senhor é pai que ama.,identidade
2382866,O homem tornou-se fraco.,outros
2383055,"Menino magro doente,.",aparencia
2383056,E a mãe impaciente.,comportamentos
2383063,Menina quage criança.,aparencia
2383294,CACHAÇA E MULHER BONITA.,aparencia
2383328,"VOCÊ MULHER DIVINA, PURA E VERDADEIRA.",valores
2383645,Ela tá contente.,comportamentos
2383656,Ela é outra pessoa.,identidade
2383917,Sou o homem mais feliz.,identidade
2383918,O homem mais feliz um novo amor.,comportamentos
2383921,O homem mais feliz é bom demais.,identidade
2383926,Com você eu sou o homem mais feliz.,identidade
2384065,Elas começa esnoba.,comportamentos
2384184,Moça bonita do olhar apaixonado.,aparencia
2384505,Tem menina prostituta.,valores
2384848,"Mulher gostosa aqui tem demais,.",aparencia
2384981,Ela é rampeira.,identidade
2385202,"Ela é um luxo, ela é sensual, ela é uma deusa qualquer.",aparencia
2385204,"Faz serviço completo, o esquema é legal, ela é dona do.",habilidades
2385247,Ele será o capitão da seleção.,habilidades
2386902,Ele é grande.,aparencia
2386903,Ele é peludo.,
2388647,"Ela é tão grande, tão grande, olha a mamãe como é tão grande!.",identidade
2388655,"Ele é tão grande, tão grande, olha o papai como é tão, grande!.",aparencia
2388814,Ele é o rei da praia.,habilidades
2389597,Rosa é poesia.,identidade
2390285,Quero olhar ele de perto só pra ver se ele é real.,outros
2390891,Vai ver que ela tá meio boboca.,comportamentos
2391993,Vai ver que ela tá meio boboca..,comportamentos
2392302,"Ele é sempre companheiro,.",identidade
2393085,Ele é o pão e o vinho.,identidade
2393086,Ele é o princípio e o fim.,identidade
2393089,Ele é o não e o sim.,identidade
2393107,Ele é o pai e o filho.,identidade
2393108,Ele é maior do que a morte.,identidade
2393110,Ele é carinho mais doce.,identidade
2393114,Ele é o sol e o luar.,identidade
2393116,Ele é o mestre dos sábios.,
2393907,"Dá um close nele, ele feio que dá dó.",aparencia
2393945,E ele é tão bonitinho!.,aparencia
2394414,Já foi moça bem formosa.,aparencia
2395556,por isso é que se diz como ela é sentimental.,identidade
2396524,porque agora ele já é um homem.,identidade
2396786,A onde ele é real.,valores
2397228,"Para mim, para mim ele é um campeão.",identidade
2397844,Mãe é a felicidade.,valores
2398845,Que ele é muito lindo.,aparencia
2399546,Super-homem e mulher maravilha.,identidade
2399732,"Ele é o cara, ele é o bom.",identidade
2399741,Eu sou o cara - ele é o bom.,identidade
2400865,Balança a menina faceira da.,identidade
2402216,Ele era um garoto só.,identidade
2402302,Comanda a massa no salão ele é rei.,identidade
2402592,Mãe preta de lá mandou chamar.,outros
2404047,Sou a mulher ideal.,valores
2404340,Ô saravá menina mineira que é filha de.,
2404593,Bater em mulher é onda de otário.,identidade
2405137,Ele era tão glorioso e eu tremia sem parar.,identidade
2405172,"Foi então que um grande anjo eu pude a vista, ele era tão glorioso e eu tremia sem parar.",valores
2405195,Ele é o pastor de quem ouvimos a voz.,papel_social
2405305,Senhor altíssimo é tremendo.,valores
2405492,"Pastor, homem semelhante a nós;.",identidade
2406205,ele tá vivo padre não tá morto.,valores
2407379,Ó senhora rezadeira.,valores
2407605,"Pra te dizer, mulher formosa.",aparencia
2407624,Que moço impertinente.,identidade
2407777,Mexe até moça solteira.,identidade
2407890,"Nêgo era moço, e a vida, um brinquedo prá mim.",identidade
2408364,Ela foi bem contemplada.,identidade
2408875,Céu - Homenagem à mulher bandeirante ].,identidade
2410080,O rei leão convocou a bicharada.,outros
2410345,"Madruga é boa gente, e assim vive contente.",outros
2410444,O senhor girafares.,identidade
2410612,"Quando acaricio, ele fica bem feliz!.",comportamentos
2410613,"E quando acaricio, ele fica bem feliz!.",comportamentos
2410860,Como ela é engraçada.,identidade
2411611,Homem igual a esse nunca existiria.,identidade
2411808,E o homem é bicho mau.,identidade
2412307,O seu andar tem jeito de moça criança.,comportamentos
2412800,Rainha mãe do poderoso rei de.,valores
2412818,Senhora soberana.,identidade
2413073,"Garoto maroto, travesso no jeito de amar.",identidade
2413902,Ninguém pense que ela é bahiana.,identidade
2414004,E Ele é encantador.,identidade
2414067,"Ele é fiel, prometeu e vai cumprir.Pra sempre cantarei ao meu.",valores
2414153,Mãe tão virtuosa assim.,valores
2414232,Jesus é bom.,valores
2414241,Jesus é bom demais..,
2414253,Jesus é bom..,valores
2414264,Jesus é bom demais.,valores
2414553,Tem homens perigosos que não compaixão..,identidade
2414618,MAMÃE.......( QUE O SENHOR LEVANTE O SEU ROSTO SOBRE TI.,valores
2414827,"Jesus é bom,bom,bom..",valores
2414904,Ele é maravilhoso.,aparencia
2414979,"Ele é meu amigo me conduz pelo caminho,.",identidade
2415179,"Paz, Jesus está contigo..",identidade
2415384,Mas veja que menina maluca eu encontrei.,comportamentos
2415407,"Não posso acreditar, que menina confusa!.",identidade
2415540,"Ele foi um rei, e brincou com a sorte.",identidade
2415550,"Só sei que esse trapo, esse homem foi um rei.",identidade
2415553,"Só sei que este trapo, esse homem foi um rei.",identidade
2415810,Venha a menina tão mulher.,identidade
2416392,Ele é verde-amarelo.,aparencia
2416715,"Ela é padrão de beleza, é mulher brasileira.",identidade
2417276,Toda mulher é uma flor.,identidade
2417284,Pra dar pra moça bonita.,aparencia
2417292,pois ela é a flor dos amantes.,identidade
2417569,Ela também é linda você vai gosta a..,aparencia
2418037,"O buquê de flores, todas elas naturais.",aparencia
2418106,ela é alegria ou lamento?.,identidade
2418785,Menina tostadinha ao sol da praia.,identidade
2420297,As meninas caramelo.,identidade
2420938,Bumbum como é bom ser lelé.,comportamentos
2422420,Mulheres guerreiras..,identidade
2422763,Luiza é bamba.,habilidades
2423528,Ela é a dona do vento.,identidade
2424183,Prá quem o choro da mulher é coisa a toa.,outros
2426334,Mulher brasileira em primeiro lugar.,identidade
2426342,Mulher primeira.,identidade
2426355,Mulher dona do meu compromisso.,valores
2426812,Ela era dona.,identidade
2427157,"Nosso chão, nossa vida, nossa pátria mãe gentil.",outros
2427274,E a mãe preta amamentou.,papel_social
2427280,Nas veias dessa pátria - mãe gentil.,identidade
2428453,A senhora era louca.,identidade
2429054,A mãe preta chorou.,identidade
2429140,Viu duas filhas donzelas.,outros
2430852,Joana é safada.,identidade
2431569,Ó doce musa felina da minha paixão.,aparencia
2431669,Sou garoto sapeca.,identidade
2431879,O ato não desata.,valores
2432442,Cheiro de menina moça.,identidade
2433175,"Mulher brasileira, dengosa e faceira, (Bis).",identidade
2434290,Sou mulher capaz de tudo pra te ver feliz.,outros
2435118,Eu fui menino sonhador } BIS / REFRÃO.,valores
2436021,Vá dizer que ela é a razão dos meus “ais”.,comportamentos
2436235,Ele é um cabra muito feio.,identidade
2436243,"Ele é alto, magro e feio, é desdentado.",aparencia
2436345,Eu era menino livre.,identidade
2436377,Cristina era mesmo legal – “partimo” até pro coisa e tal.,comportamentos
2438188,Ô Maria é hora.,outros
2439084,Zuza era filho de.,identidade
2439096,A moça era bamba dos.,comportamentos
2439571,Eu sou o rei floresta.,identidade
2440085,Coco que tem mulher bonita.,aparencia
2440089,"entrou na roda ficou preso, tudo que é homem aceso.",identidade
2440297,Há longos anos ele arqueja.,
2440550,Ele é sangue real.,identidade
2440688,Um moço êveio:.,outros
2441230,Ela é folgada quando eu peço pra buscar um copo d´água.,outros
2441484,"Eu tenho um novo namorado, moço sério e mesmo de juízo.",identidade
2441492,"Lá em casa ele anda sempre acanhado, ao meu braço (imaginem) ele fica envergonhado.",identidade
2441670,(ah como ela é boa!).,identidade
2441877,Ele está cansado de amar você.,identidade
2442257,Maria é lindo.,identidade
2443007,Ele está mesmo.,identidade
2443555,Mãe ingrata indiferente e fria.,identidade
2443985,Já não sou aquele homem sofredor.,identidade
2444207,Esta mulher é teimosa.,identidade
2444239,Esta mulher já foi bela.,aparencia
2444245,Ela é dose pra leão.,identidade
2444307,Esta mulher tão fingida.,identidade
2445573,"Ele é branco, ele é negro.",identidade
2445576,"Ele é valente, é coisa da gente.",identidade
2445831,ele andava mal nutrido de carinho e de calor.,outros
2446256,"O homem é civilizado, a sociedade é que fz sua imagem..",valores
2446274,"O homem civilizado,a sociedade é que faz sua imagem..",identidade
2447613,É ele escravo sem ser.,identidade
2447833,Deus fêz eles branco.,identidade
2448409,Ela é da bossa e o marido é um boçal.,identidade
2448835,moço sério e mesmo de juízo.,identidade
2449067,Pois ele é um cavalheiro.,papel_social
2449715,Mulher ingrata foi a minha frustração.,comportamentos
2449725,Não se amarre nessa nega que ela é mulher confusão.,comportamentos
2449731,Não se amarre nessa nega que ela é mulher macumbeira.,
2450175,Menino velho.,identidade
2450867,"De uma moça tão bonita, de um violão.",identidade
2451121,minha mãe gentil.,identidade
2452465,ela passiva e fria notei.,outros
2452684,Ele é danado p'rá morder.,comportamentos
2453183,E o homem sozinho devia morrer.,identidade
2453578,Ela é comandante-chefe do batalhão do amor.,papel_social
2454058,E esse andar de moça prosa.,comportamentos
2454154,Dizem que a mulher é parte fraca.,identidade
2454590,"Mas se ele é honesto,.",identidade
2454649,"Disse que ele foi escravo, mas não se entregou a escravidão.",papel_social
2455415,Menino caçador.,comportamentos
2455421,Menino onipotente.,identidade
2456299,Ele era muito esperto.,identidade
2456786,Ele é movido pelo sacrifico de amor.,identidade
2456848,Prá ela ser forte e cada vez maior.,identidade
2457321,"Você é meu namorado punk do rock,.",identidade
2457451,Pra subir numa árvore ele é bem veloz..,habilidades
2457517,Eu sou doidão mas ele é um anjo..,identidade
2457691,mas se ele fica nervoso vira um furacão.,comportamentos
2458022,Anda a roda o tatu da roça moça bonita da perna grossa.,aparencia
2458102,"Cantor: Ele é um mamífero aquático, e também bota ovos!.",identidade
2458157,Ela é uma ruivinha com um cérebro de ornitorrinco.,aparencia
2458321,O que eu vou dar para ele é um misterio.,outros
2458513,Já sei que quando ele surgi é bom sinal!.,valores
2459523,Esse menino é meu vizinho.,outros
2459548,Esse menino é meu vizinho!.,identidade
2459781,"Se ele decidia ir sozinho, não dava pra segurar.",comportamentos
2459883,Ele é branco e amarelo.,
2459925,Olha a menina moleca láááááá.,identidade
2459926,Mas que menina moleca.,identidade
2459929,Ela é uma lelé da cuca.,identidade
2460311,Sua mãe era uma batedeira.,habilidades
2460408,É a velha história de um garoto mal e uma garota má.,identidade
2460438,Conviver com eles é um horror!,
2460466,Que ele é um mamífero móvel!.,papel_social
2460505,"E gritou pra aquele bando: ""Esse rapaz é comerciante!"".",identidade
2460509,Se aquela moça esperta não tivesse ali passado.,identidade
2460632,O que é ruim pra ele é bom pra mim.,outros
2460895,"E ela é rainha, comanda e desmanda.",papel_social
2461059,Saboroso é ser criança.,valores
2461498,Encantadora a donzela pequenina.,identidade
2461504,Ela é a luz do sol.,outros
2461536,Um menino sonhador.,identidade
2461846,Para a moça dona do seu coração.,papel_social
2461858,Por você ele é apaixonado.,papel_social
2461871,por você ele é apaixonado.,aparencia
2462486,Ele era naturalista porque gostava da natureza.,outros
2462523,"Chii, agora ele estava envenenado!.",
2462830,Qualquer cor que pinte pela frente ele acha bom.,outros
2463063,Ele é um senhor muito sério que não gosta de gracinha..,identidade
2463142,Antigamente ela era minha mãe.,identidade
2463143,Antigamente eu era a filha mais querida.,identidade
2463259,Ele é puro e verdadeiro.,identidade
2463487,Ela é muito feia!.,identidade
2463507,Como se ela fosse muito bonita!.,aparencia
2463515,Como se ele não fosse um comilão também.,outros
2463990,Fred tá ligado no lance.,outros
2464032,Ele sempre anda descalço pra pisar você..,outros
2465367,Ela é tão pequena quase não tem nenhum dente.,identidade
2465368,"Dei um nome pra ela, ela é tão fofinha.",identidade
2465378,Ela é tão danadinha.,identidade
2465829,Mas a tia é gente fina.,identidade
2466083,Felipe é dorminhoco e sabidão.,comportamentos
2466086,Ele é vigia numa loja de colchões.,papel_social
2466850,E por ela estou gamado!.,identidade
2467131,Que ele é semi aquático.,identidade
2467284,Ele é um irmão amolado.,comportamentos
2467469,Bug-ug era chique.,aparencia
2467524,Ele é um traidor.,identidade
2467632,"ele é um porco (sou,sou,sou!).",outros
2467698,Ele é um porco ( sou sou sou ).,identidade
2468058,(Zazu) Eu nunca vi um rei leão sem juba e sem pelo.,aparencia
2468925,"No fundo, ele é fanfarrão.",
2469193,Ele é bicho.,identidade
2469248,É o menino mais esperto que existe por aqui.,identidade
2469249,Pedrinho é amigo do.,identidade
2469454,ela mesma acha importante.,identidade
2469832,Fui vassalo do rei ramse.,papel_social
2470230,"Menina menina você me ligou,to parado na sua.",comportamentos
2470499,"Garoto, garoto bonito.",aparencia
2470515,Parece que ela fica louca.,comportamentos
2470578,Ele é trabalhador.,identidade
2471426,Ele não é famoso.,identidade
2471677,"Na tempestade, ele é o abrigo.",identidade
2471686,Esse menino é iluminado.,identidade
2471697,Na tempestade ele é o abrigo.,valores
2471949,Paulo está mais contente.,identidade
2472164,"Mas que menina sapeca, levada da breca.",identidade
2472327,Senti que ele estava apaixonado.,comportamentos
2472553,"ELA ENGORDA, ELA EMAGRECE.",aparencia
2473314,QUE ELE SEJA ALTO E FORTE.,aparencia
2473559,"Ele é o colosso, eu não largo o osso.",identidade
2473561,Ele é o colosso que vem me acordar de manhã....,identidade
2473593,Ele é um colosso.,identidade
2473871,Deixa disso mãe não é tão ruim.,valores
2474142,Ela é nossa amiga.,papel_social
2474145,Ela é tão mimosa.,aparencia
2474429,"Ele é um ratinho, ele é muto feliz.",identidade
2474801,O Cebolinha é muito esperto.,identidade
2475536,Felisberto é muito esperto!.,habilidades
2475547,A Cuca é malvada.,identidade
2475747,"Ele é pretinho, com uma faixa branca.",identidade
2475757,Você responde o que eu vou perguntar.,outros
2475834,Ele é gaucho e tá sempre de bombacha.,identidade
2476179,Veja como ele é bonitinho.,identidade
2476215,"Ele é muito lindo, ele é tão fofinho.",aparencia
2476863,Jesus foi pregado na cruz do calvário.,comportamentos
2476885,Dinheiro na caixinha ela é charmosa e.,outros
2476966,Ele é o amor.,identidade
2477561,"Miau, miau, ele é bonitinho.",aparencia
2477746,Que menina boazinha é.,identidade
2477764,o homem branco tem consciência.,valores
2477882,Ela é durona[durona].,comportamentos
2477930,Ela é durona.,identidade
2478472,Cebolinha é muito esperto.,identidade
2479794,Sabe ele está apaixonado.,identidade
2480139,Todas elas eram muito bonitinhas.,aparencia
2480597,No fundo ele é um amigão (Bis).,valores
2480647,Xuxa é tão bom te ver.,identidade
2481427,O menino mais lindo da escola.,aparencia
2481573,Manoel é português.,identidade
2481687,Ele fazia careta e palhaçada também.,comportamentos
2481799,Acha ele muito legal.,identidade
2481876,Ele fala engraçado.,comportamentos
2482321,Furou a boca e deixou ela bem grande.,aparencia
2482360,Até que um dia eu descobri que ele não era assim tão mau.,comportamentos
2483226,"Gozma vamos juntos reagir, nosso planeta terra ninguém pode invadir, avante.",outros
2483429,"Jandira, Jandira, menina bovina.",identidade
2483516,São garotas sapecas.,identidade
2483601,"Na hora de uma briga, ele é ruim que dói.",habilidades
2483603,"Ele é tão engraçado, eu sempre morro de rir.",identidade
2483609,"Quando ele bate forte, quase que quebra a mão.",identidade
2483796,Ele é meu campeão.,identidade
2483804,Ele é valente.,
2483805,Ele é muito corajoso.,identidade
2484162,Minha avó assanhadinha bate o pé.,identidade
2484327,Senhor capitão é tão bom sonhar.,identidade
2485504,Porque ele é bom.,identidade
2485518,porque ele é bom.,identidade
2486039,Ele é vencedor.,identidade
2486056,Mesmo assim ele é humilde e faz conta de você.,identidade
2486074,Pega o homem sujo e mal e faz dele um cidadão.,comportamentos
2486200,E ela estava cheia de peixes a transbordar.,outros
2486315,Jesus foi aprovado por.,outros
2486319,Jesus é anunciado entre as nações.,identidade
2486320,Jesus é aceito por fé.,
2486321,Jesus foi recebido em glória.,valores
2486362,Jesus foi vencedor.,identidade
2486516,Cristo em minha rede social ele é o provedor.,valores
2487247,Ela estava triste e muito machucada.,comportamentos
2488634,só ele é digno de todo louvor!.,identidade
2488750,Ela havia sido escolhida.,outros
2488777,Jesus era obediente.,valores
2489218,Noé era um homem justo e bom.,identidade
2489221,"Um homem legal, muito especial.",identidade
2489243,"Noé,homem justo e bom.",valores
2489247,Um homem muito especial.,papel_social
2491270,Rei tão santo?.,valores
2491385,Só o senhor é deus.,valores
2491539,Senhor soberano.,valores
2492406,O Senhor forte e valente.,identidade
2492407,O Senhor valente nas guerras (2x).,
2492796,"São homens bonitos, vem ver.",aparencia
2493131,Ele mesmo quer se mostrar pra você.,
2493160,Mulher fervorosa.,identidade
2493161,"Mulher virtuosa, maravilhosa.",identidade
2493761,Ele é digno (Só.,identidade
2494298,Noé está seguro na.,identidade
2495523,Davi foi preparado.,comportamentos
2495529,Davi foi grande harpista.,
2495536,Davi foi paciente.,outros
2495546,Davi foi ensinado.,habilidades
2495552,Davi foi corajoso.,comportamentos
2496744,Ele fui chamado e santificado.,identidade
2496853,Ele é digno de glória.,identidade
2496984,"Mulheres virtuosas, mais do que jóias preciosas.",identidade
2496991,Eu sou mulher batalhadora e de oração.,identidade
2497112,"Ver feliz a mãe gentil,.",outros
2497209,"[bia]-ah,jesus é lindo mesmo.",aparencia
2497228,Aquela mulher doente!.,identidade
2497497,é que ele nunca está igual.,aparencia
2497758,"Ele é fiel, Ele é fiel (x2).",valores
2497973,Só ele é digno (só ele é digno).,outros
2499787,POR ISSO ELE VAI LUTAR.,outros
2500461,Mas senhora tão bendita.,identidade
2500579,"Ele é meu tesouro, meu.",identidade
2500757,Senhor digno de ser louvado (repete).,papel_social
2500790,"Ele foi transpassado, moído pelas nossas iniqüidades.",valores
2501009,Minhalma está apegada a.,outros
2501177,E o colocou em um jardim e deu a ele uma esposa querida!.,papel_social
2501626,Eu sou um homem justo e bom.,identidade
2502520,Ele é fiel e cumpre o que diz.,identidade
2502564,"Ele é fiel, Sim, Ele é fiel,.",identidade
2502892,O sucesso com as garotas é enorme.,identidade
2503694,E ele sozinho a se lamentar.,comportamentos
2504354,Ela é linda e é pequena.,aparencia
2504705,ele é tão fofinho e muito brincalhão.,identidade
2505126,Popeye vai ser papai.,identidade
2505662,Ela era a amada do.,identidade
2506175,Está escrito: Cristo é vivo!.,identidade
2506854,"Mesmo assim, Deus foi fiel a mim.",valores
2506858,"Ele tem sido fiel, fiel a mim.",comportamentos
2506862,"Ele foi fiel, fiel a mim.",identidade
2506879,"Ele quer estar contigo, ser seu melhor.",identidade
2507479,Ele é o céu e deves vê-lo.,valores
2507601,Herói é artista que tem como profissão.,identidade
2507646,Ele é bravo!.,identidade
2507667,Ele é o herói das multidões - Brilhou no céu.,identidade
2507679,garoto bom tá aí.,identidade
2507685,ele é o herói das multidões - Brilhou no céu.,valores
2507779,Elsa é bom ir se deitar.,outros
2507984,(Ela tá noiva de outra pessoa ouviram?).,papel_social
2508250,Porque ele é amor.,identidade
2508907,Ele é tão fofinho.,identidade
2509104,Pois ele é meu campeão.,habilidades
2509882,Ela é uma amiga muito especial!.,papel_social
2511693,"Não é fácil não, eles são diferentes demais.",outros
2511712,Ela é toda patricinha empinando o nariz.,identidade
2511713,Ele é lunático mais é feliz.,aparencia
2511728,Anão: e ele era forte e bonito?.,aparencia
2511848,Ele é carinhoso e tranquilo.,identidade
2511853,Ele é feliz.,identidade
2512968,Ela é a alegria de viver emoção.,
2513671,Homens orgulhosos não querem paz.,identidade
2513909,Só ele é digno de glória.,valores
2514093,Que ele mesmo recebeu.,outros
2514800,"Ele é um robô, agora é só brincar..",outros
2515561,Ele está contigo e nunca vai te abandonar.,valores
2515895,A mulher sunamita seu filho perdeu.,identidade
2516521,- Ele é bom amigo!.,identidade
2516824,Elas são tão engraçadinhas.,comportamentos
2517052,Quando chega o gambá acaba a festa ele é bom só o cheiro é que não presta.,identidade
2517290,Ela é teimosa e desobediente.,identidade
2517583,Ele é fofinho.,identidade
2517588,Ele é sortudo.,
2517596,Ele é teimoso e gosta de zombar de mim.,habilidades
2517598,"Ele é levado, carinhoso e inocente.",outros
2518345,Mulher virtuosa.,identidade
2518353,Jesus é digno.,identidade
2518563,O Senhor valente nas guerras.,identidade
2520028,Galileu ele é muito legal.,comportamentos
2520335,Ele não foi convidado.,outros
2520600,Senhor aonde estás preciso tanto.,outros
2520726,Ele é digno de louvor..,identidade
2520759,"Ele é digno, digno de todo louvor..",identidade
2521974,"Aladdin é perseguido,.",
2522000,Ele é muito excitante....,identidade
2522209,Seu pai era um homem bom.,
2522336,Ela parece mais feliz..,identidade
2522732,"Garota caladinha, ele adora.",identidade
2522742,A garota retraída.,comportamentos
2523191,Ele estou liberto do perigo e do mal.,identidade
2523296,e a criança quando canta ela é feliz.,identidade
2523395,Papai do céu ele é muito legal.,identidade
2523720,Jesus é vivo.,valores
2523893,Ele é real.,identidade
2525092,"Ele é imperador,.",identidade
2525110,Ele é legal.,habilidades
2525143,Aqui no lixão.,outros
2525511,Que ele é fenomenal!.,identidade
2525588,"Ele é forte, ele é tão musculoso.",aparencia
2525742,"Ele foi bom e delicado, mas era mal e era tão mal-educado..",identidade
2525748,Como ele está mudado.,papel_social
2525800,Temos aqui uma garota estranha.,identidade
2525861,Esta garota é muito esquisita.,identidade
2525880,ela é muito fechada.,
2525881,Ela é metida a inteligente....,identidade
2525956,Nós nunca vimos moça tão estranha.,comportamentos
2526772,Sou uma menina super poderosa.,identidade
2526955,Olha aqui garoto to cansada de esperar.,valores
2527523,Ele é o autor da minha fé..,valores
2527650,Jesus é fiel.,identidade
2527747,Rei é bom e o seu amor.,comportamentos
2527920,Jesus é bom à beça.,valores
2528037,Ele mostra novos horizontes.,habilidades
2530664,Ele é escuro sim.,aparencia
2530752,"A minha filha está solteira, doutor.",outros
2531076,"Menino bonito,brejeiro.",identidade
2531115,"Jesus é doce, doce, doce como o mel.",identidade
2531406,A méia-noite o senhor grilo.,identidade
2531413,que ele é burro porque é cavalo.,identidade
2531862,Que ele seja bonito e gostoso.,aparencia
2532133,Ele é incrível a todo instante.,identidade
2532145,Sua mina é uma gata que nunca se viu.,aparencia
2532464,"""não temas, o senhor é contigo"".",valores
2532944,"Se a cruz pesada for, cristo estará contigo.",valores
2532981,Não pode faltar o rei leão.,outros
2533892,Ele é justo e não falha.,identidade
2534065,Eles estão sempre juntos.,comportamentos
2534490,Bum bum ele é o príncipe é o maioral de.,valores
2535285,(Garoto lindo vem me beijar).,aparencia
2535289,Garoto lindo o seu olhar.,aparencia
2535292,Garoto lindo.,aparencia
2535300,(Garoto lindo vem me amar).,aparencia
2535366,Se ele é azul como azul do mar.,identidade
2535463,"Eles podem ser feios, mas são importantes.",identidade
2536844,Toda mãe é feita de rosas.,identidade
2536847,Toda mãe é feita de um doce bem doce.,identidade
2537000,"Ele é branco e amarelo, olará.",identidade
2537056,e eles felizes.,identidade
2537988,MÃE querida tenha compaixão..,habilidades
2538008,MÃE querida tenha compaixão.,identidade
2538190,Ele não estava sozinho o seu.,identidade
2538598,"Ele é cheio de fantasia,.",identidade
2538913,Na rede social ela é muito bem vista.,identidade
2538923,"Invejada por todas, ela é sensacional.",identidade
2538925,Mas quando dança e canta essa garota é uma gracinha.,aparencia
2538937,"Ela é poderosa, tá de batom rosa.",identidade
2538938,"Todos se inspiram, ela é toda pomposa.",identidade
2540155,"No partido alto, roda de samba, mulher bonita não pode faltar.",aparencia
2540226,Uma mulher bonita está em minha companhia.,aparencia
2540912,"*Ele é sempre motivo...é causa, é efeito e quadro e giz.",valores
2540922,"Mulher mal amada, palpite infeliz.",
2540924,Ele é doutor que não precisa anél.,outros
2540934,Ele é o bamba igual jamais se viu.,identidade
2541418,Essa mina é uma coisa que eu vou dizer.,
2541423,"Me liguei que ela é difícil deu pra perceber,.",identidade
2541425,"Olha como ela é sexy, ela só quer jogar.",aparencia
2541566,Ela é envolvente.,comportamentos
2542306,Vem menina moça.,identidade
2542851,Pois ele estava tristonho.,identidade
2542875,"Só pra contrariar, ela ainda é donzela.",identidade
2542890,ela ainda é donzela.,identidade
2542903,"Só pra contrariar, ela ainda é donzela..",identidade
2542909,Só pra contrariar ela ainda é donzela.,comportamentos
2543215,"Vem menina moça , vem menina moça , vem menina moça.",identidade
2543729,Ela era a sobremesa.,outros
2544277,"Ela é bonitona, bem feita de corpo.",aparencia
2544288,Ela é errada demais.,outros
2544474,Vagabundo da noitada e a dama cheia de argumento.,comportamentos
2544494,Acorda tia a sua filha é a preferida.,identidade
2544743,"Clinicamente geral, ele é medicinal e não é de amargar.",
2544958,Rosalina é maneira.,comportamentos
2544987,No pagode da mulher solteira.,comportamentos
2545268,Vem moça bonita nesse fogo de xaxado.,identidade
2545555,Nonô que era um homem valente sambou.,aparencia
2546163,"que garota bela, me faz um favor.",aparencia
2546341,Feito um menino inocente.,identidade
2546580,Ela é minha ilha da fantasia.,identidade
2546583,Ela é minha pista alucinada.,identidade
2546724,"E Maria, menina tão doce, tão calma.",identidade
2547016,Deusa linda do amor.,identidade
2548051,Ele deve achar estranho porque você é casada.,identidade
2549064,"Ele é esperto, e bem calmo.",identidade
2549299,Ela não é brincadeira.,identidade
2549304,No meio da roda ela é atração.,identidade
2550675,"E mulher gostosa,isso é bom demais..",aparencia
2551686,Se tem mulher boa na area eu vou me jogar (pra quebrar).,identidade
2552039,Ô mina louca.,comportamentos
2552089,Eu sou o homem dela e ela é minha mulher.,identidade
2552590,Ela vai ser a patroa.,identidade
2552596,Me desloco do asfalto só pra ver a menina faceira.,comportamentos
2552974,A mãe virou feminista.,comportamentos
2554356,"musa verdadeira, deusa, do meu samba.",identidade
2554764,A massa dos homens normais.,outros
2555512,"Ela é toda sarada, ela é muito faceira.",aparencia
2555532,Essa menina não é brincadeira.,
2555618,Uma mulher cheirosa tão linda como uma flor.,identidade
2555771,Que ele já ta doidinho.,outros
2556163,Ela é forte demais.,aparencia
2556423,Os homens guerreiros filhos de oxum..,habilidades
2556951,Maria é coisa nova..,identidade
2557030,"Seu menino lindo, seu menino lindo, seu menino lindo.",identidade
2557033,"Minha menina linda, minha menina linda, minha menina linda.",aparencia
2557051,"Sou tua mina linda, tua mina linda.",aparencia
2557718,"Mulher não gosta de homem bombado, na hora.",aparencia
2558468,Pois ela é uma dama cheia de história.,identidade
2559219,Menina baiana que desce a ladeira.,identidade
2560675,"Essa mina é uma delicia, alem de linda, ela é sagaz.",aparencia
2560901,Quis ser malandro demais.,papel_social
2560963,"A menina vestiu o vestido e quis me fazer um desfile privê, a menina era linda, mas eu só olhei pro vestido e embrulhei pra trazer.",identidade
2561667,Ele é sempre motivo.,comportamentos
2561673,Mulher mal amada palpite infeliz.,comportamentos
2561674,Ele é doutor que não precisa.,papel_social
2562508,Pra menina cheia de marra.,identidade
2562613,Malandro é malandro e.,comportamentos
2562712,"Dizem que ele é bolo doido, ferro doido, bicho solto.",identidade
2562806,Da mina bacana.,identidade
2562812,Ele é bonito e carinhoso.,aparencia
2563238,Timmy é um garoto bom.,identidade
2563405,É porque não tem uma mulher igual a minha.,identidade
2563590,Um garoto especial.,
2563686,ele é bonitinho.,identidade
2564468,Ele é o vilão!.,identidade
2564485,Mas ele é o vilão!.,identidade
2564528,Agora tem poderes e com eles faz bonito.,identidade
2564793,E sentia o homem mais importante.,
2565251,Mas ela não ta nem ai.,outros
2565258,Ela é top.,identidade
2565301,E as minas loucas.,identidade
2566349,E ela pensando que ele era bom.,identidade
2566536,As quatro da tarde ele larga.,comportamentos
2566541,Dizendo que ela é pura e honesta.,identidade
2566580,Que cara tão magro com moça tão gorda.,aparencia
2566581,Que gordo mais feio com moça tão bela.,aparencia
2566659,ela é viúva de seis e com você será a sétima vez.,identidade
2566660,Olha que ela é viúva de um grande açougueiro.,identidade
2566662,ela é viúva de um general.,identidade
2566664,Olha que ela é viúva do dono da funerária.,outros
2566849,você sabe ela é minha patroa.,identidade
2566932,Eu só sei que a mulher é igual a cobra.,identidade
2566961,depois de tudo pronto ele abençõou satisfeito e sorrindo.,valores
2567441,E o famoso carteado ele é patrocinado pela supervia.,habilidades
2567694,"E na gira do povo da rua, ele diz sorridente a hora da gandaia.",identidade
2567893,Ele mesmo!.,identidade
2568648,Ele é campeão.,habilidades
2568894,Ele segue sozinho.,
2569114,Menino segura seu gato.,comportamentos
2569156,Olha aí menino segura seu gato.,identidade
2569505,Sou um homem decente sou trabalhador.,identidade
2569850,"Ricardão está aposentado ele é gavião,.",outros
2570033,"Ela mesma fabrica o bandido,.",comportamentos
2570088,Ela quase morta danou a gritar.,comportamentos
2570131,Ele ainda anda trepado.,comportamentos
2570964,"Essa sua mulher não é flor que se cheire, malandro.",comportamentos
2570974,Porque ela é pior do que eu.,identidade
2571550,OoOoOo vai coração.,outros
2571631,Todo homem é perfeito.,outros
2571636,Mulher quando é fogosa é bonita de se ver.,identidade
2571892,"Você mina direita, e eu safado.",comportamentos
2572159,MULHER DAS ESTRELAS.,aparencia
2573283,Ele foi o herói!.,identidade
2573724,O troféu de a menina mais chatinha.,identidade
2575145,"Princesa é a beleza desse amor, que faz meu corpo te amar.",valores
2575463,Neném tá fominha.,comportamentos
2576159,"Enfiaram o cacete, deixaram ele nu!.",comportamentos
2576673,ele foi doloroso e cruel.,comportamentos
2576840,Se ele é delator.,outros
2576841,Ele não é malandro.,identidade
2576873,"Ele dava pernada, dava cabeçada.",outros
2577078,Olha aqui o federal onde chega ele é bem chegado.,papel_social
2577173,somente ele estava são e salvo porque na igreja ele é bom pastor.,
2577264,Ele é filho de preta.,identidade
2577570,"Ele não é preto, é bem branco.",identidade
2577651,Porque elas são madeira.,aparencia
2577735,Ela é rainha da beleza.,identidade
2577836,Ela é tão bonitinha.,aparencia
2577856,Ela é toda amarrada.,identidade
2577857,Ela é cheia de nó.,identidade
2581470,A mulher mais feliz desse mundo.,identidade
2581540,Olha que garoto estudioso responsável demais.,
2581548,"Ele foi carpinteiro, e também jornaleiro (E na.",papel_social
2581805,Ela é minha marrom e a sua também.,aparencia
2581810,"Cantando sufoco, garoto maroto.",identidade
2582459,Mas que mulher indigesta!(Indigesta!).,identidade
2582467,Ela é mais indigesta do que prato.,comportamentos
2582469,Essa mulher é ladina.,comportamentos
2582514,EU VOU DIZER PRA MINHA MÃE NÃO CHORA.,comportamentos
2582612,Nunca vi mulher tão atraente.,aparencia
2582891,Cartola é arte pra ficar.,outros
2583235,"Oyá, Oyá, ela é dona do mundo.",identidade
2583239,"(Oyá, Oyá, ela é dona do mundo).",papel_social
2583721,"Beth foi nobre e soltou todo mundo, cheia de moral.",identidade
2583816,Olha que o pirão da tia chica.,outros
2583894,"ele é rei, coroado pela gente...",identidade
2583921,Ele é rei de.,papel_social
2584375,Só porque em outro samba eu pedi para um homem não ser condenado.,habilidades
2584404,Sou um homem decente.,identidade
2584977,"Doutor, este homem é inocente,.",valores
2585205,Fofoca pra mulher é feio.,comportamentos
2585302,Mas ele era chamado: o gente fina.,identidade
2585322,Mas agora ele é chamado de maluco.,
2585364,só que a justiça dos homens é cega.,identidade
2585394,Só porque grampeei um rapaz boa pinta.,identidade
2585726,Quando agente era namorado era tão legal.,papel_social
2585868,"E, certo de ser um homem feliz.",comportamentos
2586270,Hoje eu vou casar de qualquer jeito só mulher bonita.,valores
2586273,ela é muito linda ela é verdadeira.,aparencia
2586274,"essa mina é loka, passa geral.",comportamentos
2586278,essa mina é loka passa geral.,identidade
2586285,"tem mulher bonita, hoje eu vou casar.",identidade
2586288,"tem mulher bonita, hoje eu casar.",aparencia
2586907,"Que garota tímida, ela é santinha.",identidade
2587193,Ela é sua amiga e veio só cumprimentar.,comportamentos
2587302,"Ore,moça bonita não chore.",aparencia
2587656,"Se a cruz pesada for, Cristo estará comigo.",identidade
2588383,Vem menina linda minha cinderela.,identidade
2588568,"Essa menina é bonita, é gostosa de mais eu parei foi na dela.",identidade
2588579,tá gostoso mãe tá bom de mais o movimento.,outros
2589180,"Ela já foi solteira, já foi casada, já foi patricinha.",identidade
2589181,"Essa mulher é freteêra, essa mulher é gamada na minha.",identidade
2589184,"Ela sabe que eu sou é gostoso, essa mulher é parada na.",aparencia
2589187,"PaNHo, PaNHo, PaNHo, PaNHo ela gostoso de jeito.",comportamentos
2589190,"Ela já foi casada, já foi solteira, já foi patricinha.",identidade
2589191,"Essa mulher é freteêra, essa mulher é parada na minha.",outros
2589194,"Ela sabe que ele é gostoso mais ela é parada na minha,.",aparencia
2589351,"brother tá feliz, estas negativo assim por favor sai.",outros
2589979,Ele é parceiro é amigo.,identidade
2589982,Ele é igual a todo mundo.,
2589987,Ele não é bandido.,identidade
2590001,Ele não é dono da verdade.,
2591117,És a musa brasileira.,identidade
2591224,"Ele é meu andor, minha fé.",identidade
2591467,"Que não é sonho meu, pois ela é real.",identidade
2591491,Sonha nossa terna mãe baiana.,identidade
2592166,Se curvam para o rei sambar.,outros
2592186,O rei sambar.,outros
2592350,Ela é ruim de sair.,identidade
2592353,Ela é pedra no sapato.,comportamentos
2592357,Ela é coisa do além.,identidade
2593016,Caguete é caguete mesmo.,identidade
2593112,"Doutor, este homem é inocente.",
2593797,"Mulher gorda, burra e feia,.",
2593978,Só quero garota nova não conheço meu lugar.,
2594093,Mulher feia e um homem disposto.,aparencia
2594132,Disse que ele foi escravo mas não se entregou à escravidão.,identidade
2594147,ELE É O CAMINHO DA GLÓRIA.,identidade
2595318,Ele é fogo na lenha.,papel_social
2595535,"Ê ê tem moça bonita querendo casar, na zueira.",aparencia
2596017,um homem vencedor.,identidade
2597143,E ela ainda é uma princesa.,identidade
2599864,Essa menina cheia de encantos que chegou por aqui.,aparencia
2600295,"depois que ele for eleito dá aquela banana pra você,.",outros
2600302,E depois que ele for eleito não arruma emprego pra você.,identidade
2600420,"Ela é uma pancada na canela, uma espinha na garganta, ela é carne de pescoço.",identidade
2600434,"Ela é uma pancada na canela, uma espinha na garganta.",identidade
2600435,ela é carne de pescoço.,identidade
2600634,Abel foi morto meu amigo.,outros
2600834,Homem é homem e boi é boi.,identidade
2601752,O meu papo ele é verdadeiro.,habilidades
2601764,Senão o senhor também é sacaneado e volta batido pedindo socorro.,valores
2601825,Olha aí o meu papo ele é verdadeiro se liga.,comportamentos
2602499,e o moço esperto gritava.,identidade
2602613,porque ela é a cultura do povo.,identidade
2603302,"Ela roda, ela gira e para.",comportamentos
2603311,"Ela roda, ela gira.",comportamentos
2603505,E ele ainda bate forte por você.,comportamentos
2603920,"Jane, deixa eu ser seu homem aranha.",identidade
2605084,"sou homem maduro mas na sua frente,.",habilidades
2605287,A garota mais bonita.,aparencia
2605291,Deixe eu ficar do seu lado menina faceira.,identidade
2605559,Na comunidade ele é considerado.,papel_social
2605588,[Refrão]E...Na comunidade ele é considerado.,comportamentos
2606252,E ela fica mais dengosa quando sente esse poder.,
2606944,"Ela não é mole, não.",identidade
2607009,SEMPRE PROCURANDO MAIS ELA NÃO VEM.,comportamentos
2608070,"Oba, que mulher boa, acho que é da favela, pois ela tem samba no pé (2x).",identidade
2608548,Ela é negra do cabelo loiro.,identidade
2608549,Ela é branca do cabelo black.,aparencia
2608550,Se ela é índia ela pode usar dread.,identidade
2610543,Deus homens ingratos.,identidade
2610729,"O melado escorreu, juntou gente, e aí no meio as mulheres nervosas ""ai, meu.",comportamentos
2610799,e da menina mais bonita.,identidade
2611026,E a moça tão bonita à sombra se deitou no guarda-sol multicor.,habilidades
2611575,Mas nem todos eles juntos.,comportamentos
2612293,Kiki mulher sensacional.,identidade
2612359,Lampião era poeta.,identidade
2612482,nunca foi homem valente.,
2614052,E o senhor é meu pastor.,identidade
2614646,Mas o homem bom que tem o cântico não cessa.,valores
2614667,Mas um homem sábio não age na emoção.,identidade
2614954,Quando eu saio na rua eu deixo as menina louca.,habilidades
2615270,Ele é brabo de lá tcheca.,identidade
2615282,"Beija, beija, beija ai que novinho maluco.",comportamentos
2615643,Essa mina é braba.,identidade
2615663,Porque ela é top e não pode parar.,identidade
2615698,porque ela é top e não pode parar..,identidade
2615741,"ela desce, ela sobe, ela quica, ela treme ao som do.",outros
2615747,"esculacha, essa menina é treinada.",identidade
2616593,Piranhao é moleque piranha.,comportamentos
2616613,Piranhao é muleque piranha.,outros
2616788,Elas ficam loucas e o baile fica maluco (vai).,outros
2617145,Leandro é ator.,identidade
2617309,"essa mina é bombada, olha só mais que pernão.",aparencia
2617423,Esse é desacreditado e ele ramelão.,identidade
2617638,As mina aqui presente vão quica e vão senta.,comportamentos
2617868,Essa mina é garota atrevida.,identidade
2617872,Ela é foda com seu rebolado.,habilidades
2617902,"Ta pensando que eu vou aturar,um marido galinha?.",comportamentos
2617903,"Vai tomar no c*,vou criar a minha filha sozinha.",identidade
2618053,As meninas solteiras dançando pros mais mais.,comportamentos
2618073,Um dia ele chegou tão diferente do seu jeito de sempre chegar..,identidade
2618355,É um homem perfeito.,identidade
2618525,As meninas estão loucas.,identidade
2618556,Vai procurar mulher bandida..,identidade
2618647,Procurei não encontrei só tinha homem galinha.,identidade
2619170,Do homem chileno e do homem brasileiro.,identidade
2620264,"Porque a poesia foi para mim uma mulher cruel em cujos braços me abandonei sem remissão, sem sequer pedir perdão a todas as mulheres que por ela abandonei..",identidade
2621210,Se passa do prazo nois vai torturaa.,outros
2621308,"Brasília, pernambuco, mina gerais, porto alegre, salvador.",identidade
2621327,"Bh, concórdia, pompeia, senhor marajá e milionários.",outros
2621880,Minha palavra de homem é meu investimento.,valores
2622262,Loucura do louco homem louco ice redbull com tudo.,comportamentos
2623501,Garota impossivél do sorriso incrível.,aparencia
2623778,"Moleque é zika, é treta..",outros
2623865,Vem garota linda.,aparencia
2624125,Ó o naipe do mano que tá no piloto e fala que ele é foda.,identidade
2624146,Aí se o homem é prostituto.,comportamentos
2624148,Mas a mulher prostituta.,papel_social
2624150,ela é atriz de filme pornô.,identidade
2624412,Will é puro se andar na linha ganha condição.,identidade
2624510,"Mulher é igual cachaça, toda esquina acha.",identidade
2624533,"Altas minas gatas, corpo de modelo.",aparencia
2624602,Nós pensa que ela é toda gostosa.,aparencia
2624771,Ela tá descontrolada.,comportamentos
2624893,Eu amo essa vida mesmo ela sendo cruel.,comportamentos
2625132,ganha 10mil ele é o cara..,identidade
2625387,"Essa mina é muito loca,.",identidade
2625571,"Nando, Clodo é aliado.",identidade
2625704,"Eu penso que ela é toda gostosa,.",identidade
2626061,Ela é muito mais bonita.,aparencia
2626113,Meu namorado é maior otário.,comportamentos
2626115,Se ele fica cheio de marra eu mando ele pra cozinha.,comportamentos
2626127,"Ai caralho, que mina maluca.",identidade
2626131,"Novinho interesseiro, eu vou te deixar forte.",comportamentos
2626416,Essa garota é chapada e ta euforica.,comportamentos
2626655,"Hoje é baile de favela, ela já tá doidona.",comportamentos
2626660,Até mulher casada tá perdendo a linha.,identidade
2626664,Ela quica no.,identidade
2626718,"Levar, essa menina faceira,.",comportamentos
2626719,"Garota namoradeira,.",identidade
2626727,"Ela é sapeca, yá, yá...",comportamentos
2626732,"Ela é sapeca yá, yá...",identidade
2626751,"E vou levar, essa menina faceira,.",identidade
2626775,Que é só menino bom.,identidade
2626820,Essa menina é cheia de marra.,identidade
2626823,Essa mulher é uma danada.,identidade
2626827,Ela é muito novinha.,identidade
2626840,Ela é funkeira.,identidade
2626959,Sou mulher destemida.,identidade
2627009,Os meninos são treinado e vão ganhar seu coração.,comportamentos
2627083,"Uma menina linda, toda delicada.",aparencia
2627085,"Sei que ela é difícil, mas não é impossível.",comportamentos
2627134,Essas mina é foda.,identidade
2627167,Essas mina é foda mané!.,comportamentos
2627408,Não tá nem ai se você é homem casado.,identidade
2627471,"Ela é muito braba,ela é muito braba..",identidade
2628259,Oxum era rainha.,identidade
2628576,"Que o homem molesta – que o homem não presta, não presta, meu.",comportamentos
2628623,"Dos meninos velhos, dos homens humilhados – sede enfim.",identidade
2629349,"Que o homem molesta — que o homem não presta, não presta, meu.",outros
2629396,"Dos meninos velhos, dos homens humilhados — sede enfim.",outros
2630660,Ela é burguesinha eu sou pobre loco.,papel_social
2630698,Garota envolvente.,comportamentos
2630907,"Lembro como se fosse agora, um menino pequeno,.",aparencia
2631480,"Nois é quebrada, nois é zul, norte e oeste, kelvinho e daleste,.",comportamentos
2631649,assalto pike homem bomba.,comportamentos
2631770,ele é suficiente.,identidade
2632333,"Daleste: Ahh mano tô daquele jeito né mano,aqui dentro nem pude da o último adeus pra minha filha tá ligado pra.",outros
2632543,Que mina maluca.,comportamentos
2632689,"Ela é mala, ela é.",identidade
2633641,Essa menina cheia de amigos.,
2633763,"Chavinho guerreiro bolado, colado é nois tá ligado.",identidade
2633858,Abercrombie ftich meninas solteiras.,identidade
2634047,"nois malha, nois dança, nois é sensual.",identidade
2634052,ele quase ficando doido.,identidade
2634137,Todas meninas top do momento.,identidade
2634180,Meninas solteiras o baile é de vocês.,comportamentos
2634433,"Ela quebra, ela quica, ela desce até o chão.",comportamentos
2634454,Que garota louca crazy.,aparencia
2634605,Ela é piriguete mas tem a postura.,identidade
2634654,Oakley sempre vai ser oakley.,identidade
2634660,"Os garoto são foda, as mina são zika (2x).",identidade
2635042,Mas ela ja sabe que ela é top instiga..,aparencia
2635053,"Sou mulek envolvente ,canto funk conciente ,sou menino adolescente da cidade , de tiradentes ,da cidade de tiradentes..",papel_social
2635114,Os menino bom.,identidade
2635588,"Essa mina é uma loucura, sabe porque?.",identidade
2635907,repletos de homens vazios.,valores
2636392,"Sim, seria extremamente preferível se mantivesse ela reclusa em andar térreo e intramuros num ambiente azul de paz e música..",comportamentos
2636883,"Cegai os olhos da mulher morena,.",identidade
2636884,"Que os olhos da mulher morena estão me envolvendo,.",aparencia
2636887,"Cortai os lábios da mulher morena,.",aparencia
2636892,"Cortai os peitos da mulher morena,.",
2636893,Que os peitos da mulher morena sufocam meu sono.,aparencia
2636897,"Salva-me dos braços da mulher morena,.",outros
2636902,Compra o meu corpo da mulher morena.,outros
2636906,Reza pra ir embora a mulher morena.,comportamentos
2636909,Que a mulher morena está encurvando meus ombros.,aparencia
2636913,Daí morte cruel a mulher morena.,aparencia
2637276,"Sorrirá: — Rei morto, rei posto....",identidade
2638819,Elas ficam loucas.,comportamentos
2639238,Ela tá tarada.,identidade
2639293,Pois essa dança ela não é mole não.,outros
2639510,Ela rebola eu fico louco ela mexe bem gostoso a danada.,comportamentos
2639525,"Ela é uma delícia, sensualiza quando senta.",identidade
2639583,Cola com os menino bom.,identidade
2639774,"O Dedé tá maluco, o.",comportamentos
2639775,Dedé tá maluco.,identidade
2641430,Cristo foi ressuscitado.,valores
2641717,Ela caminha contente e gosta de sambar.,identidade
2642042,"Que mina sinistra, que mina sapeca.",outros
2642140,pode ter certeza que esses menino é foda.,identidade
2642265,"Essa mulher é maravilhosa, é bonita.",identidade
2642470,Ela é tinhosa e gulosa dá de frente de costas de olho grande pede mais bitoca.,habilidades
2642471,Melhor que isso só dois disso antes de sentar rolou aquele buchicho ela é tinhosa e manhosa.,aparencia
2642503,Ela é minha metade.,identidade
2643008,Mulher esperta é assim.,aparencia
2643118,Tenho uma amiga que ela é muito estranha.,identidade
2643120,Tenho outra amiga ela é muito engraçadinha.,comportamentos
2643122,Eu tenho um amigo que ele é muito engraçado.,comportamentos
2643124,"Ele passa geral ri ela pergunta: ""O que é que foi?",outros
2643188,"Beyonce é apertada então me trata com carinho,.",identidade
2643383,Sai da frente que ela é fita.,comportamentos
2643476,Pode avisar ela que ela tá acabada 2x.,aparencia
2644569,"Sei que ele é vagabundo, depois que tem o que quer.",identidade
2644956,Essa mulher é maravilhosa e ta me dando bola.,identidade
2645033,Mas ele foi grosso e te fez sofrer demais.,comportamentos
2645063,Ela veio louca pra abalar meu coração.,habilidades
2645179,E que fiz ela infeliz.,comportamentos
2645226,Ela é empolgante ela sabe fascinar.,identidade
2645228,Se tomar umas beritas ela fica doidinha.,comportamentos
2645260,Eu acho que encontrei a minha garota ideal.,outros
2645265,Ela é doce ela é pura ela é uma tentação.,identidade
2645277,Ai que coisa louca essa mina é top sim.,comportamentos
2645355,"Ela é loka, loka muito loka.",identidade
2645362,Ela é loka.,identidade
2645363,Ela é muito loka.,identidade
2645453,Essa mina já tá crazy.,comportamentos
2645460,Ela já tá louquinha e tá descendo até o chão.,comportamentos
2645774,Tudo com ela é inteiro e com prazer.,identidade
2645808,"Mulher bonita, praia, samba e futebol.",aparencia
2645860,Toda saliente menina envolvente.,identidade
2646269,Dedinho na boca ela tá louca e joga o cabelo.,comportamentos
2646272,Essa mulher maravilhosa quer me provocar.,outros
2646276,Pra confirmar que ela é garota tentação!,
2646380,Ela é tão linda seu corpo me atrai.,aparencia
2646562,E todo mundo tá de olho ela é fenomenal.,aparencia
2646566,Quero comprar pra ela algo lindo inovador.,outros
2646585,Esta garota é bagunceira.,comportamentos
2646760,Garota estudiosa menina boa de vida.,identidade
2646820,Olha que menina louca.,comportamentos
2647439,por que ela é terrível.,identidade
2647505,Mas em casa ela é diferente a novinha quer pagar de.,identidade
2647510,caia ela é piriguete.,identidade
2647651,Adoro quando ela impina.,habilidades
2647653,ELA É GAROTA DE ESTILO.,identidade
2647668,Ela é garota de estilo.,identidade
2647747,Ela fica louca ao som do tamborzão.,identidade
2647751,Ela é made in.,identidade
2647809,Essa garota garota garota.,identidade
2648228,Chama as meninas deixa elas loucas.,identidade
2648235,Elas já fica louca pra ser mulher do patrão.,identidade
2648289,Se sua garota é santinha manda ela ir rezar.,identidade
2648307,Se sua garota é santinha bota ela no altar.,identidade
2648831,E que rapaz pobre não tem coração..,comportamentos
2648856,E que rapaz pobre não tem coração.,valores
2649173,"Ela é negra, negra, negra, como a noite.",aparencia
2649177,"Ela é quente, quente, quente, como um dia de verão.",aparencia
2649793,Ele é mesmo bom de samba e de bola.,identidade
2649959,Sei que ele está faminto.,comportamentos
2651082,Sou o homem certo (e você bem sabe).,identidade
2651180,Mulher bonita a gente sempre vê no jornal.,identidade
2652433,"Se ele é preto, branco ou amarelo.",identidade
2653627,Como mulher fatal.,
2654221,Odoratas com defeitos e homens perfeitos.,identidade
2654233,Barracudas deprimentes e homens inteligentes.,identidade
2654507,"Uma ponta de saudade, de quando ele era mocinho..",outros
2654574,E com fé aprendi mãe querida.,identidade
2654670,Vou pro quarto e eis que em minha cama ela sorri tão bela.,aparencia
2654975,Eu sou um moço velho.,identidade
2655404,Uma mulher pensativa andando na solidão.,identidade
2656630,"Ela é uma mulher, que sabe o que quer, e no amor acredita.",identidade
2656634,Se ela vive feliz ou espera de novo encontrar outro alguém.,identidade
2656637,"Retoca a maquiagem, cheia de coragem, essa mulher bonita.",aparencia
2656669,Sei que garota igual a você na lua não tem.,identidade
2656709,Quando uma mulher pequena.,aparencia
2656731,Coisa de mulher gostosa.,aparencia
2656736,Coisa de mulher pequena.,identidade
2656740,Por você mulher pequena.,identidade
2656880,De um rapaz novo e encantado.,identidade
2659236,mas dizem que nem toda mulher é santa.,identidade
2659239,Nas mulheres santas que amei....,identidade
2659244,A mulher é uma santa nuclear.,identidade
2659283,O seu homem mulher.,aparencia
2659297,Sou seu homem mulher.,identidade
2659481,Só porque ele é casado.,identidade
2659482,E porque ele é casado.,outros
2659747,E homens perfeitos.,
2659767,E homens inteligentes.,habilidades
2659910,Quando a mulher ciente da beleza.,aparencia
2660286,E faz garota desmaiar.,comportamentos
2660436,"Nesse dia, porém, o homem mau tremeu.",identidade
2660447,"Quando um grito se ouviu, o homem mau morreu.",comportamentos
2660448,Essa é a história de um homem mau !.,identidade
2664240,De tudo ele é capaz pra não sofrer jamais a dor da despedida.,identidade
2664856,ela é uma mulher e precisa ser amada.,identidade
2664862,ela é uma mulher precisa ser amada.,outros
2664899,E o povo gritando que ele era o maioral..,papel_social
2664924,Falta pouco para ele ser o maioral.,identidade
2664991,Ele estava apaixonado.,comportamentos
2666253,"Uma garota linda, como eu sempre sonhei.",aparencia
2666567,"Que ele é tão maravilhoso, por que.",
2666774,"Meu afeto, meu amor, fizeram de você uma mulher feliz.",habilidades
2666996,Ele é o caminho que leva ao.,valores
2667271,Ela é igualzinha ao meu grande amor.,identidade
2667561,"Olhe só quem quiser, menina mulher,.",identidade
2669215,Quando ele é bom pra dois.,outros
2671850,"Senhor juíz, eu quero.",identidade
2671868,"""Senhor juíz, eu sei que o senhor é bonzinho.",identidade
2671917,Ela foi encantada.,outros
2672951,Ele é meu amor ele é tudo para mim.,papel_social
2673373,"Com ele sou feliz,.",comportamentos
2674397,E no trem que eu viajei conheci um moço triste que a.,identidade
2674688,Se ele é sincero eu não sei.,identidade
2674691,Se ele é estudante eu não sei.,identidade
2674692,Se ele é flamengo eu não sewi.,identidade
2674693,Se ele é poeta eu não sei.,habilidades
2674704,Se ele é baiano eu não sei.,identidade
2674717,"Ele é o meu amor, e meu amor por ele é forte.",
2674981,O A valsa dos namorados contigo.,comportamentos
2674986,A valsa dos namorados contigo.,
2675018,A valsa dos namorados contigo....,comportamentos
2675484,Se ele é feliz.,identidade
2675888,O rei momo é sempre gordo.,aparencia
2676258,A ganância do homem branco.,identidade
2676262,Na cidade do homem branco.,identidade
2676274,"Mulheres tagarelas,.",comportamentos
2676289,Nem mesmo o homem branco.,identidade
2676852,Ela agora está sozinha.,identidade
2677949,"Marias, moças sombrias.",identidade
2678504,Vai refazer sua cerviz ele é fiel.,valores
2678620,"Pegue esta estrada, ele é o caminho.",identidade
2678980,Deixando a roda moça menina.,identidade
2679081,"Vem cá menina triste, vem, vem me contar.",comportamentos
2679323,Um menino normal que vivia muito bem.,identidade
2679331,O menino normal que vivia muito tem.,identidade
2679349,O menino normal está vivendo muito melhor.,identidade
2679444,"Ele não é um astronauta, não.",identidade
2679833,mas um homem bem comum.,identidade
2680174,Os reis antideluvianos colonizaram o mundo.,valores
2680718,"Nesse dia, sei que então, cada homem é um irmão.",identidade
2680776,ganha a menina mais linda do reino.,aparencia
2680830,Pois ele é bobo é bobo demais.,identidade
2681843,"Por um rapaz rico e famoso, famoso.",identidade
2682262,ouvidos e ele veio então muito zangado.,
2682301,Mas no fundo eu sei que ele tem bom coração.,identidade
2683867,Com ar de moço bom.,identidade
2684427,e depois da aula na bola era o tal quebrar as vidraças para ele era normal.,outros
2685097,Menina feia que mora.,identidade
2685101,"menina feia,.",aparencia
2685108,menina feia um dia.,aparencia
2685113,menina feia.,aparencia
2685302,Menina linda eu lhe adoro.,aparencia
2685980,"Gostou de mim e percebe, emfim, que ele fora um homem mau.",identidade
2688875,Você canta pra menino triste.,comportamentos
2689600,Veja como ele é bonitinho..,aparencia
2690384,"Virgem, menina morena,.",aparencia
2690577,"Ela é minha vida, Ela é o meu amor.",comportamentos
2691122,Mas ela é tão linda.,aparencia
2691123,"Mas ela é tão linda, ah ah, ah ah.",
2691132,Mas ela é tão linda...,
2691142,Que só ela é dona do meu coração.,identidade
2691305,"Ele fica contente, e sai do centro de sua casa.",comportamentos
2691540,Uma mulher perigosa.,comportamentos
2691984,Pois ele sozinho.,identidade
2693094,Um homem pobre vira.,identidade
2693172,"Ele é tenaz, não tem paz.",identidade
2693357,Talvez elas sejam a culpa.,comportamentos
2693388,As moças mineiras tem riso nos olhos.,aparencia
2694722,Quebrar as vidraças para ele era normal.,
2694775,"Menina linda eu lhe adoro, ah,.",identidade
2694776,"Menina pura como a flor, oh, oh, oh,.",identidade
2697024,Sou homem maduro mais na sua frente.,
2697245,Minha musa louca.,aparencia
2697739,"Que só ela é a dona do meu coração, coração.",comportamentos
2697825,Que ela não esquente.,comportamentos
2698503,Quando ele é feliz.,identidade
2700253,Só mulheres sensuais.,aparencia
2700284,Ela vem dançando louca.,identidade
2700670,"Que mulher gostosa, ela é do bonde do bumbum.",aparencia
2700925,Mulher não é bagunça.,comportamentos
2700971,ele diz que ela é larguinha.,aparencia
2701417,Nada pra ele é ruim.,comportamentos
2701962,Mulher briguenta e ciumenta igual a você.,identidade
2702642,"No teu colo, mãe serena.",valores
2703157,Nêgo era moço.,identidade
2705090,Ela era rainha da beleza.,
2705345,Sou menino passarinho.,identidade
2705667,"Ah, eu tenho o marido pobre.",identidade
2707600,Dessas mulheres gentis.,comportamentos
2707858,"Mas, cuidado amigo ela é bonita.",aparencia
2707859,Ela é mulher.,identidade
2707932,"É ela, moça branca da favela.",aparencia
2708183,E um homem velho se acercou.,identidade
2708838,Minha mãe é mais bonita.,aparencia
2708984,Senhor bom.,identidade
2709318,Ô que garota boa.,comportamentos
2709385,"Ela é a dona de tudo,.",identidade
2709386,"Ela é a rainha do lar,.",identidade
2709389,"Ela é a palavra mais linda,.",identidade
2709718,Se ela ficar sozinha.,comportamentos
2709901,Ela é feita de aroeira.,identidade
2710226,Ela é canção que faz feliz.,identidade
2710250,Ela é a razão e é motivo.,identidade
2710253,Ela é a flor e o espinho.,identidade
2710254,Ela é a pedra e o caminho.,identidade
2710599,"Bendita és, porque hoje eu sou o homem mais feliz.",identidade
2711903,Viver sem ela é tão triste.,valores
2712323,Ela era toda feita de carinho.,identidade
2712324,Ela era a inconsciência do pecado.,identidade
2712476,Tu sabes bem que ela era minha vida.,identidade
2713417,Minha princesa real.,identidade
2713930,Passou-se o tempo e aquele moço jovem.,identidade
2713945,Pois este homem é meu paizinho adorado.,identidade
2714233,Ela não está comigo.,outros
2714245,Mas ela é comprometida.,identidade
2714414,Na santa fé religiosa à ninguém ela foi infiel.,valores
2714457,Ela era tão arisca.,comportamentos
2714584,Minha mãe é lavadeira.,identidade
2714587,Ela é muito pobrezinha.,identidade
2714898,"Titio é mineiro, titia é baiana.",identidade
2715201,São moças bonitas merecem coroa.,identidade
2715203,Dama brasileira.,outros
2715310,Nos braços de moça rica eu sempre fui o galã.,identidade
2716414,Ela mesma há de me ensinar.,
2717984,Ela é feliz.,
2718624,Garota bonita que anda a procura da felicidade.,
2718627,Garota bonita muito cuidado com o seu coração.,aparencia
2718866,Onde sou o rei vagabundo.,identidade
2719245,Pobre mulher indefesa deitava de luz acesa.,comportamentos
2719451,Aquele homem ateu.,identidade
2719483,Ele era competente.,identidade
2719485,Que ele era delinquente.,comportamentos
2719489,Margarida moça rica.,
2719553,A sua esposa está sozinha em seu lar.,identidade
2719619,Certo dia o marido muito bem intencionado.,comportamentos
2719671,Nunca vi mulher baixinha.,outros
2719787,Olha seu moço como é linda a natureza.,aparencia
2720047,Pra ser filho de uma mãe tão boa.,identidade
2720242,Que o senhor foi eleito.,papel_social
2720278,Que menina ingrata que me faz sofrer.,identidade
2720355,Deixei a esposa mais independente.,
2720380,Vi um menino boiadeiro e conheci certos sinais.,identidade
2720444,"Para levar meu afeto à você, mãe brasileira"".",comportamentos
2720517,A moça ficou doente do grande susto levado.,comportamentos
2720626,Deus do céu ela não quer mais voltá.,outros
2720689,Pobre mulher indefesa.,habilidades
2720920,Isso em mulher é comum.,identidade
2721386,Contigo eu sou um homem completo.,
2721423,Marta vão teus olhos divinos.,identidade
2721610,Porque margarida é bela.,outros
2721612,Margarida é tão sincera.,identidade
2721991,Ele é um homem.,
2722539,Do cavalheiro espanhol.,identidade
2722762,"Pois ele sozinho não sabe onde ir,.",identidade
2723448,Viver sem ela é tão triste....,
2723616,Maria era esperta..,habilidades
2723824,Perfume de mulher bonita.,aparencia
2723962,És a mulher mais ingrata.,identidade
2724305,Oh senhora viúva.,identidade
2724877,Minha mãe era viúva.,identidade
2724994,Com ele foi sepultado seu amigo violão.,identidade
2725054,"Oi minas gerais, oi minas gerais.",outros
2725086,Oi minas gerais.,outros
2725544,A moça inocente leu.,comportamentos
2725660,A uma mulher muito trabalhadeira.,identidade
2725696,Sem ela não vivo e nem quero ter.,outros
2725842,Mas existe uma inocente que é nossa filha legitima.,papel_social
2725843,Ela não deve ser vitima da nossa desunião..,comportamentos
2725880,E no meio dos convidados um garoto estava presente.,identidade
2725881,Sem saber que daquela união ele foi culpado inocente.,
2726011,Essa mulher é uma coisa mandada.,comportamentos
2728169,"Menina moça, coração à palpitar.",
2728697,Minha musa inspiradora.,identidade
2729522,"Que esta mulher é vulgar,.",identidade
2729524,"Ela talvez não disfarce,.",comportamentos
2729767,"Como deusa, ela surgia divinal.",identidade
2729849,"Mulher estranha,.",comportamentos
2729920,Na minha imaginação / Uma mulher diferente.,identidade
2729924,Essa mulher fantasia / Dei-lhe a voz de.,outros
2730130,"Ela hoje é diferente, da santa que eu vi rezar..",identidade
2730252,"Ela é uma estrela,.",outros
2731301,Uma menina ceguinha que uma esmola pedia.,identidade
2731331,Mas de quem ele tanto amava ele foi abandonado.,outros
2731391,"Minha mulher é bonita, eu sou amado por ela.",aparencia
2731392,Ela é dona da beleza e eu sou o dono dela..,identidade
2731400,Logo chegou uma garota delicada.,identidade
2731465,Minha mãe não fique triste me aperte em teus braços.,comportamentos
2731519,"Oi menina bonita, oi, não me trate assim.",aparencia
2731536,Ele disse pra esposa querida.,comportamentos
2731546,A senhora fique sossegada.,comportamentos
2731706,"Uma mulher pobrezinha vivia no povoado,.",identidade
2732053,De um menino muito humilde e pobrezinho.,identidade
2732062,Ele foi atropelado no atravessar a rua.,outros
2732230,"Caim, Abel é nome de santo.",outros
2732323,Ouça mulher querida.,habilidades
2732332,E é a mulher mais bonita que existe.,aparencia
2732335,Se alguém conhecesse a mulher bonita.,comportamentos
2732340,Era pra ele a mulher mais linda.,
2732348,Ela é a mulher mais bonita do mundo.,identidade
2732383,Ela é uma boneca.,identidade
2732390,Se eu ganhar essa garota sou feliz como ninguém.,habilidades
2732402,"A garota é fascinante, é mesmo uma tentação.",aparencia
2733732,"Mulheres bem vestidas, alegravam o visual,.",identidade
2733844,E ela é nobre.,identidade
2735061,Mas o homem criminoso e pecador.,identidade
2735527,Mangueira sou um rei vagabundo.,identidade
2737882,"Ai, mulher estrela a refulgir.",outros
2738344,"Eu sou plebeu,ela é nobre.",identidade
2738820,"E o homem forte,.",identidade
2738847,Se ela é uma jóia bem feita.,
2740494,que ela possa ser feliz sem meu afeto.,comportamentos
2740640,"Se ela é falsa, deixa a tristeza comigo.",comportamentos
2740876,Quando ele passa tão sozinho e distraído.,comportamentos
2742033,Porque hoje sou um homem mais feliz.,identidade
2743046,Mulher casada.,identidade
2743053,Homem casado sozinho.,comportamentos
2743432,Sinhá moça chorá.,identidade
2743657,E ele vaga solitário nas calçadas.,comportamentos
2743847,Caim era lavrador tinha o coração cruel.,identidade
2744026,Sem ela vivo louco de ciúme.,comportamentos
2744051,Eles dizem moça prosa.,outros
2744360,Mora uma moça bonita.,aparencia
2744708,Sei que ela é brasileirinha.,identidade
2744710,Moça pobre mas tem linha.,identidade
2744712,Ela ser minha rainha.,identidade
2744766,Mulher séria não enxerga.,identidade
2746305,Por que ele vive assim tão triste a suspirar...a palpitar...desesperação.,comportamentos
2747315,O rapaz é meu amigo.,identidade
2747607,ela também estava perdida.,
2747815,E o rei momo.,
2748075,Mulher é uma mulher igual às mais..,papel_social
2748134,Ela é santa e eu pecador.,comportamentos
2749362,Quando ela está sozinha.,identidade
2749484,Diz que ela véve no abandono não tem dono.,outros
2749991,E ela sendo mulher acreditou.,identidade
2750934,"Por ela vivo aos trancos e barrancos,.",identidade
2750985,Ela era linda um primor de amor.,aparencia
2751672,Ele deixou minh’alma ferida.,identidade
2752318,Ela é boa mas é minha.,identidade
2752321,Eu já sei que ela é boa.,comportamentos
2752327,Você disse que ela é boa.,comportamentos
2752359,"O homem é produto,.",papel_social
2752449,Que ela é minha patroa.,identidade
2752538,"Quando um homem está perdido,.",identidade
2752592,Todas meninas são colombinas.,identidade
2752802,Que ela fosse má assim.,comportamentos
2753208,Na roleta ele é um pente fino.,outros
2753399,"Rapaz casado com dez filhos, sem tostão,.",papel_social
2753588,Com as qualidades de moça formosa.,aparencia
2754681,E ele fica impertinente.,comportamentos
2755446,querida tenho horro de lembrar que te amei.,comportamentos
2755495,"Senhor delegado,.",outros
2755505,"Uma mulher doente,.",identidade
2755726,Por te querer se torna o homem passional.,identidade
2755897,E em casa a filha assim pequena.,papel_social
2756217,E ela mimosa.,comportamentos
2756492,Uma mulher volúvel infernal.,identidade
2756539,"Nas garras de um vizinho, de um homem bestial!.",identidade
2756643,E ela jurava eterno afeto a mim.,valores
2757126,cujas glórias hão de colher os homens grandes.,comportamentos
2757441,Como a vida do homem é cruel.,identidade
2757442,Se ele é fraco de idéia.,identidade
2757532,Que mulher engraçada e adorada.,outros
2757784,Mulher igual para a gente é uma beleza.,aparencia
2758162,Reparei que ela era uma mulher.,identidade
2758417,Boneca de louça é menina moça.,comportamentos
2759541,Onde a cor das mulheres morenas.,identidade
2759982,Ela tava tão bonita.,habilidades
2760285,"""Muito em breve, mãe querida,.",aparencia
2760385,Mas não quer saber de fita nem com mulher bonita..,aparencia
2760386,Sei que ele anda agora aborrecido.,identidade
2760661,Essa moça era querida.,identidade
2760859,Foge das meninas boas.,identidade
2761662,de moças bonitas.,aparencia
2761994,De tua mãe inteiro o coração.,outros
2762425,"de que por ti, garota linda, fui amado.",aparencia
2762669,Mulher mimosa flor.,
2762894,Onde as mulheres são mimosas flores.,identidade
2763666,"Vá dizer que ela é a razão dos meus ""ais"".",outros
2764037,Que no samba ele é rei.,habilidades
2764123,Eu quero uma mulher bem nua.).,outros
2764187,Se eu homem branco.,aparencia
2764272,Rapaz bonitinho.,aparencia
2764939,O Lourival sempre foi abobalhado..,comportamentos
2766131,"No teu beijo, mulher fantasia.",identidade
2766433,"Um moço rico, aventureiro.",comportamentos
2766913,Mas que garoto tão perverso e tão malvado.,identidade
2766918,Eu nunca vi um garoto tão judeu.,identidade
2767063,Que ele tá cheio da razão!.,comportamentos
2767827,De rapaz solteiro.,identidade
2767957,Eu sou um rapaz bem-educado.,comportamentos
2768961,"Se ela é falsa, deixa que seja comigo.",identidade
2769316,"Ela é minha mania, destino, caminho, meu luar.",identidade
2770436,Ela estava tão bonita.,aparencia
2770495,Quando ele está solitário na dor.,identidade
2770603,"Para a musa sonhadora,.",identidade
2770711,Sou um homem triste perdi minha paz.,identidade
2771461,"Ela é a luz que ilumina meu ser, sem seu amor não sou nada.",valores
2772787,Foi só para que ela fosse feliz.,
2773077,Meyer é brinquedo.,outros
2774773,"Da querida normalista, e da operaria gentil,.",identidade
2775038,"Ana maria, mulher mistério,.",comportamentos
2775106,"Ela é tão rica, e eu tão pobre,.",papel_social
2775107,"Eu sou plebeu, e ela é nobre.",identidade
2776428,Menina saculejadeira você hoje esta pra mim.,papel_social
2776431,"Menina saculejadeira, sacolejo com você a noite inteira.",comportamentos
2776535,"Ó, menina bonita não dorme na cama.",aparencia
2776539,"Ó, menina bonita, formosa, brejeira.",identidade
2776720,Garota boa vamos farrear.,outros
2776797,"Eu quero uma garota assanhadinha, com a ""carça"" apertadinha.",identidade
2776812,"Twist, dança, que moço bonito.",aparencia
2776820,ininha de tanto ela twistar.,identidade
2776865,Homem velho e solteiro é piada.,identidade
2776913,Veja o senhor como é grande a minha mágoa.,outros
2777050,Surubim que é homem destemido.,outros
2777185,Que ela é muito boa.,valores
2777665,Ele bonitinho e todo pretinho.,aparencia
2778084,Ele ficou curado.,valores
2778367,Ele é o marido dela e ela é sua mulher.,papel_social
2778417,"Mulher bonita, perna grossa e corpulenta.",identidade
2778420,"Mais mulher magra, perna fina é desaforo.",aparencia
2778460,Ele é muito conhecido na princesa do sertão.,identidade
2778467,Izael foi convidado pra fazenda.,comportamentos
2778534,Rita caxeado que mulher afoita.,identidade
2778707,Mulher bonita da dor de cabeça.,identidade
2778709,Por isso eu prefiro uma mulher feia.,outros
2778713,Não estou falando da mulher bonita.,aparencia
2778831,Muito homem valente desmaiou.,outros
2779212,Ele é o protetor do povo.,papel_social
2779213,Ele é o dono do lugar.,identidade
2779225,É porque ele é o protetor do povo.,identidade
2779372,Porque ela é mulher muito exigente.,identidade
2779413,São os homens lavradores.,identidade
2779568,Um homem bravo nunca deu e nunca apanhou.,comportamentos
2779633,Eu vou casar com ela é minha obrigação.,identidade
2779685,Essa mulher é uma loucura em minha vida.,comportamentos
2780536,Até o homem aranha não acreditou.,outros
2780711,Casar com mulher alta não me convém.,aparencia
2780719,Casar com mulher gorda não me convém.,valores
2780720,"Não me convém, mulher gorda não convém.",aparencia
2780723,Casar com mulher magra não me convém.,aparencia
2780724,"Não me convém, mulher magra não convém.",identidade
2780731,Casar com mulher velha não me convém.,identidade
2780816,Minha menina sapeca.,comportamentos
2781093,Ele já tá decadente e ela só tem dezesseis.,identidade
2781096,Ela é muito boa e inteligente.,outros
2781200,"Ele é bonito, ele é cheiroso.",aparencia
2781220,Eu vi menina fêmea se expremendo.,aparencia
2781452,A moça tão direita.,identidade
2781892,Paulo sou corintiano.,identidade
2782150,"Menina bonita, meu bem.",aparencia
2782626,"Muito confete, mulher cheirosa.",identidade
2782707,"É doloroso, seu moço, a vida da mãe solteira.",
2782710,"Ai, ai, ai, como sofre a mãe solteira.",identidade
2782725,Pois a mãe solteira também é mulher.,identidade
2782767,Ela é costureira e faz crochê.,identidade
2783933,ONDE ELA ESTÁ.,
2784118,Hoje ele vive amarrado pelo meio.,comportamentos
2784121,Ele hoje é bastante educado.,identidade
2784175,Ela grita ta raspado.,
2784188,Homem bom e respeitado.,identidade
2784199,Eu vou comprar uma mulher inflável.,outros
2784306,Minha avó é africana.,outros
2784308,E a minha mãe baiana.,identidade
2784434,Só casa com homem loiro.,aparencia
2784462,Ô menina linda.,aparencia
2784686,Ela tá muito doente.,identidade
2784779,Me chamam de homem durão.,identidade
2784797,Eu não sou um homem mal.,identidade
2784858,Zeca é preto que só carvão e.,aparencia
2784859,"Zefa é preta que só quixaba,.",identidade
2784918,Mulher namoradeira.,identidade
2784924,Ninguém segura mulher namoradeira.,valores
2784954,Tem mulher boa do bairro de.,habilidades
2785071,Ele voltou ligeiro para a.,habilidades
2785269,Ele nunca quis ta duro.,comportamentos
2785618,Meu coração feito menino pequeno.,identidade
2785983,Menina linda não sei viver.,aparencia
2785995,Um menino bagunceiro que agora busca o sossego.,identidade
2786007,Sou animal menino bicho.,identidade
2786014,Menino bicho acostumado.,comportamentos
2786215,Menina moça e rapaz.,identidade
2786238,Ele é parente da rumba e do mambo.,valores
2786374,"Prende mulher arruaceira,.",
2786621,Eu fiquei iludido pensando que ela fosse a patroa...,identidade
2786674,Lá ele é doutor.,identidade
2786723,"Este home é danado, ele é quente demais.",identidade
2786724,No samba de roda ele é o satanás.,identidade
2787195,Descobrir se ela estar feliz.,comportamentos
2787504,Pra não se envolver com um homem casado.,identidade
2787690,As mulheres são falsas.,identidade
2788128,Maria é muito cabeçuda.,aparencia
2788141,Ela é banda voou.,aparencia
2788188,"Olhe seu padeiro, parece que ela é louca.",identidade
2788254,ELE INSISITIU E CHEGUEI A CONCLUSÃO.,
2788554,Tocando pro rei leão.,outros
2788681,Não tem mãe preta pra fazer feitiço.,valores
2788749,"Até logo é ciao, rapaz é boy.",identidade
2788830,Eu to achando essa menina diferente.,identidade
2788905,Eu sou um homem decente.,identidade
2789074,Quando ele era rapaz.,identidade
2789128,Que o homem feliz não usava camisa.,identidade
2789206,Com o gabriel lenner ela linda com meu bem.,aparencia
2789443,"Você é minha rainha menina, minha parceira no forró.",identidade
2790207,Ela é americana da.,identidade
2790211,"Ela é bacana, linda pra chuchu.",identidade
2790688,E quem diz que hoje ele é descartável.,identidade
2790867,Deixava ela sozinha por causa dos esqueminhas.,comportamentos
2790872,"Quando o homem é cachorro e galinha, aí ela trai.",identidade
2790915,Que nem a sua tia chata que irritava a gente.,identidade
2790983,Sou um homem novo.,identidade
2791174,Com um balde de cerveja pas minas ficar maluca.,comportamentos
2791177,To beijando as minas pra elas ficar maluca.,outros
2791527,Ela foi vista lá no bolo preta fazendo passo.,comportamentos
2791628,Isso é que é ser um homem bom!.,identidade
2791703,Maceió ele queria aracajú.,outros
2791719,Ela bate mais forte que eu.,habilidades
2791724,Ele é bem redondinho.,aparencia
2791906,Triste da moça solteira.,identidade
2791925,Vige como é bom.,outros
2791944,"Ele é pernambucano, do canavial.",identidade
2791963,O almirante diz: ele é nacional.,identidade
2792239,"Mas a moça muito viva, gritou no mesmo momento.",identidade
2792509,"Essa gatinha é louca, que menina safadinha.",comportamentos
2792517,"Essa gatinha é louca, que menina assanhadinha.",comportamentos
2792663,"Ele é o gostosão, ele é o.",aparencia
2792988,Mulher só presta boa.,comportamentos
2793014,Ele é o cara.,identidade
2793022,"É serio, mais na cama ele é rei.",identidade
2793623,"Mostra aonde ele está pai, Salva-me desta hora.",outros
2794074,"- Escuta, tem tanto cavalheiro bom ai na sala dançando.",identidade
2794108,"Ela é babá, ela é babá de gente bacana.",habilidades
2794124,A menina é azarolha.,identidade
2794234,Com sua esposa querida.,papel_social
2794395,De moça nova ter mais de dez namorados?,identidade
2794398,Qualquer rapaz para ela estava bom.,valores
2794968,Ele é ingrato!.,identidade
2794997,Ela não tá sozinha é melhor se preparar.,papel_social
2795753,Querem te destruir seja firme e acredite que jesus está contigo você pode.,valores
2796088,Mas tem homem capaz de fazer tudo doutor.,identidade
2796278,O homem é o rei dos animais.,identidade
2796688,"Quero esta loira, que ela é safadinha.",identidade
2796989,"Senhor seja o centro de tudo que sou,.",valores
2797017,"Ele é fiel,.",comportamentos
2797438,De menina boba e cedo à paixão.,identidade
2797487,Ele é fiel e toda tua lágrima enxugará.,identidade
2797618,Ele é mesmo protegido.,outros
2797755,Ele está presente..,valores
2797839,Terra pro homem ser seu amigo.,comportamentos
2798111,Ele te guadar..,outros
2798299,Senhor está pronto pra me ajudar..,identidade
2798955,"para ter uma estátua na praça ""ele era tão bom"",.",identidade
2799265,"Eu sou um homem sério e aventura, amor, comigo não.",identidade
2799327,Cozinhou pela metade ela queria era inteira.,habilidades
2799820,"Para ver uma estátua na praça ele era tão bom,.",outros
2799932,Cachaça e mulher bonita são a minha perdição..,valores
2800604,Que ele é o tatu bala.,
2801436,"Jesus está contigo nesta luta, não desista.",identidade
2801743,A mulher cheia de medo.,identidade
2801967,Na bruxaria que ele mesmo caiu.,comportamentos
2803335,E este homem era o anjo do.,valores
2803540,"Cristo reina em minha vida, Ele é senhor!.",identidade
2804238,"Jesus é digno de receber."".",valores
2804791,Ele é simples demais.,identidade
2804822,Agora ele está feliz.,identidade
2805718,Senhor seja louvado.,valores
2805981,Ele é o tesouro que encontrei.,aparencia
2806012,"Ela é tão linda, amorosa e carinhosa,.",aparencia
2806719,Moises foi escolhido para ir ate o egito.,outros
2806735,o senhor foi fiel.,valores
2807972,Elas têm maior valor.,identidade
2808188,Jesus é muito bom.,identidade
2808647,"Ele é fiel, e só esperar pelo futuro..",identidade
2808655,Ele é fiel é só esperar no futuro tudo novo então será..,identidade
2809440,E descobrir que ela é só ilusão.,identidade
2810050,Eu sou a mina certa.,identidade
2810209,"A sua filha é uma menina danada,.",identidade
2810270,Ainda mais quando ele não é correspondido.,outros
2810697,"Jesus está comigo, eu não temerei o mal.",valores
2810948,"Eu não tenho medo, cristo está comigo.",valores
2811291,E ele foi governador porque.,papel_social
2811386,Ele é restaurador de corações.,identidade
2811457,Abelhinha vai voando feliz.,comportamentos
2812488,Sem ele fico perdida.,comportamentos
2812529,Onde tiver mulher bonita eu vou correndo buscar”.,identidade
2812533,Onde tiver mulher bonita eu vou correndo buscar....,aparencia
2812553,"Sou o homem certo pra te dar amor,.",identidade
2812883,No samba ele é maneiro.,habilidades
2812885,Mas ele é louco por forró.,identidade
2812891,Ele é todo educadinho.,identidade
2812934,"Ela é toda metida, meu.",comportamentos
2812939,Caprichosa menina mulher.,identidade
2813088,Mas ele louco por forró.,comportamentos
2813092,"Ele é todo educadinho, educado que só ele.",comportamentos
2813097,Ele louco por forró.,identidade
2813107,Ele é louco por forró.,identidade
2813140,"enche o carro de mulher tou afim de beber, zuar.",comportamentos
2813255,Esse homem tá muito doido quando chega sexta-feira ele.,comportamentos
2813630,O homem rebelde longe de.,identidade
2813825,"Noé era um homem justo e bom,.",identidade
2813853,"Que legal, Noé um homem justo e bom.",identidade
2813856,"Que legal, um homem muito especial.",identidade
2814146,"Ele é adorado, Ele é o.",identidade
2814152,"Ele é maravilhoso, tremendo e justo.",identidade
2814165,"O seu nome é tremendo, Ele é forte.",identidade
2814194,"Ele é adorado, Ele é exaltado,.",identidade
2814197,"Santo, Ele é justo, Ele é.",identidade
2814199,"Ele é maravilhoso, Ele é poderoso, Ele é.",identidade
2814201,"Ele é justo, Ele é adorado.",comportamentos
2814252,As pessoas viram que ele era o filho de.,identidade
2814304,Pois sei que ele é fiel.,valores
2814315,"Deus é fiel, Deus é fiel.",valores
2814332,Ele é o fim.,identidade
2814359,Ele é invencível nosso.,identidade
2815334,Ele mesmo assumiu meus pecados.,valores
2815501,"Jesus é precioso, ale, ale, aleluia..",valores
2816436,"era uma vez um rei meio biruta,quando resolvia se casar.",identidade
2816446,"casou com o rei biruta e na primeira noite,.",identidade
2816466,"2 anos e meio,levando o rei biruta no gogó.",identidade
2816765,"Uma rainha moderna,.",identidade
2817168,Ele é muito grande você vai gostar.,identidade
2817177,Ele é muito grande.,aparencia
2817178,Ele é maravilhoso vai te transformar.,identidade
2817679,Homem certo pra te dar amor.,identidade
2817788,"Toda mulher é linda coisa de cinema, todo cuidado com a beleza.",identidade
2817805,O que elas querem é ficar maravilhosas.,valores
2817812,"Toda mulher é linda coisa de cinema, todo cuidado com a.",
2817954,De menino carente.,identidade
2818165,E tô achando que esse homem tá danado.,comportamentos
2818494,"ô mulher querida amada,.",identidade
2818536,"mulher querida amada,.",
2818738,Noé está seguro na arca.,outros
2819006,"Ele faz com que a mulher estéril dê à luz filhos!"".",habilidades
2819255,"[Bia]-Ah,Jesus é lindo mesmo.",aparencia
2819278,aquela mulher doente!.,identidade
2819282,"[Bolota]-Pura verdade, até aquela mulher cheia de pecados recebeu o perdão..",valores
2819373,Jesus é amigo melhor....,identidade
2819379,Jesus é amigo melhor...,identidade
2819632,Ele quer estar contigo ser seu melhor amigo.,identidade
2819675,Pois ele é fiel e cumpre o que diz.,identidade
2820136,"Princesa linda demais,.",aparencia
2820397,Vem ser meu homem lindo.,identidade
2820471,Ele era casado com.,identidade
2820730,Ele é digno...,identidade
2820732,Ele é digno ).,identidade
2820740,Sou um marido fulero sou caba safado.,identidade
2820830,Cristo não é fel.,identidade
2821837,Ele é meu pai e é dele a canção.,identidade
2822164,Ela é muito útil para o nosso solo.,comportamentos
2823390,"O homem mais feliz, o seu preferido..",identidade
2824065,Ele é um cocô!.,identidade
2824540,Meu carro cheio de mulher atrais.,comportamentos
2825259,E uma mulher carente a te esperar.,identidade
2825431,quem for mulher levante o litro.,identidade
2825449,"toda mulher é louca por uma balada,.",identidade
2825630,Pensa numa menina linda.,aparencia
2827672,Mas tem uma menina gostosinha que eu quero.,aparencia
2827882,ele anda solto por aí.,habilidades
2827900,Ele anda solto por aí.,comportamentos
2829025,Não existe homem bonito.,aparencia
2829660,"Mais tem mulher gordinha, tem baixinha, tem magrinha.",aparencia
2829708,E quando ela passa os homens ficam parados.,outros
2829710,Ela é top de luxo rainha da vaquejada.,identidade
2829843,Ela é suada e gostosa.,identidade
2829931,As meninas top tão toda aqui do meu lado.,aparencia
2829980,Aqui tem mulher demais tá difícil de escolher.,identidade
2830121,Mulher é nacional e a bebida é importada.,identidade
2830193,Garota nacional.,identidade
2831494,Ele agora é o painho de mainha.,papel_social
2831655,Rei afesta começou.,outros
2832198,Genivaldo era servente de pedreiro.,identidade
2832288,Ai menina linda quero um beijo.,aparencia
2833364,só tem mulher bonita me chamam de boyzim.,aparencia
2834121,Quem faz isso prova que a mulher é amada.,outros
2834181,"Eu não vou mudar, não existe homem perfeito.",identidade
2834359,do cenário do forró brasileiro: GAROTA SAFADA!.,
2834854,"Ela é gostosa demais, a ""mina"" é um tesão.",comportamentos
2835160,Ela chegou sozinha no forró.,comportamentos
2835181,Ela fica maluca quando toca a pisadinha.,comportamentos
2835449,"Não é a piriguete, nem a mulher rampeira.",
2835450,Estou falando é da mulher biscateira..,identidade
2835453,Se faz de santa de menina boazinha.,identidade
2835460,Tenha cuidado com a mulher biscateira..,comportamentos
2836695,"Ele é tão louco e nunca, nunca senti.",identidade
2836892,ninguém segura ela que mulher doidona.,aparencia
2836896,"Essa mulher é pistoleira, é pistoleira.",
2836897,"é pistoleira, ela é bandolera (2x).",identidade
2837695,Ser o lobo mau e ela é chapeuzinho.,comportamentos
2837938,Ela é mais experiente.,identidade
2837951,Se ela já foi casada.,
2837953,"Ela é quente, ela é fogosa.",aparencia
2837957,da mulher madura..,identidade
2837959,"Mulher nova é muito boa, mas a madura é melhor.",aparencia
2837965,"Vem pra cá mulher madura, vem pra cá mulher fogosa.",identidade
2837968,mulher madura é o bicho.,identidade
2837969,Lavou enxugou tá nova.,outros
2837996,Deixe isso pra depois que estou liso e quebrado trabalhei a noite inteira não recebi um cruzado a garota estava lisa e o frete ficou fiado.(BIS).,identidade
2837999,Já cantei mulher madura.,identidade
2838000,Pitéuzinho e mulher loura.,identidade
2838410,"Menina linda, inquieta e deslumbrante.",identidade
2838428,Menina linda inquieta e deslumbrante ..,comportamentos
2839443,"Ele tá me olhando, será que ele também tá afim?.",comportamentos
2839941,Ela mexe gostoso ela só quer dançar quem é ela.,habilidades
2840438,Ela não tá ligada que eu já cresci.,identidade
2840754,Mulher bandida não tenho pena.,identidade
2840759,Agora me livrei de você mulher bandida.,identidade
2841067,mostre seu gingado mulher brasileira.,identidade
2841242,"Ela é sensual, ela é poderosa.",identidade
2841386,Homem mentiroso;.,identidade
2841775,Eita menina dengosa que cheira igualmente rosa.,identidade
2841825,Mulher bonita é que nem melancia grande.,aparencia
2841827,Cabra de sorte é quem casa com mulher feia.,valores
2842008,Que eu era homem casado.,
2842406,Com uma mulher muito bela.,aparencia
2842663,"Mulher boa quando passa, os zói logo estica.",aparencia
2842670,"Mulher nova e bonequeira, qualquer uma satisfaz.",identidade
2842682,Nosso rei salvador.,valores
2843029,Se quer uma mulher perfeita.,aparencia
2843107,"Todo homem é galinha, mas só quero o seu amor.",identidade
2843534,Sei que ele é seu namorado mais o que é que vou fazer?.,
2843986,Tem uma mulher gostosa.,aparencia
2844055,Se ela não for boa vai ficar a toa e ainda vai te perder..,identidade
2844094,Na sua casa todos pensam que ela é normal....,comportamentos
2844928,O mundo para ele é um brinquedo.,valores
2844955,"Naamã era muito teimoso bichinho, mais fica.",
2844983,Naamã foi obediente.,habilidades
2847627,Bem justiceira mãe majestosa.,identidade
2848517,É a garota suburbana.,comportamentos
2849190,Ele anda sempre atento.,identidade
2849201,Ele é amigo mais caladão.,identidade
2849307,Pablo estou sempre atento.,identidade
2849490,ele é meu arlequim..,identidade
2849627,Ele é flamengo e faz muito bem.,outros
2850001,Ele é implicante.,comportamentos
2850002,Ele é um gigante.,identidade
2850008,Aposto que ele é bobo.,identidade
2850084,Porque ela é muito mais natural.,identidade
2850227,O menino ficou tão feliz com o presente.,comportamentos
2850279,O menino ficou maravilhado.,comportamentos
2850329,O menino não era bobo não.,identidade
2850477,Menina moça que deixou tonto.,aparencia
2851659,Argentina no tango ela é verdadeira/.,habilidades
2852671,Ele é verde-abacate-limão.,identidade
2852675,Ele é verde e nunca limpa o nariz.,identidade
2852690,Ele é verde e seu cabelo também.,aparencia
2852704,Ele é verde e tem o pé grandão.,identidade
2852711,"Ele é verde, verde sim.",aparencia
2852998,Eu sei que ele não é real.,identidade
2854487,Menino engraçado esse....,habilidades
2854860,O menino ficou contentíssimo; subiu com a viola numa árvore e pôs-se a cantar:.,comportamentos
2856434,E de princesa posso ser rainha.,identidade
2856806,Ele é lindo                            .,aparencia
2856827,Porque ele é meu sonho real.,outros
2857147,"Ele é meu herói, príncipe encantado.",identidade
2857148,"Ele é meu cowboy, meu namorado.",identidade
2857167,Ela é a inspiração de qualquer cantor.,
2857341,"Elas são alegres, são demais.",identidade
2857346,No fundo todas elas são iguais.,identidade
2857350,Elas são a graça desse país.,papel_social
2857363,A Patrícia é divertida.,identidade
2857461,Musa sou tua musa.,identidade
2857723,"Meu herói, ele é cupido.",papel_social
2858113,Eu sei que ele é um tipo.,identidade
2858185,Quando tocas em mim.,comportamentos
2859243,"Ela é bem sinistra, mas eu não me assustei.",comportamentos
2859263,"Inteligente (mente aberta, ela é tão esperta).",identidade
2859510,Será ele capaz de um verdadeiro amor?.,aparencia
2859532,E ela é invisível.,identidade
2859705,ela é uma estrela que sabe brilhar.,habilidades
2859838,Zé gaguinho é menino estudioso.,identidade
2859839,Na ciência ele é sabido.,habilidades
2859841,"Tudo ele sabe, na turminha ele é o bom.",identidade
2859934,Mexe com a menina quieta.,habilidades
2859987,Mas um dia um homem mau.,identidade
2860127,Do menino azul.,outros
2860140,O menino azul.,aparencia
2860876,A minha mãe é uma flor.,identidade
2860897,O menino foi gigante.,comportamentos
2861539,Ele era um anjo vagabundo.,identidade
2863506,"Ela não é incrível ,ela é sensacional, eu nunca vi.",identidade
2863507,garota igual.,identidade
2863816,"Lama é bom pra brincar,.",outros
2864020,Ela é uma princesa de verdade.,identidade
2864023,Ela é encantadora quando fala.,identidade
2864027,Ela é deslumbrante.,identidade
2864028,Ela é encantadora.,aparencia
2864039,"Ela é uma princesa real (Yeah, yeah).",identidade
2864047,Ela é uma princesa real (E um vestido chamativo).,aparencia
2864051,Blair (Ela é encantadora quando fala).,identidade
2864121,Ela é uma princesa(elegância tem também!).,identidade
2864498,Nick: Mas ela é a rainha ela tem uma coroa.,identidade
2864709,"Ele é amigo,.",identidade
2864786,Ele é companheiro e a todo instante os meus olhos guarda bem.,identidade
2865162,"Eu tenho uma cabeça, e ela é bem pontuda.",identidade
2865455,Querida preciosa.,identidade
2865882,Ele foi tão querido quando me encontrou.,comportamentos
2865902,Eles são o par ideal.,valores
2866627,baixando para segundo plano e se mantém.,outros
2866934,Porque elas ficam mais lindas.,outros
2866938,"Sou uma dama atraente,.",identidade
2867220,Um menino é tão direito.,identidade
2868029,Ela nunca está contente.,comportamentos
2868202,"Ele era grande, gordo, marrom, pescoço preto.",
2868287,Morgana é anagrom!.,
2868317,Senhor capitão.,papel_social
2869328,Resolvi deixar a vida ela mesma me contar.,outros
2870366,Ele é genial.,habilidades
2870367,Ele é meu amigo querido.,identidade
2870795,Ela usa é detefon.,outros
2871577,que ele é preguiçoso e não planta nada.,comportamentos
2871918,É filho de mãe solteira.,identidade
2872022,Que ele é preguiçoso.,comportamentos
2872199,É como a mulher mais querida.,identidade
2872615,"Se ela é franca, mas é pouca.",aparencia
2879652,Menina bonita com céu azul.,aparencia
2879654,"Menina bonita, você é demais.",identidade
2880470,Não tenha medo meu menino povo.,identidade
2883217,"Princesa, olhos d’água, menina linda.",aparencia
2884071,Senhor é comigo.,identidade
2885448,Tem mulher maluca que atura pancada.,identidade
2886219,Abandono a mulher virgem no altar.,identidade
2886330,ele é um fracasso.,identidade
2886685,Ela é pura e pequenina.,identidade
2886872,porque ele é feito somente de paz e de amor.,valores
2888244,Ele é o fim e até o fim.,outros
2888259,"Ele é tolo, mas um tolo.",comportamentos
2890549,Todas elas iguaizinhas.,identidade
2890570,Os rapazes ficam ricos.,valores
2893168,Ele é um barato e é da pesada.,
2895035,Uma menina igual a mil.,
2895042,Pra uma menina distraída.,identidade
2895416,Ficou o homem feroz.,identidade
2895690,Que o homem quando é homem.,identidade
2895902,Acho que ela é bonita.,aparencia
2898341,Uma mulher alheia.,comportamentos
2898547,Vinha moça casadoura.,outros
2899199,De que um homem é feito.,outros
2901820,Parábola do homem comum.,identidade
2901943,Ele é o empregado discreto.,identidade
2901953,Ele é o funcionário completo.,papel_social
2901994,"No dia em que ao seu lado ele sonhar feliz, feliz assim.",comportamentos
2902152,Olha elas sempre aflitas.,valores
2903379,Ó Deus das moças solteiras.,valores
2903391,Em cada passo vou levando meu cansaço..,comportamentos
2903730,"Tereza é branca na cor,.",aparencia
2905806,Maddalena è andata via.,identidade
2906602,Com meninas porretas.,identidade
2906927,"Rei, pois eles são timbaleiros.",papel_social
2907013,Mulher é minha cara.,identidade
2907015,Mulher é minha tara.,papel_social
2907016,Mulher é pedra mó.,identidade
2907018,Mulher é sedutor.,identidade
2907019,Mulher é bicho homem.,identidade
2907025,Mulher é minha sala.,
2907027,Mulher é minha laia.,identidade
2907268,"Por um garoto bem mais velho,.",aparencia
2907303,Oh rainha linda.,aparencia
2907577,Eu sou mulher rendeira.,identidade
2907669,Que ele foi criado mimado.,identidade
2908825,"Não tenha medo, meu menino povo, memória.",outros
2912148,E a deitar com homem tão nobre.,
2913027,Essa moça tá diferente.,identidade
2913055,Essa moça tá diferente etc...,outros
2913283,Menina bacana me enrola na cama me namora.,identidade
2914311,ele é o cacique de são salvador..,
2914343,Ela é livre.,identidade
2914344,Ela é free.,identidade
2915352,Qualquer mulher feliz.,identidade
2915366,Ele é um perigo.,
2916015,"Cadê a menina faceira, tá no samba geral.",identidade
2916431,Cadê a menina faceira.,identidade
2916711,Musa linda tão bela.,aparencia
2917533,"Menino bom na sua língua natal, menino bom que se tornou imortal.",identidade
2917711,E da menina mais bonita.,identidade
2918175,"Joca, só um homem cocoroca.",identidade
2920053,"Moça flor, essa lágrima pura.",identidade
2920057,"Moça flor vai chorar,.",comportamentos
2920309,Ele está ficando velho.,identidade
2921310,"Ela quica, envolve devagar.",outros
2921312,Ela quica na minha.,
2921313,Ela desce novinha.,habilidades
2921365,Ela vem tão suave.,comportamentos
2921372,Essa mina é mó tesão.,aparencia
2921742,Ela é dançarina.,identidade
2921914,E vendo mulher nua.,identidade
2922351,- Ela já foi aposentada.,identidade
2924029,Ela é irresistível bumbum avantajado.,aparencia
2924037,"Ela é quente, maior calorzão.",aparencia
2924054,"Ih mané, ela tá muito louca, vai descer de novo!.",comportamentos
2924410,Vá que ela fique amuada.,identidade
2925108,agora é mulher fiel.,identidade
2926311,ela é bossa nova do sertão.,identidade
2926322,ela é mudança social.,identidade
2926337,ela é cabeleireira do zezé.,identidade
2928196,Você menina pode meganhar.,identidade
2928341,"Do menino grapiúna, pai cidadão do mundo.",identidade
2929392,E quando eles voltam sedentos querem arrancar violentos.,comportamentos
2929767,É que ele é meio ermo.,outros
2930187,"Afirmação do homem normal,.",identidade
2934114,e voltam pra nossas casas trazidos por senhores elegantes.,
2937016,Ela é a virgem no presépio de.,identidade
2937650,Cristo seria capaz de acabar com isto.,papel_social
2938534,Meninos mulatos enrolam nos trapos.,identidade
2938546,"Subiu ladeira, moleque sabido, menino feliz.",identidade
2939138,Ele tá doido pra montar na minha lambreta.,identidade
2939140,Ela tá doida pra montar na minha lambreta.,identidade
2942062,Hastear bandeiras e eu que sou menino muito obediente.,identidade
2944023,Homens velhos com raça.,identidade
2944029,Somos homens bons demais.,identidade
2944075,"Foice velha, mulher nova.",identidade
2945319,De menina leve solta guerreira amiga louca.,identidade
2946343,Solicito homem jovem e bonito.,aparencia
2947584,Vem comigo menina bonita.,identidade
2948391,"Se a lua aparecer, diga que ela é linda.",aparencia
2948829,"Ele é nosso rei, Ele é nosso.",identidade
2949037,Menina bonita mexendo o esqueleto.,aparencia
2949642,Uma mulher muito linda.,aparencia
2951217,"Dançou bem no compasso,.",identidade
2951644,"Canto, canto olê mulher rendeira.",
2952300,Ele fica nú.,comportamentos
2953375,Menina linda deixa de besteira.,identidade
2955071,"Pele bronzeada mulher brasileira a coisa mais linda,.",identidade
2955080,Mulher brasileira é toda boa!.,identidade
2955089,Mulher brasileira ....,identidade
2955115,Mas ela vai na frente e ele vai atras!(varias vezes).,valores
2955122,Xandy não é otário ele está sempre atras!.,identidade
2956439,"Exemplo de beleza, mulher brasileira.",identidade
2956994,"Moço pobre, ou moço rico.",comportamentos
2958512,"Minas são tão bonitas, tão especiais.",aparencia
2959557,MAS NO FIM DO ANO ELE NÃO PASSOU.,outros
2959561,COM A BUNDINHA IMPINADINHA ELA É DEMAIS.,identidade
2960010,Com a bundinha empinadinha ela é demaaaaaaais.,identidade
2960016,"Mas ela não está sozinha, ele está sempre atrás.",habilidades
2960253,"Cuidado ela é muito perigosa, viu?.",identidade
2960327,"Não é nota 10, ela é nota 100.",identidade
2960471,Vejo menina bonita.,aparencia
2962713,Nosso amor se foi como um trem para minas gerais.,comportamentos
2963489,Menina bonitinha.,aparencia
2963696,E ele estava agoniado.,comportamentos
2963987,"E toda ela é tão bela, tudo nela é tão bonito.",aparencia
2964346,Olha o menino sapeca e a menina de trança.,identidade
2964792,"Meio cabocla, menina indecente.",identidade
2965020,Carmesita porque ela sussurrou seja bem-vindo.,outros
2965401,"Oh, minha deusa nua.",aparencia
2965544,Quando eu vejo a menina faceira vadiar.,comportamentos
2965953,"Eu sou o homem dela, ela é minha mulher.",identidade
2966493,Casar com mulher feia pensando na cunhada.,aparencia
2966508,"Tamba, tajá, macuxi, menina mulher.",identidade
2966930,As mulheres ficaram estéreis.,papel_social
2967659,"Meio maluco mas um homem bom (um rasta man, rasta).",identidade
2967665,Meio maluco mas um homem bom.,identidade
2967846,Menina linda levitando de tesão.,aparencia
2967944,Ele é tão grande.,identidade
2967945,Ele é maior.,identidade
2967999,Dizem que ela é louca.,comportamentos
2968055,"dizem que ela é loka,que nada,.",identidade
2968073,"Chega aí, é no chão, swingão é bala negão (2x).",valores
2968173,Maria é desbocada.,papel_social
2968182,A Fabiana é brincadeira.,identidade
2968183,A Daniele é brincadeira.,identidade
2968760,"MOÇA METIDA A BESTA, METIDA A BESTA, METIDA A BESTA.",comportamentos
2969588,Não me deixe só minha princesa dona de uma beleza.,identidade
2969604,Mostra pro mundo que é mulher brasileira êira.,
2971330,Moça linda por favor.,aparencia
2971864,Axe brasil axe minas gerais.,outros
2972577,a massa dos homens normais.,identidade
2972624,"Mulher bonita, nem fale.",aparencia
2972892,"Baila como se fosse uma deusa negra,.",identidade
2973495,"Vem pra mim, quero ser o homem mais feliz.",comportamentos
2973527,Lembro menina feia.,aparencia
2973559,"menina linda, tão bela.",aparencia
2973691,"Caetano é mano, é mano.",identidade
2974305,Jour era a moça mais linda.,aparencia
2974841,princesa é a favela.,identidade
2975574,Ele é sonho e poesia.,identidade
2975958,"Homem, menino, menina mulher.",aparencia
2977040,"essa voz, essa moça bonita.",aparencia
2977273,Mamãe é símbolo de paz.,identidade
2978305,Ela é fenomenal.,
2978493,"Tem mulher boa, gente à toa coisa linda no salão.",identidade
2979154,Quem será essa mina exuberante.,identidade
2979265,ES uma menina bonita.,aparencia
2979324,"Ela é maravilhosa,tem um corpo sensual.",
2979325,"Ela é gostosa,ela me deu uma moral.",aparencia
2979327,"Olha meu amigo,ela é loira bem linda.",aparencia
2979331,"Ela não é piranha,mais ela quer me dar de novo.",identidade
2979755,E homem casado.,identidade
2979839,Atrás de cachaça e homem casado..,valores
2979901,Mulher bacana nem fale.,
2980257,Garota colorida tão cheia de vida.,identidade
2981550,Ela é danada...Não!.,comportamentos
2981551,Ela é danada?,outros
2981563,Ele é danado...Não!.,identidade
2981564,Ele é danado?,identidade
2982411,Samba menino samba.,outros
2983484,"Mulher maldosa, Madalena, macumbeba,.",valores
2983552,O menino é chorão.,identidade
2985399,"Nao existe garota danada,.",comportamentos
2986024,homenagem a todas as mulheres gostosas...,outros
2986044,Pele bronzeada mulher brasileira a coisa mais.,
2986055,Mulher brasileira é.,aparencia
2986079,Mulher brasileira?.,identidade
2986165,"Menina moleca, levada da breca.",identidade
2986188,A mina é parceira e o boy é fechamento.,habilidades
2986439,Mulher bonita ou feia pode ser uma ilusão.,valores
2986652,E ele é garanhão.,comportamentos
2986673,Disse que eu era o cara que ela estava afim.,comportamentos
2987252,"Menina mulher lavadeira,.",identidade
2987367,"Oh, musa sedutora, oh, minha paixão.",identidade
2987887,Mulher gostosa pra danar.,aparencia
2988185,Sua mina está carente por falta de atenção.,identidade
2988234,Se tem mulher boa na área eu vou me jogar (Pra quebrar!).,outros
2988359,Vem cá menina bonita.,aparencia
2988389,"MEU BANQUETE TÁ PRONTO, ELA É A REFEIÇÃO.",identidade
2988551,"Se tem mulher boa na área eu vou jogar,(pra quebra) escute o que eu digo nao faça o q eu faço pra nao se enrolar, meu bem você sabe q tu que.",identidade
2988559,"Se tem mulher boa na área eu vou jogar,(pra quebra) escute o que eu tenho nao.",comportamentos
2988808,Menina bonitinha que não para de quebrar.,aparencia
2988921,E ela é problemática (ela é problemática) (2X).,identidade
2988932,ela é problemática (ela é problemática) (2X).,identidade
2988934,"Thundera, tá ligada em tudo, Tem maldade nas coisas do mundo, Essa menina não é brincadeira.",identidade
2989230,ela ginga ela ginga ela ginga ela ginga dale pé no chão.,comportamentos
2989283,Menina moleca levada da breca quieta sossega vê se se intera e vem pr’oz bambaz balançar (2x).,comportamentos
2991860,"Tá no estrangeiro, mas ele é brasileiro.",identidade
2992644,De uma deusa negra.,aparencia
2993242,"Parecendo um twister, mas ele é o quê???.",outros
2993252,"- Ele passou 8 meses namorando com ela e eu chamando:Rpz, essa mulher vai te dar um pe na bunda,ela nao eh flor q se cheire.E ele:Q nada, q nada!.",identidade
2993265,quem gosta de homem eh gay.,identidade
2993463,Pele bronzeada mulher brasileira a coisa mais linda.,identidade
2993471,Mulher brasileira é toda boa.,identidade
2993488,Mulher brasileira é toda boa...,outros
2993544,"Oh menina bonitinha do cabelo duro,.",aparencia
2993574,da mulher é elevada a alto-estima.,outros
2993585,"Ivete é gostosa,.",aparencia
2994151,"E ele é feliz , ele é feliz.",identidade
2994152,"E ela é feliz , ela,ela.",valores
2994446,Essa mulher tá acabada.,aparencia
2995832,"Meu banquete está pronto, ela é a refeição.",identidade
2995958,"Tem mulher bonita,.",identidade
2997323,Mulher bonita se adoçando de sobremesa.,
2997374,ela é problematica.,identidade
2997380,essa menina não é brincadeira.,identidade
2997386,"ela é problematica,eu falei.",comportamentos
2997387,ela é problematica eu falei problema.,identidade
2997394,"que..ela é problematica,eu falei.",comportamentos
2997404,e..ela é problematica.,comportamentos
2998078,A menina mais linda eu comecei a paquerar.,aparencia
2999493,menino violento pra danar.,identidade
2999582,"Segundo a história, o rei amen-hotep iii.",outros
3001594,Essa mulher ta acabada.,identidade
3002273,Ela é muito gostosa.,aparencia
3002402,Por onde passa ela é tentação.,
3002646,Que homem sério é piada.,identidade
3002964,Eu sei que não sou nenhum homem perfeito.,identidade
3003126,Ela é cheia de graça.,comportamentos
3003512,"Neguinha maravilhosa, mulher bonita mostra esse.",identidade
3003703,Essa mina é abusada.,identidade
3003841,Elas estão descontrolada.,
3003886,Mulher com mulher é bom de beijar.,valores
3004253,O corpo da mulher é sagrado.,identidade
3005421,"(iakekere mãe ângela, iyadagan mãe neli).",identidade
3006292,só namora mulher feia.,aparencia
3006501,Mas por traz dessa santinha tem uma menina fogosa.,comportamentos
3006503,Mas por trás dessa santinha tem uma menina fogosa.,valores
3006511,Sou menina baladeira.,comportamentos
3006598,As minas aqui são braba.,identidade
3006623,Ele era funkeiro mas era pai de família.,papel_social
3006644,Outros o criticavam porque ele era funkeiro.,comportamentos
3006664,"E bem antes da hora, ele já estava arrumado.",habilidades
3007075,Ela tá doidona?.,identidade
3007116,Só tem mina braba e facão afiado.,comportamentos
3007121,Só tem mina braba.,aparencia
3008269,O Caboclo era soldado.,identidade
3008370,sou a rainha má háha.,identidade
3008614,Na percussão do menino argentino.,identidade
3008874,"A mina é mano, ô, ô, ô.",outros
3009386,A mãe original do mundo.,papel_social
3009407,Filho caboclo de mãe baiana.,identidade
3009735,"Menino danado, habilidoso e veloz com a bola no pé.",identidade
3009759,Ele se lembra da mãe orgulhosa do filho que é vencedor.,valores
3009800,"O menino brasileiro, brasileiro.",identidade
3010061,"Minha mãe gentil, meu brasil.",identidade
3010077,Minha mãe gentil.,identidade
3010259,se a mina for boa.,identidade
3010342,Para ver se elas estão preparadas.,comportamentos
3010559,"Ah, ah, que isso, elas estão descontroladas!?.",comportamentos
3010570,"Vai, vai, elas estão descontroladas.",comportamentos
3010699,se ele está comigo.,outros
3010819,"Agora sou um rapaz sério, mto sério.",identidade
3010843,"Agora sou um rapaz sério, muito sério...pretendo me casar.",valores
3011323,Voce está lanchando e ela está sendo lanchada!.,comportamentos
3011343,Eu quero homem gostoso só para me fazer mulher.,aparencia
3011346,Eu quero homem gostoso só para me fazer mulher!.,aparencia
3011351,Eu quero homem gostoso só para me fazer mulher..,identidade
3011488,a mulher dele sai com outro e ele não tá nen aí.,identidade
3011514,samba e mulher gostosa.,identidade
3011544,Mulher burra fica pobre.,identidade
3011648,Sai mulher marmita!!!.,identidade
3011651,Saia saia saia sai mulher marmita.,outros
3011665,Gaiola das popozudas acha essa mina esquisita.,comportamentos
3011667,Mas ela é mulher marmita.,identidade
3011670,Mas ela é mulher marmita!.,papel_social
3011896,Quanta mulher gostosa.,aparencia
3011954,Homem gostoso só.,
3011970,eu quero homem gostoso só pra me.,aparencia
3012301,Ela tá louca e não tá entendendo.,comportamentos
3012312,CUIDADO COM ESSE CARA POIS ELE É ABUSADO.,comportamentos
3012324,ELE É MUITO BEM FALADO.,papel_social
3012488,As meninas super poderosas.,identidade
3012758,"Menina faceira, toda linda, meus olhos passeiam na sua beleza..",
3012759,"Tô todo arrepiado, tô de calafrio, mulher maravilhosa, mais que perfeição..",identidade
3012770,Ela é maneira e dedicada.,identidade
3013319,Segunda a sexta ela é uma faxineira.,identidade
3013327,Companhia) ela quebra gostosinho.,comportamentos
3013363,"Menina linda,não te aborreças.",identidade
3013384,Menina linda não te aborressas.,aparencia
3013394,Até homem sério.,comportamentos
3013800,Se tem tanta mulher gostosa querendo me namorar!.,aparencia
3013899,"Bebendo a noite toda, ela fica loca!.",comportamentos
3015320,Ela é dona do jogo.,identidade
3015321,Ela é dona da banca.,outros
3016403,Eu vi mulheres comuns.,outros
3016696,"Cintra,na madruga elas grita!2x.",comportamentos
3016771,"Silvia tá presente,renatinho ..tá também.",outros
3017288,Na minha natureza mesmo ela sendo má.,identidade
3017356,"Ele é poderoso, tão maravilhoso.",identidade
3017548,Essa mina já é mídia.,identidade
3017569,Ela tá soltinha.,identidade
3018378,Menina bonitinha do corpinho agraciado.,aparencia
3018386,"Menina bonitinha, do corpinho rebolado.",aparencia
3018689,"Menina bela, eu tô na dela.",
3019139,Se ele é ouro.,identidade
3019142,Ela é pimenta.,identidade
3019163,"Menina linda, não vá embora.",aparencia
3019212,Essa menina não é capaz.,habilidades
3020347,"paquerando ele mesmo, paquerando ele próprio..",comportamentos
3020353,Eles todin !.,identidade
3020389,Ele era bonitinho.,identidade
3020391,Ele era maravilhado.,identidade
3020392,E ele era gostosim.,identidade
3020393,Ele era formoze.,aparencia
3020696,Ele é um amigo é um velho companheiro.,identidade
3020737,Gugah é mestre.,identidade
3021089,Essa menina é brasileira.,identidade
3021095,Essa menina é a bola.,identidade
3021118,"Quando ela samba, ela é clássica.",aparencia
3021119,Quando ela dança parece criança.,habilidades
3022587,"Rapunzel é sinfônica, sinfônica.",identidade
3022627,"A rainha má, má, má.",outros
3023243,Cheiro de mulher menina.,identidade
3023678,Mas quando chega assim ela abala geral.,identidade
3023745,Quero ver a mulher gato.,outros
3024107,A menina bonita que samba.,
3024865,essa garota é poderosa.,comportamentos
3025002,Só fecho com mulher louca..,
3025491,E as mulheres lindas de todo o.,aparencia
3025842,Ela tá molhadinha.,comportamentos
3026094,para eu ja conheço e essa cara entao arruma essa mala e rala ta malu ta doida tamaluca pirou e falo que vai nada na ilha de litero ate alinha de gorvenado e vai dexe de aviao na ilha literou ai vai vamos dança entao tira minha brusa enato tira minha sainha eu gahei mentira mentira oioi ....,outros
3026411,Mulher é bom.,identidade
3026412,Mulher é muito bom.,outros
3026585,"O refrão já tá feito ela já foi minha minah, hoje eu.",comportamentos
3026762,ela ta acanhada.,comportamentos
3026788,"Elas são maravilhosas, claro.",identidade
3026826,"É só olhar na cara dela e ela só falta latir,.",outros
3027449,Princesa funkeira.,aparencia
3027950,Princesa natural.,aparencia
3028198,"ela é gostosa, sabe disso e abusa.",aparencia
3029162,"Cor sim, cor não tua mina tá bolada.",comportamentos
3029222,A mina é uma princesa (princesa).,identidade
3029316,Norte só namora mulher feia!.,aparencia
3029534,"DJ a galera agita, garota sarada, se contagia.",outros
3029703,Menina bonita só usa gillete azul.,comportamentos
3029705,Menina bonita não gosta de garotão.,aparencia
3030804,Mulher feia não tem cura.,aparencia
3030834,"Essa mina é bacana, mais ela não me engana conheço.",identidade
3030924,"Essa aí, é o melô da mulher feia pra danar em?.",
3030926,Uma mulher feia cheira mal como urubu.,aparencia
3030929,Mulher feia cheira mal como urubu.,aparencia
3030965,Ela estava aflita e no meu braço segurou.,comportamentos
3031345,Ele está tão satisfeito.,
3031586,E as mulheres lindas de todo brasil.,aparencia
3031611,Mulher feia tudo bem neguinho.,aparencia
3032052,OI JOGA ELES PRA FRENTE.,outros
3032174,"Nós pensa que ela é toda gostosa, mais quando ela tira.",aparencia
3032210,"Ai homem feio ainda vai agora homem feio, mentiroso, e boiola, ai eu vou ter que tirar uma onda.",identidade
3032216,"Eu não fico triste não, por que sei que ele é boiola, homem que é macho mesmo não dispensa uma gostosa.",identidade
3032486,esposa atuante é negócio de bandido.,papel_social
3032564,E Jesus tá boladão!.,outros
3032690,"Sarita não é mulher barata, não é mulher biscate.",identidade
3032863,Esposa atuante é negócio de bandido.,papel_social
3032894,Sem ela não é moleza.,habilidades
3033153,A Matilde é tão selvagem.,comportamentos
3033229,Ela tá contaminada.,identidade
3033234,Essa mina tá cagada.,
3033284,Esse menino americano do jeito gringo.,identidade
3034287,quanta mulher gostosa.,aparencia
3034317,ô mulher independente.,identidade
3034326,Ela tá engraçada.,identidade
3034333,Ô mulher independente.,identidade
3034499,fiel namorada é uma filha da puta.,identidade
3034504,ela é complicada.,identidade
3034505,ela é perfeitinha.,identidade
3034508,mulher ruim....,identidade
3034542,mulher ruim...,comportamentos
3034742,"Mas essa mina, ela é gostosa,.",aparencia
3034746,"Essa mina, ela é gostosa,.",aparencia
3035090,Eeeei ta surdo?!.,identidade
3035153,Essa mina é magrinha.,aparencia
3035277,"você é a mina certa, vou seguir em frente sem fraquejar.",identidade
3035289,"Os bons rolaram com uma garota incomparável, foi pouco.",comportamentos
3035793,Mulher casada mata mais que revolver.,papel_social
3036684,Muita mulher bonita mascarados da geral.,aparencia
3036975,Você é a diva mais linda.,aparencia
3037530,Ele é o resultado da mistura.,identidade
3038490,"Ela é gostosa, sabe disso e abusa.",aparencia
3038749,Deusa negra me domina predomina o teu olhar.,aparencia
3038815,Quis tirar do palco a mulher mais excitante.,
3039309,"Tantas damas lindas, que maneiro,.",aparencia
3039317,a fonte das mulheres mais bonitas..,identidade
3039906,Aquele que anda cheio de mulheres maravilhosas.,aparencia
3039999,A mina tá chapada de whisky e.,comportamentos
3040031,Mina tá louca.,comportamentos
3040459,"Ela desce ,ela quica.",habilidades
3040507,Fica fica de 4 menina novinha (David).,aparencia
3040509,Fica d fica de 4 menina novinha (David).,comportamentos
3040669,mas pra ela nao conpensa!.,outros
3041720,A minha mãe ficou zangada.,identidade
3042033,Ve que a vida não demora que na verdade ela é uma escola.,outros
3042352,Deixei minha mãe maluca.,comportamentos
3042703,Tem mulher bonita pra gente se divertir.,aparencia
3044380,Ela chorona já partiu para o abraço.,identidade
3044852,"Pele bronzeada, mulher brasileira é a coisa mais linda.",aparencia
3044859,Ela é água que mata a minha sede.,habilidades
3044863,Ela é totalmente boa é muito boa.,identidade
3046767,Daquela que o homem chega fica doido pra amar.,comportamentos
3046889,Para uma ruma de menino alimentar.,outros
3048288,Mas mulher gosta de dinheiro quem gosta de homem é viado.,identidade
3049051,"Ela é linda, charmosa, gostosa demais,.",aparencia
3049062,"Ele é lindo, charmoso, gostoso demais,.",identidade
3049982,Eu gosto da mulher ruiva.,comportamentos
3049984,Eu gosto da mulher grande.,identidade
3049986,Gosto da mulher magrinha.,identidade
3050522,"Não me ignore, por favor, minha querida é muito triste a minha vida sem você..",valores
3050531,"Estou tentando consertar a minha vida fazendo tudo para você perceber não me ignore, por favor, minha querida é muito triste a minha vida sem você.",identidade
3050853,Cheiro de mulher bonita.,identidade
3051304,Ele é considerado.,identidade
3052753,Pras garotas mal amadas.,habilidades
3052938,"Ela é tão linda que não que mais um castigo, mais ela fica comigo, por que eu sou como ela!.",identidade
3052977,"uma mulher traída é pior que um vulcão, em plena erupção.",identidade
3053185,"As catirobas viram avião, depois de uma mulher feia mulherão.",aparencia
3054496,Pátria mãe gentil (BIS).,identidade
3054899,Pois ele é sincero.,identidade
3055205,Quando eu a vi pensei ela é roqueira.,identidade
3055207,Quando a vi ouvindo rap disse: ela é funkeira.,identidade
3055212,"Ela é maravilhosa, ela é demais.",identidade
3055214,Ela é maravilhosa....,aparencia
3055217,"Ela é coisa de louco, não é brincadeira.",identidade
3055228,"Que mulher maravilhosa, que bixa faceira.",
3056345,Eles ficam animado.,
3057070,Ignorado pela pátria mãe gentil.,outros
3057165,E as mulheres ficam loucas.,comportamentos
3057435,Ele não vale nada a senhora foi mãe e.,identidade
3057778,Menina bonitinha eu quero te namorar.,identidade
3057795,Na história ela é julieta e eu sou o seu romeu.,identidade
3057840,Mas meu deus ele é fiel e cai por terra a maldição.,identidade
3058177,"Elas são brabas, elas são foda, eles tão passando mal.",identidade
3058329,ele é fiel e cai por terra a maldição.,identidade
3058392,Thalia tá maravilha.,aparencia
3058454,Em casa ela é renata na rua é renatinha.,comportamentos
3058845,Francisco é abençoado.,identidade
3059178,Outo homem igual a este aqui na não mais não.,identidade
3059333,Você é a minha vida ele é meu mundo.,identidade
3059748,Será que ele também tá afim?!.,comportamentos
3060106,ela ficou confundida.,comportamentos
3060538,Essa mulher é chata e eu não vou mais suportar.,valores
3061028,"Stop, é só mulher bandida,.",identidade
3061538,"Vai, vai eu e meu fusquinha, ele ta bebim e ficou cheio de graça.",comportamentos
3061719,Mulher boa de lambada no meio do salão.,habilidades
3061721,"Mulher boa de lambada, o salão é um perigo.",habilidades
3062495,Que ela seja rica e pague uma empregada.,papel_social
3062498,Menina linda e gente boa.,aparencia
3062545,Que você ela rica e pague uma empregada.,habilidades
3062708,ta vendo essa novinha olha como ela é louca.,identidade
3062727,não liga mais pra nada essa mina é doideira.,comportamentos
3063096,falaram que ela era delicinha.,comportamentos
3063118,Se for olhar ela não é tão bonita.,aparencia
3063127,Então procurei o que ela tem ruim.,identidade
3063139,ela muito bonita.,aparencia
3063161,Ela tá bonitinha.,aparencia
3063180,Ela é mulher..,papel_social
3063230,Quem achava ela feia.,aparencia
3063237,Ela tá arrumadinha.,aparencia
3063430,Qcara é valente guerreiro.,identidade
3063512,Pois ela é passado historia antiga.,identidade
3063592,Vem cá mulher bonita que eu quero compromisso.,outros
3064153,Olha como ela tá gostosa.,aparencia
3064496,Ele é bronzeado.,identidade
3064575,Essa é pras mina atrevida (vem!).,outros
3064605,"O estilo da mina é top, deixa a rapaziada em choque.",identidade
3064753,Ele é bonito dá até pra entender.,aparencia
3065546,A mulher sensacional.,identidade
3065595,Agora eu vou me vingar: menina má.,comportamentos
3065600,Sou uma menina má.,comportamentos
3065816,Ela é cheio de esquema.,identidade
3065855,Garota linda.,
3065898,Garota linda que eu me apaixonei.,identidade
3065922,Mulher igual a ela acho que não vou achar.,aparencia
3065944,Mulher muito difícil de encontrar.,comportamentos
3066035,De papete e um mini short ela é maravilhosa.,aparencia
3066042,Ele é sempre sorridente garota inteligente.,identidade
3066080,De manha quando acorda ela é linda e muito bela.,identidade
3066314,Garota bonita mais não se deu bem comigo.,aparencia
3066403,Ela é a bola da vez.,identidade
3066406,Quando ela malha ela diz fitness.,habilidades
3066408,Mais que aprovada ela é a bola dá vez.,identidade
3066409,Ela é tão intensa naquilo que faz.,identidade
3066411,Ela é muito séria quando tem que ser.,identidade
3066412,Ela é brincalhona sem querer aparecer.,habilidades
3066417,Ela é alegre sorridente gente boa.,identidade
3066428,Mais que aprovada ela é a bola da vez.,identidade
3066631,Diferente envolvente essa mina é nota dez.,aparencia
3066632,Ela é vip ela é top ninguém chega aos seus pés.,
3066633,"Ela ta maluca ta ""chapada"".",identidade
3066636,É tudo e mais um pouco ela foi a escolhida.,identidade
3066637,Ela foi a escolhida.,habilidades
3066718,"Trabalhada, ela é formosa.",aparencia
3066719,"Caprichada, ela é gostosa.",aparencia
3067020,"Louca, essa mina é louca.",identidade
3067030,"Ela é encantada, ela é minha cinderela.",aparencia
3067099,"Falei, que pra mim ele não é rei.",identidade
3067145,Ela é linda de verdade.,identidade
3067156,Tão bela ela é a rainha da cidade.,identidade
3067792,Cheio de mulher bonita.,aparencia
3069300,"Vem fazer a posição e vem fazer a posição e vem fazer a posição, vem mulher cheia de manha.",outros
3070456,"Tadinho, ela cai bonitinho.",comportamentos
3070889,com uma mulher braba não bater.,identidade
3070898,ela não reconhece é tão fingida.,identidade
3071330,Por mim ele dorme sozinho.,comportamentos
3071901,"E bebe ela quente é, é.",identidade
3072261,"Você tão linda, menina bonita, faceira canção.",aparencia
3072535,Menino feliz.,identidade
3072680,Um menino grande eu sou.,outros
3073188,é o homem sofredor.,identidade
3075110,Porque sei que ela seria fiel.,comportamentos
3075630,Se ela é montada.,identidade
3075987,eu finjo nem notar como ela é sincera.,identidade
3076025,Eu arranjei uma mulher eletricista.,habilidades
3076153,Mulher totalmente certa.,habilidades
3076724,mexe mexe menina forrozeira.,identidade
3077210,E que ela possa te fazer feliz.,outros
3077451,Homem liso não dá rock.,outros
3078262,Crianças moças morenas.,aparencia
3078517,Lucena ele meio triste assim me falou.,comportamentos
3078598,Todo dia eu dou bom dia que alegria ela foi feita pra gente.,outros
3079245,Que ela é boa de forró.,habilidades
3079297,"Que eu mexi com uma donzela, moça bela do lugar.",aparencia
3079306,Decidi pedir a mão da donzela inocente.,identidade
3079307,O pai dela homem descente resolveu me dar perdão.,outros
3079801,Quem é a mulher mais linda desse universo?.,identidade
3080443,Quis ser dono do seu pensamento.,comportamentos
3080542,Ele pensa que ele é bonito.,outros
3081101,Ele já tá chato.,identidade
3081551,que eles ficam melhores.,identidade
3082537,"Mulher quando se vinga, ela sabe fazer perfeito.",habilidades
3082790,"o perfume é do bom, ela é cheirosa pra danar.",identidade
3083252,A mulher mais amada.,identidade
3083586,Alucinado explodindo de tesão é o maximo ela é fera só gosto de fazer amor com ela.,habilidades
3083737,Homem quando é safado.,identidade
3083757,Mas o homem é safado.,identidade
3083907,eu fiquei impressionado como ele era valente.,habilidades
3083933,ela veio sorridente em minha direção.,comportamentos
3085450,E ele é chorão de você.,comportamentos
3087492,O homem sempre é querido até depois dos quarenta.,papel_social
3087494,Um homem feliz sorrindo nos braços de outra mulher.,valores
3087622,Escolha a mulher sincera para a sua companhia.,valores
3087662,Pra ele não embrabecer.,comportamentos
3087837,"O homem mais feliz do mundo,.",comportamentos
3088053,De homem cabra danado.,identidade
3088869,Veja quanta moça bonita.,aparencia
3089294,"Que deixa o coração de um homem cego por amor,.",comportamentos
3089843,Esta mulher é uma bandida.,identidade
3089848,Ela é bandida eu sei que é.,
3090531,Nem dizer meu bem.,comportamentos
3092478,"Toda menina nova usa trança,.",aparencia
3092680,E a menina forrozeira que é tão bela.,identidade
3092924,Ela é genial.,identidade
3093041,te ama mais que a ele mesmo.,comportamentos
3093259,Ele é duro de pedra mas dessa vez se entregou.,identidade
3093561,mulher querida amada.,identidade
3093872,Pra garotas mal amadas carentes por uma paixão..,identidade
3095237,Fui perguntar a ela se ela era uma princesa?,identidade
3095387,"No meu tempo de criança, eu era menino chato.",comportamentos
3095529,Deixa essa mulher forrorea.,comportamentos
3096495,"e bebe ela quente, é, é.",comportamentos
3098490,Gonzaga era só coração.,identidade
3098523,Que mulheres muito invejosas fazem de tudo para tira-lo de mim.,identidade
3098524,"Mas sei que ele é forte e resiste assim como tem resistido a dor,.",identidade
3098741,O que eles querem é gandaiera.,comportamentos
3099016,Tem mulher loirinha de uma cinturinha fina tão fininha.,identidade
3099627,Eita que moça bonita.,aparencia
3100213,"Prepare tudo mãe querida, o seu filho vai voltar.",identidade
3101262,Com ela sou visita inesperada que não tem hora marcada.,papel_social
3101462,Mulher mulher mulher me de carinho.,comportamentos
3101463,Mulher mulher mulher eu te adoro.,outros
3101464,Mulher mulher mulher da minha vida.,identidade
3104350,Espiando mulher nua.,identidade
3104639,Ô mulher ruim.,identidade
3104646,Quem se apaixonar por ela vai sofrer igual a mim.,comportamentos
3104851,Feito um menino chorão.,identidade
3104923,Tá cheio de mulher bonita.,
3105442,Ela é americana.,identidade
3105451,Ela é bacana.,identidade
3106419,"A mulher mais linda, que adoro tanto.",aparencia
3106520,"Deus, ela foi capaz de pedir pra entender.",identidade
3106522,"Deus, ela foi capaz de me dizer que gosta de outra.",outros
3106781,"Sou abelha, ela é a flor.",identidade
3108027,- senhora dona da casa.,identidade
3108076,"Ela é bonita, bonita....",aparencia
3108080,"Ela é bonita, é bonita....",
3108090,Ela é bonita demais....,aparencia
3108113,"Ela é bonita , é bonita...",aparencia
3108474,É com esse menino bonito que eu vou.,
3108764,Querubim é cão de fogo.,identidade
3108819,Ela disse nem morta.,comportamentos
3108897,Um homem branco como eu.,identidade
3108898,Um homem preto como tu.,identidade
3108911,"Menina flor, quem terá sua paixão?.",identidade
3108939,Essa mina está toda faceira.,comportamentos
3109392,Que homem gostoso.,aparencia
3109393,Ele é tão gostoso.,aparencia
3109833,Eu quero uma menina dengosa e feminina.,
3110160,Gosto de mulher bonita daquelas bem perfumadas.,aparencia
3110763,Para que sofrer por mulheres atoua.,identidade
3111200,"Eu nunca vi nada igual, ela é minha rainha, a musa do meu carnaval..",identidade
3111203,"Eu nunca vi nada igual, ela é minha rainha, ela é sensacional!.",identidade
3111204,"Ela é maravilhosa, cheirosa, dengosa, é muito gostosa, é tudo de bom!",aparencia
3111205,"Ela é meu bem, é meu mau, é o mel é o sal, ela é especial, ela é minha paixão..",valores
3111213,"ela é maravilhosa, cheirosa, dengosa, é muito gostosa, é tudo de bom!",identidade
3112007,Paulo sempre foi um homem forte.,identidade
3112261,Ela não é mulher de um homem só.,valores
3112288,"Ela é menina, ela é a flor.",aparencia
3112289,"Ela é minha morena, minha rosa vermelha meu amor.",identidade
3112292,"Ela é minha menina, ela é a minha flor,.",identidade
3112293,"Ela é minha morena, minha rosa vermelha, meu amor.",
3112311,"Rírírí, ele é muito legal.",identidade
3112386,Vi que és um homem lindo.,aparencia
3112388,Do menino infeliz.,identidade
3113605,Protegei-nos mãe bondosa das agruras dessa vida.,outros
3113606,"Mãe caridosa, olhai pelos filhos seus.",identidade
3113762,"Esculpe, modela e castiga a massa dos homens normais.",habilidades
3113910,"Ninguém sabe se ele é branco, se é mulato ou ""nego""(repete a última linha).",aparencia
3114188,Ela é tentaçao de levar pro forró.,identidade
3114189,Ela é tentaçao de tirar a atenção.,
3114191,Ela é tentaçao palpita o coração.,identidade
3115326,No meu barco só anda mulher bonita.,aparencia
3115353,E ela mesma se espanta.,comportamentos
3115964,Sera que ela é amada e tem dono.,identidade
3116027,Ele é bonito demaMAIS.,aparencia
3116116,"Apaixonados por rodeio, mulher bonita eu assumo.",aparencia
3116881,Ôôôôôô menina bonita.,aparencia
3117461,Ele é o cara que merece ser o vencedor (vencedor).,identidade
3117462,"Ele é o cara que faz tudo sempre com amor (ou, ô, ô).",identidade
3117463,Ele é o cara que o povo sabe que é capaz.,identidade
3117466,"E eu tô com ele, não abro, Ele é compente.",habilidades
3119218,Zazuê tá danada.,
3119369,Minha mãe iemanjá.,
3121520,Quem gosta de mulher levante a mão.,outros
3121539,Numa boate eu quero ver só mulher nua.,aparencia
3122211,"Goiás, vitória, mato grosso e minas gerais.",outros
3123113,Ela é linda como a rosa.,aparencia
3124409,"Êta mulher doideira, ela é boa demais.",identidade
3125634,Só gosto de mulher quente.,aparencia
3125746,Sô uma menina séria.,identidade
3126101,Ele foi feito pra bater não pra apanhar.,outros
3126295,A mulher tá sempre doente.,aparencia
3126964,Deusas africanas.,identidade
3127387,"Ela não é baiana, não é americana.",identidade
3127571,A menina dengosa.,identidade
3127581,Que o tempo não para se o homem só fica sentado.,comportamentos
3129182,"Menino bonito, esse teu gingado tão balanceado me faz endoidar.",aparencia
3129184,"Menino lindo, esse teu jeitinho de falar baixinho e nos olhos me olhar.",aparencia
3129227,BASTA ELA SER CHEIROSA E AINDA BEM ARRUMADA.,comportamentos
3129295,"Seja ele alto ou baixo, modelo, bonito ou feio.",identidade
3129567,Um homem muito galinha não consegue entender.,comportamentos
3129955,"a dança da cintura, ela é muito fácil.",
3129995,"Ela perde o controle ela fica logo animadinha,.",identidade
3130093,"Ele é o chefe, ele é o chefe do puteiro.",papel_social
3130095,"Sua mãe é uma pu, sua mãe é uma pu.",identidade
3130171,Se tem mulher bonita o velho já tá de lado..,aparencia
3130455,Ela é a garota mais bonita lá da minha escola.,aparencia
3130813,Ela é bonita ela é aeromoça a mais gatinha que tem nesse avião.,identidade
3130842,Vai pra igreja menina patricinha.,valores
3130912,Eu disse: vai pra igreja menina patricinha.,identidade
3131009,"Menina bem faceira, eu sou o seu tigrão,.",identidade
3131229,"E ela fica louca, ela perde a linha.",comportamentos
3131993,Aí caramba que mina maluca.,identidade
3132178,"Uma mulher cheirosa é tão linda como uma flor,.",identidade
3132219,Ele era muito mole.,identidade
3132365,Ele é tão louco.,identidade
3132545,"""Ele è corno"".",identidade
3132550,"""Ele é corno"".",papel_social
3133548,Seria o homem mais feliz do mundo.,identidade
3133708,"Eu era uma menina linda, linda.",aparencia
3134171,Zé ta doente.,
3134216,Minha mãe era matuta.,identidade
3134340,Que ele era estuprador.,identidade
3135140,Que faz a visão direta deixando a mulher completa.,papel_social
3135156,Mulher magrela é difícil de arranjar um marido.,outros
3135169,Se vê a mulher bunduda diz o minha tanajura.,aparencia
3135188,Um rapaz muito guloso gostou e casou com ela.,identidade
3135195,Mulher magrela faz tudo para atrair o amante.,aparencia
3135225,A mãe dele diz meu filho moça magra na convém.,identidade
3135250,Uma rainha perfeita não tendo bunda bem feita.,aparencia
3135280,Pra trair as pessoas tem até mulheres boas.,comportamentos
3135316,Tem homem desempregado que trabalha muito bem.,papel_social
3135318,Se tem mulher boa traga aqui pra mulher tem vaga.,outros
3135356,E a filha volta tão linda que parece uma princesa.,
3135377,O filho do homem rico tem uma vida bacana.,papel_social
3135381,O filho do homem pobre vai passear de jumento.,comportamentos
3135389,A mulher do homem rico.,papel_social
3135393,A mulher do homem pobre.,identidade
3135425,O filho do homem rico só toma banho no chuveiro.,papel_social
3135658,"Menina nova, malhada e sarada..",aparencia
3135771,"bolso de grana e, é um homem popular..",identidade
3135850,Ladrão rico faz amor só quer mulher bem novinha.,identidade
3135882,E a polícia pega ele bêbado na mesa de um bar.,identidade
3135930,Se a caso ele for preso leva vinte advogados.,outros
3135934,O ladrão de colarinho quando ele cai doente.,papel_social
3135951,tem gente que diz que elas são torta como um anzol.,comportamentos
3136118,Se você vê o ladrão besta ele é pior do que otário.,identidade
3136227,Não é um homem moderno.,identidade
3136285,Eu sei que o senhor é crente.,identidade
3136708,Pra que ele não seja roubado.,valores
3136801,A mãe é xingada de vaca e a mulher de piranha.,identidade
3136837,a menina está beleza pura.,outros
3136841,a menina tá beleza pura.,aparencia
3136857,pra ela não é mais legal.,identidade
3136940,Chamam ele picareta.,identidade
3137390,Ele mesmo chuta a bola corre e ainda agarra.,habilidades
3137691,As mina fica louca.,
3138034,João tentando ser campeão.,identidade
3138120,"João disse, Jesus não é justo meu.",valores
3138298,Têm mulher bonita eu não fico só.,aparencia
3138344,Ele é cincero é sempre vou.,valores
3139983,Da época da mulher tradicional.,papel_social
3139986,Da época mulher tradicional.,outros
3140318,Mas ele está contigo em qualquer lugar....,outros
3142025,agora o rei é índio.,identidade
3142848,O menino doce que eu sempre quis.,identidade
3143035,É tem homem muito gostoso.,aparencia
3143036,É muita mulher gostosa.,aparencia
3143165,Ter vinte namoradas não é mole não.,comportamentos
3143456,Brasil ele é sempre campeão.,identidade
3143766,A moça era tão bacana.,comportamentos
3143770,Ele ficou bêbado num bar.,identidade
3143802,Caju é amaldiçoado.,identidade
3144200,"Ela é linda, ela é bela.",identidade
3144235,E mulher namoradeira a gente chama de galinha.,
3144261,Ele é o homem mais mole do arraiá.,comportamentos
3144421,Ela fica bem mais quente.,identidade
3144628,Jorge é glórioso para nós só faiz o bem.,identidade
3145034,"Torcer pra um time honrado, sendo ele bem melhor...",outros
3145259,"quando entra no gramado ele sempre é vencedor,.",identidade
3145280,"Brasil tá pensando que ele é o bom de bola,.",identidade
3145351,Se for partir pra briga ela não larga do meu pé.,comportamentos
3145372,Homem bonito a maioria é delicado.,aparencia
3145834,cante pra mulher bonita que eu canto pra mulher feia.,identidade
3145835,Dizem que a mulher bonita é quem mais chama a atenção..,aparencia
3145841,Dizem que a mulher bonita é quem mais leva cantada.,comportamentos
3145844,Dizem que a mulher feia quando leva uma cantada.,identidade
3145851,Dizem que a mulher feia difícil é arrumar emprego.,identidade
3145857,Dizem que a mulher feia faz mau ao coração.,aparencia
3145858,E quem casa com mulher feia sempre vê assombração.,aparencia
3145860,Dizem que a mulher bonita faz qualquer homem gemer.,aparencia
3145866,Dizem que a mulher bonita é quem anima uma festa.,aparencia
3145867,"Mulher bonita aonde passa é limpo, rasto e arresta.",aparencia
3145868,Mas se tive mulher feia é sinal de que a festa não presta.,aparencia
3145872,Dizem que a mulher bonita tem um olhar atraente.,
3145875,Dizem que a mulher feia tem medo de abandono.,aparencia
3145877,Que mulher feia e jumenta só quem procura é o dono.,identidade
3145878,Dizem que a mulher bonita faz o homem vira brasa.,identidade
3145881,Dizem que a mulher feia.,aparencia
3145885,Dizem que a mulher bonita quando arruma um namorado.,aparencia
3145888,Dizem que a mulher feia se dana pra gafieira.,identidade
3145891,Ela era preferida.,identidade
3146013,"Antes do meu casamento, eu fui um homem fiel.",comportamentos
3146254,Posso falar mal da minha que ela é encrenqueira e ruim.,identidade
3146284,Posso falar mal da minha que ela é encrenqueira e ruim!.,identidade
3146496,"Mulher ingrata e fingida,.",comportamentos
3146719,"ser nordestino ele é homem do povo, armaram uma arapuca.",identidade
3146726,"homem é metalúrgico, pobre e trabalhador, conhece meu.",identidade
3146744,"vem, de novo ele é enganado, a mulher dele falando tu.",comportamentos
3146825,Mulher bonita wiski cheio de cerveja.,aparencia
3146984,É lá vem ela maravilhosa.,aparencia
3147342,Inté mãe já vou enbora.,outros
3147430,Adoro mulher bonita forró.,aparencia
3148363,A filha do homem rico.,identidade
3148795,Sou um homem romântico.,identidade
3149417,Ele é som e poesia.,identidade
3149424,Menina bonita baiana.,aparencia
3149727,Mulher boa e gente à toa.,aparencia
3149760,Mulher gostosa de lambar.,aparencia
3150941,e no meu posso de petroleo só jorravão princesas lindas.,outros
3151260,Ela é boa demais.,identidade
3151265,Ela é total flex.,identidade
3151549,Foi sem querer que eu beijei na sua boca menina tão louca eu quero te beijar beijo na boca com o corpo suado tem sabor de pecado com gosto de bem me quer..,identidade
3151551,"Foi sem querer que eu beijei a sua boca menina tão louca eu quero te beijar, beijo na boca com o corpo suado tem sabor de pecado com gosto de bem me quer..",comportamentos
3151776,"Já estou prontinha aqui, grupo de mulher solteira.",identidade
3151798,Linda mulher cheia de carinho.,aparencia
3151861,"Essa mina bonitinha, com cara de patricinha.",aparencia
3151865,"Onde chega ela causa, essa mulher é danada.",identidade
3151894,Jogando charme ela é fenomenal.,comportamentos
3151986,"Ela é forte e guerreira, linda mulher lutadora.",identidade
3151987,Da juventude ela é incentivadora.,identidade
3151992,"Ela é potente,cheia de energia.",comportamentos
3152046,É a mulher brasileira.,identidade
3152197,A minha amiga é uma mulher muito bela.,aparencia
3152203,"Sabe bem assar o pão, pra ela ela é só alegria.",identidade
3152204,"Ela é feliz, ela é potencial.",
3152214,Ele está decepcionado muito frágil e cansado.,comportamentos
3152439,Querida menina bonita quero te amar.,aparencia
3153702,ME FEZ UMA MULHER REALIZADA E ME TIROU TODAS AS DÚVIDAS DO AMOR.,comportamentos
3153844,Bem vestido e perfumado as meninas ficam loucas.,aparencia
3154935,"Mulher safada, diga que negócio é esse.",identidade
3155152,A garota file.,aparencia
3155167,Do pecado nem ela mesma se lembra que foi minha no passado.,comportamentos
3155191,Menina bom polegá.,identidade
3155339,Que ele não foi abandonado.,identidade
3156358,Ela está viciada em canela forte..,comportamentos
3156485,Princesa linda e bela ainda bem que te encontrei.,aparencia
3157702,Ela é glamourosa e está com tudo em cima.,identidade
3157800,Sabe disfarçar.,habilidades
3157841,Menina bonita com cheiro de rosa.,identidade
3157876,Ele é pequenininho mas ocupa a imensidão.,identidade
3159009,Essa mulher perigosa.,identidade
3159017,Ela usa mini blusa pra mostrar a barriguinha.,comportamentos
3159073,Esse coroa tá melhor que rapaz novo.,outros
3159262,Onde tem mulher tá bom de mas.,comportamentos
3159384,Quero ver moça bonita no meu forrozão.,aparencia
3159478,Minha mulher tá ficando injuriada.,comportamentos
3159837,Ela é filhinha de papai.,identidade
3159843,Ela é insana.,identidade
3159850,Ela é safadinha..,identidade
3159852,Minha princesa é safadinha.,identidade
3160099,Menina cheia de mistério.,identidade
3160116,Ela chegou correndo demais imprudente bateu arrebentou meu peito.,comportamentos
3160527,"Da faculdade eu fui pra festa comi água com a galera,.",comportamentos
3160788,Um homem apaixonado é perigoso um leão faminto.,comportamentos
3160791,Um homem apaixonado é perigoso perde as estribeiras.,identidade
3160971,E ele é o amor.,comportamentos
3161991,pelo menos uma mulher foi estuprada.,comportamentos
3162001,"Essa é a historia de toda mulher brasileira"".",identidade
3162070,"E onde tem mulher boa, gosto de andar todo dia.",outros
3162204,por eles fui dominado.,
3163347,"Essa mulher é uma loucura em minha vida,.",identidade
3164015,Que uma mulher carente há de esperar.,identidade
3165163,Um homem sério para me levar pra cama.,
3165238,"Ela é boa, ai que tesão.",identidade
3166482,mulher sozinha e carente por ae.,identidade
3167078,Quer fazer o homem feliz (Vaquejada) – Aviões.,identidade
3167099,"Quer fazer o homem feliz, por favor ligue pra mim.",identidade
3167100,"Quer fazer o homem feliz, caia por cima de mim..",comportamentos
3167110,"Quer fazer o homem feliz, caia por cima de mim.",identidade
3167295,"Que avião, que avião eita que mina gostosa.",aparencia
3167536,"Se a mulher foi simbora, problema meu.",comportamentos
3167963,Porteiro ingrato nao vivo sem ela sou doido por ela.,outros
3168274,Se for ruim ele é um santo.,comportamentos
3168367,Homens assim são tão fáceis de encontrar (2x).,identidade
3168606,Quanta mulher bonita.,identidade
3169224,uma mulher carente a te esperar.,comportamentos
3169746,Deixa que ele tá bem melhor do que eu.,identidade
3170277,"Pra ela pode parecer estranho,.",outros
3170315,"Whisky do bom,e mulher bonita.",aparencia
3170323,Quando a vi ouvindo rap disse ela é funkeira..,outros
3170327,"É linda, se garante no que faz, ela é maravilhosa, ela.",identidade
3170329,"É linda e se garante no que faz, ela é maravilhosa,.",aparencia
3170333,Ela é coisa de louco não é brincadeira.,identidade
3170336,Mas o que a deixa mais gostosa é que ela é forrozeira.,identidade
3170345,"Tal mulher maravilhosa, que mulher faceira.",aparencia
3170360,"É linda e se garante no que faz, ela é maravilhosa.",aparencia
3170371,"Mas ela é linda, linda, linda,se garante no que faz, é.",aparencia
3170420,Mulher sensual.,identidade
3170766,que ela anda quase nua.,
3170771,Olha essa menina é uma loucura.,aparencia
3170773,essa menina é perdição.,identidade
3171069,"Mamãe tá dodoi, papai dá beijinho que passa [x3].",identidade
3171255,"Porque ela é top, ela é massa.",comportamentos
3171515,Rir rir rir ele é muito legal (bis).,comportamentos
3172238,Ouvi falar que você tá de namorado novo.,comportamentos
3172857,"Menino tão lindo, não se preocupe.",aparencia
3173429,"O homem sério para me levar pra cama,fazer amor,ser sua dona, o homem que entenda o coração de uma mulher, que não me usa e não nem troque por uma qualquer.",identidade
3173730,Vem fazendo carinha de menino inocente.,comportamentos
3174019,Agora a farra que ele faz é diferente.,comportamentos
3175268,Uma mulher cheirosa tão linda como a flor.,habilidades
3175343,Mamãe tá dodói?.,identidade
3176057,Menina moça linda.,identidade
3177056,Atenção senhores responsáveis.,identidade
3177114,Moça menina......,aparencia
3177144,Como te amei moça menina......,comportamentos
3177186,Moça menina....,aparencia
3177816,Ela é menina ela é senhora.,identidade
3177883,Pra mim ele é maior.,identidade
3178203,"AMELINHA, disco ""Mulher nova bonita e carinhosa.",
3178263,pra ela sentir ciume.,outros
3178702,Ele é o número um.,identidade
3178722,"E aonde tem mulher boa, gasto grana todo dia.",aparencia
3178871,Abra a mala seu menino vamos forrozar.,outros
3178930,Mas não criei moça nobre pra pé rapado de vaqueiro.,identidade
3179057,"Teu abraço me esquenta, seu cheiro me alimenta ô mulher querida amada..",identidade
3179110,Que ela é prima de maria gasolina.,outros
3179556,Uma menina já mulher.,identidade
3179565,Ele sabe que ela ta afim.,comportamentos
3179618,Que essa mina é preparada.,habilidades
3180047,Ela é linda de cara.,aparencia
3180060,Se a mulher é uma fera.,identidade
3180304,Beleza moça bonita.,aparencia
3180427,um dia uma mulher feliz.,identidade
3180948,Eu tento ser uma mulher forte.,identidade
3181088,"Com essa saudade, não dá!.",outros
3181284,Ele é bandido desobedeçe.,papel_social
3181908,Sou donzela sou mulher.,identidade
3182653,Que pedaço de menina bela.,aparencia
3182677,Quantos homens eram inverno outros verão?.,comportamentos
3182733,"Ele chegou enfurecido, ele é demais.",comportamentos
3184310,Dizendo que ela é casada.,identidade
3184336,Mas como ela é casada.,identidade
3184371,"Menina nova e sensata, desses corpinhos de viola.",aparencia
3184381,"Perguntando aonde foi, aquela mulher ingrata.",identidade
3184532,"Ela é rameira, mas me dá de tudo,.",comportamentos
3184534,"Ela é rameira, de sexta à domingo,.",identidade
3184561,A mulher famosa e bela.,identidade
3184566,A mulher linda coxuda.,aparencia
3184984,"Mulher bonita foi, é e será a minha perdição.",aparencia
3185064,Essa menina é filha de fazendeiro.,identidade
3185221,Moça bonita da saia rodada.,comportamentos
3185226,"Dama perfeita, se move de um jeito.",outros
3185239,"Moça pequena, cheirando açucena.",aparencia
3185488,"Ela não é sua dona, eu amo você.",papel_social
3185581,Xandinho é doido por você.,identidade
3185778,"Esse garoto é um avião,.",aparencia
3185995,Uma mulher sozinha e carente por aí é perigoso demais.,identidade
3187075,Sei que ele ainda bate forte por nós dois.,identidade
3187309,Uma mulher feliz mas quando certa vez.,outros
3187332,Sou menino sonhador.,valores
3187804,Eu que sempre fui una mulher fiel.,identidade
3187827,Sei ele ainda bate forte por nos dois.,outros
3187902,Eu sou uma garota cega.,identidade
3187973,"Mulher bonita, cerveja e festa de peão.",identidade
3188335,Ela é comprometida e ninguém vai entender.,identidade
3189437,No calor de uma menina é impossível ficar só.,outros
3190235,Ela é a parte mais bonita da cidade.,identidade
3190722,Só com você eu sou uma mulher feliz.,identidade
3191735,De apaixonada fui pra mãe solteira.,comportamentos
3191807,Ela pode estar solteira.,identidade
3191945,Que eu sou a sua musa preferida.,identidade
3192064,É ele é o amor.,identidade
3192418,Tô querendo encontrar um homem romântico.,identidade
3192432,"O homem ideal, aquele fatal.",identidade
3192485,"Menina bacana que rola na cama,.",identidade
3192573,se estiver com ela seja natural.,identidade
3193902,Pois homem incompetente burro não sabe o que faz.,identidade
3193925,QUANDO ELE VEM É PRA FICAR.,comportamentos
3194433,Ela vem pronta.,habilidades
3194730,Ele é metido a ser galã.,identidade
3196094,"Homem é feito lata, é feito lata.",identidade
3196135,Homem é biscoito.,identidade
3197137,Bebe ela quente.,aparencia
3197845,"Adoro mulher bonita, forró e festa de gado.",aparencia
3197860,Forró com mulher bonita vaqueiro não fica só.,aparencia
3197877,Você lambendo meu corpo é meu homem animal.,identidade
3197890,"Voê é meu fila brasileiro, meu homem animal.",identidade
3198669,Ela é diarista.,identidade
3200249,E ele tão inquocequente.,comportamentos
3200265,E ele tão inconsequente.,comportamentos
3200671,Menino é bom demais.,identidade
3200754,eu não fiz ele sozinho.,comportamentos
3201148,E todo homem fica doido.,comportamentos
3201150,Essas damas tão bonitas.,identidade
3201151,São damas maravilhosas.,aparencia
3201824,Ela tá afim de rebolar.,identidade
3202560,"Eu digo e ela não acredita, ela é bonita demais.",identidade
3202563,"Eu digo e ela não acredita, ela é bonita, é bonita
.",identidade
3202573,"Eu digo e ela não acredita, ela é bonita, bonita.",aparencia
3202575,"Eu digo e ela não acredita, ela é bonita, bonita
.",aparencia
3202587,"Eu digo e ela não acredita, ela é bonita, é bonita.",identidade
3203867,"Somos deusas, mulheres incríveis
.",identidade
3204173,Rainha poderosa.,identidade
3204178,Essa mulher é espetacular!.,identidade
3204944,Olha ela solteira saindo a primeira vez.,identidade
3204956,Essa mulher maravilhosa.,identidade
3205079,E se ele fosse esse negão.,aparencia
3206006,Tá pensando que ela vai ficar quietinha.,comportamentos
3206108,Sem beber ela é santinha.,comportamentos
3207005,"Cuidado ela é muito perigosa, viu?
.",identidade
3207184,Ela é flex.,identidade
3207309,"Mas, ela é mandona.",comportamentos
3207310,"Eh, ela é mandona
.",comportamentos
3207315,Ela é mandona.,identidade
3207316,"Eh, ela é mandona.",comportamentos
3208025,mulher forte.,identidade
3208060,Ela ela ela ela ela ela é onda do mar.,identidade
3208061,Ela é a sereia.,identidade
3208091,Ela ela ela ela ela ela é a onda do mar.,identidade
3208245,"Rainha fica doce quando chega fevereiro
.",outros
3208787,"O homem sério que contava dinheiro, parou.",identidade
3209882,"Mulher é pedra mó
.",identidade
3210097,"Ela fica mais brasileira
.",
3210153,Só sou mais um homem preto.,aparencia
3211686,Ela cheia de pressa e ele descansando.,comportamentos
3211817,João é bom igual a.,identidade
3211844,João é amor e tradição.,identidade
3211999,Se ele fosse um passarinho.,identidade
3212057,"Gil é genial, Gilberto é doutor.",identidade
3212058,"Gil é jovial, Gilberto é senhor.",identidade
3212059,"Gil é carnaval, Gilberto é rigor.",identidade
3212060,"Gil é contralto, Gilberto é tenor
.",habilidades
3212063,"Gil é excelência, Gilberto é visor.",identidade
3212064,"Gil é tropicalia, Gilberto é precursor
.",papel_social
3212069,"Gil é paz, Gilberto é lutador.",identidade
3212070,"Gil é orquestra, Gilberto é condutor.",identidade
3212071,"Gil é poesia, Gilberto é autor.",papel_social
3212072,"Gil é mundial, Gilberto é valor
.",identidade
3212073,"Gil é violão, Gilberto é tambor.",papel_social
3212074,"Gil é união, Gilberto é tutor.",identidade
3212078,"Gil é alegria, Gilberto é fulgor
.",identidade
3212176,Ele é fruto de outras vidas.,identidade
3212527,Olha que mulher faceira.,identidade
3212529,Ela é flor que se cheira.,identidade
3212531,Ela é minha sexta-feira.,identidade
3213042,Porque ela é diferenciada.,identidade
3213345,A Deusa gostosa.,identidade
3213346,Rainha maravilhosa.,
3213363,Deusa cavalona.,identidade
3213419,Vem cá meu menino gostoso.,
3213513,Osama já está cá livre e inabalar.,identidade
3213579,"A massa dos homens normais
.",identidade
3214102,"Este menino é um capitão de areia!
.",identidade
3214219,"Cotovelo, segura cotovelo, menina cotovelo
.",outros
3214628,Se ele é feito fogo.,outros
3215022,Menina negra de rara beleza é nobreza.,aparencia
3215032,"Digue, digue, oi menina flor.",identidade
3215888,A mãe preta do meu pensamento.,identidade
3216040,Claudia é paixão.,aparencia
3218523,Ele larga a swingueira.,comportamentos
3218532,Pra descer até o chão ele larga o bordão:.,comportamentos
3218622,Essa menina é graça.,identidade
3218681,"Obra-prima, ela é rima.",identidade
3218824,"O vento não, ele é suave, mas é frio e implacável
.",outros
3218896,Brown aí é cheio de querer ser.,
3218897,"Deixa ele moscar, vir cantar na quebrada.",habilidades
3219000,"?Filho meu, não inveje o homem violento.",identidade
3219166,O derlei era só mais um rapaz comum!.,papel_social
3219690,Eu sou apenas um rapaz latino americano.,identidade
3219727,uma mina grávida.,papel_social
3219898,"Dos mano e das mina fraca,
.",outros
3219911,"Que ele não é neutro,.",outros
3219965,"Mãe solteira,.",identidade
3220047,"Homem duro,.",identidade
3220091,"Ana, sem palavra, a senhora é uma rainha, rainha.",identidade
3220175,"A mulher mais linda, sensual e atraente,.",aparencia
3220303,"Homem é homem, mulher é mulher..",identidade
3220396,A mina era virgem e ainda era menor..,identidade
3220553,Juro pra senhora mãe que eu vou parar.,comportamentos
3220839,Vê que ele é firmão igual um prego na areia.,identidade
3220872,"E ela diz que é feliz, que ele é cabuloso.",aparencia
3221083,"Homem morto, cagueta, sem ser..",outros
3221178,"vagabundo o rei dos reis foi traído na terra "".",
3221179,""" morrer como o homem é o prêmio da guerra.",outros
3221458,"Mano é preciso pregar a igualdade,.",papel_social
3221565,"Acharam uma mina morta e estuprada,.",comportamentos
3221598,Mas bem antes da ressaca ele foi julgado..,aparencia
3221601,"Ele ficou bem feio, não tiveram dó..",identidade
3221689,Homem mulato aparentando entre vinte.,outros
3221865,Mãe angustiada filho problemático.,identidade
3222062,"Ela era princesa eu era o plebeu,.",identidade
3222078,"A mais bonita da escola rainha passista,.",aparencia
3222092,Que mina cabulosa olha só que conversa..,identidade
3222158,"Ele é safado,.",comportamentos
3222461,"agora a mina grávida, o que se vai fazer?.",identidade
3222843,E ele tava friozão.,aparencia
3223208,vi um homem chorar/.,comportamentos
3223273,"Vi uma mina bonita, discreta/.",identidade
3223278,Vi uma tia crente em pé cansada/.,
3223385,"Homem bom, homem bomba, sou mal, não faco jus.",comportamentos
3223997,"Mulher alheia é sagrada, e é isso aí.",identidade
3224127,I da licença se da licença ó que mina cabulosa desligou.,identidade
3224378,Ele é feliz e tem o que sempre quis.,identidade
3224433,Ele está diferente não é mais como antes.,comportamentos
3224612,"Mil faces de um homem leal (2x)
.",valores
3224855,"Ela é preta da cor loira no cabelo, Ela é 1 hora e meia.",identidade
3224877,Ela é frenética hipinotizou.,comportamentos
3224888,"Ela é manta, é nagô, é ioruba, Ela é vingativa, Ela é de matar !!!.",identidade
3224900,"Ela é zica na cena, Ela é glamour,.",identidade
3224928,"vendo muleque, Ela foi capaz.",comportamentos
3225011,"Mulheres vulgares, uma noite e nada mais..",identidade
3225065,"Mulheres vulgares, (o quê) uma noite e nada mais!.",aparencia
3225264,Mas um menino confuso..,identidade
3225590,Justiceiros são chamados por eles mesmos.,papel_social
3225618,Acabar com delinquentes eles acham ótimo.,comportamentos
3225897,Mas morrer como um homem é o prêmio da guerra.,comportamentos
3226197,Rapaz comum..,identidade
3226408,E a quanto tempo o homem já não era violento.,comportamentos
3226442,Poderia ser melhor mas ele é tão ruim..,identidade
3226721,Lembrando que a dama mais glamurosa da noite é a própria noite..,identidade
3226853,"Aí você vai vê nego, qual é que é se ela é a guerreira.",identidade
3227998,Ela está farta de tudo que anda ocorrendo.,comportamentos
3228173,Mina tá dominada.,comportamentos
3228330,Não tem diferença do homem moderno.,identidade
3228369,"Não tem diferença do homem moderno
.",identidade
3228416,Ela não é piriguete.,valores
3228490,"Habilidosa, mina habilidosa.",identidade
3228789,"Muleque é noix 7, caboclo é noix 8
.",identidade
3229124,Ela é zero-bala.,identidade
3229126,"Ela é calmaria, depois da tormenta.",identidade
3229127,"Ela é mistura, piracema
.",identidade
3229738,Maria é mãe e pai e é filha também.,identidade
3230572,Olha o menino está perdido por inteiro.,identidade
3230574,"E o menino tá perdido, tá perdido na ilusão.",identidade
3231506,"Eliane, você é para mim uma mina importante.",identidade
3232786,Ela é linda e como eu fico bem..,aparencia
3232791,"Ela é linda...




.",aparencia
3232919,Ela é linda...,aparencia
3233305,"Que ela é avó
.",identidade
3234382,"Mulheres lindas esperando só
.",aparencia
3234405,"Mulheres linda
.",aparencia
3235082,"Homem é o coração e não seu o diploma
.",valores
3235226,Sei que sou capaz um homem fugaz e sem capataz aqui em.,
3235354,Por isso não me iludo ela é a base de tudo.,outros
3236277,desafio foi lançado mostre que tu tem talento.,identidade
3236439,"Não é minha metade, ela já é completa.",valores
3236440,"E de maturidade, pensa na mina esperta.",identidade
3236503,"Pra mim ele é o ar, (o ar) que asfixia a dor.",valores
3236554,AMO meus inimigos isso deixa eles loucos!.,comportamentos
3236842,ELE é presente.,identidade
3237096,"Pois eu busca a vida eterna, mesmo ela sendo dura.",valores
3237687,"Neste universo falso, comandado por homens falsos.",papel_social
3237730,"Também bato palma, pro homem lutador som suor come seu pão.",identidade
3237748,Quero ser diferente de outro homem comum.,identidade
3237798,Vem menina linda vem dançar.,aparencia
3238584,Agora ela é ruim.,identidade
3238903,nois tá rico varios pente preparado.,outros
3238906,"Da melhor forma os menino tá bolado
.",identidade
3239389,"Ela age igual dama, mente que me ama.",comportamentos
3239578,"Ela é capaz, faz e não se intimida.",habilidades
3239788,"esta donzela cristã !)
.",aparencia
3239838,"Falo de mulher bonita, caboclinha lá da roça.",aparencia
3239839,"Não gosto de valentia, pois todo homem valente.",valores
3239844,"Homem sozinho não presta, gasta tudo em farra.",identidade
3239942,"Homem magro, manda embora!.",aparencia
3240297,Eu não sou homem sou um anjo eu.,identidade
3241567,"Sim, eu amo meu bem, ela é minha namorada.",outros
3241803,Um homem novo abriu meus devaneios.,identidade
3241902,"Ela é carioca
.",identidade
3241903,"Ela é carioca, Ela é carioca.",identidade
3244220,Não vai ter mulher pobre ao meu redor.,outros
3244652,Abraão são valentes pra danar.,habilidades
3245407,Lelê tá doente.,outros
3245432,Mas ele está muito doente.,identidade
3245586,Cujas glórias hão de colher os homens grandes.,valores
3245994,Primeiro amor menina flor.,aparencia
3245997,"Não, menino triste.",identidade
3246001,Durma menino triste.,identidade
3246005,Sabe menino triste.,identidade
3246009,Olhe menino triste.,comportamentos
3248974,Que mulheres muito invejosas fazem de tudo para tira-lo de mim?.,aparencia
3251673,"Vejam só, eles não são capazes.",habilidades
3252654,"De vez em quando entre os sonhos teus
.",outros
3253007,Mulher demônio!.,identidade
3253506,destacam os alunos da.,outros
3255518,"Ele é o não e o sim
.",valores
3257586,Namorá mulher casada.,comportamentos
3258252,Fui eu que vi um homem foda em um fracassado.,identidade
3258448,Ela já é grandinha e dona do seu próprio nariz.,identidade
3259935,Ele não tava só comigo.,comportamentos
3261627,O menino ia garboso.,valores
3261757,Mulher também é guerreira.,identidade
3264029,Ela é feita de espinhos.,identidade
3264614,Deus eu sigo ele é meu socorro me ajuda a caminhar.,valores
3265226,Minha mãe é firme como o sol.,identidade
3265585,Senhor motorista.,habilidades
3266117,Juro eu vou fazer ela feliz.,identidade
3266664,"Louca, essa mina é louca
.",identidade
3268607,Whindersson é top.,identidade
3268855,Já avisa que elas tão online.,identidade
3269074,Eu não nego ele é safado e ainda por cima é carinhoso.,identidade
3269075,Ele faz tão gostoso.,identidade
3269127,Ele faz tão gostoso (Faz tão gostoso).,habilidades
3269137,"Ele faz tão gostoso (Vem cá, gostoso).",habilidades
3270811,É que tem tanto homem bonito na cidade.,
3271637,"Elas são coadjuvantes, não, melhor, figurantes.",papel_social
3273434,"Minha mulher gato
.",identidade
3273548,Se liga menina mulher é!.,identidade
3274369,"Que ela não é nada sério
.",outros
3276021,"II ele é legal mesmo, hein?.",identidade
3277553,Ele não pode ficar parado.,comportamentos
3277598,Por fora ele é crocante.,identidade
3277619,Ele acorda bem cedinho.,comportamentos
3277760,"(ela é fabulosa) !
.",identidade
3278104,no viva voz dois avós paternos e fraternos.,
3278108,Ela é a primogênita do ti ti ti.,papel_social
3278109,ela é a primogênita da ji ji ji.,outros
3278976,"Mais, ela é acostumada a jogar.",identidade
3278988,"Ela é a gastadora, é a gastadeira.",identidade
3278989,"Ela é a gastadora, é a gastadeira
.",comportamentos
3278993,"Ela é a compradora, é a gastadeira.",outros
3278994,"Ela é a compradora, é a gastadeira
.",comportamentos
3278998,Ela é mais feliz gastando do que com casamento.,identidade
3279013,"Ela é a compradora, ela é a gastadeira.",identidade
3279110,"Ela é dominadora, ele se sente sufocado, ele.",identidade
3279255,Juro que pensei que ela era feminina.,habilidades
3279262,Ela é moral de homem.,identidade
3279795,"Eu vim lá da zona oeste, ela é menina da zona sul
.",outros
3279796,"Menina mulher, que intimida atitude.",identidade
3280246,Princesa negra de.,identidade
3280356,"Menina mulher, bonita pra caramba.",identidade
3280500,"No peito, ele bate mais forte.",comportamentos
3280560,e a verdade é que ela mesma quis entrar no barco.,outros
3280579,ela é água e eu sou vento.,outros
3280614,E a verdade é que ela mesma quis entrar no barco.,outros
3281085,"Paixões mais sinceras com a dama mais sensível
.",valores
3281763,Porque ele é ícone do pós-sexo.,comportamentos
3282109,Mas menina cuidado.,
3282168,"Deixa ela quieta no canto dela, não mexe com ela
.",identidade
3282189,Ela é a dona de si.,identidade
3282193,Ela é uma lady.,identidade
3282198,Ela não é mercadoria.,identidade
3283612,E a ilusão de que eles são reais.,outros
3284126,Ela está presa em sua decisão.,habilidades
3284152,se eles foram felizes pra sempre!,identidade
3284191,"(Não, eles não vão voltar)4x
.",outros
3285239,E eu garoto normal.,identidade
3287578,Ela é tão confusa.,identidade
3289357,E o senhor extraterrestre.,identidade
3290380,Era a menina bonita.,aparencia
3290426,Elas sozinhas te dirão.,outros
3290462,Quem quiser moça formosa!.,identidade
3291547,Menino irmão dos que erram pelas ruas.,outros
3291687,seu garoto está melhor.,habilidades
3291718,o mal náo é tão forte.,valores
3293422,"Menina caprichosa e má
.",comportamentos
3295013,Com ar de menina boa!.,identidade
3295375,Eu tenho o marido pobre.,papel_social
3295541,homens vazios.,identidade
3295845,mãe pobre à beira do rio!.,identidade
3295850,Mãe pobre à beira do rio!.,identidade
3295965,Senhores tiranos que do baralho.,identidade
3296471,Pedro é bom de dizer.,habilidades
3296732,"Minha mãe ainda suspira,.",identidade
3296774,"Maria é moça noiva,.",identidade
3296977,Não quero um homem sincero.,comportamentos
3297443,Toda mulher ciumenta.,
3297469,E um homem velho.,aparencia
3298150,Ela linda essa mulher.,aparencia
3298154,Ela linda vai cantar.,aparencia
3298512,"Estouram os fogos os rapazes novos,.",identidade
3298822,"Ja cantei mulher bonita, também cantei mulher feia.",
3298823,"Mulher baixinha faz a fita a mulher alta tonteia
.",identidade
3299720,Mostrei ao moço impertinente.,comportamentos
3299909,O ser retoma mulher bem fofinha.,aparencia
3300038,"A fome de todas elas põe mais farta a minha ceia
.",papel_social
3300158,"Dos homens fui escravo, pra você.",identidade
3300164,"Não chore mãe querida, não manche seu coração.",papel_social
3300883,"Senhora dona da casa, traz seu filho pra cantar.",identidade
3301604,É a menina mais bestial.,identidade
3301830,Era assim que mãe preta fazia.,identidade
3301834,"Mãe preta mais uma lágrima, enxugava.",comportamentos
3301835,"Mãe preta, mãe preta.",aparencia
3301855,E o homem luar a janela.,outros
3302044,Menina és tão atrevida sem medo da vida.,
3302052,Menina não é coisa boa andar.,identidade
3302061,Um dia menina atrevida.,comportamentos
3302070,"Ai, menina linda, não faz assim comigo não.",aparencia
3302071,"Ai, menina linda, não faz assim comigo não
.",identidade
3302072,"Menina faceira, do olhar sereno.",identidade
3302441,Da minha mãe já velhinha.,identidade
3302688,Êta mulher chorona.,comportamentos
3302695,"Mulher chorona, chega de chorar
.",comportamentos
3302703,"Mulher chorona, chega de chorar.",
3302822,"Porque ela não é mais solteira (bis)
.",identidade
3302839,Falam de um homem valente.,identidade
3303346,Lá vai rei morto rei posto.,valores
3304084,Menina namoradeira.,comportamentos
3304217,Tô de namoro com uma moça solteirona.,comportamentos
3304220,Estão falando que ela é muito coroa.,outros
3304221,"Ela é madura, já tem mais de 30 anos.",identidade
3304227,"Menina nova é muito bom, mas mete medo.",aparencia
3304241,Dona de casa tem que ser mulher madura.,papel_social
3304537,"Que a rainha louca não gostava
.",comportamentos
3304713,Que importa se ele é branco ou forte.,identidade
3304763,Ele é dono disso e faz aquilo.,
3304852,"Rosinha és tão vaidosa, não queres ninguém da aldeia.",identidade
3304853,Rosinha és tão vaidosa não queres ninguém da aldeia.,comportamentos
3306998,Não sei que diga ele era tão desengonçado.,identidade
3307795,"E de tetas até à cintura há mulheres crepitantes,.",identidade
3308140,"Não sei o que faz agora, mas ele talvez nese momento.",comportamentos
3309374,Menino pobre teu lar.,identidade
3309392,Menino pobre o teu lar.,identidade
3310229,"Ele é querido, ele é amado.",identidade
3311465,Minha avó negra sabia.,identidade
3312586,Ele é rapaz novo.,identidade
3312650,"Mãe preta mais uma lágrima enxugava
.",
3312651,"Mãe preta, mãe preta
.",identidade
3312653,Mãe preta embalava o filho branco do sinhô.,papel_social
3312738,A palavra brotou da boca dum homem bom.,identidade
3314143,Casava c'um homem cego.,identidade
3314727,"mulher misteriosa,.",valores
3317396,"Que ele empedre, mesmo crendo-se infinito.",valores
3318214,Porque ela fala mais alto.,comportamentos
3319026,"Ela bem aqui pertinho de mim
.",identidade
3319053,Senhora é mãe como vocês.,identidade
3319114,"Moça bonita, flor na janela.",aparencia
3319123,Velha mina seresteira.,identidade
3319847,Porque ele é mais sábio.,identidade
3320027,A menina é tão bonita.,aparencia
3321061,Mas ela é uma ave de rapina.,identidade
3321995,E sua mãe cheia de sacolas.,identidade
3323040,"(Acertou, Exu é negócio pra doido mesmo, né.",valores
3323170,O nordestino hoje é homem diferente.,identidade
3323428,"E já que ela é curta, vamos curtir sem pressa.",valores
3324636,"Ela está sempre presente
.",identidade
3325122,Sei que tem homem casado do juramento esquecendo.,valores
3325802,Mulher chata e pernilongo.,identidade
3325833,Quem casou com mulher linda.,aparencia
3325841,Quem casou com mulher bela.,aparencia
3326050,"Mas esse homem forte, tão determinado.",identidade
3326959,Transformando um homem maduro.,identidade
3327275,"Quando eu a vi, pensei: ela é roqueira.",aparencia
3327277,"Quando a vi ouvindo rap, disse: ela é funkeira.",
3327284,"Ela é maravilhosa, ela é demais
.",identidade
3327285,Quando beijei sua boca vi que ela é doideira.,identidade
3327286,Quando ela ficou zangada vi que ela é madeira.,identidade
3327298,"Que mulher maravilhosa, que mulher faceira.",identidade
3327469,"essa menina é perdição
.",identidade
3327667,Mulher carente arrocha depois do.,comportamentos
3328291,"De um homem terrível só pra lhe aguardar
.",identidade
3328667,"Essa menina é muito linda tua beleza
.",aparencia
3328871,"De forró de cachaçada, de uma mulher bonequeira.",identidade
3329526,Para ela ser tua.,identidade
3329670,Só o senhor tá desconforme.,identidade
3330166,Mulher ingrata e fingida.,
3330641,"Mas não tenha pena se ele é matador
.",valores
3331006,Ela era uma morane dos olhinhos averdeados.,identidade
3331108,"moça bonita o tei, tei comom.",aparencia
3331147,"A mãe orgulhosa, diz pras vizinhas.",
3331904,Certeiro foi amor.,outros
3331905,"E o menino bobo se apaixonou
.",comportamentos
3331906,E o menino bobo se apaixonou.,valores
3332641,"E onde tem mulher bonita, eu chego primeiro.",aparencia
3332645,"Onde tem mulher bonita, eu chego primeiro.",comportamentos
3333137,"Menino bicho acostumado
.",identidade
3333542,"Eu quero uma morena, menina pequena que saiba beijar
.",identidade
3334108,"Ele era filho de alguém, e tinha filho e mulher?.",outros
3335116,"Mulher bonita é a fraqueza dos vaqueiros desse mundo
.",aparencia
3335714,Por que eu sei que ele é fraco.,identidade
3336226,Ela tá viciada no galope.,comportamentos
3336611,É que ela é toda santinha princesa carinha de baby.,identidade
3336646,Ela vem pronta pro abate.,identidade
3337507,Ele te deixa insegura.,identidade
3338414,"Ô mulher ruim

.",identidade
3338417,"Ô mulher ruim
.",identidade
3339675,"Que, às vezes, o homem é chato.",comportamentos
3339987,Todo homem vagabundo a vida só atrapalha.,papel_social
3340012,É viciado em bozó dama sinuca e baralho.,identidade
3340083,pra salvar gente inocente.,identidade
3340152,antigamente uma mãe criava uma filha bela.,aparencia
3340215,"não é a toa que hoje ele é rei na pirataria
.",identidade
3342828,Ela está comigo agora e não volta mais.,comportamentos
3343679,"Este homem é tão valente, que parece brincadeira, na sua jurisdição, .",habilidades
3343681,"Eu mesmo já vi de perto ele sozinho acabar com uma feira!
.",comportamentos
3343767,Ele tá muito diferente.,comportamentos
3343849,Tem tanta mulher bonita.,aparencia
3343962,"Garota bonita, suor e poeira.",aparencia
3344006,"E Lindú, sua voz de menino sabiá
.",identidade
3344021,Lia é branca que só leite.,
3344075,Há fogo menina nova.,identidade
3344103,Você tem um homem completo.,
3344433,E fez uma menina linda.,aparencia
3344723,"Se tem mulher bonita, o velho já tá de lado.",aparencia
3344766,"Se tem mulher bonita, o velho já tá do lado.",identidade
3344923,Ela é mulher sem nome.,identidade
3344976,"Ela é roleira, não tem pena do coitado
.",identidade
3344977,"Acho bem feito, porque ele é gabola.",identidade
3345720,O homem mais contente da cidade.,identidade
3348641,Hoje ela chegou linda como nunca.,identidade
3348758,"Ela ta diferente, ta saindo muito.",identidade
3348894,Ele é o caminho que devo seguir.,comportamentos
3350234,Que ela é gente boa.,identidade
3350305,"Mãe pura do meu senhor
.",identidade
3350760,"De ter você, homem safado, pra mim.",identidade
3350888,Mulher tão boa assim eu nunca vi.,valores
3351167,Ela é minha razão.,identidade
3351529,"Sou um moço triste, meu mundo é pequeno.",
3351561,"Nunca vi menina louca, tão afoita desse jeito.",identidade
3351578,"È menina afoita
.",identidade
3351852,Deus muitos homens são cruéis.,identidade
3351957,(Ele é sincero).,identidade
3352233,Que pra tu deixar de ser mulher bandida.,identidade
3352263,Ela é garota de programa.,papel_social
3352307,Mulher bonita eu pago dobrado.,aparencia
3352626,"Ela é boa de dança, baila dobra e balança.",identidade
3352629,"Ela é toda sensual, gostosa.",
3355461,Ele é rei.,identidade
3355515,"Realmente são todas elas divinas
.",identidade
3355544,"Ei menino branco, o que é que você faz aqui?.",comportamentos
3355582,"Mandela agora é livre
.",outros
3355606,Mandela agora é livre.,identidade
3355778,Minha musa poesias.,identidade
3357417,"Minha mãe é negra,graças a.",identidade
3357445,"""É brother...A minha mãe é negra,brother!.",identidade
3358561,Olê mulher rendeira.,identidade
3359195,Ela é doce e eu amo aquela gata.,identidade
3359211,Ela é a atriz mais linda e eu sou a plateia.,identidade
3359214,Ela é perfeita sendo uma garota singela.,identidade
3359230,Ela remexe yeah.,
3359258,"Não é desfalque, ela é cadela.",comportamentos
3359259,"Ela é presente, ela é completa.",identidade
3359431,Do seu lado ela é uma santa.,comportamentos
3359563,Porque ela é presente.,identidade
3359617,Se ela tá perdida eu mostro como me encontrar.,habilidades
3359623,Ela joga sujo mas sabe que eu sou esperto.,identidade
3359826,"Vem, vem, hoje à noite ela vai ficar zen.",comportamentos
3360017,Ela fica sensacional.,identidade
3360029,Ela é a garota dos meus sonhos.,identidade
3360030,"Ela é uma tentação
.",aparencia
3360167,"Ela é fiel, é gavião, eu sei.",identidade
3360243,"Pelada bem tatuada, mais que mulher sensual.",aparencia
3360314,"Ela é a mais gata, marrenta.",aparencia
3360317,Ela vem pronta toda linda.,aparencia
3360335,"Ela é linda e sensual, meiga atraente, tão especial.",
3360349,Ela é a perfeição inesquecível.,identidade
3360404,Não tô pagando de senhor juiz.,identidade
3360495,"Eu sou um garoto nato
.",identidade
3360505,São dez da manhã e ela tá bem sex.,aparencia
3360530,"Menina sozinha, se sentiu trocada.",identidade
3360559,"Ela só quer ser feliz não é alguém que quer dar troco, e tentou.",comportamentos
3360720,"Ela é doce, ela desce desliza igual mel
.",identidade
3360728,"Ela é selvagem, sabe que é.",comportamentos
3360879,"Menino prodígio, acredita em si mesmo.",identidade
3361127,Essa garota é doce tipo um sundae.,identidade
3361182,Mina fica loca e prepara outro corte.,comportamentos
3361699,"varias mulheres bonitas então pode chegar, ai ai!
.",aparencia
3362650,Mais uma mulher tá sendo abusada.,papel_social
3362697,Ela é arrochada.,identidade
3362704,Ela dança gostosinho.,habilidades
3362776,A mãe era viciada e o pai a maltratava.,identidade
3362787,Ele era um assaltante.,identidade
3362804,Ela ficava calada.,comportamentos
3362864,E sua filha ficou mais conhecida.,identidade
3362910,Seu marido marido te viu morrer.,outros
3363360,Oh mulher abacaxi.,identidade
3363420,Vou aproveitar que ele também ta louco.,identidade
3363504,Essa mina é tenebrosa.,aparencia
3363563,"Mas ela já é mulher
.",outros
3363616,Ela é minha alegria].,valores
3363633,Ela sabe ser fiel.,identidade
3364720,"O bonde é chave, é só mulher sagaz (Hmm).",comportamentos
3365216,"Porque homem é homem e moleque é moleque
.",comportamentos
3365637,"Oh, Oh, Oh, Oh, Oh, Oh, meu homem é seu homem.",
3366159,"Só mulher gostosa, só cara parceiro.",aparencia
3366503,'Tá lotado de mina gostosa.,aparencia
3366624,"Amizade especial, ela é sinistra piranha profissional
.",habilidades
3367162,Nessa moça gostosin.,aparencia
3367174,"Nessa moça gostosin
.",comportamentos
3367219,Se você soubesse que sua filha é mó safada.,aparencia
3367900,Ela é linda e perigosa.,identidade
3368455,É porque eles tá preocupado com o hit do ano.,
3368589,Sem opinião que ele também foi ser trabalhador.,identidade
3368701,"Minha mãe é dama, linda e fina.",identidade
3368720,É tipo aquelas mulher brasileira que o.,comportamentos
3369012,Desculpa gata garota mistério.,identidade
3369128,O presente ele é consequente de todo passado.,outros
3369303,E ela é linda e perigosa.,aparencia
3369724,Gucci ela é bem moderna.,identidade
3369764,Dona da safadeza ela é dona da torre.,identidade
3369790,Óbvio que ela acha interessante.,outros
3369920,"Tanto ela quica, eu faço mais uma.",identidade
3370100,Um verdinho do verdin pras menina saliente.,papel_social
3370313,"As mulher tá louca de verdade
.",identidade
3370327,"Helipa vai ficar bem mais suave
.",outros
3370623,"Moça bela, tá discreta.",aparencia
3370760,Passou uma mina gata e eu me encantei.,aparencia
3370765,"Sei que ela não é casada, uns parça de quebra.",identidade
3370772,"Ela é maior, eu sou novinho, mas as ideia consta.",identidade
3370782,"Só tenho 18, sou menino novo, mas ela me ama
.",identidade
3370786,"Só tenho 18, sou menino novo, mas ela me ama.",identidade
3371055,"Que ela é linda, linda.",aparencia
3371079,"Por que ela é linda, linda.",identidade
3371081,"Que ela é linda
.",aparencia
3371083,Porque ela é linda.,aparencia
3371332,"Dei valor na vida, ela não é ilusão.",identidade
3371557,Ele é importado.,outros
3371726,Ela é toda marrenta.,identidade
3371735,Essa garota mistério e não enconde essa polpa.,comportamentos
3371737,Essa garota mistério e não esconde essa polpa.,identidade
3371799,"Ela é incomparavel,ela e absoluta,
.",aparencia
3371954,"E ela tá ficando louca pra me dar
.",comportamentos
3372276,E a mochila na garupa ela é experiente.,identidade
3372300,Eu te ofereçendo grana não percebi que ela não era puta.,identidade
3372395,"Essa mina é louca, louca, não liga se eu tô com outra.",identidade
3372419,"É bom demais te ter, essa mina é louca.",identidade
3372592,"Ela é puta, mas é uma.",identidade
3372822,Ela ficou descontrolada.,comportamentos
3373014,O senhor acha justo que uma farda cinza e uma carteirinha.,comportamentos
3373015,Que indique que o senhor é policial.,
3373931,Não duvide de uma mina cheia de sonho.,valores
3374524,"Moleque é zika, é treta.
.",comportamentos
3375238,A nossa pátria mãe gentil se acostumou com os maus momento.,papel_social
3375450,Ela rendeu pros veinho'.,comportamentos
3375897,De onde sai tanta mulher gostosa eu não sei.,aparencia
3376283,Não toca nela que ela tá tranquila.,comportamentos
3376500,Ela é real só não é igual e rendeu uma inspiração.,identidade
3376534,Eita mulher chique top linda atraente.,aparencia
3376618,O hiato na vida do menino poeta.,identidade
3376675,Na intensidade ela tá graduada.,habilidades
3378961,A mãe tá dividida entre a ousadia e o love.,comportamentos
3378967,"A mãe tá dividida entre a ousadia e o love
.",identidade
3379096,"Deixar qualquer homem louco
.",identidade
3379493,Mas ela não é mole não.,comportamentos
3381192,"Ela é funkeira também, gosta de um baile.",identidade
3381267,Ô pai me conceda essa moça linda e abençoada demais.,aparencia
3381277,Ela é bem suave como o vento.,identidade
3381522,"Mano que menina descarada, ela é mó safada.",identidade
3382461,"Essa mulher é quase inacreditável
.",identidade
3382714,Oh essa mina é zica.,identidade
3383102,Mano não foi fácil não.,outros
3383782,"Onde as bebê quer ferver, onde elas fica maluca
.",comportamentos
3383993,"Veja bem, Deus é bom todo o tempo, essa é a fita.",outros
3384216,"Pô, ela é diferenciada, mó pressão.",identidade
3384247,"Pô, ela é diferente, mó pressão.",comportamentos
3385008,"É bandido é picadilha, elas fica apaixonada
.",papel_social
3385057,Três minas gostosas em cima da minha cama.,aparencia
3385623,"No discreto, menino moderno.",identidade
3385638,"Pergunta pras bandidas, em quem que elas tão gamada.",outros
3385738,Se ela é interesseira e tá no interesse.,
3385811,"Os garoto maroto, os garoto maroto.
.",identidade
3385940,"Os garoto saliente
.",aparencia
3385973,"Com os garotos salientes
.",aparencia
3386276,"Coração ele é bandido pra ninguém roubar
.",outros
3386293,Ela é mó peça.,comportamentos
3386571,"Que mulher gostosa, ela é do bonde do bumbum
.",identidade
3386837,Tô ligado que essa mina é braba.,habilidades
3386849,"Ela é insaciável, classe, que elegante favelada.",identidade
3387960,Uma princesa fiel de fechar pura.,identidade
3387962,Mulher é ísca e eu doido pra fisgar.,identidade
3388071,Hoje ela é dona da.,identidade
3388232,"Garota garota
.",outros
3388354,"essa mina é chapa quente
.",identidade
3388553,"Ela tá doidona e não disfarça
.",identidade
3388574,"Ela desce gostoso
.",comportamentos
3388872,"Ela é a mina que você respeita
.",comportamentos
3388952,Sei que ela é diferenciada e isso chega a parar.,aparencia
3388979,Mas quando ela tá nervosa.,comportamentos
3389887,Mas hoje ela quer gracinha.,comportamentos
3389888,Ele quer gracinha.,comportamentos
3389893,"Ela tá soltinha, tipo modo facinha.",comportamentos
3389895,"Ela tá soltinha, tipo modo.",comportamentos
3389900,"E ela tá soltinha, ativo modo facinha.",identidade
3390345,"Ela quica no grau, ela é profissional.",comportamentos
3390587,"Vai, menina braba.",identidade
3391186,a menina é bem truqueira.,identidade
3391413,Ela é a cara do crime.,identidade
3392143,Mas que mina experiente é muito gostosa.,identidade
3392145,Mais que mina experiente é muito gostosa.,aparencia
3392166,Ela é gostosa maravilhosa é linda e cheirosa.,aparencia
3393453,Senhor é tão fiel.,valores
3395049,Ele é fiel e justo.,identidade
3395173,"Ele é rei, ele é.",papel_social
3395679,"Eu falo dele, ele é o rei.",identidade
3396112,Ele faz visível.,habilidades
3396138,Ele é ousado é insistente ele vai lutar.,identidade
3396152,Mas eu quero senhor ser fiel a ti toda hora.,habilidades
3396250,Aquele homem valente em um menino se tornou.,identidade
3396283,Senhor é santo.,identidade
3396462,Pedro foi crucificado cabeça pra baixo.,valores
3397186,Deus fez ela muito linda.,aparencia
3397191,Josué sou forte igual.,identidade
3397878,"Ele era um rei, mas se esvaziou.",comportamentos
3397894,DEUS ele está assentado.,identidade
3398055,Com ele sou grande.,identidade
3398189,"O Senhor é meu refúgio, ele é a minha habitação.",valores
3398216,"Ele é santo, todo poderoso!",identidade
3398233,O Senhor é meu refúgio.,valores
3398520,Ela era tão linda.,aparencia
3399280,"""Mas ele é um camarada morto....",outros
3399455,"Negociando vantagens pra eles mesmos, cansei.",outros
3400798,"""Nossa, ele é mais punk do que eu!"".",outros
3400805,Avança no sendeiro o homem forte a cada prova.,identidade
3401334,"o homem nu rasgou a bíblia mesmo não tendo religião
.",valores
3401480,Ele é limpinho.,habilidades
3401512,Um homem bom com crédito.,habilidades
3405783,"Fé, no que ele é vivo.",identidade
3406938,Ela é real apenas não foi tudo.,valores
3415855,"De longe ele é escrito
.",identidade
3422763,O senhor certo.,valores
3427637,Ele é o poder de tudo.,identidade
3440621,"Garota radical
.",
3441685,Uma menina tão legal (uoh uoh uoooh).,identidade
3442129,"Sua mulher especial mora aqui no meu coração
.",identidade
3442189,Garota suvaqueira o cheiro sai de trás.,outros
3442192,Garota suvaqueira vou mostrar meu amor.,aparencia
3442196,Garota suvaqueira eu te quero bem.,identidade
3442202,Garota suvaqueira imagine nós dois.,comportamentos
3442347,Mauro e mário são solteiros.,identidade
3442526,"Uma menina tão legal
.",identidade
3442535,"Ela deu mole pra mim
.",identidade
3442540,"Já foi, ela não é tão novinha assim!
.",aparencia
3442553,"Já foi, ela não é tão santinha assim!
.",identidade
3443018,"O homem é irresponsável
.",identidade
3443332,Mas o homem branco.,identidade
3443424,MULHER PELADA!.,comportamentos
3443468,"bater na namorada é fazer ela gozar melhor puta pleibói, puta pleibói desde pequeninho puta pleibói.",comportamentos
3443471,força bruta vai mostrar que ele é superior...,identidade
3443552,Jello estava certo.,valores
3444402,ele era covarde.,comportamentos
3444975,Acima de tudo e de todos ele é o poder.,identidade
3445448,"A mina é uma piranha,ou eu sou um suicida?.",identidade
3445535,Mas ele derruba tudo que ele mesmo constrói.,outros
3447148,A mulher é a chave de entra para o poder.,valores
3447174,Fucking nightmare.,outros
3447513,Meu rei consolador.,identidade
3448115,Inocentes garotos inocentes garotos.,
3448117,"Inocentes garotos inocentes garotas cantam
.",identidade
3448126,Inocentes garotos inocentes garotas.,identidade
3448127,Inocentes garotos inocentes garotas dançam.,papel_social
3448263,Procuro uma mulher original de fábrica.,identidade
3448952,mas ele está parado aqui.,comportamentos
3451266,a garota mais feia.,aparencia
3451440,Garoto drogado e infeliz..,identidade
3451865,"E achar a mulher querida, para me casar
.",papel_social
3451887,Ele é o otário que te banca.,identidade
3452050,Quando perguntei se ele era branco.,aparencia
3452076,"Pega o homem branco com o tiro de escopeta
.",valores
3452499,Pois ela jamais será considerada nobre pelos nobres miseráveis que comandam o planeta.,identidade
3452766,Menino bom com o peito cheio de rancor.,identidade
3453148,"Menino cego na esquina, mais um vilão.",valores
3453938,"Ele é seu amigo, mas você não deveria confiar.",identidade
3454259,E ele está revoltado.,aparencia
3454274,Ele é animal.,identidade
3454281,Ele é o mestre do inferno.,
3456143,De ver o marido estrangulado pelo irmão.,comportamentos
3456153,"César era culpado, mas ele tinha o poder.",outros
3456308,"Todo dia, um homem novo.",identidade
3456664,Senhora bela.,identidade
3457574,A bebida com gelo que deixa ela rouca.,identidade
3457613,O Aquaman tá diferente perdeu a postura.,identidade
3458045,"Essas minas é mó marra, mas depois que viu
.",identidade
3458162,"Ela é patrícia, mas gosta de um malandro.",comportamentos
3458164,"Ela é patrícia, mas gosta de malandro.",identidade
3458302,Tentei sair ileso mas a mina é confusão.,valores
3458459,eu imagino esse seu corpo e o que ele é capaz!.,aparencia
3458535,Ela é saborosa tipo uísque 12 anos.,identidade
3458545,"Ela é puta na cama, companheira no asfalto.",
3458546,"Ela não é bandida mas me tomou de assalto
.",comportamentos
3458615,Mas não me deito em uma cama sem mulher presente.,outros
3458633,"Três filhos de uma mãe solteira
.",outros
3459164,Deus ele é o guia.,
3459165,"Ele é o guia
.",identidade
3459596,"Ciúme é de mulher pobre, não sabe compartilhar.",identidade
3459597,"Mulher rica é outra ideia, chama amiga pra somar.",identidade
3459842,Quantas mina gata.,aparencia
3459903,E eu sinto que ela ta foguenta.,comportamentos
3460007,Mulher é cortesia.,valores
3460075,"muita mulher bonita, muita azaração.",aparencia
3460280,Com as roda de audi as mina fica louca.,comportamentos
3460297,Ela tá socada porque é carro de bandido.,identidade
3460584,"Sim, garota excitante, colar de diamante....",comportamentos
3460589,"Garota excitante, colar de diamante, pulseira de.",identidade
3460591,"Ela já ganhou a pista, ela é capa de revista, boca.",habilidades
3460602,Menina sensual (tem).,identidade
3460624,"garota excitante, colar de diamante....",
3460871,Tem muita mulher gata.,aparencia
3461200,O lugar só mina chique.,identidade
3461506,Ela tem sexy.,aparencia
3461580,"Garota fica louca, e eu de.",identidade
3462131,"se ela quer o meu ibop eu quero ela nua,.",papel_social
3462195,"hoje a noite é nossa, bebida e mulher quente.",identidade
3462419,Você é uma menina má e merece apanhar.,identidade
3462821,"As mina alucina, os muleque fica chocado.",comportamentos
3463017,Com os grave na caixa eles tá ficando bravo.,comportamentos
3463639,"De pé no chão, homem comum.",identidade
3463806,"Ele era uma mulher preta
.",identidade
3464154,"Parabéns mamãe, seu projeto de homem feliz deu certo
.",identidade
3464244,evitaram que ele fosse levado para a fogueira.,outros
3464322,A confiança é uma mulher ingrata numa orgia.,identidade
3464455,"Tempo das mulher fruta, eu vim menina veneno.",identidade
3464502,"Protagonista, ele preto sim.",identidade
3464686,"Ae ouvir teu bairro sussurar (cê sabe, mãe solteira é.",papel_social
3465183,Aleijadinho era rei.,identidade
3465271,"Ela não bem cuidada, ela era brilhante.",aparencia
3465318,"Linda, sabe da sina, mina valentona.",aparencia
3465324,"Ela é purpurina, skinny e paquitona.",identidade
3465348,Ela é paz pra.,papel_social
3465359,"Eita, mulher durona
.",identidade
3465391,"Talibã latino, menino bomba.",identidade
3465723,Maria é faya.,identidade
3466072,O meu tenis tá furado e dos lado ele tá barreado.,aparencia
3466197,Pensam que ela é gêmea.,aparencia
3466488,"De dar inveja, ele é puro, que nem.",comportamentos
3466514,"Selva de pedra, menino microscópico.",identidade
3467021,Mas homem mesmo é igual.,identidade
3467336,"Esses meninos são sangue, medo e pele.",papel_social
3467654,ele é igual a você foda-se a diferença.,identidade
3467767,Vendo os gambé zoando os que é menino bom..,comportamentos
3467820,"Quero só a liberdade, igual o homem bicentenário, só de mostra meu ódio vou achar adversário, desnecessário, de juca no cenário,.",outros
3467869,"Itaú, mais ele é feito pra você !.",papel_social
3468485,"Eu tenho, a mulher mais linda,.",identidade
3468523,"Sem fada, mas cada play dos menino é mitológico
.",comportamentos
3468660,"Poucos conseguem dizer não pra grana e mulher gostosa, com interesse agradeço por ser um desses.",aparencia
3469005,"Nobre, Homem podre, pique.",identidade
3469235,"Menino bom, sonhador, dedicado, de valor.",identidade
3469371,"cachê é pago em moedas, sonhando com minas nuas.",outros
3469525,Moças bonitas com sorriso de.,aparencia
3469631,O que será dos bom vinhos e das garotas calientes?.,identidade
3470379,"Se as mina é puta, ou algo mais.",comportamentos
3470637,Mas ela é capricórnio e resolve.,
3470639,Que ela é capricórnio e resolve.,identidade
3470641,Ela é capricórnio e resolve.,identidade
3470887,"Eles querem ser famosos, nós podemos ser mais
.",identidade
3471101,É difícil pra um menino brasileiro.,outros
3471103,"Crescer um homem inteiro, muito mais do que metade.",outros
3472032,"Somos reis undergroud, matéria prima.",identidade
3472985,"Eles são porcos num chiqueiro de inglória, irmão se.",identidade
3473010,e no olhar pureza das menina moça...,
3473303,"(Aí cê diz pra ela assim ó, que ela vai ficar apaixonada,.",comportamentos
3474038,Matilha de dois ou de homem grande vilão..,identidade
3474103,"Matilha de dois, onde homem grande é vilão.",identidade
3474362,Homem fraco inseguro?,habilidades
3474383,"e cada homem é um templo alheio ao nome e ao tempo, sem posses materiais a mercê do que o vento traz.",valores
3474517,e querer sumir calado por ver que ele virou passado.,identidade
3474711,"Menina preta perde infância, vira doméstica.",aparencia
3474740,"Com 8 ela limpa casa de família, em troca de comida.",papel_social
3475681,Já que o rei não vai virar humilde eu vou fazer o humilde.,comportamentos
3475921,E manda umas rima até que ele fique farto.,outros
3476515,Carente de atenção ela ate-rroriza.,identidade
3476526,"Moleque novo, tranquilo, deixou uma menina bela.",identidade
3476899,É ver que a minha mina é linda.,identidade
3476954,"Por isso, mulheres são a razão e a fração.",identidade
3476962,Ela é política aplicada em conversas banais.,identidade
3477047,Eu disse: Senhor sou tão tímido!.,
3477252,"E eu chego devagar porque ela frágil, ela frágil.",aparencia
3477254,Ela é mulher feita.,identidade
3477277,Ela é cortante fino.,
3477281,Ela é porrada e bomba.,identidade
3477284,Ela acordou disposta a ser melhor que ontem.,comportamentos
3477386,Meninos virgens de sofrimento na vida vão peidar.,identidade
3477535,"ELA É GUERREIRA, ELA É BRASILEIRA!!
.",identidade
3477612,"Eu vagabundo, ela linda.",identidade
3478220,Ela é a paz pro.,identidade
3478225,ela é solução!.,
3478247,"Essa mulher é raridade, já virei fã.",identidade
3478777,Ao lado de minha mãe sinto que ela tá bem melhor.,comportamentos
3478951,"E ele é grande o bastante, a gente cabe!.",
3479062,Não é a prancha nem o pé ela é parafina.,habilidades
3479140,"Cheio de minas terrestres
.",outros
3479337,"Ela é tão bela, e eu tô sempre junto com ela.",aparencia
3479340,"Ela é fiel, por isso nosso amor decola.",valores
3479345,"E ela nem reclama, ela é meio calada.",
3479978,"Ela é pandora, ela é afrodite, ela vigora.",identidade
3480794,Porque você não gostaria se ele fosse um cara grudento.,identidade
3480816,"Mulher, talvez com ele seja igual.",comportamentos
3481074,Nossa postura é um homem cego sem cão guia.,identidade
3481369,"Eu fico quieto, ela fica quieta
.",
3481380,"Firmeza, firmão, tranquilo então.",outros
3481407,Às vezes acho que a sina de todo homem pegador.,identidade
3481476,"Homem rico nunca é feio ao olhar das vadia,.",identidade
3481813,"Menino novo chegava lá,.",aparencia
3481854,"Menino novo chega a falar, me diz, quem eu tenho que matar?.",outros
3482144,"Já que, Deus é o juiz e ele não amarela.",valores
3482535,Que deus abençoe então o role dos menino bom.,valores
3482613,"Uns mano sem respeito, e umas mina sapeca.",outros
3482649,Um homem respeitável um cara responsável.,identidade
3482824,"Salve, salve, mulher atuante.",habilidades
3482838,"Todas mulheres tão incríveis, tão belas.",identidade
3483154,Eles tão vivos por um único motivo.,identidade
3483365,Se puxar pra sua mãe linda você vai ser.,
3483406,"Deus, mataram um amigo meu, e ele tava errado.",outros
3483456,Pensam que eles são rei.,valores
3483626,Esqueceu o mundo e trabalhar sabe que ta fazendo o sapato que ele proprio nunca vai usar..,comportamentos
3483722,Já aprendi que nem todos os homens são iguais.,habilidades
3484068,"Ela é rap, ela é funk, ela é pagode.",identidade
3484076,Ela é fruta rara da polpa.,identidade
3484731,Sorte a minha que eles são meus amigo.,papel_social
3484993,"Ela é tão louca, louca, louca.",identidade
3485112,Que essa mina é muita areia e tá olhando pra mim.,aparencia
3485113,Olha só como ela dança facim.,habilidades
3485339,Eu amava aquela moça sabias disso.,outros
3485511,Esses menino é pique.,identidade
3485806,"É só os menino bom que trabalha e faz um som, pode pá que não dá outra, é nós..",comportamentos
3485960,"Pros meus irmãos eu sou o sol, eles são o céu.",identidade
3485982,"Aquiles era só soldado, tá bom parceiro.",identidade
3486127,"O problema é que ela é feia e mesmo assim metida, o.",identidade
3486135,"Essa menina é propagandoa enganosa, cê pensa até que.",identidade
3486299,"Ela dança, ela avança, ela é doida.",
3486314,Ela é a maquinista do meu trem sem freio.,identidade
3486668,E eles vem doido procurando treta.,comportamentos
3486972,"Um homem consciente, honesto e verdadeiro.",identidade
3487377,"A imagem do meu povo é uma tia cansada, calejada.",papel_social
3487379,"Terra dourada, ó pátria amada mãe gentil.",outros
3487479,"Menina linda, eu quero morar na sua rua
.",aparencia
3487510,"Onde outros meninos iguais a ele sorriam, então não se assustem com monstros que voces criam
.",
3487566,De uma pátria mãe solteira da sua população.,identidade
3487761,"Daqui pra frente ele vai tratar diferente uma mulher
.",habilidades
3487935,"As mina que cola aqui, é as mina inteligente.",identidade
3487936,"As mina consciente, que curte rap nacional.",identidade
3488221,"Quevedo teria medo aqui
.",outros
3488225,"Quanto vale a solidão, se ela viér pro seu bem.",outros
3488389,Meninos querem uma mina bonita.,
3489112,"Minha mãe foi escritora, foi atriz, cantora, foi compositora.",identidade
3489566,"Ela é maluca, e eu sou o rei do virote.",identidade
3489991,"Eu sou formação marginal, ela é magistrada.",identidade
3489995,Ela é jóia rara.,identidade
3490026,"Todos eles são especiais
.",identidade
3490039,Ela é doce igual mel.,identidade
3490316,"Ela tá virada, mais uma vez de rolê na quebrada.",comportamentos
3490329,Tanta rebeldia deixa ela ainda mais linda.,aparencia
3490583,No primeiro rolê da quebra já trombei com a mina mais bela.,aparencia
3490596,E ela é brisa breve.,identidade
3490642,Pra essas mina louca que só te inveja.,identidade
3490650,Além de marrenta ela é esperta.,identidade
3490651,Essa mina é foda.,identidade
3490656,Eu te dou ele inteiro se você quiser.,comportamentos
3490660,Eu vagabundo e ela bem discreta.,identidade
3490677,Ganhando o mundo com a mina mais top.,papel_social
3490765,Menina boa é um exemplo mais tudo muda moleque.,identidade
3491162,Os menino tá afoito e o corpo tá devendo.,outros
3491430,"Hei mãe noite a senhora hoje tá linda, hein.",
3491493,Tipo aquela hora que cê pensa essa mina é doida.,outros
3491515,Essa mina é doida.,identidade
3491527,Descobriu que é menina fresca.,identidade
3491680,"Eu vou na paz né, o senhor é justo.",valores
3492136,"Pra um homem moderno, não devo nada pra ninguém.",identidade
3492193,"O Senhor é justo, o.",valores
3492194,"Senhor é justo
.",valores
3492257,olhos do beiça quando ele tá noiado..,aparencia
3492714,Ela é piriguete é patrícia do lado de lá não interessa.,identidade
3493338,"Vamos subindo a principal, que ela é bem fascinante.",
3493726,o que é preciso pra nois também pode ser preciso pra você.,identidade
3493752,O que é preciso pra nois também pode ser preciso pra você.,comportamentos
3493806,Essas meninas tão louca e não dormem.,comportamentos
3493845,Essas menina tão louca e não dormem.,comportamentos
3494029,A barriga da mina já estava bem visível.,aparencia
3494770,"E ela é pólvora, e eu faísca.",comportamentos
3494795,"Garotas lindas, mas mentirosas.",aparencia
3495002,Vamo pra praça que as menina tá foguenta.,comportamentos
3495366,"Ela é a prova viva, que a vida é bela.",aparencia
3495406,Podia viver a vida sem uma mulher diferente.,valores
3495717,Ainda lembro à senhora deprimida.,comportamentos
3495731,Sei que a senhora não é feliz eu também não.,
3496362,E rei sem majestade é só um homem comum.,papel_social
3496427,A mina mais gostosa da quebrada do meu lado.,identidade
3496494,"O senhor é meu pastor, ideias não me faltarão.",identidade
3496848,Minha mina pop star.,papel_social
3496942,Fulano regenerado porque no passado ele era drogado.,identidade
3496945,"Ela ficou tão popular que hoje até deputado fuma
.",identidade
3497051,Hoje só preciso de uma mina louca.,identidade
3497154,Quem não se perde onde a pátria mãe gentil.,identidade
3497549,"Pensar custa caro, e o homem é mercenário..",outros
3497718,Atitude e close de garota suicida.,
3498021,"Louco na cena ela é problema, ela é a liberdade plena.",identidade
3498022,"Ela é algema, mas cê lidar com isso aqui.",identidade
3498564,Senhor é justo aí parceiro saiba disso.,valores
3498931,"Será um homem honesto, abençoado e bem sucedido.",identidade
3498938,"Mais o senhor é justo, ai parceiro saiba disso.",comportamentos
3499138,"Moleque, a sua mãe tá xaropando cabuloso lá atrás.",comportamentos
3499635,"E essas mina linda, no porte da matéria prima.",aparencia
3499647,E o homem branco é enjoado.,identidade
3499715,Que homem branco proibiu.,comportamentos
3499802,"Rapaz comum na rua, me seguir não vale a pena.",comportamentos
3499872,Entre a cruz e a espada sempre um homem humilde.,comportamentos
3499933,"Hoje aprendi, que o homem é traiçoeiro.",
3499960,Ela é nave e ninguém pilota.,aparencia
3500524,Quis ser feliz dos contatos.,comportamentos
3500546,Só um homem solitário na escuridão da cela.,identidade
3501245,Um homem inteligente de camelo não é ninguém.,habilidades
3501476,E não me dando as mesmas aulas que eles deram pros meus pais.,comportamentos
3501524,Dizem as más línguas que ela é boa de (Alô!).,comportamentos
3501581,Ela nunca dá mole pra ninguém.,comportamentos
3501673,"E ela foi sequestrada
.",outros
3501752,"Cê tenta ser contente e não vê que é revoltante, você tá sem emprego e a sua filha tá gestante.",identidade
3501861,(Mulheres vulgares.,
3501929,O quê que importa se ele é nordestino e você não?.,identidade
3501930,O quê que importa se ele é preto e você é branco.,identidade
3502055,"Meu pai, um homem sério, um gaúcho de.",identidade
3502105,Sorriso emocionado de um senhor experiente.,aparencia
3502362,Dos homens importantes.,valores
3502532,Quando ela é pura ela é eterna.,
3502624,"A casa sem ele vai ser um tédio.
.",
3502968,Fala a verdade porque ela é chave.,outros
3503327,Quando eu me sinto inseguro como um menino indeciso.,identidade
3503496,O quê que importa se ele é preto e você é branco?.,aparencia
3503882,Os que trabalham não são homens livres e continuam.,valores
3503907,Mas hoje em dia ele é universal.,identidade
3504024,a mulher sempre vai ser mais esperta.,habilidades
3504081,Pra priorar levaram o bigodudo como suspeito - Ele era preto - Coisas desse tipo é difícil esquecer.,identidade
3504089,As mulheres são boas de cama) Ô gringo não força.,habilidades
3504131,Hm mudei de assunto ele já tava encabulado.,comportamentos
3504135,Ele é um mestre.,outros
3505147,E hoje ele é o craque mais bem pago da.,identidade
3505267,Algum tagarela me falou que ela é donzela.,aparencia
3505300,"Tu é tão vira-lata, ela é gata esquece.",
3505533,"É, nem parece que ele é filho de bacana.",identidade
3505634,"O Déo já é papai e é fiscal da natureza, beleza,.",
3505637,Almir-Rato agora é professor de natação.,identidade
3505683,E os meninos assassinos vão se renovando.,papel_social
3506168,"ela me disse que não, que eu era um ""homem sujeito"".",identidade
3506289,Virou um homem livre e foi pra prisão..,identidade
3506298,O Collor foi eleito e roubou até cansar..,identidade
3506300,Mas ele não foi preso e falou que vai voltar!.,outros
3506367,Tito é perito no.,habilidades
3506639,Tenha certeza que ela é a mulher de um frouxo.,identidade
3506642,"Ruela que com ela é agressivo, sem diálogo.",outros
3506989,Fofoca quando vai ficando feia fica boa.,papel_social
3506990,Fofoca quando vai ficando boa vira fato.,
3507000,"Fofoca quando vai ficando boa vira fato
.",outros
3507282,"Todo homem é canalha e cafajeste, menos eu.",identidade
3507498,"Eu sou ele amanhã também vou ser barbudo
.",aparencia
3507790,O Mário era rebelde e foi pro interrogatório..,comportamentos
3508050,Mas ele ganhou fácil.,habilidades
3508089,( Ele tá desarmado!) (Pega!) (Esfola!).,outros
3508264,E tem gente que diz que toda mulher bonita é burra.,identidade
3508361,"Menina aeromenina, modelo aeromodelo.",aparencia
3508601,Porque uma mulher decente pode ser muito mais atraente que uma bunda sorridente.,valores
3508995,"Um viciado no jogo apostou a mulher, perdeu a aposta e ela foi sequestrada
.",papel_social
3509024,"Hoje em dia ele é vendido pelos mesmos bandidos que mataram o velho índio na prisão.
.",identidade
3509571,"Eu acho que ele é patriota
.",identidade
3510029,Pras meninas é uma indecência.,comportamentos
3510055,(Homem submisso).,identidade
3511212,"Damas primeiro, mas vai devagar.",outros
3511354,obedeço a minha consciência e ela é desobediente.,outros
3511562,Broxei no mesmo instante porque o cheiro da mulher era broxante e eu nem sei se era do pé.,habilidades
3511619,"E se ainda assim tiver nervosa, minha rainha inconstante.",identidade
3511639,"Ela é doce, sal, bala.",aparencia
3511677,Todos os homens tão afim de algo a mais no final.,comportamentos
3511687,Ela é hipnotizante e ao mesmo tempo dá medo.,identidade
3511697,E quando o som acaba ela tá pronta pra morrer.,outros
3511698,"E quando a música acaba ela já ta pronta pra morrer
.",comportamentos
3511994,Ele larica no posto.,comportamentos
3512019,Ele chego juntinho no ouvido.,comportamentos
3512027,"Ela presa no condomínio, e ele solto pelo mundo.",identidade
3512052,"Ele chego tranquilão, sem fazer nem um esforço.",identidade
3512313,"Jogada na canga, ela é maravilhosa.",identidade
3512388,"Sexo de despedida, ela fica emotiva.",outros
3512477,"Porque o cara que vem da elite é condicionado a um sentimento de superioridade; Falso, mas ele é condicionado fortemente a isso.",identidade
3512478,Ele acha porque ele tem uma universidade ele é superior a um cara que não tem universidade.,papel_social
3512581,Pros homens bons e pros ruins.,identidade
3512665,"Itacoatiara tá com uns nove pés, cuidado com a vala ela é assassina, não adianta bater os pés.",identidade
3513527,E ela tá linda arrumada.,aparencia
3513533,De salto ela fica mais alta.,aparencia
3513715,Mulheres maravilhosas de todas as idades.,identidade
3513923,Jesus ainda é pregado na cruz.,identidade
3514004,Prioridade do homem é o conforto da sua companhia.,outros
3514012,"Toda mulher é uma jóia rara que não existe par
.",identidade
3514110,Quero ver mina entropecer.,habilidades
3514145,Confesso que ela é uma gata.,aparencia
3514461,Ele é muito pior do que o pai.,identidade
3514580,E ela era uma gata de cair o queixo.,aparencia
3514732,Cavalcanti é humorista.,identidade
3514889,ele ficou bestificado com a cidade.,comportamentos
3514925,agora santo cristo era bandido.,identidade
3514931,maria lúcia era uma menina linda.,aparencia
3514992,"aquela menina falsa pra que jurei o meu amor
.",identidade
3515102,E ela é toda linda.,
3515105,E ela só fica feliz no sol.,comportamentos
3515129,"Ela é sinistra, mano.",aparencia
3515130,Essa mina não é fácil.,identidade
3515154,Que ela só fica feliz no sol.,comportamentos
3515158,Em que todas mina eram gostosa.,aparencia
3515255,Bagulho de orgulho deixa o homem cego.,identidade
3515777,"Uma mina gostosa, onda perfeita, ordem em progresso.",aparencia
3515868,Posso alcançar o nirvana ou então virar homem bomba.,identidade
3515929,"Sujeito homem honro minha bronca no microfone
.",habilidades
3516433,"nissin, o menino era magro que só,.",identidade
3516691,Valor uma princesa mais bonita do local de.,aparencia
3516998,Alguns milésimos de segundo é o que diferencia o homem vivo e pensante.,identidade
3517328,"Cês paga de louco, nois é louco e pouco.",comportamentos
3517774,Então muito obrigado senhor já tá enrolado.,comportamentos
3519342,Ainda mais quando ela tá nua.,aparencia
3519349,"E ela é tão linda, rara e especial.",aparencia
3519745,"Porque minha filha vai ser rica
.",outros
3519978,Ela tá doida pra conhecer o meu corre.,comportamentos
3520115,Frente a frente com eles não tremo.,comportamentos
3520757,Quem tem o dedo de gesso tromba ele é o inferno.,identidade
3520765,"Sul é o terror ele é o cara, do morro.",identidade
3521297,"Pobres esquecem, a mãe maior nos aparece e pede.",comportamentos
3521841,"Vê se me esquece, sai fora desaparece, Deus é poderoso e nós todos protege..",valores
3522074,Sobrinho é foda dar conselho onde aqui estou.,papel_social
3522123,mães mulheres filhas sofrendo numa visita.,comportamentos
3522227,"Deus levou, um dia desses ele mesmo falou pra mim.",outros
3522640,Ele é o cara moro sangue bom?.,identidade
3522937,"Os perdoe pai, eles não são capaz de viver em paz.",valores
3523462,Champignon tá envolvido e todo mundo da baixada.,comportamentos
3524193,Esqueça-me sou filho pai bom lembre-se.,outros
3524196,Seja um homem não existe mavel.,outros
3524626,Lazer de homem selvagem.,comportamentos
3525011,Quando chove ela alaga.,
3525116,"Ele é piolho, sem dá pipoco.",
3525725,Eu sei que ela é mó gata.,aparencia
3525859,Acho que eles ficam acuados.,comportamentos
3525965,Sou doida sim mais nunca fui de ser mulher reserva.,comportamentos
3526056,"Ela ficou ficou mais baixa, porque cê abusa.",comportamentos
3526707,"Quando ela fica carente, ai cê não pode reclamar.",identidade
3527087,Que minha elegância deixa as mina raivosa.,aparencia
3527539,Hoje ele tá comigo amanhã vira minha ponte.,identidade
3527996,Quando vi era mulher ele ainda era um menino.,identidade
3528426,Não adianta recusar porque ela é traiçoeira.,comportamentos
3528808,Mas ela é tão segura não sei se resistirei.,identidade
3528818,"Ela não é comum, é demais, e anda de skate.",identidade
3529016,"quis um lanche, uma mãe mansa tive mais que uma mãe santa aurea.",outros
3529017,"que é pura canção, tenho uma avó costureira, a avó mãe de meu irmão.",habilidades
3529188,"Vacilão tem homem ruim ,.",identidade
3529213,"Esposas ciumentas, maridos que fogem,.",papel_social
3529552,"Ele é neném, fraquinho, ficou pequeno.",aparencia
3529593,Os mano acha maneiro as mina acha bem louco.,comportamentos
3529942,Nas mina gostosa na cena suspeita.,aparencia
3529995,"Ela é linda de ver,e influi em você.",aparencia
3531013,"É, e eu vi de perto o que o homem é capaz de fazer por dinheiro.",identidade
3531033,"Rapaz comum, moleque de vila.",identidade
3531275,Ela tá mais linda e o problema é seu.,aparencia
3531956,Mulher igual a ela você não vai encontrar.,identidade
3531984,"Ela é linda sim , sabe nada de mim.",identidade
3532490,"Ela tranquilona nem guardou ressentimento
.",comportamentos
3532546,"Os cara fica louco, as mina cheia de graça.
.",comportamentos
3532887,"E o retorno do rei será triunfal
.",habilidades
3533273,que os menino é bom a pista pega fogo.,habilidades
3533275,"que os menino é bom...
.",outros
3533322,"mulher fina elegante com maloca ai da certo (né)
.",identidade
3533334,que os menino é bom...,outros
3533492,"Zica do bagui, sem briga, as mina liga,.",outros
3533803,Entendo o homem bomba de.,outros
3533899,Quando ele for julgado saia condenado;.,outros
3534237,Colocamos mina terrestre fazemos festa.,outros
3534246,Ele é o chinês de pequim contra fila de tanques.,identidade
3534468,"Quando vê que pra ele é só pipa, água de esgoto.",outros
3534534,Wonder é cego e encanta o público.,comportamentos
3536005,Pode ser o juíz e a menina futura advogada.,identidade
3536645,mulher gravida com virus da luz a filho saudavel.,outros
3536912,"Pro boy dia 20 de novembro não é feriado, mais tem um ponto facultativo que eles tão acostumados.
.",outros
3537051,O mundo é o corpo e ele é o tumor maligno.,outros
3538143,"Sem documento, descalço, fui atrás de socorro, tem uma.",identidade
3538389,"Quando gritam ele tá armado não tem nem garrucha, gambé faz teatro pra por luva cirúrgica.
.",identidade
3539196,(Refrão 4x) Tem mina terrestre em cada palmo do chão.,outros
3539256,(Refrão 8x) Tem mina terrestre em cada palmo do chão.,papel_social
3539442,EU SOFRO SOU ALGEMADO UM HOMEM NA CELA DO X.,identidade
3539830,"Ela é apenas mera conseqüência da falta de justiça,.",identidade
3539879,"A heroína conduz um garoto ontem inofensivo,.",papel_social
3539883,"Um homem violento, como não ser violento?.",identidade
3539982,Nem igual minha mãe doente sem médico;.,identidade
3540251,"Não é presidente, não tem eleição, ele é o cara, morô,.",identidade
3540443,"Antes servíamos o senhor feudal no engenho, hoje na feira livre de droga, servimos seu herdeiro.
.",identidade
3540610,"Que divã cura o trauma da mãe presidiária, que amamenta a filha 4 meses pra ser adotada.
.",identidade
3540681,Infelizmnete ainda é rap violento.,identidade
3541020,FAZENDO O QUE ELES QUEREM ENTERRANDO NOSSO CAIXÃO;.,identidade
3541634,Como ele é branco e usa colônia francesa tem aprovação e as pernas abertas da burguesa.,papel_social
3541735,"O tiro é de 762 do rato cinza, filho da puta, no menino negro desarmado, que pela cor foi considerado bandido.
.",identidade
3541762,"Fazer sumir os milhões do cofre da empresa de valores, se transformar de menino pobre que teoricamente morreria de fome, em dono do.",comportamentos
3541809,"Conheço a colonização que não ta no livro, sei porque no reino do senhor não entra rico.
.",valores
3541847,"Formigas vivem juntas, juntas abelhas fazem mel, e o homem feliz é o que sozinho vive no arranha céu.
.",valores
3542208,Quando a filha aparece morta no mato sem roupa.,comportamentos
3542714,"Não tem cursos que nos reempreguem a sociedade, só triplicamos maldade atrás das grades madame ajoelha, reze é adeus cadeia não regenere o problema é seu.
.",outros
3543312,Só o menino faminto chorar pro.,comportamentos
3543560,Senhor divino tem razões que eu desconheço.,papel_social
3543918,"Dp da mulher maxilar deslocado no soco.
.",comportamentos
3544173,"mas me senti covarde, deixei minha mãe sozinha.",comportamentos
3544175,fugiu um menino inofencivo voltou um homem agressivo.,outros
3544316,"então boy dá tchau pro seu filho eu fui pro inferno ele foi comigo
.",outros
3544727,"Sempre que eu faço besteira ela ainda fica furiosa
.",comportamentos
3544854,"Gogh tá armado, se o mar tá storm então joga pra baixo.",outros
3544922,Uma mina felina bem fina de quatro no quarto.,comportamentos
3544991,"Vagabundo chama achando que ela é dama,.",identidade
3545045,"Ele é fantastico, eu sou ágil pras menina igual sabão.",identidade
3545238,"Ela é nova, é rara, única e bem melhor.",identidade
3545248,Não adianta tu falando que ela não é boa pra mim.,comportamentos
3545289,"Madruga é puta, pederasta fruta, e verme.",outros
3545783,E a festa é de graça pra sangue bom e mina bonita.,identidade
3545823,E a cada rima boa me brota mais mina linda.,outros
3545837,A festa é de graça pra sangue bom e mina bonita.,aparencia
3545935,Minha coroa tu é rainha foi foda me por na linha.,identidade
3546054,"Ela já tá ficando grandinha e tá usando sutiã
.",identidade
3546403,"Jogando sinuca, com as mina maluca, na luta, a.",identidade
3546582,"Ela é a rainha e eu o rei, é nós que tá.",identidade
3546955,"Ela quica, não cai.",comportamentos
3546984,"Sobra a ponta quero a planta e as minas bem doidona
.",comportamentos
3547088,"Mano, tua mina é máximo respect.",valores
3547198,todos eles nerd.,identidade
3547212,agora espanca a empregada porque a mãe é delegada.,papel_social
3547593,"nas menções entorpecidos por gases tóxicos, os códigos nao funcionam eles foram desvendado tu rodo.",outros
3547613,Então primeiro as damas mano e cavalheiros último.,valores
3548233,"Paro, quando tem mulher enrolo um baseado.",comportamentos
3548539,Foda-se se eles querem é mano à mano.,outros
3548844,"Elas tão maluca
.",comportamentos
3548846,Elas tão maluca.,comportamentos
3550962,"Homem tá bolado estilo vai ficar pesado,.",identidade
3551014,"Homem tá bolado estilo vai ficar pesado, tomada de.",comportamentos
3551272,Nem te paga de bom moço tô afoito pro almoço.,identidade
3551743,Eu nem sei se meu pai foi mais um homem escroto.,comportamentos
3551763,É pra todas as mães solteiras.,papel_social
3552977,"Homens são maus, eu prometo ser mais
.",outros
3553102,Aparento um homem velho apesar da idade.,identidade
3553253,"Minha mansão sempre estará lotada de mulheres belas,.",
3553265,"é tipo vinte mulher linda pra cinco parceiro.
.",identidade
3553337,"Barro ou mulher bonita tá tranquilo vamo que vamo,.",aparencia
3553352,quer deixar ele feliz ?,outros
3553359,as mina entra forte e sai daqui com anemia..,habilidades
3553758,Pela filosofia de platão é fácil conquistar alguém.,habilidades
3553887,"Limite de mulher bonita, e até boneca de plastico
.",aparencia
3554010,"Varias mina interesseira, varias pussy ""nhocomanheira""
.",identidade
3554178,"Mulher perigosa, fogosa gostosa, sabe bem.",comportamentos
3554293,amo mulher brasileira da pele negra ou pele clara.,identidade
3554469,Enquanto ele tá parado todo errado sequelando.,identidade
3554533,"Faço tipo de garoto exigente
.",identidade
3554559,Garota é impressionante como você me infla.,comportamentos
3554974,"já passaram todas minhas garotas diferentes
.",identidade
3554993,Menina carinhosa sempre percebida.,identidade
3555322,Era uma vez uma menina linda.,aparencia
3555625,Leozin tá vivo.,identidade
3555725,"Menina fascinante que por ela eu deixo de existir
.",comportamentos
3555769,Minha musa inspiradora todo mundo falava 'é ela'.,identidade
3555838,"Só universitária, só mina milionária, só paty exagerada,.",identidade
3555873,"Quero mais história, mulheres provisórias.",identidade
3555874,"Garotas mais gostosas de bocas deliciosas.
.",aparencia
3555885,"Joga as mina louca, joga aqui no meu colo.",identidade
3555886,"Joga a sua mina linda, não joga barro que eu bolo..",identidade
3555911,"Foco nas maravilhas, minas top de linha.",identidade
3555921,"Só universitária, só mina milionária.",outros
3556124,"quer saber se é sim ou não, você pra ela é uma paixão.",identidade
3556314,Ela é tão gata!.,aparencia
3556457,Ela linda e tem marra agressiva.,aparencia
3556491,Ela sempre muito obediente (muito obediente).,comportamentos
3556492,"Minha princesa safada, no limite da farra, hauu.",identidade
3556958,"Ela é linda sim, sabe nada de mim.",identidade
3557076,Fala você não conheci mina melhor.,habilidades
3557141,"Junto com os meus amigos, junto com as mina linda..",outros
3557174,"Essa mina é mó zoeira a mina é mó zoeira
.",identidade
3557191,Mas por enquanto só pensar ela só bebe tranquila.,outros
3557196,"Essa mina é mó zoeira a mina é mó zoeira.
.",identidade
3557197,Dia de sol pra ela é praia e de tarde role de long de noite.,outros
3557216,Essa mina é mó zoeira a mina é mó zoeira.,identidade
3557459,Essas mina bandida perde.,
3557463,"Bagulho de cinema, no esquema, as mina enloquece.",comportamentos
3557701,"Todo mundo olhando essa garota é muito linda
.",identidade
3557713,Ela é muito gata com certeza vai vetar.,identidade
3557760,Meninas são tão belas agradeço a deus que fez.,aparencia
3557764,"Varias garotas lindas, belas de se ver.",aparencia
3557765,"A diferença da mulher foi feita pra entender
.",identidade
3557795,Mulher marrenta não dá pra lidar.,identidade
3557926,"Eu tô no ofurô com a mulher mais desejada.
.",identidade
3558302,Mulher boa é aquela que é difícil pegar.,identidade
3558391,A garota mais linda que eu conheço.,aparencia
3558406,Exculaxa a mais bela e a garota diferente.,identidade
3558420,Ela sim é uma menina direita.,
3558423,"Garotas boas vão pro céu,garotas más vão pra minha.",valores
3558751,Com essa mina pelada pela madrugada.,comportamentos
3558790,Ela é a droga mais pura.,identidade
3558794,Com essa mina chapada pela madrugada.,identidade
3559087,Essa mina é mercenária você sabe como é (aham).,
3559115,Mina mercenária cheia de ideia louca.,identidade
3559158,"Musa inspiradora das minhas canções, fonte.",identidade
3559175,"Que defendendo da sua amiga, ela fica imune.",comportamentos
3559634,"Inspiração não vai faltar, pois ela é a mulher
.",identidade
3559681,Ela topava eu me liguei que ela era caça pop star.,
3559689,"ela tá chapada mermo, Ih vamos gastar.",comportamentos
3559691,"essa mina tá muito doida, ainda bem que eu sou sagaz.",
3559708,"e ela podia ser intocavel, perfil de modelo.",identidade
3559723,"ela ficou nervosa, e queria ir embora.",comportamentos
3559726,"ela ficou quieta, saiu, sem nem se expressar.",comportamentos
3559749,Só pras mulheres inteligentemente interessantes.,habilidades
3559948,Atenção mulheres segura a emoção.,identidade
3560044,"Eles tão mais preocupados com o fracasso do alheio
.",valores
3560055,"Minha rima parece ilária, pra enganar umas mina otária.",habilidades
3560091,minha mãe é candidata !.,papel_social
3560153,"Com muita loucura eles estão sáboca , sáboca as mulér.",comportamentos
3560262,Mermão essa mulher foi feita certinha pra mim.,identidade
3560319,"É uma menina incrível, valeu te conhecer,.",identidade
3560484,"E quando tão la em cima eles viram falso pastores
.",comportamentos
3560601,E manda sua mãe ficar quieta.,comportamentos
3560623,Mulher é foda.,identidade
3560647,"""Cê"" vai ter que entender que elas são fã e dão moral.",outros
3561154,"Strondar é arte faz parte, da terra até marte..",comportamentos
3561233,Falar de mulher porque mulher é bom demais.,outros
3561234,Sem mulher eu não vivo que mulher é minha paz.,identidade
3561339,Pra eu definir minha musa inspiradora.,identidade
3561670,Tô com as minas top aumentando o meu ibope.,identidade
3561891,Viver pra elas é doutrina aconselhada.,outros
3562093,"Que maravilha, as mina fica apaixonada.",identidade
3562438,Garota perfeita a mais linda do universo.,identidade
3562567,"Limite de mulher bonita e até boneca de plástico
.",identidade
3562603,"Mulher doidona é foda, tem que até fazer exame.",identidade
3562612,"As mina potente falam da gente, o time presente.",identidade
3562620,"Só moleque fanfarrão, farpador de mulher gata.",identidade
3562632,Vetando as mina violenta que nunca deu certo.,comportamentos
3562651,"De mulher bonita, gostosa, interesseira.",identidade
3562655,"Tropa da stronda, caçador de mulher gata.",identidade
3562862,"Niterói, ela mandava bem avera.",identidade
3563080,"Elas tão ficando louca
.",identidade
3563447,Pois é tem nem quem fale que nois não é irmão.,identidade
3563487,Desde a música mansão que ele é procurado.,outros
3563703,"É tipo 3 menina linda, revezando nos esquema
.",aparencia
3563721,"Vou devorar as mina linda, o resto fica pra você.",comportamentos
3563918,"Esse tipo de mulher é coca cola só pressão !
.",papel_social
3564200,Ela será minha diretriz.,identidade
3564362,"As mulher são muito gata,lógico,é zonal sul!.",aparencia
3564406,"Porque ela ta pronta pro próximo passo,.",outros
3564414,"Ela era popular demais, e ele devagar demais, desde a oitava era bonita demais saca?.",identidade
3564427,"Mas ele nem é jogador, nessa matéria ele ta mais pra amador,.",
3564984,"Mais um menino feroz, com uma cruz pesada, não nego.",comportamentos
3565137,"Preces de mãe eram benção, deram diretrizes.",comportamentos
3565304,Porque ele mermo não vai me ouvir (Não vai me ouvir).,outros
3565363,Visto que ela é ela mesma.,identidade
3565507,"Ela nunca foi covarde
.",identidade
3565523,Mas se não cuida do amor ele morre tão rápido.,outros
3565668,Michael ainda fosse preto?.,outros
3565671,Obama fosse branco e a casa não?.,outros
3565767,"Tortas sem direção, Portas há depressão,.",comportamentos
3565896,Menina pequena que dá tontura se deseja.,identidade
3565900,Ela é uma droga pesada que te arranca de casa.,identidade
3565902,"Ela é lunática e perfeita, essa é pra casar.",aparencia
3565936,"Ela é trama no drama, drama na trama.",comportamentos
3565938,Ela é chave de cadeia meu chegado.,papel_social
3566038,"Garotas são más quando querem, te fazem esperar.",comportamentos
3566061,"Sua filha é linda, parabéns pra você!.",aparencia
3566212,Homens falhos pegam suas ordens e chama de lei.,papel_social
3566222,"E rainhas tão belas, cuja pele reluz igual diamante.",aparencia
3566704,que eles são reis também.,papel_social
3566705,"E as minas são rainhas, que o.",identidade
3566765,"E hoje ela fala alto, então por favor acendam as luzes.",comportamentos
3567052,Ela é pandora ela é afrodite ela vigora.,identidade
3567792,ele magro e no corre.,aparencia
3567987,Ela vem sorrateira e castiga.,comportamentos
3568323,Mas ele só vendia doce.,
3568418,"Mais um rapaz comum (taligado?),.",identidade
3568427,"Ow nasce um homem cheio de valores, nem tudo são flores..",
3568724,Teus carrinhos tão cheios e eles satisfeitos.,comportamentos
3568784,E nessas viagens eu conheci cada mina atrevida.,identidade
3569816,"Ela é zica, ela é foda, ela é top, ela é tudo
.",identidade
3569862,E outras mina cacareja.,identidade
3570396,que eles fazem é justa.,valores
3570444,Menino forte da terra.,identidade
3571197,"Então quando eu subi eles vão tá comigo também (2x)
.",outros
3571444,"Irmão, ce ta pronto pro poder?
.",
3572430,"Vejo as flores de um homem bom, amores que acabam mal
.",identidade
3572493,Minas sozinho.,outros
3572949,Rapaz comum.,identidade
3573158,Talvez pense que achar o homem ideal seja difícil.,identidade
3573322,A mina grávida pensando em contar pros pais.,habilidades
3573560,"Longe da ira humana, do perigo da mina terrestre.",outros
3573747,Eu fui o homem mais feliz.,identidade
3574162,"A madrugada era sua dama predileta, garotas eram só.",identidade
3574250,"Quem diria, retornar pra ela é muito bom, sim,.",comportamentos
3574582,"Explode o pensamento,mais um homem violento.",comportamentos
3575832,Tive pena de bater no homem biônico.,comportamentos
3576523,"Fica impune, não vai preso, ele não vai preso,.",comportamentos
3576524,"Ele não è pobre, não è preto.",aparencia
3576676,"Você é hilário, pra mim um otário, garoto primário, vai na sorte..",habilidades
3577440,Eu gosto da noite ela é escura como eu.,identidade
3578857,Tô ligado que ela tá bolado vindo atrás de mim.,comportamentos
3578967,veja o seu dinheiro ele é sujo igual ao meu /.,outros
3579170,Ensinamento da minha mãe assimilei.,papel_social
3580399,"Mulher gestante
.",identidade
3580830,Porque tem os menino bom e os menino mal.,identidade
3580936,"Ela é a mina de fé ...
.",identidade
3580978,Ela é a mina de fé ...,identidade
3581051,"/ Na batida do swing, hip-hop menina, me leva / Menina bonita não chora / Eu vou falar no seu ouvido, pra ver se melhora, pegar na mão / Vou te dar um trato, sei que você anda carente, eu tive ausente / Mas agora eu to de volta pra ficar ao seu lado / Pode vir, que seu preto ta preparado / Com dinheiro, e você meu mundo ta dominado / Você não tem noção dooo que eu sou capaz / Quando eu decido batalhar pelos meus ideais / Não é de mentira, minha flexa ta apontada para a sua mira / Quando tu passa minha cabeça pira / No vira vira não da pra imaginar / Eu sem sua presença e como um índio sem cocar / Me leva, me leva...",aparencia
3581053,"/ Na batida do swing, hip-hop menina, me leva / Seria pouco uma faixa amarela / Você é bela e desfila na minha passarela / No meu numero do meu tamanho / Tu ta ligada que eu sou um jogador e contigo ganho / Não deixa a lagrima rolar / A moça mais bonita da festa não pode chorar / Aposto para ver no que vai dar / Me espere que eu chego não demoro / Eu vou te pegar no colo pra te namorar e te fazer suar / Prepara tudo que eu to voltando / Avisa pros comedias que teu cara ta chegando / Nossas brigas só aumenta mais a chama / Que incendeia a relação que pega fogo na cama / Você me chama, chora diz que me ama / Elogia a minha pessoa ao mesmo tempo reclama / Te faço minha dama, não chora, so se for de alegria / Que essa noite meu passista vai sambar na sua avenida / Me leva, me leva...",outros
3581109,"ela rodou, ele foi solto e não fez o mesmo.",comportamentos
3581605,"E o que é foda, é ser jovem e mãe solteira..",identidade
3581655,E você mulher preta que com playboy se engana.,identidade
3581664,"Mas como foi comum preta, pra ele é ninharia.",identidade
3581876,"Garoto novo, preto com sotaque de favela tá preparado.",identidade
3582060,Será pra sempre minha garota preferida.,identidade
3582365,Ele não é pobre (não) não é preto.,identidade
3582381,Me chama de bandido e diz que mulher preta e feia.,
3582528,Mulher gostosa e um reinado ilusório.,identidade
3583589,"Com a minha conduta, cavalheiro viajante
.",outros
3583666,será pra sempre a minha garota preferida.,outros
3583749,Proceder de garoto frouxo.,identidade
3583827,"Garoto mimado, se sente ameaçado.",comportamentos
3584474,"Morava com a minha mãe, me lembro da minha mina feliz.",identidade
3584706,"Ver minha mãe infeliz, eu entupindo os pentes.",
3584809,Havia inocência mas hoje os menino é bandido.,identidade
3585407,"Cruel é monstro na selva
.",aparencia
3585557,"Medalhas no homem covarde, e quantos.",habilidades
3586375,"'Essa mulher é muita treta doidera', falei!.",identidade
3586408,Ela é princesa e eu sou vagabundo nato.,identidade
3586622,é nois é nois vamos chegar firme chegar lindo.,comportamentos
3586751,Disse que era homem novo.,identidade
3587561,"Mulher é foda né, faz o que quer do homem.",papel_social
3587593,"Mas não ta chamando a polícia, ela tá grávida.",comportamentos
3587862,A fé move montanhas faz de mim um homem livre.,identidade
3588075,-Tem uma mina aqui disposta a narrar nos verso.,
3588193,Injetando resistencia no homem indefeso.,identidade
3588844,"É a vida como ela é escrita em linha torta,.",identidade
3589027,Mulheres lindas meu truta (fiu fiu).,aparencia
3589334,"Para, por favor me diz, se até hoje sua mãe é infeliz.",identidade
3589640,BM pra mulher prata.,comportamentos
3590560,"O Senhor é meus pastor, nada me faltará.",valores
3590674,Depois lá a família diz: “que pena ele era tão bom”.,identidade
3590740,Eu sempre fui uma filha obedie nte.,papel_social
3591221,O Governo ironiza e produz homens cegos.,identidade
3591609,"Trairas safados, a confiança do meu pai fez dele um homem finado caralho, horas e minutos contados.",valores
3591807,"O alvo era aquele otário e ele foi derrubado, estão todos comemorando dentro de um barraco..",papel_social
3591848,"Pobre coitado, não sabia que eles estava perdido.",identidade
3592273,Se a palavra do senhor não é sagrada.,valores
3592594,"Catatau ligou tô preso, respondi problema seu.",comportamentos
3592936,"Racionais era foda, era o melhor grupo do mundo.",identidade
3595020,Que ilumine a cabeça da sua filha caçula.,comportamentos
3595332,"Mina caliente, despreocupada.",outros
3595363,Deus é uma mulher preta (virou meu vício).,identidade
3595398,Somos mulheres guerreiras.,identidade
3595596,Sou a rainha exclusiva.,identidade
3595651,Essas mina é monstra.,
3596575,"Ou sequestrar um playboy filho de uma mãe milionária,.",comportamentos
3596679,"Com quem não presta, um homem bom ele nunca vai te por a mão
.",identidade
3596796,"Se o homem fica ruim, machuca corações.",identidade
3596809,"Jesus foi homem forte lutou, lutou com sua fé.",identidade
3596828,"Rodada na chola muda ela é banda vuô, dela eu sou fã.",papel_social
3596829,"Ela é banda, mas dela eu sou fã, é dia e noite no frevo
.",identidade
3596862,"Ela é banda, mas dela eu sou fã, é dia e noite no frevo.",identidade
3596898,Hoje ela tá sozinha mas muito mais feliz.,identidade
3597463,Ela é guerreira e bandoleira mas quando gosta ama.,identidade
3597468,A mina é louca e nos romance já perdeu a conta.,identidade
3598135,Olhar quente nem disfarça ela é minha atração.,identidade
3598140,Whatsapp ela é linda demais.,aparencia
3598142,Essa garota é modela ela é capa de revista.,
3598152,"Ela é sensacional bem-vinda ao meu divã
.",identidade
3598157,"Toda mulher é safada só que em quatro paredes
.",identidade
3598160,Ela é perversamente insana essa menina tem o dom.,identidade
3598173,Ela faz cara de santinha de menina meiga.,identidade
3598187,"Dois dedinhos de saia, biquinho ela é charmosa.",identidade
3598193,O olhar quente nem disfarça ela é minha atração.,comportamentos
3598227,Buscar o homem mal...,papel_social
3598349,"Mulher avulso tem pra nois degustar
.",outros
3598727,sou izael menino bom exemplo.,identidade
3598952,"mas descobri que eles são covardes, já não sonho mais..",identidade
3599079,O maluco me grita e ele é conhecido.,habilidades
3599099,"Se ele é bandidão, véi eu também sou.",comportamentos
3599231,"Por dinheiro se corrompe, até um homem santo,.",identidade
3599294,Abastecendo poluindo maldade na atmosfera senhor real.,comportamentos
3599390,ao seu lado me sentia o homem mais feliz.,comportamentos
3599391,você foi a mulher perfeita que eu sempre quis.,aparencia
3599683,Garota sexy que me conquistou (te quero).,identidade
3599732,pensei em até me matar doido de amor um rapaz locuras.,papel_social
3599788,"Te amo mãe querida, ainda te espero por você.",identidade
3599855,Quando ela passa é tão difícil que.,identidade
3599858,Ela é uma joia valiosa e seu lugar.,identidade
3599896,"Mulher gostosa hoje tem,os.",aparencia
3600102,Tirei a pipa da antena ela ficou eufórica.,habilidades
3600172,Final de semana pra ele era sagrado.,identidade
3600604,Senhor segura minha mão..,outros
3600704,Ela é linda e me enfeitiçou....,aparencia
3600718,"Ela é linda e me enfeitiçou
.",aparencia
3600957,Ela bem sexy ela mexe.,aparencia
3601180,"Mulher é sempre bom.
.",identidade
3601204,"Teus homens sobrou.[2x]
.",outros
3602136,É linda de mais um aviao ela é tão bela.,aparencia
3602148,Ela linda tá ligado tipo fantasia.,aparencia
3602152,Ela é especial tipo daquela essencial.,identidade
3602196,nesse verão sol de 40grau sainha ou chortinho ela fica sensual cada parte do seu corpo.,aparencia
3602278,"Filha nova querida,.",identidade
3602287,Anda igual mendigo ele só vive bêbado.,comportamentos
3602289,"A princesa ficou feia, olha o estado dessa mina.",aparencia
3602388,"Minha filha é do pai, mulher forte e guerreira.",identidade
3602590,Ele sempre vai ser um incentivo de mais um....,outros
3602643,"ela é linda eu sei mais não te merece,.",
3602658,fica julgando minha dama diz que ela é errada.,outros
3602852,Ela quer grave estralando na carreta.,identidade
3602876,Ela é louca mais gosto quando ela gasta loucura comigo.,identidade
3603037,"Ela é bonita, gostosa mas eu não vou cair.",aparencia
3603262,Vou á procura dessa dama indefesa.,identidade
3603794,E se as mulheres tão dando mole.,outros
3604625,Pra uns a vida é mole pra outros ela é dura.,valores
3605204,"É eterno, o homem é sucumbido pelo medo...auto-maldição 12 meses de inverno.",comportamentos
3605316,"Ele ou ela reinam acima da vida humana, o vício é o padrasto, ela é a filha bastarda.",identidade
3605328,"Ele é o carrasco que aprova ou reprova a verdade, que separa um amor ou uma amizade.",identidade
3605335,"Ele é o fabricante parideiro de demónios, padrinho para excêntricos anónimos.",identidade
3605338,"Acorda…por ele ficas zombie…protege-te…não deixes que ele te use a ti, usa-o tu a ele.",outros
3605950,Homem bom ou.,identidade
3605951,"Homem mau, o mal não está por fora, a mente é o aluquete para a caixa de pandora.",identidade
3606516,"(Aham) Senhorita passista, no anhembi,.",outros
3606519,"nome mulher é minha mania, mania!
.",identidade
3606685,"Senhorita glamurosa, mais bonita, maravilhosa.",identidade
3606732,Eu sempre soube que ela era a mina.,identidade
3606751,"No mesmo condomínio, mina maravilhosa.",aparencia
3607135,"Eles falam mal, falam: ele é muito gringo.",identidade
3607136,"Elas falam uau, falam: ele é muito lindo.",aparencia
3607385,"Qualquer dia, qualquer hora, ela é sempre bem vinda (e.",outros
3607420,Santana era técnico da seleção.,identidade
3607434,Lennon foi assassinado só pregando a paz (paz...).,papel_social
3607641,Homem mau caráter sem ética quebra a palavra.,identidade
3607654,Garoto novo no tiroteio traz uma faca.,identidade
3607961,"Ela é uma gata, ela é uma fera.",identidade
3607987,"(é porque ele é pop, ele é boy, ele é branco).",aparencia
3607993,levada ela é tão pesada..,identidade
3608002,"menina mulher é que enfeita meu jardim, tão linda assim, ela é perfeita pra mim, (Aham) desculpa se eu estou sendo um pouco pesado, você deve estar achando que eu sou todo errado, só que morena com essa cor do pecado, você precisa de alguem com o corpo fechado, (vai) cantada sabe decor tipo tabuada, e sabe que eu não to procurando uma namorada, vento na cara essa é a temporada, mulherada não para, tem uma a cem pra cada, (uou) eu não posso falar que é nós dois, se eu vou continuar só depois, (hahaha) ela me queria só pra ela, mas foi amor de verão e ele não sobe a serra.
.",aparencia
3608006,"Ela é doce como um bombom, sai com as amigas só pra ouvir um bom som, em.",habilidades
3608169,Olha essa mina assobia...Desfila pra nossa alegria.,comportamentos
3608170,Olha essa mina assobia...Na praia ou na academia.,habilidades
3608171,"Olha essa mina assobia...Cachorro late, gata mia.",identidade
3608339,Timepro tá pronto.,outros
3609511,"Já era, agora ela é gata manhosa.",aparencia
3609966,"""Ele não é rico"" Ficou triste?",
3609967,Conta tudo pra sua mãe então quico.,comportamentos
3610016,"Doce, ela é tão doce (8x)
.",aparencia
3610017,"Essa menina é doce, toda colorida.",identidade
3610019,"Ela aproveita a noite, ela é divertida.",comportamentos
3610029,"Doce, doce, ela é doce, doce.",aparencia
3610042,"Essa menina é doce, ela é feita de açúcar.",habilidades
3610043,"Mistura perfeita, ela é meiga e maluca.",identidade
3610067,"Essa menina é doce, ela é sobremesa.",aparencia
3610068,"Ela é mais que um bolo, ela é a cereja.",identidade
3610069,"Ela é jóia rara, ela me deixa doido.",aparencia
3610077,"Doce, ela é tão doce (8x).",aparencia
3610679,"La trampa, te vicia tipo coca, eles são fanta.",identidade
3610688,Tipo a mina mais linda ela é fã do.,aparencia
3610953,"Das ruas pra balada, agora ela é mais tocada.",comportamentos
3611530,menino confuso.,identidade
3611756,"Ela é quente, ela ferve, ela quase derrete.",habilidades
3611758,"Ela é sexy, ela é classy.",identidade
3611759,"Mais que isso, ela é sensual.",identidade
3611789,Quer dizer que ele é rapper então?.,identidade
3612073,"mestre nessa obra, eles são operários.",identidade
3612817,Bonadio era ruim..,identidade
3613041,"seja ela preta, branca, oriental.",identidade
3613165,Só sei que a força de um homem ta em uma mulher forte.,identidade
3613288,Ela é uma menina má a aa a.,identidade
3613289,"uma menina má a aa a(2x)
.",identidade
3613291,"Pronta pra se derreter,ela é puro extase.",identidade
3613299,"Ela é uma menina má ma ma malvada,não quer se.",identidade
3613305,"Uma menina má,ela te enlouquece.",identidade
3613320,ela é vitória.,aparencia
3613330,ela é sereia no ma da praia do rosa.,
3613331,A melhor ela é vaidosa.,identidade
3613341,Uma menina má.,identidade
3613342,Ela é cheia de marra.,identidade
3613354,uma menina má a aa a(3x).,identidade
3613368,"Senhorita linda corpo de striper, quero tirar sua.",aparencia
3613478,"fala ?ele é tão lindo?, fumaça no cachimbo pode me.",identidade
3613524,"Essa mina é diferente, linda, inteligente.",identidade
3613525,É minha senhorita independente.,identidade
3613527,"É minha senhorita independente
.",identidade
3613530,"Menina mulher, não é que ela precisa de alguém.",identidade
3613531,"É que um carinho faz bem, ela é linda e também.",aparencia
3613533,"O jeito que ela se veste, ela é tão sexy.",
3613536,"Ela é primeira dama, eu sou o presidente.",identidade
3613604,Ele ficou feliz.,
3614322,"O Daniel vai ser papai, vai ser.",
3614439,"Inocente, senhor juiz.",identidade
3614514,Hoje ela tá crescida.,identidade
3614520,"Se você não ligo ainda ela é a musica

.",outros
3614542,Com uma musa melhor que a.,aparencia
3615264,Eles jogam sujo.,comportamentos
3615818,Com ciência.,outros
3615937,"Nego tá ligado, mas ele tá suado.",aparencia
3616198,Deixo elas nuas e tiro as fotos.,outros
3617257,A garota branca.,identidade
3617305,Elas provocam robam a cena.,identidade
3617353,"Quanta mina gata, fica quieto!.",
3617458,Você pensa que conhece o garoto branco.,identidade
3617691,"Ela é toda centrada, eu meio.",identidade
3617726,"Pac, eu swing, ela swag.",comportamentos
3617959,Aquele rapaz alto e magro que usa boné pra traz e umas calças gigantes.,aparencia
3617990,Pois sou apenas mais um rapaz comum.,identidade
3617992,Eu sou apenas mais um rapaz comum.,identidade
3617998,"Pois sou apenas mais um rapaz comum
.",papel_social
3618037,mais um rapaz comum fazendo musica em meio a criticas e elogios.....,comportamentos
3618356,"Uma mãe angustiada, um número pra estatística.",papel_social
3618484,"uma mãe angustiada, um numero pra estatistica.",identidade
3618697,Ela tem sexy apeel rege orquestra de assobios.,outros
3618701,Uns dizem que ela é marrenta outros que é sensual.,identidade
3618719,"Ela não é tua, ela só atua bem.",identidade
3618720,Se qué ser feliz faça ela feliz também.,identidade
3618810,"Ela é sexy, ela é femini ela é o que ela quiser.",aparencia
3618812,"Não que ela seja mandona, não.",identidade
3618813,Mas ela sempre foi dona de si.,identidade
3618839,"Ela é sexy, ela é femini.",identidade
3618843,"Dona de si, ela é dona de si.",identidade
3619759,Moleque é chique calça abaixo da cintura.,identidade
3619813,Mc não é homem direito.,identidade
3620148,"Ele é sucesso no palco, fracasso nos bastidores.",identidade
3620152,Senhoras e senhores aplausos pro superstar.,outros
3620244,imaginava seu sorriso e me tornava o homem mais feliz que existiu!.,identidade
3620605,"Ela é mimada, não gosta de dividir.",identidade
3620745,Mulheres viúvas perdem parentes e entes nesta merda desta maldita luta armada.,identidade
3620784,"meu bem maior, musa inspiradora, minha diva.",identidade
3621257,Ela tá linda descalça cabelo solto.,aparencia
3621645,Elas não são reais.,
3621675,pra sua filha é a solução pro seus problemas.,outros
3621873,"Ela é bonita mas não é eu não mete o loco não finge que me esqueceu, quando eu aperto é solto vc sempre diz que é meu eu jogo pá vê se tu pega acabou pra elas pq eu cheguei cê tá no meu nome pensa que eu não sei o que rola quando eu não tô presente a chance delas só existe se eu tô ausente.",comportamentos
3621984,"Mulher bonita e vivacidade as notas de cem, ok
.",aparencia
3621988,"Mulher bonita e vivacidade as notas de cem, ok.",aparencia
3622259,"Ela não nasceu rica, mais nasceu para vencer.",identidade
3622291,Mas hoje tem a coisa que faz elas fica loucas.,comportamentos
3622293,Vou te fala uma coisa rapaz muita mulher boa.,identidade
3622326,não preciso de uma mulher inconveniente.,identidade
3622437,Sei que elas são possessivas e estão me querendo.,identidade
3622497,"Ele é um perigo em sua mão
.",identidade
3622546,Só quero me divertir com mulher independente.,identidade
3622785,Elas vem quente como se eu fosse o brad pitt.,comportamentos
3622792,"Quanta mulher maldita, quantos caras traíras.",identidade
3622799,"Mas elas preferem ficar nuas em quato eu perco a noção
.",identidade
3622952,Quando entrei na academia foi pra pegar mina torta.,aparencia
3622993,Me entende: mulher é bom não consigo viver sem.,comportamentos
3623177,quando ela desce geral olha e enlouquece.,comportamentos
3623181,essa mina é loka ela mexe a noite todo.,comportamentos
3623403,Eu não penso em mais nada enquanto ela só quica.,identidade
3623409,"Cara, ela é caveira e veio pra me dar trabalho
.",comportamentos
3623428,"Por baixo e por cima, na ponta ela quica.",habilidades
3623491,"Só mano fiel, só mina cruel com um drink na mão.",identidade
3623766,Haléx um experimento talento de mãe solteira.,papel_social
3624251,"Mulheres bonitas, um tanto incomum.",
3624312,Pery é mais alto eu falo pra você.,aparencia
3624325,Esses manos eles não são loucos.,identidade
3624433,mas eu quero ter ele primeiro.,
3624569,O grave batendo deixando as mina zonza.,comportamentos
3624849,"Eles refém da fama, empilhamos.",comportamentos
3624915,Só mulher gostosa bikini piscina.,identidade
3625419,Mais que a mulher maravilha.,comportamentos
3625667,Menino caro.,identidade
3625672,"Menino breck, juju na cara.",identidade
3625768,Mãe fica tranquila que seu filho é um trapstar.,identidade
3625933,"Porque ela é uma carta pra você
.",identidade
3626443,"Mas ela dificulto, com medo de se ferir.",comportamentos
3626554,Contentamento como o homem bom quis.,identidade
3626607,Verdadeiro forte é o homem resistente.,identidade
3626849,Excesso de verdade deixa o homem mais arisco.,
3627088,"Homem vazio vende doença, eu vendo remédio.",comportamentos
3627145,"Homem mal e sanguinário,.",identidade
3627553,"As mina chove, nós não para.",identidade
3627780,Eles são covarde.,identidade
3628181,Ela era quase perfeita.,aparencia
3628499,Ela é faxineira.,habilidades
3628506,"Mãe solteira, estressada.",
3628538,Que tá com mulher nova.,papel_social
3628567,A mulher é fogosa.,comportamentos
3628632,Garota estou enfeitiçado.,comportamentos
3628721,Deus preparando a mina certa.,valores
3628745,Ele é o gatito.,aparencia
3628858,"E ela ficava sorridente
.",identidade
3628872,Que ele era fanfarrão.,comportamentos
3628991,A mina era fogosa.,identidade
3628999,A mina era maluca.,identidade
3629118,É a mulher perfeita.,identidade
3629218,Só mulher gostosa.,aparencia
3629829,Na arte do insulto detonam mais que homem bomba (Allahu.,habilidades
3630663,Era a garota estranha sem jeito.,identidade
3631392,E até hoje ela permanece intacta.,outros
3631611,Uma garota egoísta que se enforca em linhas.,comportamentos
3631739,Homem branco.,identidade
3632118,Hoje a noite vou sair.,outros
3632907,Ela é tão fria que chega a ser quente.,comportamentos
3633104,E assim ela rebola melhor que a.,habilidades
3633213,Menina bonita do laço de fita.,aparencia
3633225,Ela é a morena e eu sou.,aparencia
3633249,"Tanta beleza, tanta malícia, essa mina é louca.",aparencia
3633323,"Ele é rap!

.",outros
3633428,As vezes menina underground.,identidade
3633467,ele é o rei da.,identidade
3633498,Ele é rei da.,identidade
3633550,"Não programe os seus passos, torne eles bem mais rápidos.",comportamentos
3634203,Conhecendo umas mina maluca.,identidade
3634925,"Quando o senhor quiser to pronto pra subir
.",comportamentos
3635052,"E não aceitava nenhum homem covarde
.",valores
3635085,E não aceitava nenhum homem covarde.,valores
3635243,senhor mistério.,identidade
3635352,O marido não carinho.,comportamentos
3635446,"Esquece os lucro, E as minas mais foda.",outros
3635647,"Ela te conquista
.",comportamentos
3635698,A mulher mais atraente.,aparencia
3636206,Vou onde tiver mulher bonita.,outros
3637040,Menino bom que tem.,
3637096,"E ele tá pronto pra recomeçar
.",comportamentos
3637670,"Ralf é abisioso, ele é louco, ele não para.",
3637743,"E ele não será jogado no lixo
.",
3637903,Dirceu era herói.,identidade
3637913,Só que dessa vez ele não vai ser mandado por.,comportamentos
3639053,"Pra eles pobre de porre é ouro, fato.",identidade
3639214,"Meu país é sem noção, da repressão eles são amante.",identidade
3640019,"Iludido, eles tão mais fodido do que a.",identidade
3640127,Se o homem bom é o pior dos homens maus!.,identidade
3640305,"Fora da sanidade, mais louco que o homem morcego.",identidade
3641156,"E de meninas grávidas na adolescência
.",papel_social
3641378,Mão de anjo por ele paulada sonora.,habilidades
3641437,"A onde as garotas são mais belas, beleza natural..",aparencia
3641475,Deus por que ele é justo e verdadeiro..,identidade
3641634,A vida é assim mesmo aproveite ela é única.,outros
3641642,Ilumine a sua vida se você acha ela chata.,outros
3642467,Se a vida é bela mais pra ele foi osso.,comportamentos
3642518,O homem é falho a si mesmo destrói.,identidade
3642679,Quer seduzir essa mina é bandida.,identidade
3642903,"Se tu olho tu também viu, menino é zika e não caiu.",habilidades
3643701,Comecei a achar que todos os homens eram iguais.,identidade
3644336,Homens covardes que só em mulher bater.,identidade
3644404,Nem de fazer uma mulher feliz teve capacidade.,
3644457,Pras minas pros manos conforme a palavra.,outros
3645072,Jesus ter sido crucificado.,outros
3645517,"Me doma por cima essa deusa romana
.",identidade
3645889,Já o meu caminho ele é estreito.,
3646016,"Senhor é meu pastor, vivo melhor que antes.",identidade
3646091,Na bíblia tá falando busque o reino do senhor primeiro.,valores
3646097,Eu sei que o ser humano ele não é perfeito.,identidade
3646107,Se parecer ou se ela for diferente.,outros
3646122,Jesus está presente e não importa o que fez.,identidade
3646357,Ele é o amigo de verdade.,identidade
3646777,Minha namorada é linda.,identidade
3646961,Ele ficou tão cego que da mãe ele esqueceu.,valores
3646971,Quando ele percebeu estava sozinho num canto.,identidade
3646993,"Então ele foi preso, preso em flagrante.",habilidades
3647029,Sua mãe contente viu que a oração valeu.,valores
3647580,Ela é mudança de estações de verão a inverno.,identidade
3647604,Com certeza ela é mais certa.,
3647608,Ela é linda e ainda diz que me ama.,aparencia
3647611,Ela é minha inspiração...,identidade
3647844,Ela é letra sem ter refrão.,identidade
3649483,Essa menina sempre foi largata.,comportamentos
3650099,"Porque ele é apaixonado e ele é o ponto entre nós dois
.",identidade
3650247,"Ele é incrível,.",identidade
3650250,"Ele é japonês,.",identidade
3650260,A mãe é budista.,valores
3650295,Me tornei uma mulher ousada e de você não quero mais nada..,identidade
3650540,Ele é fodão mas eu sei que eu sou também.,identidade
3650554,Ele é tão feio que até dói..,outros
3651106,Como um garoto nulo atrás de um sonho estúpido.,comportamentos
3651488,Menino lindo mas beleza se esconde.,identidade
3652094,a mina bela de pele lisa.,
3652149,mas que ela tava gelada.,identidade
3652163,Paulinho estava bom.,comportamentos
3652294,"eu sou um homem triste
.",identidade
3652484,É uma moça linda a festejar.,aparencia
3653643,Quem vê de longe pensa que ela é frágil.,identidade
3653655,"Ela é doce por dentro, Linda por fora.",identidade
3655094,Elas são tão brandas.,comportamentos
3655973,Se ela fosse atriz de cinema.,identidade
3657366,É uma deusa profana.,identidade
3657438,Que a garota é abusada.,identidade
3657760,Garota atrevida de rabo de cavalo.,identidade
3658169,"Mufasa é poderoso demais pra ser desafiado
.",habilidades
3658170,Mufasa agora é passado.,
3658829,"Ela é bem maior que o elefante
.",aparencia
3658955,Se ele for derrotado também não precisa chorar.,outros
3659045,"Feito tinta aquarela, ela é toda amarela.",aparencia
3660179,"Qui, qui, qui, qui, qui, ele é bonitinho
.",aparencia
3660480,Ela é ouvida.,comportamentos
3661480,Realmente ela é genial.,identidade
3662130,E descobrir se ela é amarela.,aparencia
3663633,Ele é o príncipe da paz!.,identidade
3663642,"Ele é o início; é o fim!
.",identidade
3663739,O Senhor é caminho que devemos seguir.,identidade
3663761,Ela é maior que a da primeira.,habilidades
3663780,Ela é bem maior que a da primeira.,identidade
3664293,Carlos era um menino mau.,comportamentos
3664371,Canto agora para o menino rio.,comportamentos
3666956,"E cada homem é o homem da semana
.",identidade
3666960,"As possibilidades são de que a senhora seja uma estrela
.",outros
3666962,"Se a senhora é absolutamente encantadora
.",aparencia
3666964,"Se a senhora é íntima de reis
.",identidade
3666986,"Ela é sincera – positiva – íntegra – esplêndia - perfeita - mararavilhosa
.",identidade
3667516,Ela achou radical.,valores
3667529,"Ela é linda ainda mexe
.",
3668390,"Se ela estava tão feliz?
.",identidade
3668964,"Bota o rei congo no congado
.",papel_social
3669271,Um homem honrado é homem feliz.,identidade
3669427,Da musa branca de sangue azul.,identidade
3669447,Mulher é mais cruel.,identidade
3669778,Ela ficou calada.,comportamentos
3670355,"Ela é linda e gloriosa
.",identidade
3670372,Ela é linda e gloriosa.,aparencia
3670713,Meu namorado é um bobinho.,comportamentos
3670716,"É o rapaz mais tolo que encontrei
.",identidade
3670902,"Ele é o bom, é o bom, é o bom
.",identidade
3671508,Queria ser a moça mais gostosa do lugar.,aparencia
3671916,"China, o.",outros
3672170,Duro ele é esperto.,habilidades
3672484,A menina mais bonita que eu já vi.,aparencia
3672506,Ele é exigente com a namorada.,comportamentos
3672515,Ele é sucesso em qualquer lugar.,identidade
3672516,"Tem muitos amigos, ele é muito popular.",identidade
3672553,"Sai fora, ela é vampira.",
3672554,"Sai fora, ela é vampira
.",identidade
3672784,Se ele é melhor do que eu.,identidade
3673754,Um homem sincero que me faça feliz.,identidade
3673974,Quando ela é só feita de amor.,identidade
3675594,Ela é linda até na.,identidade
3675769,"Ela tá livre como um passarinho, pra poder ficar.",comportamentos
3675844,"Que ela ficou bem doida, doida.",identidade
3675995,"Yeah, ela é minha tchotcha.",identidade
3676612,E ela cai pró chão.,comportamentos
3676648,Pois ele é meu amigo.,identidade
3676649,E o pior de tudo é que ele está contigo.,comportamentos
3676853,Ela é gatuna.,comportamentos
3677059,e pra aquela mãe solteira que luta tanto pra sustentar os seus filhos hie.,identidade
3677392,ele é um homem bruto e que não sabe o que ele tem na.,identidade
3677404,ele é o homem errado.,identidade
3677567,Bo era casada.,papel_social
3677648,Eu nunca te considerei como mulher perfeita pra.,identidade
3677797,- Mas ele foi p'ra onde?!.,comportamentos
3677963,Dama preciso ver isto.,outros
3678427,Que tinhas arranjado homem melhor.,identidade
3678431,"Romeu, para ti o homem perfeito
.",valores
3678578,"Este teu flow, moça está bom.",habilidades
3678997,"a mãe dela disse que ""essa é minha filha mais brendada"".",identidade
3679007,ela tá armada em.,comportamentos
3679114,"Baby é complicado
.",valores
3679160,"-Os homens são muito orgulhosos,.",valores
3679226,existem muitas mulheres lindas por aí.,identidade
3679590,ela é fofa e tem um lindo olhar.,identidade
3679779,E que faça de mim um homem melhor pra ti.,identidade
3679824,Baby estou consciente.,outros
3679917,E o pior de tudo é que ela está contigo.,
3679941,Ele é um desavergonhado.,identidade
3679984,E ela está contigo.,comportamentos
3680333,"moça ficaaaaa
.",outros
3680385,um homem culto.,outros
3680698,Tiras o sossego de qualquer homem normal.,
3680710,"Essa mulher é gostosa, essa mulher é gostosa.",aparencia
3680731,"Essa mulher é gostosa
.",aparencia
3680878,"Paula fica ali, sofrendo calada, ela quer falar, mas epa, ela sente-se envergonhada, ela sente-se traumatizada, ela sente-se abusada, portanto sofre calada, yeah, é hora de pararmos com esses abusos e outros mais, mas sabem o quê, meninas, meninos, é hora de abrir a boca, força manos, força manos, yeah.",comportamentos
3680908,"Vou fazer de ti a mulher mais feliz,
.",comportamentos
3680929,"Vou fazer de ti a mulher mais feliz.
.",identidade
3681004,Se realmente ele te amasse ele estaria contigo a.,comportamentos
3681392,"Ele aparece largas logo a minha mão,baby.",outros
3681904,Essa mulher é gostosa.,aparencia
3681937,Essa mulher é gostosa (é gostosa sim).,aparencia
3682905,ma nunca mas ooh n?prometi pa nunca mas bu ta maguan.,outros
3684878,Ela agora é moça.,identidade
3684903,Um menino guenzo ou um gigante negro de olho azul.,outros
3686385,quero dormir no berço do homem americano.,comportamentos
3686423,Deixe-a decidir o que pra ela é certo.,
3686522,Ok ele é lok.,identidade
3687188,A negra mina mãe de uma negra menina filha de comunidade.,identidade
3690310,"Ela é carioca, carioca
.",identidade
3690330,"Ela é carioca, carioca.",identidade
3690677,Deusa acuda.,valores
3690705,"Ela é danada
.",identidade
3691429,"Aquela menina falsa pra quem jurei o meu amor
.",identidade
3691492,O vento diz: Ele é feliz.,identidade
3692566,"Como ele é sentimental
.",comportamentos
3694954,Mulher aventureira.,identidade
3694982,Jesuíno é santo novo.,identidade
3695663,"E eu sou apenas um rapaz latino-americano,.",identidade
3696995,"Nos homens frios, mulheres secas.",identidade
3697048,Olha esse sorriso menina sabida.,identidade
3697672,E a moça suspira.,habilidades
3697899,"Ele é negro demais no coração
.",outros
3699703,O rei porco está nu.,aparencia
3702583,Vestindo o corpo de mulheres languidas.,identidade
3702721,"Por ser homem bem disciplinado
.",identidade
3702817,Eles são loucos demais.,identidade
3702849,Ela louca.,comportamentos
3702877,Ela doido.,identidade
3704283,Trump é processado.,outros
3704928,Eu sou aquela que o homem quer bonita.,aparencia
3706568,Na mãe africana.,identidade
3707149,Um homem tão sério.,identidade
3707990,"Mas se ela ficar será atroz
.",comportamentos
3709613,porque ela é linda e todo mundo nota.,identidade
3709882,A força que tem a mulher brasileira.,identidade
3710349,Filha de mãe sudanesa.,identidade
3711399,Oh minha mãe generosa é a teta.,outros
3711400,Da nossa mãe preta.,aparencia
3711539,"""Fique tranquilo, homem branco"".",aparencia
3711542,"Dizem até que ele é, que ele é caso do ganso.",identidade
3711637,Pratileira é mulher saideira.,identidade
3711645,"É mulher inocente, é mulhre inocente, é mulher inocente ....",identidade
3711830,Eu sou menino pobre.,identidade
3712576,"Quem não sorriu feliz, encabulado, ao ver a mãe vaidosa rodar a saia rodada..",outros
3713060,Olinda menina louca.,identidade
3714185,"Ele é meu amigo
.",identidade
3714841,"Ele está off
.",outros
3714855,Ele está off.,outros
3715811,"Terra, mãe comum
.",outros
3717379,Algum juízo nesses homens sórdidos.,identidade
3717729,"Que ela sempre será muito querida
.",identidade
3717749,Que ela sempre será muito querida.,identidade
3718056,Sigo a minha vide de homem simples.,identidade
3719665,E as correntes desse novo mar.,outros
3720526,"Ele tá comigo
.",identidade
3720534,Ele tá comigo.,habilidades
3721331,Uma mulher sozinha.,identidade
3721344,Um rapaz delicado e alegre.,identidade
3721501,E eu sou apenas um rapaz latino-americano.,identidade
3723580,(se largarmos da mulher interesseira.,identidade
3725301,Essa menina livre que.,comportamentos
3725323,E essa menina livre que.,identidade
3726846,Deusa louca.,comportamentos
3726856,Deusa nua.,aparencia
3727513,"Senhor charqueada, Dom.",outros
3730487,"Da linda mulher gaúcha, beleza de minha terra
.",identidade
3730530,Ela ficou zangada e foi quebrando tudo.,comportamentos
3730706,"Encontrei ele mateando sentado em cima da cobra.
.",outros
3730808,E tem chifrudo reclamando que as mulheres são espertas.,identidade
3730831,Que a mulher foi gerada.,identidade
3731062,Ela é cheia de fluflu.,outros
3731233,"Ele é meu e te pertence, grande, bravo, nobre, belo.",aparencia
3731234,"Ele é meu e te pertence, grande, bravo, nobre, belo
.",identidade
3731412,O meu carro não é grande ele é bem pequinininho.,identidade
3732008,"Tô bem treinado, sou um homem carinhoso.",identidade
3732359,"E aquela moça bonita nunca mais eu esqueci).
.",aparencia
3732360,Tinha um jeitinho de moça pura e sincera.,comportamentos
3732603,Mulher bonita demais.,aparencia
3732934,"Mulher sincera, liderança das gurias.",identidade
3732940,Mulher medonha difícil de compreender –.,comportamentos
3733137,que por ele estava apaixonada.,comportamentos
3733279,e ela é fissurada em rock.,comportamentos
3733334,com aquela moça maluca.,comportamentos
3733567,Tem uma mulher bonita na rua da minha casa.,aparencia
3733667,Porque afinal ela era a patroa.,identidade
3733780,Homem rural desta terra sulina.,identidade
3734002,Uma delas descobrisse o homem bom que sou eu.,comportamentos
3734308,"moça bonita, cordeona, violão e trago.",aparencia
3734338,Se a rapaz era casado viviam a se informar.,outros
3734649,Sou um homem rico de felicidade.,identidade
3734841,"O batidão contagia, aqui tem mulher bonita.",aparencia
3734873,Com um beijo na nuca ela arrepia.,habilidades
3734907,Tem moça linda e fofoca das vizinhas.,outros
3734928,"Pra ela fica doidinha,.",comportamentos
3735069,"Minha muié, ela anda desconfiada acho que fica.",identidade
3737503,agora desce fazendo careta desce com a mão na cabeça desce ela é gostosa demais.,aparencia
3737510,"Ela é quente realmente do jeito que o povo gosta, ó como ela tá soltinha.",identidade
3737511,"Ó como ela tá gostosa e vai joga, joga, joga.",aparencia
3737525,ela é gostosa demais.,aparencia
3737866,"Ela é top, ela cai pra cima
.",identidade
3737870,"Gracinha, ela tá soltinha
.",identidade
3739011,Ela tá igual minha vida meio bagunçada.,comportamentos
3740323,Me liguei que ela é difícil deu pra perceber (perceber).,valores
3742778,Ela tá toda blogueirinha.,comportamentos
3744397,É a ignorância dos votos nos bons homens maus.,identidade
3744556,Paulinho é legado de.,comportamentos
3745370,"Eu resisti, mas essa mina é disposição.",habilidades
3745372,E a cada não ela vem mais ousada.,comportamentos
3745459,"Mulher bonita mexe com meu coração
.",aparencia
3745902,Ela diz tá está arrependida.,comportamentos
3745913,"E ele é o culpado
.",identidade
3745994,"Ela é a mina, mas você não é o cara.",identidade
3745995,"Nunca foi bijuteria, ela é uma joia rara.",papel_social
3746000,Eu vou deixar ela louca.,comportamentos
3746190,Disconfiança é tão ruim.,valores
3746368,E se ele é bom pra você.,identidade
3749050,Parceiro menino faceiro saiu do barraco.,comportamentos
3749598,É a minha mulher maravilha.,aparencia
3750174,Bagaço de cana pra ele é arroz.,identidade
3750416,Ver eles felizes para sempre.,comportamentos
3752002,E por você ela é capaz de enfrentar.,habilidades
3752259,Faz tanto tempo que ele tá sozinho.,outros
3753861,"Quando sente o jeito que ele deve ser tocado
.",comportamentos
3753977,"Deus do céu essa garota é diferente
.",identidade
3753986,"Ela não é boba, ela é sagaz.",habilidades
3754289,Ela é a dama e eu sou o vagabundo.,identidade
3756394,Ela é tão linda eu sei.,aparencia
3756564,A mina é maneira não colei com ela.,comportamentos
3756565,Mais sempre desejei que ela fosse feliz.,outros
3756754,Você mina direita e eu safado.,
3756934,Você é a mulher perfeita.,identidade
3757329,Tipo musa real.,aparencia
3757592,Ela é uma doçura de mulher.,identidade
3757595,Ela é perfeita tim tim por tim tim.,identidade
3758092,Me ferrei ela é baladeira.,identidade
3759406,Menina bonitinha pode vir já sem calcinha.,comportamentos
3759767,Homem decente.,identidade
3759796,Construiu sua família com uma mãe solteira.,papel_social
3761377,"No quesito, ouve o flow, Pelezinho é hepta, ayy.",comportamentos
3761632,Sou mina bela rebolo na tela.,
3761863,Ela é porrada.,
3762285,"Você é um rapaz tão pobre, não namoro pé rapado
.",papel_social
3762982,"Você fez, aconteceu com uma mulher maravilhosa.",identidade
3763601,Essa moça chique já contou trocado.,identidade
3764848,Meu pai foi minha referência de homem forte.,identidade
3764852,Por esses homens é preciso chorar.,comportamentos
3764871,"Esse homem violento, homem violado.",identidade
3767507,"Se ela está presente eu vou...
.",comportamentos
3767509,"Se ela está presente, eu vou
.",comportamentos
3768944,"Garota, ele não é verdadeiro.",identidade
3769188,porque a cama grande ela vaite arropar.,comportamentos
3769374,Ele anda grilado e preocupado pela cidade.,identidade
3770551,E ela vai ser bem melhor.,habilidades
3770627,Pra moça bonita um colar.,aparencia
3770740,Menina musa é minha música de paz.,aparencia
3770743,"Menina musa é minha música
.",identidade
3771019,"E ela já tá decidida, atrás do que soma.",
3771089,"Mas comigo ele foi covarde e malvado
.",identidade
3771683,Ela joga consciente.,
3771708,"Pé na areia, pé no mar, Deus é fiel, fé sem neurose.",valores
3771735,Ela é raposa traiçoeira e ainda diz que eu sou chato.,identidade
3772510,"Sou livre, sou musa cantante, sou só coração
.",identidade
3772785,eles ficam iguais.,identidade
3773057,Por isso para ela somos marginais.,valores
3773192,Uma mulher fatal.,identidade
3773636,Mas que mina gata.,aparencia
3774375,Ele é traiçoeiro.,identidade
3774498,Essa mina tá louca.,comportamentos
3774532,"Essa mina é safada foi embora com dj
.",comportamentos
3774537,Mina é safada foi embora com dj.,comportamentos
3774551,Escondidinho é mais gostoso.,comportamentos
3774565,Ela não é professora m.,identidade
3774568,Roger que mina maluca.,
3778197,Ela é minha menina lua.,identidade
3779337,a menina mais amada.,identidade
3780144,Menino já tão maduro.,identidade
3780501,Ela é tão carinhosa.,identidade
3780533,Ela é adrenalina pura.,identidade
3780534,A mulher mais livre que tu vai conhecer.,identidade
3780543,Ela é tão quente como fogo.,aparencia
3780594,"Ela é dama, rei e ás.",identidade
3780595,"Ave maria, ela é cheia de graça.",identidade
3780869,"Vem, que eu te faço a mulher mais feliz do mundo.",identidade
3782343,"Ela é surtada, marrenta, ciumenta de fase.",identidade
3783705,Branco fosse carinho.,papel_social
3783723,Branco fosse carinho o.,outros
3784878,Uma menina boa só parece que é boba..,identidade
3784879,"Toda, toda vai pensando que ela é trouxa..",comportamentos
3784886,Uma mulher confusa ao mesmo tempo tão monstra..,
3784890,Outra se falar que ela é tonta.,identidade
3784924,"Ela é cheirosa, gostosa como uva..",comportamentos
3785264,"Ele é o bode-expiatório da classe
.",identidade
3785309,"Quando quer, ela é perfeita pra ser minha mulher
.",identidade
3785328,"Porque ela é bipolar e com todos os defeitos quando quer
.",identidade
3788889,A mãe secretária na sapataria.,identidade
3790149,0 jovem era homem velho.,identidade
3791362,O homem rico contará o seu dinheiro.,comportamentos
3791369,"O homem rico e o tolo contarão flores
.",identidade
3791374,"O homem rico e o tolo abrirão as portas...

.",
3791876,Se ele estava errado.,outros
3792351,Agora eles estavam armados até os dentes.,outros
3792573,Ele era cego.,identidade
3795662,Nesses dias ele quase cega.,habilidades
3795717,Se ela preferir ficar sozinha.,papel_social
3797320,eles são tão parecidos mas não como nós.,aparencia
3797322,eles são tão bonitos.,aparencia
3798020,por isso ele parece muito mais potente.,identidade
3799125,homem é o nome do troço.,identidade
3800352,"você garota é a zona da minha vida
.",valores
3801014,"ele tá ligado,.",habilidades
3801280,"Somente ele é capaz de uma revolução
.",habilidades
3801616,Tão triste que nem uma mulher peituda.,aparencia
3802336,Ribeiro tava certo.,outros
3802386,O quê que importa se ele é preto e você branco.,aparencia
3803264,Menina simpática mas to sem prática.,identidade
3803268,"“Eita, menina gostosa da porra.",aparencia
3803288,"Eita, menina gostosa da porra.",aparencia
3805112,Pode revelar um garoto leite.,outros
3805681,Ela é uma ilha cercada de ilusão.,identidade
3805696,"E ela não quer ficar sozinha
.",comportamentos
3805707,Ela não quer ficar sozinha.,comportamentos
3806024,ao padre - ele é o doutor.,identidade
3806265,"Excelentíssimo senhor juiz, sou simples jardineiro.",identidade
3806267,"Ela é bonita, rica e formidável.",identidade
3806297,E no quintal da minha musa caprichosa.,identidade
3806446,Ele tá tão distante.,comportamentos
3806622,E isso não me fazeria um homem melhor.,comportamentos
3806651,Porque ele ficou dependente.,comportamentos
3806667,Ele está suspenso por seus pés.,comportamentos
3806761,Johnny estão noivos.,papel_social
3806868,"Que eles estarão perdidos
.",identidade
3807254,"quero meu corpo cremado, para que ele seja espalhado por toda cidade cenográfica em.",valores
3807751,as amiguinhas de sua filha adolecente.,identidade
3807940,E a esposa anda malhada.,aparencia
3809355,ela é moça direita.,identidade
3810389,Um homem livre cai em declive.,outros
3810785,Ela é gringa.,identidade
3810787,Ela é ginga.,identidade
3810790,"Ela é linda
.",aparencia
3810794,Ela é brisa gostosa.,
3810795,"Ela é linda, cheirosa.",aparencia
3810812,"Quando quebra na praia é linda, mas ela é linda!.",identidade
3811252,"E esse filme passou e ele é enlatado
.",identidade
3811283,Ela é boa e é tudo de bom.,identidade
3812157,Cuca não é fêmea.,outros
3812699,Ela é sexy.,
3812705,Ela é surda pros otários.,identidade
3812950,Ela é neurótica.,comportamentos
3812969,Ela não é a cinderela e eu gosto dela mesmo assim.,identidade
3813291,"Finalmente ele está certo""
.",identidade
3813517,Mulher bonita aqui não pode faltar.,comportamentos
3813676,"Mulher bonita de montão num só país num só lugar?
.",
3814522,Olha menino tu não é minha cria menino feio.,identidade
3814538,"Perdi meu emprego e apanhei outra vez
.",identidade
3814559,Mulher linda toda hora é gostoso de se ver.,aparencia
3816350,Tu sabe que elas são raridade.,aparencia
3816444,Um rapaz tão seguro.,identidade
3816656,Ele é falso como a sua alma.,
3817270,Eles são o sexo mais forte.,identidade
3818166,"Essa mina é muito linda, Acho que vou enlouquecer.",aparencia
3819924,É a musa soberana nesse bar.,comportamentos
3819930,Menina singular.,identidade
3820470,"Sabe ser uma mulher fatal
.",identidade
3820483,"Pra não ser uma mulher normal
.",outros
3820729,"No coração dos homens maus, já se acabou.",valores
3821307,Fama de homem bom.,comportamentos
3821630,E ela ouve da minha boca que ela é simplesmente linda.,aparencia
3821636,Eu tenho um receio que ela ache careta.,
3822070,Exceto todos os espelhos que confirmam que ela é linda.,aparencia
3822703,"E mais um dia ele não vai dormir sozinho,.",outros
3823164,Mãe bom dia.,outros
3824946,"E nem se toca, nem se toca que aquela mina especial.",identidade
3825664,"Zé é fuçado, ele é todo equipado.",outros
3825994,Falo sempre palavrão e ela é voga no inglês.,outros
3825996,"Sou um louco pobretão e ela é herdeira de um ricão
.",
3826005,"Não esquento com horário, ela é britânica, coisa e tal.",identidade
3826301,"Umas minas bem loucas, um calor de mil grau.",identidade
3826625,"Ele é um artista, um ator,.",identidade
3828379,Você diz que eu minto que sou uma mina cínica..,identidade
3828380,Eu não sou uma mina cínica.,identidade
3828381,Eu sou a garota química.,identidade
3828550,E onde já se viu garota escrota como eu.,identidade
3828791,"Eu digo: não esquenta, sou uma mina legal
.",
3829554,Que ela não é santa.,identidade
3830134,"Ar mulher elegante e tem ar mulher brega
.",aparencia
3830137,"Tem mulher bunita , mulher inteligente ar.",
3830139,Tem mulher segura e tem mulher carente.,papel_social
3830167,Tem mulher manera e a mulher barro.,aparencia
3830390,E quando eu chupo ela é uma lavagem cerebral.,habilidades
3830409,Porque quando eu te digo: Mermão ela tá dando mole.,comportamentos
3831751,"As mulheres tavam soltas demais,.",comportamentos
3832141,"Sou um homem solitário
.",identidade
3834366,Lua e parei no momento.,outros
3834368,"Ela domina o tempo dessa selva, ela é leoa.",identidade
3834372,"E que geral disfarça parça, ela é mó brisa.",comportamentos
3835172,"Homem casado ""fica tudo exibido"".",identidade
3835177,Juvenal é cabra muito inteligente.,identidade
3835266,"Ele é nordestino e não foge sem lutar
.",identidade
3835271,"Ele é o lamento da alma do meu sertão
.",identidade
3835437,Se é verdade que um homem rico leva uma vida triste.,identidade
3835519,"Se ela é alta, média ou pequena.",aparencia
3835789,Porque ela é minha menina.,identidade
3835855,Menina pura como flor.,identidade
3836033,"Só uma mulher gostosa te dá a vida eterna
.",aparencia
3836054,Só uma mulher gostosa te dá.,aparencia
3836058,Só uma mulher gostosa te dá (3x).,aparencia
3836080,A sua menina tá crescidinha demais.,identidade
3836507,Ela adora punk rock eu sei.,identidade
3836898,"...Ela é punk rock meu bem


.",identidade
3837334,Se ela era feia antes d'eu beber.,aparencia
3837545,O que sua filha patricinha viu num cara louco como eu.,identidade
3838023,revelar segredos sobre ele mesmo.,comportamentos
3838198,ele é tão grande quanto esse seu.,aparencia
3838701,ele estava estacionado.,comportamentos
3838721,da menina mais bonita.,aparencia
3839168,Montezuma será fatal.,comportamentos
3839355,"Do homem errante
.",identidade
3839434,"Ao homem racional
.",identidade
3840728,Ele era pequeno.,identidade
3841412,"De garoto podre
.",outros
3841413,Garoto podre.,identidade
3841414,"Garoto podre
.",identidade
3841511,Johnny foi preso.,identidade
3841931,Ele é o reizinho poliglota.,habilidades
3841941,Ele é o príncipe.,identidade
3841945,Ele é muito bacana.,identidade
3842046,Zé nunca foi latifundiario.,habilidades
3842047,Zé nunca foi patrão.,habilidades
3842584,"Ela é feita de chumbo, acho que vai desabar.",identidade
3843240,Deixou pra trás um namorado chato.,outros
3843309,"Mulheres nuas, sensuais..",aparencia
3843828,Ele era o homem que bebia demais.,comportamentos
3843839,"Ele era o homem que bebia demais
.",comportamentos
3843856,Ele era o homem que bebia....,identidade
3844864,"Paulo é gigante,.",identidade
3844869,Paulo está moicano.,aparencia
3845254,"Eles estão cegos, eles estão podres.",identidade
3845537,"Observe agora, eles já estão cegos e.",habilidades
3846237,"Observe agora, eles já estão cegos e suicidas..",identidade
3846675,"Homem rude, homem cruel.",identidade
3846692,O erro do homem é gananciar.,comportamentos
3847061,Ontem a garota prostituta se matou.,identidade
3847351,garoto pequeno joga fora seus brinquedos.,comportamentos
3847433,"mulher é coisa rara, brinquedo mimado.",identidade
3847456,por ter criado a minha nova esposa fiel.,identidade
3847897,Ela é vegetariana e almoça no.,identidade
3847910,Ele quer ser punk.,comportamentos
3847911,"Ele quer ser punk, punk, punk....",identidade
3847913,"Ele quer ser punk, punk, punk...
.",comportamentos
3848187,Você mulher solteira.,identidade
3848194,Seu homem tá cansado.,comportamentos
3848489,Eu to cansado de mina bonitinha sonhando em ser modelo.,aparencia
3848990,"Tem umas minas loucas que me encaram no começo,mas eu fico de cantinho enxugando mais um vinho...",comportamentos
3849400,As garotas são bonitas e jeitosas.,identidade
3849467,"Foi a vontade de deus que ela fosse minha mulher
.",valores
3849823,Mina louca!,identidade
3849991,"Uma mina muito linda, em cima da casa olhava.",identidade
3850142,A mina era feia e agora dá pra encarar.,aparencia
3850586,E o homem branco verá.,identidade
3850588,E o homem branco verá (aaaaaaaaaaaah).,outros
3850594,Aquela peste é doença de homem branco.,identidade
3851672,"Tipo menino bobo, isso pra mim é novo.",
3851740,"Ela é valiosa e você sabe o quanto vale
.",identidade
3851744,É que enquanto ela geme mais alto.,comportamentos
3851796,"Ela é safada e quer o meu cordão de ouro
.",comportamentos
3852161,Essa menina é a perdição.,outros
3852261,Ela é a levada do soul.,outros
3852321,"Essa mina é responsa, paga suas conta.",identidade
3852908,A nossa pista em chamas e o tempo montando.,outros
3853497,Será que eles são tão puros.,valores
3853690,"Ela é mó gata, e tem uma cara que não vale nada,.",aparencia
3853732,"Ela é experiente, sentando me deixe mais leve.",outros
3853772,"Ela é minha flor de marte
.",identidade
3853841,"Paraíso, elas são a passagem.",valores
3853932,Mulher elétrica.,identidade
3853946,"Ô, fé, no banco do carona, ela é maravilhosa, cheirosa.",aparencia
3854130,Ela é a perdição e acabou que eu virei refém.,
3854580,O telefone na chamada é mais de cem.,outros
3854883,"Foda-se as diferenças, do bem ela é provida.",identidade
3855336,Eu sagitariano e ela escorpiana.,
3855387,Eu transando com mulheres experientes.,comportamentos
3855577,"Mulher virtuosa, ela é meu tesouro.",identidade
3855649,Coincidentemente ela é capricorniana.,identidade
3856388,"Amor, de cabelo solto, ela tá solteira.",papel_social
3856567,"Poxa preta, as mina tava loca.",comportamentos
3856620,"No fim das contas, todo pai é um homem morcego.",identidade
3856912,"Ver que a neta é foda, missão num tá falida.",papel_social
3857434,"Ela é tão diferente, eu de rolé pelo mundo.",identidade
3857627,Niro é top.,habilidades
3857854,Vejo um jogo cênico dos moço cômico.,identidade
3858079,E ela achou grandiosos planos que saíram da minha boca.,outros
3858265,O homem livre se envolve com livros.,identidade
3858337,Meu menino é um deus ateu.,
3858611,Eu só me considero um rei porque ela é uma rainha.,identidade
3858771,"Tá tudo errado, eles tão vidrado, só querem ver o que o mundo tem.",comportamentos
3859143,Debaixo dessa farda eu só vejo homem covarde.,identidade
3859436,O homem ariano não é o super-homem de.,identidade
3859519,"Esfregando, ela é a lâmpada, eu sou o gênio.",identidade
3859652,"Só garoto novo (Garoto novo) , cria do morro (Cria do morro).",identidade
3859739,"ela tá virada, ela é pipa avoada.",comportamentos
3859800,Ustra nunca foi brilhante.,outros
3859879,Eles são racista?,identidade
3859885,Mas eles mesmos que venderam as armas.,outros
3860134,"Sob a luz do luar, imagina ela nua.",aparencia
3860709,Tipo toda mãe solteira.,papel_social
3861195,"Mulher periférica, sistema teme.",identidade
3861215,Mas não bota uma mina preta nos clipe.,identidade
3861231,Que por eles memo foi morto.,outros
3861330,"Ela é linda, menina.",aparencia
3861336,"Tesouro, chata, ela é paz pra um psicopata.",identidade
3861628,Preparei pra eles novos paletós de madeira.,outros
3861653,Jorge escolhi ser amado.,valores
3861777,Porque sei que ela quer ficar high.,
3861809,Descobri que minha mina tá grávida.,
3861833,E mexer com ela é igual mexer comigo.,comportamentos
3861869,Note que todo menino é um rei.,identidade
3861871,No banco do carona ela é maravilhosa.,identidade
3862291,"Se deus é perfeito, ele é indiferente.",valores
3862334,"Se eles são rap, eu sou o.",identidade
3862342,Eu quero acender enquanto ela quica.,comportamentos
3863219,"É ela não vai ser transferida (jamais)
.",papel_social
3863297,"Sei que homem é homem, moleque é moleque.",identidade
3863327,Hoje ela é minha menina.,identidade
3863328,Linda mulher libertina.,aparencia
3863399,O homem sábio sempre aprende com o passado que teve.,identidade
3863606,"Cult passa mau, rei real.",identidade
3863618,"É que ela linda, linda, linda, linda, linda, linda.",aparencia
3863713,"Ela é gostosa demais, ela é bonita demais.",identidade
3863743,"Ela é sutil como um beijo
.",identidade
3863817,"Se a responsa tá no porte, ela não vai ser transferida.",
3863884,"Desde menino novo, bruxo.",aparencia
3863971,Ela é caçadora de emoção.,comportamentos
3864507,"O estado é um rei gordo, arrogante e velho
.",aparencia
3865489,"Eu tento ser um homem bom, melhorar todo dia.",valores
3865490,Tem fases que eu sou um homem ruim e nem mesmo me empenho.,identidade
3865538,Final do dia com grana na conta e mina gata.,aparencia
3866652,"Cercado de mulher fútil que é útil só pra foder
.",identidade
3866771,"Mas um dia vazio, outra mulher louca.",
3866898,Pra eles parece tão fácil.,habilidades
3866997,"Que eu conheci um dia, menina inocente.",comportamentos
3867158,"Zé não é lembrado, um.",identidade
3867266,Eles falam mau do.,comportamentos
3867495,"Se ele vai acaba alegre, ou se acaba por aqui..",identidade
3867993,Agarre esse halter e segura ele inteiro.,outros
3868000,Ele foi condenado por zeus pra segurar.,identidade
3868316,Ela é gremista e eu sou colorado.,identidade
3868331,"Eu não me importo com detalhes, mas ela é detalhista
.",identidade
3868334,"Ela é tão meiga, irmão, e eu pago de durão.",comportamentos
3868339,Ela é sempre muito calma e eu explodo sem pensar.,identidade
3868343,"E eu conheço ela, pra mim ela foi feita.",identidade
3868344,"Amo até os defeitos, eu diria ela é perfeita.",identidade
3868351,"Ela é cheia de sonhos, eu sou meio indeciso.",identidade
3868973,"Deixei ela falar sozinha, vou comer que ganho mais.",outros
3869294,"Alem de ser otário ele ainda é muito gordo""
.",aparencia
3869431,"Mina doida, tora!
.",comportamentos
3869564,E ela tá sempre mó daora.,
3869801,a missão era matar mas nois merecia ser santo.,identidade
3870191,"Ai, ô, mulher bonita.",aparencia
3870587,Que eu tenho filho pra criar e minha mulher é braba.,identidade
3870787,"Sem cartões de quartos de hotéis, minas infiéis.",outros
3871042,"Na levada quetamina, e eu odeio mina quieta.",comportamentos
3871229,Mano ta louco nada é por acaso.,outros
3871312,Damas belas falam uh.,comportamentos
3871434,E elas louca quer sentar na pica.,comportamentos
3871791,"Se ela é missão impossível, eu sou tom cruise.",identidade
3871798,Ela é cobiçada tipo marilyn monroe.,identidade
3871823,"Ei, que mina difícil.",comportamentos
3871832,"Uou, nog, essa mina é mó maluca (fala memo).",identidade
3871985,Que ela fume primeiro.,comportamentos
3872631,Ela sexy falando.,aparencia
3872867,"Ela louca, ela louca pra sentar no pau.",comportamentos
3873003,minha avó tá velha!.,identidade
3873102,Ela é ganguera igual a mary j.,identidade
3873107,"Ela é a alquimia, na formula do mandrake.",identidade
3873140,Os caras sabem que ela é muito sexy.,aparencia
3873193,"Minha musa inspiradora, sedutora.",aparencia
3873209,Ela é capaz de instigar.,habilidades
3873264,Se ela cola linda várias mina se incomoda.,valores
3873319,É que ela é linda e ela é louca.,identidade
3873373,"E mesmo que ela se foi, ela é parte de quem eu sou.",identidade
3873525,"Nike, ela linda de.",aparencia
3873837,Te avisei que ela era uma vaca!,comportamentos
3873839,Você tá no stress e ela tá relax.,outros
3874550,"Nog, ela fica molhada
.",comportamentos
3874576,"Kenner é descolado, 'cê sabe.",identidade
3876271,Então deixo ela mais cômica.,comportamentos
3876494,Numa vida séria menina moça.,aparencia
3876562,Eles tão bolado porque...,comportamentos
3876937,"Antes fosse uma cadela, e ela é diferente?.",
3877221,ela é minha lei.,outros
3877226,"Sampa, ela é a pampa, ela trampa e por isso essa track
.",comportamentos
3877241,Ela é mó gostosa.,aparencia
3877242,Ela é mó gatona.,aparencia
3877243,Ela é mó postura.,comportamentos
3877244,Ela é minha princesa!.,identidade
3877320,"Mas na certa, garota veneno que flerta.",habilidades
3877324,Ele carente e sozinho.,identidade
3877325,Ela contente e sorrindo.,identidade
3877647,"minha mina bruto, orelha quente.",identidade
3877760,"Ela é tortura no colt, ela é sexy, vem.",identidade
3877761,"Ela é sexy, vem
.",aparencia
3877763,"Todas as mina louca na minha cama, yeah.",
3877800,"Ela é sexy, vem.",identidade
3877903,"Ele é desumano, rimando!.",identidade
3877906,Ele é fenômeno e não o cristiano!.,identidade
3877914,Rimando ele é um psycho.,outros
3877927,Eles querem ser pop.,comportamentos
3877959,Deus pela esposa linda.,outros
3878310,"Quer me testar com as cartas, então tome
.",comportamentos
3878491,"Ela quer tudo de novo, ela é cara (Safa**).",comportamentos
3878501,"Tua boca, moça pequenina.",aparencia
3878751,"Ela é chavosa, dá uns bola, usa.",identidade
3878752,"Nike de mola, ela é puro charme.",outros
3878753,"Ela é muito chique, ela dá um choque, ela é muito rica, kit de [?] (Wow, wow).",identidade
3878755,"Kay, te falei, essa mina é covarde
.",comportamentos
3878766,"Ela é minha cobiça, ela é um dia na quebrada sem polícia.",comportamentos
3878808,"Mas ele bebendo voltava bem torto, louco.",outros
3879444,Se sabe que nego que rima precisa de mina pra ta apaixonado.,outros
3879723,A minha mina é a mais gata.,identidade
3879747,fervendo com a mina mais gata.,comportamentos
3879820,"que mina maluca, filha da puta, entendi nada e óó.",identidade
3879912,Ela é gostosa demais.,aparencia
3880464,"Jovem rei cheio de gana, zero de grana!.",papel_social
3880696,"Que ela era certa, pensei que era com ela.",outros
3880794,E essa mina é foda né parça.,identidade
3880809,"Essa mina é distração, é massa de manobra.",identidade
3880845,"Essa mina é maneira que brisa ela se acaba e vai, e vai.",identidade
3880846,"Ela fica quente, sensualiza dahora.",identidade
3880859,"Ela é jazz, tá voraz, ela é racional.",
3880863,Só que ela é mais gostosa.,aparencia
3880880,Mano a mina tá mandada.,identidade
3880909,"E ela tava esquecida igual ""Macaulay.",outros
3880989,"Ela é ganja, me deixou pensativo que nem marijuana.",comportamentos
3881004,"Purificando a minha alma, ela é igual rei.",identidade
3881467,Eu acredito que o homem é o lobo do homem.,valores
3881475,"É real e ela é falsa e pede muita fumaça, e eu vou.",
3881845,Ela é muito melhor do que as gostosas da.,aparencia
3881859,"A mina geme gostoso, a mina chupa com gosto.",habilidades
3881885,"""mulher elétrica 10.000 volts"", segura minha colt e atira.",comportamentos
3881996,"Lapa, ela é a mais gata.",aparencia
3882006,"Com ela é só putaria (novo hit, vai)
.",comportamentos
3882021,"Ninfa, em qualquer posição ela é ninja.",habilidades
3882176,"De ser minha mulher normal, normal.",papel_social
3882187,Menina bandida.,identidade
3882268,Ela sempre foi tão sexy.,identidade
3882272,Ela sempre foi gostosa de alma underground.,aparencia
3882308,"Ela é maravilhosa, me deixa maluco.",identidade
3882310,"Ela vai sempre volta, sabe que a melhor opção é o pretinho.",outros
3882320,"Essa mina é maluca, na cama fica solta.",identidade
3882325,"Ela é maravilhosa
.",identidade
3882351,"Senhorita ninfo, viciada em fuder o dia inteiro.",
3882368,"Terra ao céu, faz cara de santa mas na cama ela cruel.",comportamentos
3882893,Ela é manipuladora e só quer ser sua amante.,identidade
3882895,"Ela é punk, ela é funk, da 2 no skunk.",identidade
3882975,"Ela é nitroglicerina, tatuada e linda, perfumada de resina.",identidade
3882986,"Ela é sereia, bota chapa quente.",identidade
3883004,"Ela é sensual, visual, vai até pro festival.",identidade
3883015,"Pede um whisky label gold, essa mina é preciosa.",comportamentos
3883049,"Sá mina é sacanagem
.",
3883087,Sá mina é sacanagem.,identidade
3883090,"Sem minha dama serei incompleto, um grito sem eco.",valores
3883092,"Vai por terra, se desperta; sem ela tô inquieto.",
3883169,Miller podia ser carioca.,identidade
3883307,"Ela é sereia, heroína na veia.",identidade
3883333,Observo a princesa mais sensual.,aparencia
3883389,"Jobim tava ligado, fez.",comportamentos
3883617,"O crime cobra seu preço, e ele é alto demais.",valores
3883778,Não quero ofender ninguém mas ele é indefeso.,identidade
3883783,As menina faz igual na capa da.,identidade
3883912,"Igual titãs, homem primata.",identidade
3883963,"Pois ela é didática, sistemática, às vezes é sofrida
.",identidade
3884076,A mina linda vem pedir.,aparencia
3884170,"Botar ela nua, eu vou pra caça
.",aparencia
3884260,Rei tá morto.,aparencia
3884485,"Bonita e feia, princesa sereia.",identidade
3884527,"Ela é dançarina, esculaxa no pole dance.",identidade
3884565,"Vc é linda e tem estilo até na roupa íntima, no seu jeito de intimar.",identidade
3884657,Ela ouve boa música.,habilidades
3884658,Ela é moderna e rústica.,aparencia
3885316,"Nem a mãe irresponsável que aos 15 me pariu, é foda,.",papel_social
3885335,"longe de uma cela, pintando a vida em aquarela, porque ela é bela,.",aparencia
3885482,O proceder de um homem honrado não tem corporação.,identidade
3885862,Eles tão bolados.,comportamentos
3886186,"quem tem respeito, sujeito homem sagaz.",comportamentos
3886282,O menino maluco que sonha acordado.,identidade
3886755,Pra você minha princesa detentora de rara beleza.,aparencia
3887247,As minas ficam esqueléticas.,aparencia
3887345,"Grower não é traficante, legalize pra ""vaer""
.",identidade
3887572,eu me lembro que ele tava recoberto por um véu.,aparencia
3887808,A nossa pátria mãe gentil se acostumou com os maus momento'.,outros
3887864,lá só tem assalto a banco e ele é filho do.,valores
3888003,ele tá todo borrado tá mijado tá com medo.,valores
3888071,Datena foi tachado delinquente.,identidade
3888101,Para eles era lindo pois faziam por amor.,aparencia
3888475,"Ele é foda, terrorista com o seu fuzil na mão.",comportamentos
3888794,"Na paulista, brigadeiro ele era ofice boy não temia a.",identidade
3888826,Ele é justo e fiel basta orar e jejuar.,valores
3888833,E mesmo assim tinha inimigos homens maus.,comportamentos
3888856,Daniel então foi jogado nas covas dos leões..,outros
3889083,"Não é presidente, não tem eleição, ele é o cara, morô, sangue bom?
.",identidade
3889164,ela é útil pra que?.,papel_social
3889309,"É assim mesmo o homem nunca tá preparado pra perder seu barato é só ganhar, ele.",outros
3889421,Ele fica chateado quando a tiazinha crente.,identidade
3889570,"Mas se nóis acorda o jack, nóis é tipo homem bomba.",outros
3889651,"Delegado ele é forgado, continua provocando..",identidade
3889864,O seu dinheiro ele é sujo e você é demente.,identidade
3890012,"Fala nada ele é sensacionalista, nunca vai reconhecer.",
3890152,Vem com nois também tá teno.,comportamentos
3890233,"ENCONTRO COM ELA NA ESCURIDÃO, COM O TENENTE, O CAPITÃO
.",outros
3890254,"O baguio tá doido, o homem é sujo.",comportamentos
3890335,Dinheiro ele não tava preocupado em salvar sua alma.,outros
3890723,Criar homem bomba.,outros
3890886,te ofereci mulher ligeiro você não quis.,comportamentos
3890891,"conheço ele é meu, e eu que mando nele.",outros
3890922,Homem inútil infeliz se torna pó com um soco.,identidade
3890985,Mais uma senhora sendo esmurrada.,comportamentos
3891030,e seis achavam que nois era tipo mágico de.,identidade
3891415,"Ele não é filho do homem, quer exemplo?.",identidade
3891711,"dinheiro ele não tava preocupado em salvar sua alma,.",valores
3891752,"relógio, tênis, bebida, mina fácil de ensacar.",outros
3891826,ce troca de mulher igual ce troca de roupa.,comportamentos
3891861,O homem é livre quando ele é capaz.,habilidades
3892164,Cinco horas da manhã ele continua andano.,comportamentos
3892251,_''Djalma tá errado tem que haver uma mudança.Na rua.,outros
3892306,-''O pai era pedreiro a mãe era domestica como ele.,identidade
3892607,- Djalma tá errado tem que haver uma mudança.,papel_social
3892664,"""O pai era pedreiro a mãe era domestica como ele.",identidade
3892752,ele é merecedor de levantar a taça.,comportamentos
3892933,Duas na mente ele já é um canalha.,identidade
3894059,"Rod não é preto, mas também não é branco.",aparencia
3894256,"Cada sorriso dessa mina é uma mina que eu descubro todo dia, que sorte a minha.",identidade
3894267,"Com tudo isso e ela ainda ficou mais linda
.",aparencia
3894313,"Nunca passar despercebida, onde ela chega é bem recebida.",identidade
3894315,"Mina mais linda da festa regada a bebida
.",aparencia
3894317,Ela é mulher com marra de menina.,identidade
3894347,"Ela é só paixão, me atira no chão, vem com determinação.",
3894547,"Hoje à noite, eu e ela é constelação.",outros
3894842,Os menino nervoso é depósito.,identidade
3894919,Foda que ela é linda.,aparencia
3894927,"É que ela é rua no olhar, dama no porte.",identidade
3894929,"Pauta do bonde, é que ela é coisa fina.",identidade
3894930,"Eu não posso lidar primo, ela é gata demais linda.",identidade
3894959,"Ela tem a manha, menina mulher você me ganha.",identidade
3895199,Bom que ela é tímida e eu sou meio atentado.,identidade
3896086,vivo ela como é pedida sem tirar medida pronto pra.,comportamentos
3896473,Se o gringo axa lindo sorte que ele tá iludido.,identidade
3896533,Um beijo na mulher boa noite pros filhos.,outros
3897150,"Noite quente, mina ofegante, ela na frente, vamos adiante.",outros
3897219,Hot cheese essa mina é natural e sem silicone.,aparencia
3897480,"Eu tive que ser ágil, ela não é fácil.",comportamentos
3897482,Dizem que a mulher é frágil.,outros
3897703,Gostosa no ponto ela é foda essa mina já virou.,aparencia
3897704,"Pauta do bonde, ela é coisa fina.",identidade
3897705,"Eu não posso lidar, primo ela é gata demais.",aparencia
3897706,"Linda ela é obra divina, ela é tipo o pecado.",identidade
3897739,"Foda que ela é linda
.",aparencia
3897867,Me prometeram nessa indústria dinheiro e mulheres belas.,papel_social
3898090,Eles são tão falso eu fico abismado.,papel_social
3898254,"Mano é papo de visão, se é pra viver posso morrer por.",identidade
3898349,Fé no futuro que ele não será mais incerto.,outros
3899797,Mulher elástica.,habilidades
3899829,"Ela é tão flex, Tipo flexível.",comportamentos
3899837,"O amor, ele é complexo.",identidade
3899862,"Ela é diferente, confunde a gente.",
3900302,Se tudo valeu a pena e se ela foi verdadeira.,valores
3901210,Ela é tão linda e tem o dom.,identidade
3901227,Por isso que gosto é que essa mina é tão louca.,identidade
3901230,O tanto que ela é gata incomoda.,comportamentos
3901354,"E pra quem tiver no veneno, ela é afiada curta e grossa.",outros
3901657,"Essa mina é complicação, quero a mina lazer.",identidade
3902106,Dizendo que a fé lhe fez mulher corajosa.,habilidades
3902281,"Xangô ela é filha, que nem ouro ela brilha.",identidade
3902458,"Ele é papel, caneta, é lição, som e letra.",identidade
3902470,""", ele é free, ele é show.",identidade
3902631,Já foi garoto zen.,identidade
3902632,"Tranquilão, menino bom.",identidade
3902782,"Eu quero ajudar, ela é independente.",
3902788,"Eu peço um espaço, ela é mó carente.",comportamentos
3902791,"Ela é principal, não sai da minha mente.",identidade
3902792,"Ela é pontual, eu sou raramente.",comportamentos
3902793,"Ela é natural, eu sou transparente.",habilidades
3902794,"Eu sou marginal, ela é bem decente.",identidade
3902887,"Enquanto vocês falam, eles já tão lá fazeno.",comportamentos
3903055,"Eu meio estressado, ele muito engraçado.",comportamentos
3903056,Na corrida da vida ele já vai disparado.,papel_social
3903060,E ele nem é culpado de com dinheiro nascer.,papel_social
3903284,"Dizendo que a fé lhe fez mulher corajosa
.",valores
3903610,Um homem plural.,
3903676,Ela age sempre sorrateira.,comportamentos
3903680,Vai pensando que ela é brincadeira.,papel_social
3904004,"""Essa mina aí é proibida pra mim, No way"".",identidade
3904303,"Rima, sou eu memo um homem plural.",identidade
3904537,O que que uma menina tão bela.,aparencia
3904635,"Homem feio só namora quando o bonito não tá
.",
3904649,E eu só não posso me deixa levar por um sorriso de mulher bela.,aparencia
3904938,"Se um dia a coragem foi líquida, agora ela é sólida, irmão.",outros
3906394,Buceta pro homem fraco é que nem cocaine.,outros
3906444,Ela é justa meu bem.,
3907201,"A mulher mais linda do sistema solar
.",identidade
3907254,Princesa única da sua espécie.,identidade
3907803,"Seguindo o meu caminho de homem livre, sem credor
.",identidade
3908026,Ela tava linda no estilo mulherão.,identidade
3908060,"Porque no recinto não havia mulher mais bonita
.",aparencia
3908180,"O criador de todos os atores e atrizes, Ele é o autor.",outros
3908188,Emanuel tava comigo.,identidade
3908245,Só não sabiam que ele nunca seria rendido.,outros
3908256,"Nesse tipo de assalto, ele ainda era novato
.",identidade
3908379,Menor ele fica quanto maiores formos nós.,identidade
3908552,"Um homem invisível, chamado de otário.",papel_social
3908981,"Seja ele bom, seja ele ruim.",identidade
3909182,Agora a jovem esposa é viúva de vivo.,identidade
3909390,"E ela é boa com planos, pois assim começamos a gerar resultados.",identidade
3909429,"Garota perva me testou, falo de fatos sei que ela cortou a luz.",outros
3909538,Errou é game over.,outros
3909682,Levei nas costas meninos briguentos.,papel_social
3910275,Até que fecha não eu não vazo ela deixa nítido o teste.,outros
3910687,"Brindei my fucking day, geração de reis dais quais eu enterro.",identidade
3910690,"Brindei my fucking day, geração de reis dais quais eu enterro
.",outros
3911311,"Observe meu olhar, de parte homem parte lobo,.",
3911605,"Os amigo evita, a mãe aflita, o time perde.",comportamentos
3911704,"Mas ó, que menino depressivo.",identidade
3911765,Ele é bom de mentira pra suprir a falta de originalidade.,identidade
3912244,Que eu sou moço boa praça.,valores
3912265,Sem ele sozinho estou.,identidade
3912421,Menino mau que monta em cima da humildade.,identidade
3912808,"Mulher casada não pode, mata bem mais que revólver.",identidade
3912963,Mulher casada não pode.,papel_social
3913290,Ou deixa minha mãe aflita.,comportamentos
3913646,Ganha dinheiro me tornou um garoto pródigo e.,identidade
3913788,Olha quanta mina gata deixando minha mina brava.,identidade
3914047,"Menina mulher, o que tu quer?.",identidade
3914077,"Garota que transborda conhecimento, mulher inocente
.",identidade
3914165,"e só vejo ela nítida, mirabolar
.",outros
3914207,O medo intimida o homem tímido.,
3914832,O que me assusta são homens vivos com vaginas.,outros
3915290,Mina bandida tu sabe né?.,aparencia
3916089,Em tão pouco tempo garoto precoce.,identidade
3916141,Eles são tão ruins.,comportamentos
3916696,Veja na tabela aquela mina bela.,aparencia
3916942,"Que finge orgasmo (menino asno)
.",comportamentos
3917669,Garoto que caça garota que caça garota donzela.,aparencia
3917940,Us menino é bom.,identidade
3918025,"Marte, mulheres noturno.",identidade
3918153,E ela dança haikaiss.,habilidades
3918263,"Mulher é matte, abre a carteira que elas late.",habilidades
3918949,Quando surge um homem negro.,aparencia
3918975,"Sei que em todo homem mau,.",identidade
3918976,"Ainda existe um homem bom,.",valores
3919055,Ela diz que ele vive igual matrix.,papel_social
3919116,"Então mostra pra eles como é curto o pavio, hé !.",outros
3919168,"Todos sentem, mesmo morna, ela fria é diferente.",identidade
3919334,"(Spinardi agora é nóis, senta aqui)
.",outros
3919413,"Química imediata, eu curto mulher chata que cisma.",comportamentos
3919623,Com a mina bonita na fita meu caro.,aparencia
3919684,Combustível de um homem doente.,papel_social
3920769,"Pra você ver como ela é esperta, e eu de boca aberta.",comportamentos
3920864,"Porque a confiança é uma mulher ingrata,.",comportamentos
3921036,"Moleque é sangue bom, se roda segura a bronca.",identidade
3921059,Com menos de 17 ele já estava legal.,identidade
3921291,Os homens são sentimentais.,identidade
3921428,"não ignore esse momento, ele é verdadeiro,.",comportamentos
3921461,pois ela ainda é uma criança e.,identidade
3921820,Ela estava preparada já na mesa do parto com muita.,comportamentos
3921935,garoto inocente).,identidade
3922186,Hei escuta seu anjo ele fala sério.,habilidades
3922498,já foi mais um na periferia só mais um rapaz comum.,identidade
3922504,"mais um rapaz comum mais um rapaz comum
.",identidade
3922557,João agora é mais difícil controlar o.,identidade
3922579,João é preto velho tem.,identidade
3922668,mais um rapaz comum mais um rapaz comum.,outros
3923197,"É W DEE, mas ele era um irmão meu.
.",outros
3923522,"Menino bom mas, pobre, feio, fraco, infeliz, só.",identidade
3923562,Mestrão irá saber reconhecer o homem bão.,identidade
3923921,Mas o tempo passa e ele é professor.,identidade
3924277,Moleque é morto a tiros na favela.,identidade
3924498,Se deparou com um homem frio.,comportamentos
3924743,"Jamais, Hitler também foi aplaudido.",outros
3924913,"..(mas o tempo passa e ele é professor)
.",papel_social
3925090,"Marcão foi doido memo em tio, mas.",identidade
3925202,"Amor de mãe impossível de explicar ""não dar"".",outros
3925236,É a vida como ela é nua e crua.,valores
3925534,"ta toda empolgada, mãe é advogada.",papel_social
3925696,"Mas ela é forte, acredite ela vai superar.",
3925995,"Ele é incomparável, inconfundível, inacreditável.",identidade
3926296,"Tem que matar mina gestante, idoso, criança.",outros
3926459,senhora pobre..,identidade
3926993,Bahia e minas gerais.,outros
3927435,Tenho fé pra provar que cristo é imbatível.,
3928088,Ai rapaz inteiror é só bandido envolvido.,
3928291,Não quero ver a sua mãe encima do seu corpo (morto).,outros
3928534,Jesus sendo consolo e ombro amigo.,papel_social
3928710,Pedindo dinheiro eu não sei se é um marido doente.,aparencia
3928941,"Só no começo, afinal de contas ele é traiçoeiro.",identidade
3929030,aqui os menino bom tá de traca e furador.,habilidades
3929061,"Aqui os menino bom tá rasgando as de 100 nas boate,.",identidade
3929085,o cifrão criou os gladiador aqui os menino bom.,identidade
3929356,Eu to ligado que ele tava drogado.,comportamentos
3929419,É assim mesmo ele é cheio das mancada.,comportamentos
3929450,Aquela mina é firmeza.,comportamentos
3929488,"Aquela mina é firmeza
.",identidade
3929508,"Aquela mina é firmeza...
.",identidade
3930024,Sou filho de mulher guerreira filho de.,identidade
3930384,só na gente mas mulher é diferente.,aparencia
3930393,então parceiro deixa ela ser feliz..,comportamentos
3930410,de moleque tá ligado.,outros
3930678,"O SENHOR QUEBROU MEU RADIO, MAS PORQUE FEZ ISSO.",outros
3930827,Ela é minha namorada.,identidade
3930989,é poblema eu ouso no meu carro aquela mina é firmeza.,identidade
3931178,"Pra boyzinho todo chic vai filha puta 2x
.",identidade
3931538,Ele é odiado por aqueles que não.,comportamentos
3931544,Mas ele é admirado e respeitado.,identidade
3931816,"Mas fica sabendo, Deus está contigo.",identidade
3931935,Um dia sua mãe estava contente.,identidade
3931942,O bem amado ele era adotado.,identidade
3931943,"Sua mãe era simples, seu pai um bom senhor.",identidade
3931946,E quantas vezes eu via sua mãe tão contente.,comportamentos
3931956,Ele era feliz mas não tinha mordomia.,comportamentos
3931958,"Ele era tão humilde, ele gostava.",identidade
3931970,Ela foi a procura de alguma notícia.,comportamentos
3932100,A minha mãe sempre forte ia trabalhar.,outros
3932126,E que apesar de tudo ele tá perdoado.,comportamentos
3932260,"A POLÍCIA AFASTADA, COMO ELE PEDIU.",comportamentos
3932491,Que mina louca.,comportamentos
3932494,Carai que mina louca!.,comportamentos
3932516,Essa mina é só loucura.,comportamentos
3932664,E ela ficou bolada!.,comportamentos
3932988,Não olha pra ele que ele é envolvido no esquema!.,identidade
3933008,Gentileza é paga com gentileza.,identidade
3933362,Caralho essa mina foi foda.,papel_social
3933378,Pego umas mina feia.,aparencia
3934050,"Não viu a mãe infeliz, a miséria ali sem filtro.",identidade
3934975,"Sabe como é, nois é certo pelo certo e seja o que.",comportamentos
3935020,Hoje o homem é tirano não divide o pão.,identidade
3935493,Eu vejo menina gravida e o pai encarcerado.,identidade
3936354,Onde o senhor está meu deus?,valores
3936655,A inteligência do homem é o avanço tecnológico em vão.,habilidades
3937087,Todo mundo pra fora do ônibus que ele vai ser incendiado.,comportamentos
3937269,Vai ver a mãe doente aposentada fazer faxina.,identidade
3937676,"Não existe parabéns, flor do namorado novo..",identidade
3937759,"Fiel à sua cultura que as palavra da mãe louca,.",valores
3937762,Toda mulher puta nem que seja de um homem só diz..,comportamentos
3937923,"Buscando o ápice da ciência, nobel do homem gênio, pra daqui 30 anos estar respirando nitrogênio.",papel_social
3938065,Menina boba e iludida sabe de nada da vida.,identidade
3938083,Não agüentava mais ver a minha mãe sofredora.,identidade
3938090,Ele ficou diferente a principio irritado.,comportamentos
3938115,"Era a mulher mais feliz, o meu amor chegou
.",identidade
3938120,Tentei acalma-lo ele ficou irritado.,comportamentos
3938157,essa é só mais uma história de um rapaz comum.,identidade
3938248,"Mulher guerreira, tenho o meu valor
.",comportamentos
3938283,"Ela é mulher, Mc, mãe, às vezes pai, não é fácil.",identidade
3938295,"E o homem ingrato te chuta, desde o útero.",identidade
3938296,"Cresce, maltrata, marido adúltero.",identidade
3938304,"Mulher guerreira, tenho o meu valor.",valores
3938987,_UM HOMEM NA ESTRADA.,outros
3939527,"futuro si pá não dá nada, menina boba iludida,.",valores
3939580,"Era a mulher mais feliz, o meu amor chegou.",comportamentos
3940201,"Igual a mim, aqui, quantos fi de mãe solteira.",identidade
3940391,Jesus foi traído por um beijo.,outros
3940412,Da mulher que foi embora cansou do marido alcólatra.,identidade
3940720,"Jesus ta vivo, pensa nisso !
.",valores
3941062,Firmeza mãe solteira com dezesseis.,
3941070,Ela ficou desempregada chorou encheu a cara me fez.,papel_social
3941074,ele era bom não era perfeito.,identidade
3941094,Senti na hora que ela ficou abalada.,
3941096,Ela ficou mal heim num comia de jeito nenhum.,outros
3941515,"Todo homem é culpado do bem que não fez!
.",comportamentos
3942143,Tem dia que ela mais parece adversário.,identidade
3942647,Jackson era preto.,identidade
3942804,deixou ele viuvo e sem herdeiro.,identidade
3943588,Eu e dois parça trocava uma ideia de milzão irmão....,identidade
3944603,"Da ilusão do seu mundin', igual a ela não é real.",outros
3944639,Sua segurança não é pesada como meus parcero.,comportamentos
3944858,me da 10 mil no ano eu fico rindo ele inteiro.,outros
3945237,fazer essa merda /direto se limasse as que ele mesmo.,outros
3945375,se limasse aquelas que ele mermo sabe que não estão.,outros
3945708,"da ilusão do seu mundin', igual a ela não é real.",outros
3945939,"Laisla tudo bem, pois ela ainda é uma criança.",outros
3946202,Encontrei a mulher digna do meu amor.,identidade
3946663,Sonhava em ter uma mina gostosa pra namorar.,valores
3946694,"Mãe, pra senhora ainda sou uma criança.",identidade
3946758,"Hoje tenho uma mina guerreira, tô sossegado.",identidade
3946774,Mãe é mãe.,identidade
3947250,"Itapeba, Minas gerais to chegando.",outros
3947460,"do que ele é capaz, cobiça, gula, mentir até mais e só.",comportamentos
3947753,pra ver e crer que o senhor é meu pastor.,valores
3947902,Mais o tempo passa e ele é professor.,identidade
3948286,"Ted estamos juntos, firmo.",identidade
3949092,"Com elas não preciso mais atirar pois o fulano que um dia te usou e nos abandonou eu acabei de matar ...
.",
3949353,O QUE VOCÊ RECEBE POR ANO ELES FATURAM POR HORA.,papel_social
3949497,De sua coberta ser a lua ele é o futuro da nação.,outros
3949906,"Ele, Ele está sempre presente..",identidade
3949924,"Jesus foi cravejado,.",comportamentos
3950034,Minha mulher também era desandada.,identidade
3950206,"Esse cara tem um irmão, eu sei que ele é viado;.",identidade
3950438,Mas a piscina do padovani não ela nunca está vazia.,outros
3950487,Se o mano está de gravata ele é respeitado.,identidade
3950488,Se usa uma calça larga ele vai ser zuado.,outros
3950720,SE O MANO ESTÁ DE GRAVATA ELE É RESPEITADO.,identidade
3950721,SE USA UMA CALÇA LARGA ELE VAI SER ZUADO.,habilidades
3950896,"Nas grades do coração ela é refém, mais nada.",
3951476,Mulher afrodescendente.,identidade
3951496,Ele é pop rock.,identidade
3952622,"Aqui tem carnaval, mulher faceira, é de primeira.",identidade
3952704,mulher nova e carinhosa de.,
3952712,o homem quando ama fica assim meio criança.,comportamentos
3952750,três filhos pai mãe ta completa a família.,outros
3952782,"Mulher brasileira em primeiro lugar
.",identidade
3952785,Mulher brasileira sua beleza é rara bênção tia leci.,identidade
3952798,"Agora é minha vez vou cantar mulher brasileira em primeiro lugar
.",outros
3952834,"Uma par de 157 na sua ficha, ele era o bicho;.",identidade
3953014,"Mulher falsa é advogado, é bom você ta ligado;.",identidade
3953259,"Ele é preciso na idéia,.",habilidades
3953358,Tome cuidado ele ta totalmente nervoso.,
3953494,Celsinho foi levado de quebrada não muito longe;.,outros
3953652,"Se a responsa tá no porte, ela não vai ser transferida...
.",comportamentos
3953819,Eu sei lidar com isso menina mulher.,identidade
3953823,Com esse jeito de menina mulher.,identidade
3953897,Faruck é loco caralho.,identidade
3954824,"Moço escuta legal o que eu te falo,.",outros
3955072,"carro esporte, mulher gostosa já é de lei.",aparencia
3956211,Pra viver pár mulé e pra ver elas nuas.,comportamentos
3956368,Ele é grande e potente?,aparencia
3956433,Se eles vêem pêlo eles ficam loucos.,identidade
3956548,"Na velocidade certa, elas já tão esperta.",habilidades
3956871,"Mulher feia só existe se você bebeu pouco
.",aparencia
3956888,Aonde eles chegam eles varrema parada.,habilidades
3956910,Deixando elas maluca da nuca ao cox.,comportamentos
3957067,Nego parou de esbarrar e as mulheres estão mais bonitas.,aparencia
3957095,"A gente pega as mulé, e deixa elas fliz.",comportamentos
3957182,"""Ah gente o que ele fez foi muito feio.",comportamentos
3957478,Inventaram a desculpa ela é celebridade.,identidade
3957598,"mulher cachorra,.",identidade
3957803,"Mulher bonita e marrenta, para mim não presta.",aparencia
3957831,"Se ele vazar, ele não é babaca.",identidade
3957832,"A culpa é tua, de ser uma mulher fraca!.",outros
3957835,você me diz que ela é gata ou que ela é gostosa.,aparencia
3958016,"Ele é o rei e bopli palmito inglês.
.",identidade
3958380,"A mulher elegante, tem a mulher brega.",aparencia
3958383,"Tem mulher bonita, mulher inteligente.",identidade
3958414,Tem mulher cremosa que sabe rebolar.,aparencia
3959029,Que ela é presa fácil mas a moça tá esperta (Tôco).,valores
3959397,Tudo muda quando ela não tá presente.,outros
3959905,"Tem rei leão que é gato ""véio"" num sofá mofado.",outros
3959940,"Eu sei que ela é a mulher pra mim
.",identidade
3959963,"Eu e minha donzela, minha princesa mais bela.",
3960002,Eu sei que ela é a mulher pra mim.,
3961489,Ela era a princesa eu era o plebeu (tudo derrepente).,
3961491,Que mina cabulosa olha so que conversa (eu não aceito não como.,
3961518,E me lembro das vezes que eu deixei ela sosinha.,comportamentos
3962126,Os mano as mina skatista ladrão união.,identidade
3963210,Mulheres nuas sonham com um montante.,outros
3964535,"então pode crê que eu ""pago um sapo"" se ele é bom eu sei,.",outros
3965365,O rapaz é abalado com o divórcio dos seus pais.,identidade
3965557,Maluf é igual o.,outros
3965974,"Paulo é mortal, é uma selva de pedra (de pedra).",identidade
3966507,As grades e muros homens pioneiros toda liberdade pra ser um prisioneiro.,outros
3966578,bem vindos a mais grande floresta e ela é fria e cinzenta.,outros
3966970,Tinha tanta mina gata.,aparencia
3966998,"As mina soltinha brincando,.",papel_social
3967032,E ela é bem capaz.,habilidades
3967033,Parece que ela tem parentesco com satanás.,identidade
3967596,A mãe é a flor o pai é um lobo jardineiro.,papel_social
3967937,estiver é bom que ele esteja armado!,valores
3967996,guilhotina tu não acredita ele é um traíra mas se.,comportamentos
3968061,"Ela destrata, te maltrata ela é ingrata e é o que tem.",comportamentos
3968322,Convivemos com anjos e deusas céticas.,identidade
3968627,Cansado de ver ele cheio de problemas.,comportamentos
3968879,o senhor é novo nesse plantão.,identidade
3968921,"Com os caninha na revista, eles são cheio de malícia.",comportamentos
3969146,"Ih, o que que eles querem maluco?
.",identidade
3970014,Tinha tanta mina gata que eu nem percebi as feias.,papel_social
3970079,Num existe um homem perfeito.,identidade
3970273,Porque o mundo gira e um dia ele vai ser alvo da bala perdida.,valores
3970815,"Chora sua mãe, sua mina idai só dor e desespero eu não quero isso pra mim.",valores
3972270,Também não existe homem forte que suporte.,habilidades
3972360,no meio do terror ainda existe homem bondoso.,identidade
3972411,atráves de um homem bom que procia de harmonia.,valores
3972423,"Um homem bom que serve de espelho,.",
3972554,"Saudoso povo, saudosa mãe gentil, querida.",papel_social
3972725,homem sujeito merecedor.,identidade
3973091,Tá de namorado novo ela é cara de pau.,identidade
3973383,"Mulher casada cheira a velório, sou mais a minha que eu adoro ré.",outros
3973391,"Darc sou grato por toda eternidade.
.",valores
3973741,Guto tá escrito.,
3973834,ruim com elas pior sem.,identidade
3974766,"do mundo foi mais forte, ela foi mais forte papai..",habilidades
3975022,"O crime, ele é podre (a ideia é forte).",identidade
3975380,ela não merece ser infeliz.,valores
3975389,"mulher assim é rara, bom foi te encontrar...
.",valores
3975447,"mulher assim é rara, bom foi te encontrar.
.",habilidades
3975586,"Eu não acredito, ele não é o cão.",aparencia
3975705,Vira homem invisivel é e no final.,identidade
3975929,Ela não é a vida.,comportamentos
3975930,Ela não é a morte.,identidade
3976055,Eles eram capaz de ver os nossos meninos de rua se transformando em marginais.,
3976497,Senhor é o piloto que me guia.,valores
3976543,Fulano é sangue ruim.,identidade
3977037,"Ele é safado, tomo tapa na cara na penita do estado.",identidade
3977088,você me vijiando e sua mulher mulher no putero.,comportamentos
3977191,a mina gesticula.,outros
3977238,Mas cheio de orgulho em conviver com os homens comum.,identidade
3977301,Põe etiqueta no dedão pra ele ser o milésimo de alegria.,comportamentos
3977579,"Roger tá embaçado,.",comportamentos
3978531,"Gonzaga era preto, era o rei do baião.",identidade
3978791,"Rivelino é formado no terrão,.",identidade
3978869,E ele segue esperto de olho na p.m.,habilidades
3978992,Menina nova por dinheiro.,comportamentos
3979120,Menina nova engravidando.,identidade
3979228,"essas são as nossas mulheres pretas.
.",aparencia
3979229,Essa foi dedicada a todas as mulheres pretas ´.,outros
3979232,"Ela é a princesa e eu o plebeu,.",identidade
3979243,"para a mulher negra,.",identidade
3979255,Salve todas as mulheres negras....,aparencia
3979258,"Negra preta mulher brasileira,preta....",identidade
3979260,"Negra preta mulher brasileira,preta...
.",identidade
3979275,"mulheres pretas é pra vocês canção,.",identidade
3979429,Mas tive que ir embora porque sou homem casado.,identidade
3979469,Zumbi foi afastado de lado não apareceu por um acaso.,comportamentos
3979506,é uma honra pra mim sou homem honrado.,identidade
3979709,A primeira dama e o rei zulu.,papel_social
3979746,Sam mando do senhor rico.,outros
3979890,"Mãe gentil, não quero ver sofrer crianças do brasil.",outros
3979913,"mãe gentil , não quero ver sofrer crianças do.",outros
3980829,O único rei digno de louvor.,valores
3980996,Ela levita tão fácil ela fala tão manso ela joga tão bem.,aparencia
3980997,"Ela joga difícil ela fala em vício e eu penso o que que ela tem
.",identidade
3981740,Rappa foi forte me mostrando o que é ter postura.,identidade
3981888,"O bang pega fogo, essa mina é mó treta,.",outros
3981895,"Parceiro, essa mina é foda e eu pego mó bem.
.",aparencia
3981904,"Tento me concentrar no trampo, mas ela é bem mais foda,.",identidade
3981976,Minha mulher é brabona e vai dar problema!.,identidade
3982887,Carai meteram a lombra a vibe das mina era punk.,comportamentos
3982908,Não muito longe um cara fuma e uma mina lambe.,identidade
3983055,"Ela é a razão por cada frase ou improviso, ela que.",identidade
3983192,"Minha mina vem direta, tá chegando a aniversario,.",outros
3983594,Uma menina e um menino vamo fazer diferente!.,identidade
3983819,Ela é durona marrenta segura sabe conter.,identidade
3983821,Eu faço ela ficar insegura e amolecer.,habilidades
3984054,E ela tá tarada.,comportamentos
3984515,Ela é quente é sorridente eu sou frio cara amarrada.,outros
3984516,Ela é pedra água de rio eu sou chuva raio e estrada.,identidade
3984528,Ela é beat eu sou letra ela é levada eu sou flow.,identidade
3984529,Ela é segura e eu sou tão contraditório.,valores
3984530,"Ela é sequêncial e eu permaneço aleatório
.",comportamentos
3984532,Ela é flamengo rubro negra eu tj santista.,identidade
3984533,Ela é vemelho unha eu sou vermelho vista.,identidade
3984536,Ela é taça é vinho é please eu sou lata de skol.,identidade
3984537,Ela é chata e feliz alegre marrenta e boba.,identidade
3984542,Ela é início eu sou fim ela é luz eu sou breu.,identidade
3984546,"Ela aperta eu pego ela é bonita eu sou tão feio
.",aparencia
3984550,Ela é sequêncial e eu permaneço aleatório.,
3984618,"Ela cheia de vontade, pergunta sem maldade.",
3984861,Falar dessa mina é muito difícil.,comportamentos
3984969,mulher bela.,aparencia
3985218,"Homem tão racionais, voo de rapaz comum..",identidade
3986216,Mas ela não é real al.,identidade
3986267,"Eu tô louco por ela mesmo sabendo que ela não é real
.",valores
3986553,"Sujeito homem digno, rapaz comum de novo.",identidade
3986940,Que o rei corre sozinho e não pode apressar.,identidade
3987104,Ele não foi bandeirante.,comportamentos
3987106,Ele é nativo imigrante.,papel_social
3987109,"Pé no chão, é trabalho, ele é gueto.",papel_social
3987110,"Ele é índio, ele é pardo.",identidade
3987487,Ela já tava perdida.,
3987648,Jah tô protegido em.,outros
3988003,"chapa e sem nóis, as mina é chata ai, não esquenta as.",comportamentos
3988039,"Wilson também vão colá, e as mina fica louca se.",outros
3988331,Quis ser verdadeiro e ao invés de rosas.,comportamentos
3989159,Pois ela é mais forte que preconceito rojão ou bala.,outros
3989441,"Sua mãe radiante, de olhar cintilante.",identidade
3989691,"no julgamento ele foi o réu.
.",outros
3989706,"Ele contra ele mesmo desafio estava feito,.",papel_social
3989756,"Ela cheia de dor, mágoa e tristeza, respondia: Lá vem ele!",identidade
3990088,"Minha mãe doente,com crise depressiva.",identidade
3990103,"""Denis a tia veio avisar que a sua mãe tá presa"".",comportamentos
3990309,"bate no peito que ele é ateu, começou a ler um livro não acredita mais em.",valores
3990705,"Minha mãe doente, com crise depressiva.",outros
3990720,"Dennis, a tia veio avisar que a sua mãe está presa.",
3990764,Mamãe foi condenada a vinte anos de penita.,papel_social
3990899,"umas mina chic, burra, cheio de xilique, da salve nos.",identidade
3991250,"Ele justo, tô só esperando a hora
.",identidade
3991525,dos menino apetitoso.,aparencia
3991827,"Maceió, de mulher boa inveja vai conspirar.",valores
3992518,minha mãe é especial;.,identidade
3992600,Senhor está contigo!.,papel_social
3992652,Que os menino é crânio louco.,identidade
3992698,ele é o cão quando tiver sozinho.,identidade
3992965,que sabe discriminar ele é chique educado quero vê na.,comportamentos
3992999,Óh pai chegou o dia sei que o senhor está comigo.,valores
3993028,"Represento o meu nordeste, meu senhor está comigo,.",outros
3993467,""" eles feliz é tão lindo esse momento aqui é pouco.",identidade
3993522,"Maluco é complicado quando a doida vai embora .
.",comportamentos
3993581,"Não tem estratégia, Deus é único não dá pra explicar.",outros
3994101,real mulher miguelense guerreira.,identidade
3994801,A princesa africana fez outra realidade.,identidade
3994831,"Do rei zumbi dos palmares, heróI nacional,.",papel_social
3994965,Se ela é medicinal.,identidade
3995142,Encontrado um homem diferente..,identidade
3995732,"Ele saiu bem arrumado foi encontrar alguém
.",identidade
3995903,A festa ta de boa todo mundo ta na paz muita mulher gostosa só favela eu quero é mais eai doidão sem treta ai vai vendo o frevo é de ladrão tu vai fica pequeno moiado é na fissura não sigura a lombra ditado mais que certo não confia nem na sombra compro e não pagou deu banho na parada vai fica pequeno deu mole na bocada.,identidade
3996000,Ela é linda e faz maloqueiro perder a linha.,aparencia
3996350,no veneno ele é pior que o boneco assassino.,identidade
3996351,ele é um vulcão em erupção.,identidade
3996960,"Patrick é espaçoso e odeia os cabaço
.",identidade
3997279,O amor é cego sua mina não é sereia.,aparencia
3997282,"Sua filha feia é modelo igual a geyse
.",aparencia
3997298,Tipo nerd que na frente nunca viu uma mina nua.,comportamentos
3997343,"Se ela é taxada e pixada eu pixo, agachada é o bicho
.",habilidades
3997347,Como quem usa britadeira nas ruinas de mina gerais.,habilidades
3997823,"patrick ensina, sua mãe cavalgar igual uma equina..",comportamentos
3997939,"Essa mina não é melosa, ela só goza com a dor
.",identidade
3998010,"Sua mina não é melosa, ela só goza com a dor
.",comportamentos
3998015,"Essa mina não é melosa, ela goza com a dor
.",outros
3998211,Viver com ela é excencial.,papel_social
3998213,"Menina atraente, a mais linda que eu já vi.",aparencia
3998215,"Ela é diferente, um tanto carismática.",identidade
3998216,"Ela sempre me deu atenção, afinal ela é simpática.",
3998268,Ótima compania ela é boa influência.,comportamentos
3998306,"Não, és a mulher fácil de se encontrar na pista.",identidade
3998463,"Muito colossal , você se perde ele é fatal.",aparencia
3998502,"Até a garota diferente falou bye bye penis
.",outros
3998888,Que a sua mina não aguente.,identidade
3998962,Aquele tipo de menina dengosa.,identidade
3999296,Ela é minha inspiração.,identidade
3999566,"se ela foi bem feita então ela predomina .
.",outros
3999665,"Mulher boa é assim, difícil de pegar
.",identidade
4000137,"Onde está a tua alegria, neste mundo de homens tristes?.",valores
4000170,"Homem nasce livre, porque é que alguns são donos?.",comportamentos
4000209,"Quero aprender com os meus defeitos, acordar um homem melhor.",valores
4001434,"Bué incertezas, bué de esquemas em discos com damas tesas.",outros
4001527,"levar uma vida normal, longe de crime, Dino quer é sosego, mas não.",outros
4001712,sonhei ela não está espantada pelo contrário relaxada.,comportamentos
4002044,uma mulher interessante é muito mais do que....corpo!.,aparencia
4002695,"Ele era negro, ela era branca e o people que passava logo pasmava.",identidade
4002696,Ai que menina tão querida de boas familias.,identidade
4002944,O teu pai nunca foi pai a tua mãe não tá presente.,comportamentos
4003538,Papa é católico.,identidade
4003571,Porque se sonhar é arte yo ele é artista.,identidade
4003572,Se esperar é ciência ele é cientista.,identidade
4003957,"Ela é tão gira, vinte um fez há pouco.",identidade
4003971,"Ela é mimada, ele generoso.",comportamentos
4003972,"Ela é novinha, ele é idoso, alguém lhe diga
.",identidade
4004054,A minha mãe chamava-me puto xarila.,identidade
4004223,Essa tal cidade ela é muito gigante.,identidade
4004329,Essas minas são punk são levadas da breca.,identidade
4004406,Ele é seu irmão?.,identidade
4004419,"Que por aquele homem ela foi violentada
.",outros
4004513,Ele é bom mas vive cheio de parafernália.,identidade
4004777,"Ele é o exemplo, um cara bem-sucedido.",identidade
4005035,Ele foi visto ali na quebrada.,identidade
4005082,Uma senhora perambula.,comportamentos
4005266,Ele é enorme e se alimenta de gente.,identidade
4005391,minha donzela divina.,identidade
4005507,Ele foi pecador mas lhe peço senhor.,valores
4005756,"Ela é a vista mais linda, wow.",identidade
4005758,Ela brilha igual um girassol.,identidade
4005888,"O homem louco sem futuro talvez te surpreenda,.",habilidades
4007663,Gusta é lado a lado.,outros
4007934,"Mas a vida dele é loca, vou contar pra vocês com dez anos ele era campeão de xadrez com treze para quatorze era fluente em japonês e com vinte e dois ele beijou pela primeira vez.
.",
4008075,"Ui, ele é conquistador, ele pega quem quiser
.",identidade
4008084,Face destruir ela inteira.,outros
4008151,"Neto é muito mais legal!)
.",identidade
4008314,"Sou 1337 pra sempre, sou rei virtual, minha.",identidade
4008642,"Esquarteja o corpo da filha inteiro
.",comportamentos
4008946,"Estupro, meto a rola, elas tão obcecada
.",comportamentos
4009673,"Mulher é a desgraça, só sabe vingar
.",identidade
4010152,"Mas com suas modas ela atenta, vestido vermelho cor de pimenta, chupando bala de menta meu coração não güenta..",aparencia
4010189,"Conheço mulher e seus esporro, homem é tudo cachorro mascarado, estilo.",identidade
4010246,A lendinha diz que ele tá forte pra caralho e manda na.,aparencia
4010455,Sem querer saber se ela tá certa porque usa.,comportamentos
4010501,"elas ficam sensíveis ao toque no seio eu no anseio chego perto,.",comportamentos
4010655,Ela é louca e pede pra eu exercer meu vício.,
4010671,Ela é maluca mas ninguém é perfeito.,identidade
4010722,"vai ler a constituição porque ela é uma piada
.",valores
4010755,Jefferson é divertido e sem igual.,identidade
4010759,"Total, ele é um artista e o mal.",
4010845,Se a menina tá acuada e ao lado não tem ninguém.,comportamentos
4011043,"Deus existe, ele é vascaíno e meu parceiro e.",valores
4011140,"Elas são sinistras, elas são sinistras.",identidade
4011146,"Elas são sinistras, elas são sinistras
.",
4011149,Ela é foda!,identidade
4011190,"Elas são sinistra, elas são sinistra.",identidade
4011213,"Belo gosta, muitos gostam de mulher igual homem.",identidade
4011514,"ou ela é cega ou maluca, bota a mão pro céu.",identidade
4011523,"Nareba tem o nariz grande, Xandinho tá cheio de.",aparencia
4011525,Paulinho é gago e fanho mas pega as paraibinha.,identidade
4011529,"Augusto é desingonçado, Marcio é engraçado.",identidade
4011531,"Juninho é anão, Renato cara de moeda.",aparencia
4011897,"agora come a feijoada porque ela não tá fria, ainda..",outros
4011902,pra terras européias com mulheres menos véias.,aparencia
4011935,"cê diz ?eu te amo?, ela acha lindo.",outros
4012125,"Quem vos fala???/ O MC mais mala/ que não se cala/ e zoa/ todos enquanto abala/e soa/ na sala/ tirando a família da poltrona/e aciona eject/ sua mãe corre igual maratona/ e pressiona select/ o filho reclama,/ clama por liberdade/ na sua idade/ de poder falar palavrão rimando com o nome da sua cidade/ a coroa cancelá/ o chá,/ tira as amigas já/ de casa/ sua paciência queima igual brasa,/ ela sai/ e vai/ ao plaza/ chama os amigos/ pra ouvir contigo/ curte o som bebendo yogurte aproveita e queima o exemplar da contigo/ que sua mãe assina,/ assassina a ideologia sem vacina/ e demodê/ e bota a porra do som no máximo porque...
.",comportamentos
4012141,"Gil foi feito pra poder vender/ ele manda bem, mas cantar.",habilidades
4012509,Ela é foda..,habilidades
4012538,homem fica louco..,comportamentos
4012659,"Sendo que minha mãe era pobre, meu pai nordestino..",valores
4012796,Lobato é muito mais educativo que.,identidade
4012888,"tá muito mandona/ pro meu gosto,/ rala peito e vai ver o desgosto/ da sua vida de ano a ano aparece uma nova mulé, mas a reclamação é a mesma/ eu não sou de ferro se elas grudam igual uma lesma/ e cê prefere ficar com suas amigas na festa,/ né?",comportamentos
4012946,Anitta é poderosa.,identidade
4013135,Atrevida com homem valente eu to no céu.,identidade
4013159,"Sua mina grávida, dizia que não sabia.",habilidades
4013390,Mulher preta de espirito guerreiro.,identidade
4013474,Minha vó dizia que ele era inteligente.,
4013482,Pras mães só bons meninos são terroristas da favela.,identidade
4013516,Que ele era um viciado alucinado pra matar.,comportamentos
4013769,que eu possa fazer-te a mulher mais feliz.,outros
4014529,"Ela é fria, não quer saber.",comportamentos
4015349,"A ver damas,damas lindas dá aquele prazer.",aparencia
4017384,"Ele é meu professor?.
.",identidade
4017753,Discriminados homens cegos.,comportamentos
4018330,Serei o rei latino americano.,identidade
4018442,Que você seja mais um rapaz comum.,identidade
4019779,Ele fica louco com meu jeito de andar.,comportamentos
4019799,"E ela tá parando o rolê, mina maluca.",comportamentos
4019855,"ela é minha brisa e eu briso
.",identidade
4019877,Ela é minha brisa menina e.,aparencia
4019885,Pena que ela é tão gostosa.,aparencia
4020031,Ela é pura classe.,identidade
4020186,Ela é gostosa tipo um beck fim de noite.,aparencia
4020577,Mano é fácil de notar.,outros
4020691,Eu com ela curto demais.,outros
4020808,E ela é quente desvia a atenção.,aparencia
4021444,"Deus, ele era ateu,.",valores
4021514,"mal precentimento, ele não estava atento.",comportamentos
4022022,"Hipnotizado, ele é mago, tem na cabeça o dicionário.",habilidades
4022110,Homem negro do terceiro mundo com problema.,identidade
4022302,No reino dos falsos ele é patrono.,valores
4022346,Estamos falando aqui de mulher preta.,identidade
4022741,"A real é diferente, ela é bem mais quente.",comportamentos
4022777,A glória para o guerreiro rei quilombola.,valores
4023064,Paulo ainda estou acordado.,comportamentos
4023169,"Mulher guerreira casada com um parasita,.",identidade
4023405,ele limpa o parabriza e sonha com o papai noel.,outros
4023695,A vida é dura e ela bate forte!.,papel_social
4024289,Que o peso do martelo pra nois é diferente.,comportamentos
4024486,"Mulher preta

.",identidade
4024491,Eu era apenas sómais um rapaz comum.,identidade
4024507,"Mulher preta
.",identidade
4024652,Correto...todo menino é um rei...quer uma rainha eu sei....,identidade
4024693,"Com a mina grávida, largada no veneno,.",
4025075,Meninas superpoderosas loucas demais.,comportamentos
4025161,"Meninas super poderosas, muito locas demais!.",identidade
4025229,Mãe grande.,identidade
4026261,Ele vai será o logótipo de angola inteira.,aparencia
4027143,Homens adultos.,identidade
4027750,Minha mãe completa.,papel_social
4029905,Se ele não dá kumbu não papa.,outros
4030373,Porque agora elas estão unidas.,comportamentos
4032680,O homem egoista.,identidade
4037979,Age como uma menina imatura inculta.,identidade
4038057,E algumas mulheres trazeria.,comportamentos
4038818,Eles são ricos.,outros
4038910,Já os homens meninos.,comportamentos
4039398,Há mulher puta.,comportamentos
4039406,Há mulher suja.,papel_social
4039552,Parecia ser um homem perfeito.,identidade
4040416,Mulheres não é idêntico.,outros
4041572,Eu ainda sou o homem morcego.,identidade
4041676,Parece ser feita de homens maus.,identidade
4042419,Eu danço com a dama mais bela do baile.,identidade
4042515,"Eu louco de green, ela louca de mel.",identidade
4042633,Acho que ele ficou puto porque me tornei fumante.,comportamentos
4042656,Eles enterram igual.,outros
4042682,"Flow da bica, mãe tá rica.",identidade
4042706,Ela tá doida pra pegar fogo.,comportamentos
4042739,E essa mina nua sempre me vestiu.,identidade
4043290,E quero ela mano em qualquer canto.,outros
4043319,Sabe que nois é foda.,identidade
4043429,"Duas minas brasileiras
.",identidade
4043433,"Mina cheia de drama
.",comportamentos
4043778,E ela é minha sereia.,identidade
4043782,Ela é minha sereia.,identidade
4044497,Pra enfeitar a menina mais bela.,aparencia
4044514,Trago ervas de cor pra enfeitar a menina mais bela.,
4044842,Ele é lindo de viver.,valores
4045413,"Aquela moça linda, só por causa de sua cor.",identidade
4045615,"Mas, pouco visitada pelos homens fortes.",identidade
4046427,Mulher menina...Beleza de vida.,aparencia
4046687,A influência dos homens bons deixou a todos ver.,papel_social
4046806,A mulher é linda e a vida também.,aparencia
4046839,Quando os homens sorridentes surgem em sua.,identidade
4046981,"Musa brasileira, jeito simples, mas style.",identidade
4047024,E ELA ESTA CHEIA DE VIDA.,identidade
4048080,Que ela é a luz que me traz paz.,identidade
4048641,Grandes as conquistas de menino sonhador.,identidade
4048846,Atingiu o black power de um rapaz indefeso.,aparencia
4049312,"Repare bem em mim, eu não sou menino novo.",identidade
4049348,Que ele estava mais lesado.,comportamentos
4049561,Mas ele é safado e ardiloso.,identidade
4049574,"Ele é inteiro, lindo e pleno.",identidade
4049863,"Ela é a realidade que nos leva a algum lugar.
.",identidade
4050758,Faz o homem consciente.,identidade
4051594,"O homem livre, independe da cor.",identidade
4052582,Ele finje que esqueceu!.,identidade
4052645,"Os homens não são iguais, não são.",valores
4053241,De fazer pra nós mesmos o que eles não capazes.,habilidades
4053297,Enquanto os homens ricos vendem guerra por paz.,comportamentos
4054540,"Mulher bonita é feitiço da lua , oba!.",aparencia
4056269,"Mas, uma moça bonita de olhar agateado.",aparencia
4056399,moleque era folgado e um corretivo mereceu.,identidade
4056401,"moleque era engraçado e a galera o acolheu
.",comportamentos
4056416,Menino pobre que veio da favela.,identidade
4056707,"A força da mulher, mulher brasileira.",identidade
4057179,"Não só por um momento
.",outros
4058678,Que deixa o homem cego e escraviza o coração.,outros
4061363,"1500, O homem branco em pindorama chegou.",aparencia
4062097,"Musa apaixonante, a música é minha amante.",identidade
4062098,"ela é a protagonista, eu coadjuvante.",identidade
4062099,"Ela é guia, eu viajante, ela o pão de cada dia.",valores
4062296,"Não, não senhor burguês.",outros
4062456,"Jah está contigo e mal nenhum pode te alcançar
.",identidade
4062581,Bem que minha mãe estava certa.,valores
4062793,Uma mulher tão bela andando assim nas sombras.,aparencia
4062794,Uma mulher tão bela vagando só por aí.,aparencia
4062932,Pra que ele faça boa viagem nessa passagem!.,outros
4064269,Maria clara é uma menina linda e é a cara do pai.,identidade
4064372,"Vei, te contar uma história de uma menina que tem um único problema, ela é linda demais!
.",aparencia
4064373,Menina linda que até dói os zói.,aparencia
4064379,Mais que menina linda.,aparencia
4064420,Menina linda (4x).,aparencia
4065055,Menina bacana que rola na cama me namora.,identidade
4065126,"Pare a polícia, ela não é a solução não
.",identidade
4065396,"Homem sutil, ripocritis.",
4065848,Ela é morta demais..,comportamentos
4065857,Eu sei que ela seria poluída.,outros
4065966,Que o homem infalível é sempre infalível.,identidade
4066031,Tornou-se musa única.,identidade
4066323,"Ele sempre estará comigo
.",comportamentos
4066472,"Homens malditos, homens lixo.",identidade
4066745,"Um condenado um homem marcado pela justiça,um procurado,um homem marcado pela justiça..",identidade
4067039,Recôncavo pela libertação do homem negro da américa e.,valores
4067077,Espero que venha a ser homem natural.,identidade
4067099,"Homem natural
.",identidade
4067119,Homem natural.,identidade
4067137,Sei que vem um homem santo.,identidade
4067347,Ele é exatamente igual você.,comportamentos
4067544,"Janaína que é moça bonita
.",aparencia
4067564,"É descalça que ela gira, ela desaparece.",comportamentos
4067565,"Ela cresce, ela fica pequena.",identidade
4068288,Homem galego.,identidade
4068641,Mulher brilhante é a.,habilidades
4068692,Marcha o rei desempregado.,papel_social
4068808,"Eles são forte, definitivamente representantes do som.",aparencia
4069108,"Senão mecânica, a mulher justiceira.",papel_social
4069834,"Menina, menino nu, bunda difere de cu.",aparencia
4069857,Baptiston é irmão de.,identidade
4070402,Ela é bonita no seu jeito normal de ser.,aparencia
4070408,"Raiz, menina, mulher verdadeira.",identidade
4071390,O Senhor é bom.,valores
4072476,O homem roots não ostenta.,identidade
4073821,Ele é o senhor não importa.,
4073989,Me sinto como um rei orgulhoso nos seus domínios.,identidade
4074408,Uma princesa negra nas terras da.,identidade
4074440,"Garoto muito inteligente, cartinha super bacana.",habilidades
4074664,Jah está sempre comigo.,valores
4075024,Princesa africana hum hum.,identidade
4075165,"Princesa nativa, beleza altiva.",identidade
4075177,"Princesa nativa, o que me cativa.",identidade
4075192,Princesa nativa foi a escolhida.,identidade
4075906,"Essa mina barbariza, cria um clima causa um temporal,.",outros
4075909,"Maravilha de menina super, hiper natural.
.",identidade
4075913,"Ela é surreal
.",
4075931,Trombei com ela foi tão casual.,identidade
4075942,Ela vai comigo aonde eu vou.,comportamentos
4076073,Eu sou um homem simples.,
4076082,Menina eu sou um homem simples.,identidade
4076089,Eu sei que eu sou um homem rude.,
4076103,"Amor de um homem rude, irreal.",identidade
4076173,Só esperando o astro rei raiar.,outros
4076325,"Ele tá ligado em tudo que a gente faz.(2x)
.",habilidades
4076794,Ela é decidida cheia de graça.,valores
4077437,Ele é maior que uma constelação.,identidade
4077535,Uns mano descente uma mina trincante.,aparencia
4077577,Ele se sente forte ele está curado.,identidade
4077580,Ele é humilde mas não abaixa a cabeça.,identidade
4077596,Ele é maluco mas não perde a cabeça.,identidade
4077686,"Paulo é campeão!!""
.",identidade
4078715,Ele é o pai da criação desse planeta.,identidade
4079471,"""ela é estranha"".",identidade
4079681,Ela tá apaixonada e quer fazer neném.,comportamentos
4079707,"Princesa perfeita faz parte do meu mundo,.",outros
4080074,Ela era linda.,aparencia
4080655,mulher da minha vida.,identidade
4080862,Lindas mulheres e homens malditos.,identidade
4081623,Ela é muito linda de olhar.,aparencia
4083798,"Essa menina é decente (fale sério reggaeman)
.",identidade
4083799,"Essa menina é decente (fale sério reggaeman)

.",identidade
4084080,E que sofre pela mão desses homens maus.,papel_social
4084111,"Seja ele branco, preto, amarelado.",aparencia
4085968,Um beijo pr'aquela menina linda.,aparencia
4086217,"A vida, ela é curta e você desacredita.",outros
4086606,de um rapaz sonhador.,valores
4086616,Se um homem cansado luta você pode lutar livre-se dessa disputa não faz bem pra ninguém.,identidade
4086651,"Trazendo e levando um sorriso pra moça bonita
.",aparencia
4087293,Princesa mais bela.,aparencia
4087435,"Rei poeta e sonhador,.",identidade
4087721,Mulheres quase nuas se vendendo.,aparencia
4088047,Malandro é dono do pedaço.,identidade
4088050,"Malandro é dono do pedaço
.",aparencia
4088100,"Malandro é dono do pedaço


.",identidade
4088123,Sou filho da rua a minha mãe é lavadeira.,papel_social
4088667,Rei poeta e sonhador.,
4089006,"Na praia mulherada, sol rachando, mas que mina sensual..",identidade
4089066,Menina linda do sorriso que me traz luz.,aparencia
4089076,Menina menina menina mulher.,identidade
4089078,"Menina linda do sorriso que me traz luz
.",aparencia
4089090,"Seu olhar, seu olhar menina mulher.",identidade
4089173,Pra ver ela feliz me viro do avesso.,
4089396,"encoleirado, agora a mina chifra o cara todo dia.",comportamentos
4090477,"Ela requebra legal
.",identidade
4090505,Com a malícia de mulher menina.,identidade
4090735,Janaína que é moça bonita.,identidade
4090736,"Que é moça bonita
.",aparencia
4090807,"E como o gambé não sabia, ele ficou indignado..",comportamentos
4090861,Tem muita mulher bonita e uns brother sangue bom..,aparencia
4091683,"Menina menina...
.",identidade
4091685,Menina menina.,identidade
4091865,"E segue com sua diva, mulher linda e responsa,.",aparencia
4091964,"A musa inspiradora,.",identidade
4092407,"que me fez um menino eternamente apaixonado por você.
.",comportamentos
4092681,"De um menino tão bom que te trata na mão,o que custa dar uma chance apenas?!
.",identidade
4093434,Pescador é um homem consciente ..,
4093841,ele é o poder e a glória.,identidade
4093898,minha rocha eterna é o senhor leão de judá.,
4094342,Aquilo que o homem comum não pode fazer.,
4094591,Eu fico olhando para as cobras eles cheio de.,outros
4094613,"Faça uma oração para o senhor soldado que você precisa para voar
.",outros
4094767,A justiça do homem é tão injusta.,valores
4094770,"A justiça do homem é tão injusta, Justiça
.",valores
4094927,Ele é justo.,identidade
4095466,Para o homem explorador.,identidade
4095788,"Mulher mulher mulher...
.",identidade
4096549,Minha filha completa 13.,outros
4096673,Ele é o mago.,identidade
4098932,"Entregue sua vida em oração, Deus está contigo.",valores
4098939,"Cristo, ele é teu escudo.",valores
4099312,"Se minha deusa, princesa pernambucana.",identidade
4100054,"Esse homem perfeito um dia chega,.",identidade
4100071,E esse homem perfeito um dia chega e me faz prisioneira.,identidade
4100078,Homem perfeito?.,identidade
4100086,O quanto é dificil segura um homem gostoso em casa.,aparencia
4102890,"Se é vermelha, se ela é amarela.",identidade
4103708,"Tô feito menina louca de paixão
.",comportamentos
4105062,Não gosto de mulher feia.,aparencia
4105073,Não gosto de mulher magra.,aparencia
4105075,Minha mulher é gordinha.,aparencia
4105211,"Olho pra cima só enxergo o céu como abrigo e a mulher braba comigo por faltar o pão do café
.",comportamentos
4106188,Ela é a parceira que até muito se assemelha.,identidade
4106867,Que eu vou meteotoro é nois está bem gordo e roliço.,aparencia
4106901,O meu pai é o verso xucro e minha mãe é rima guapa.,identidade
4107409,Faz parte do mundo do homem campeiro.,identidade
4107429,"Sô missioneiro, homem xucro e retovado.",identidade
4107485,"Mas quando está desinchado ele é bem pequenininho""
.",aparencia
4107488,E uma mulher lindaça que nem potranca.,aparencia
4107669,"Era só caco de vidro e a mulher véia endiabrada
.",identidade
4107816,E ela está desesperada com excesso de gordura.,aparencia
4107824,"Ela é raçuda, mulher guapa e de coragem.",identidade
4108598,Era louco por luz negra e essas menina cheirosa.,comportamentos
4108601,"E elas não quiseram mais prosa
.",identidade
4108658,Homem honesto e de valor.,
4108846,Homem honesto e de respeito.,identidade
4109196,E o padre com sua batina por ser um homem sagrado.,aparencia
4109215,"Logo ele atora serrote ou quebra cabo de reio
.",comportamentos
4109217,É que o padre é um homem sério que não se mete em folia.,identidade
4109327,"Seja pobre, seja rica, seja mãe branca ou pretinha.",identidade
4109333,Mãe é uma jóia sagrada das mais belas formosuras.,identidade
4109338,Uma mãe pobre padece pra poder ganhar o pão.,identidade
4109352,Mãe é palavra sagrada que a gente coloca o tio.,valores
4109367,Um homem honesto e honrado.,identidade
4110229,Respeitando o homem serio sofredando o bagaceira.,papel_social
4111204,Tropeiro velho sou um moço novo.,identidade
4111260,Ali fiquei moço faceiro e pachola.,identidade
4111519,"(Terra boa, lugar de homem valente e terra de moça bonita)
.",identidade
4111630,ELE DIZIA CHORANDO.,comportamentos
4111712,Minha querida estou de volta para ti/ sofreste muito com minha ausência lá na cidade/ eu fui rapaz muito boêmio me diverti/ minha adorada primeiro amor me deu saudade.,outros
4111875,Alegre dancei como uma moça loira.,aparencia
4112203,de tanta moça bonita parece um jardim de flor.,aparencia
4112248,"NA ADMITEM QUE EU VENCE ELES CANTANDO
.",identidade
4112285,"A minha filha mais velha tem 14 anos a sua idade
.",papel_social
4112428,"Ele só roncava satisfeito!
.",comportamentos
4112451,Comigo ficam dez mulher querida.,outros
4112661,Zebu de minas gerais.,outros
4112672,Homem valente é um aceio.,comportamentos
4112714,Com mulheres faladeiras.,identidade
4112732,Esquecer moças solteiras.,identidade
4112735,A alguma mulher casada.,identidade
4112739,E essas moças solteironas.,identidade
4112757,"Dessas meninas barbeiras
.",papel_social
4112867,Lá vai ele sorridente.,comportamentos
4112882,Está no meu lar de volta aquela mãe diferente.,identidade
4112900,Com a volta da mãe diferente nosso ninho já tem mais calor.,
4112901,Ela hoje é mãe igual às outras e me ama com todo fervor.,papel_social
4113133,Moças bonitas que tinham na festa.,habilidades
4113141,"[Ai, ai, ai,ai moça bonita eu já me casei.",aparencia
4113187,Faremos à luta de homem perfeito.,outros
4113271,Ela foi maior artista.,valores
4113389,"Neste dia eu era um homem feliz muito apaixonado
.",identidade
4113591,Nossa mãe é a criatura.,identidade
4113604,"Amor de mãe é tão puro, claro como a luz do dia,.",outros
4113612,"Mãe não serás esquecida
.",comportamentos
4113632,Uma mulher tão bonita.,aparencia
4113847,(Alô senhoras e senhores muito boa noite.,comportamentos
4114180,E tomei conta do baile com trinta moças solteiras.,identidade
4114195,Gildo ta morto.,identidade
4114356,Teixeirinha são pescadores que diplomas têm.,habilidades
4114758,Dezoito mulheres casadas.,outros
4114777,Teixeirinha é bom.,identidade
4114871,Mulher é a flor perfumada.,
4115627,Papai na roça é um homem diferente.,papel_social
4115662,"Ele disse arrogante
.",identidade
4115851,Talvés foi melhor assim.,outros
4116016,"Lugar de homem valente, terra de moça bonita.",
4116205,Tem essa mulher tirana.,identidade
4116240,Mulher ruim sem coração.,identidade
4116450,Eu e a moça sobramos.,outros
4116500,ELA ERA FILHA ÚNICA.,identidade
4116522,Pra ser bem homem fui predestinado.,identidade
4116530,E nem a fibra da mulher gaúcha.,identidade
4116724,Ele: casei com uma moça gorda com cem quilos de gordura.,aparencia
4116730,Ele: ele de lá diz assim quanto osso prá adubo/ quero uma moça bem alta para ser o meu amorzinho.,aparencia
4116731,Ela: prá ti dar um beijo nela tem que subir num banquinho/ se eu resolver me casar moço baixinho é meu fraco.,aparencia
4116815,Faça tudo o que te mando/e não banque o homem mau.,papel_social
4116826,Cara de sapo rajado/essa menina é medonha.,aparencia
4117015,É uma cantora de linha e ele é o compositor.,identidade
4117035,Ele nunca vem sozinho/hoje eu te atiro no barro.,identidade
4117043,Tua cara é de baléia/se fosse a mulher divina.,aparencia
4117046,Se fosse a mulher divina/sou moreninha elegante.,identidade
4117154,Ele: é o seu flávio cavalcanti criticador é um abuso/ ele não pode cruzar nos lugares aonde eu cruzo/ qualquer dia ele solta/e eu faço ele dar mais volta/ do que porca em parafuso.,comportamentos
4117238,Ele: galo sem crista é galinha tu não vai perder cantando/ tu bem sabe que eu sou homem machismo aqui tá sobrando/ vai pra roda do fogão a cozinha esta te esperando.,identidade
4117239,Ela: a cozinha esta te esperando eu não nasci pra fogão/ costumo em homem pequeno dar um chute no garrão/ e guardar ele de molho na panela do feijão.,comportamentos
4117240,Ele: na panela do feijão diz que eu sou homem pequeno/ mas vive me convidando pra ir passear no sereno/ sabe que cobra muída são as que têm mais veneno.,comportamentos
4117242,Ele: da cara do zeca diabo não sou zeca diabo não/ sou mais valente que ele sou pior que o lampião/ muitas marias bonitas diz que eu sou bicho papão.,identidade
4117432,Flamengo ele é freguês.,papel_social
4117727,Quando ela está doente.,aparencia
4117788,Quantas moças bonitas tem aí.,aparencia
4117807,"Eu sou homem fanático ainda
.",identidade
4118146,Prá enterrar o teixeirinha/só assim a moça linda.,aparencia
4118463,"De muita moça solteira
.",identidade
4118575,A mulher querida preciso esquecer.,identidade
4118621,ENTROU UMA MOÇA CORRENDO.,comportamentos
4118676,A minha enfermeira linda curou o meu coração/a mais profunda amargura de uma recente paixão/ aquela ingrata que me abandonou está morendo está chegando ao fim/ só de ciúme enfermeira que está cuidando de mim/ já me pediu para voltar prá trás ainda diz que quem espera alcança/ já esqueceu que só me fez sofrer/ mulher ingrata feperca a esperança.,aparencia
4118749,Mulher linda.,identidade
4118773,E os rapazes são bons companheiros.,habilidades
4118914,De tudo ela é culpada.,identidade
4118998,Mulher amada pelo amor de.,identidade
4119163,"Terra de homem valente, lugar de moça bonita
.",habilidades
4119164,"Terra de moça bonita, ô meu.",aparencia
4119207,ele é valentão e eu sou repentista.,identidade
4119292,"Ela é boa, ela é minha, ela é sincera.",identidade
4119455,Ta certo que ela é nova.,aparencia
4119737,Moça mais linda que eu vi.,identidade
4119747,Ser um moço brasileiro.,identidade
4119756,Prefiro ver ela morta.,identidade
4119772,"É este o moço valente
.",comportamentos
4119869,A moça linda que chamamos.,aparencia
4120004,Atenção agora vai entrando em campo a equipe do rei leão.,outros
4120033,O elefante que é o juiz joga a moeda para cima que veio favorecer o rei leão.,identidade
4120560,"Até chorando ela é bonita”.
.",aparencia
4120812,Era um bando de moças bonitas.,aparencia
4120920,Homens fortes do.,aparencia
4121357,Já tive um lar e uma mulher bonita.,habilidades
4121369,"Mas perdi tudo por uma mulher querida
.",identidade
4121377,De uma mulher bonita que a gente ama..,aparencia
4121387,Um homem honesto.,identidade
4121508,Quando a miseria te rondar mulher ingrata.,valores
4121592,"Sei que é homem inteligente,.",identidade
4121735,O senhor é moço rico.,identidade
4121760,Me chamas de moço rico.,papel_social
4121770,Moço rico apaixonado.,identidade
4121801,Fui ver uma moça bonita imagem.,aparencia
4121814,Ela é delicada cinturinha fina.,identidade
4121820,Ela é professora é grande na escrita.,identidade
4121827,Quantas moças lindas têm um namorado.,aparencia
4121839,"Ó minas gerais, ó minas gerais.",outros
4121840,Ó minas gerais quanta saudades você me traz..,valores
4121842,Ó linda minas gerais.,aparencia
4121869,"Minas gerais votarei
.",outros
4121872,Ai eu vou eu vou lá prá minas gerais.,comportamentos
4121892,"Eu chego em minas gerais
.",habilidades
4121904,Minas gerais é riquíssima.,identidade
4122262,Como pode uma mãe ser ruim.,comportamentos
4122265,E um marido honrado a trabalhar.,identidade
4122355,Um homem direito o grande cantor regionalista..,outros
4122380,Sou homem igual a outro.,identidade
4122385,Detesto homem covarde.,comportamentos
4122406,Tua mulher viúva.,identidade
4122409,Deixa a mulher viúva.,identidade
4122416,Ver um homem covarde na guerra.,comportamentos
4122427,Mulher de homem covarde.,
4122441,Eu descobri ele anda apaixonado.,comportamentos
4122909,(Na maneira que toda menina moça.,identidade
4122944,Lhe amo menina bonita.,identidade
4122950,Na volta menina tão bela.,aparencia
4122956,Aonde passava a menina tão pura e divina.,aparencia
4123067,ELA RELEMBRA O PASSADO.,outros
4123310,Mulher igual a você.,identidade
4123354,"A moça mundial mais bonita
.",identidade
4123375,Ela era merecedora.,identidade
4123407,Essa mulher é uma falsa.,identidade
4123430,Sou aquele moço triste.,identidade
4123504,Ela é mocinha só tem quinze anos.,identidade
4123597,Ele é humano é nosso irmão nossa gente.,identidade
4123647,mulher grande é uma parada.,
4123667,ele é metido é valente.,identidade
4123672,Diz que mulher ciumenta.,comportamentos
4123711,É um homem irracional.,comportamentos
4123739,O machista é um homem bobo.,identidade
4123812,Bela mulher sedutora.,
4123842,"Ela é uma santa, mas não é santa virgem.",
4123857,Ela será muito feliz com outro alguém.,outros
4123956,Que é uma mulher divina.,aparencia
4124108,Mulheres perfumosa.,aparencia
4124187,"Eu não seria nunca mais um homem triste
.",identidade
4124381,A Senhora está feliz.,identidade
4125052,"Por uma moça bonita
.",aparencia
4125056,És um moço muito forte.,identidade
4125472,João já foi moço risonho.,comportamentos
4125520,Sou menino pobrezinho que não cansa de esperar.,comportamentos
4125530,O coração do menino é igual de um tico-tico.,identidade
4125533,Pobre menino sentadinho na calçada.,identidade
4125537,Muito chorei ao ver o menino triste.,
4125547,Noel não é só o menino nobre.,identidade
4125548,Também o menino pobre.,papel_social
4125614,Pensei ser um homem fino.,identidade
4125619,Sou um cavalheiro fino.,identidade
4126002,Zequinha um moço recém casado.,identidade
4126127,Já sabe que não é mole veja que moça teimosa.,identidade
4126637,Não quer mais arranha-céu minha querida é verdade.,identidade
4126923,Sou uma menina pura.,identidade
4127096,POR TUDO QUE ELE TEM FEITO.,outros
4127149,De uma mulher sincera.,identidade
4127234,Homem igual ao.,aparencia
4127269,Ele é louco anda doente.,identidade
4127344,"No rancho, ela está tristonha.",
4127676,"Depois de ser gente a mulher decente, as origens voltou.",identidade
4127684,Lhe tornei esposa desse homem honesto que lhe canta agora.,outros
4127692,Robou os meus filhos que eu amava e amo mulher desleal.,identidade
4127746,Lá na querência a mulher é simples.,identidade
4127748,Cá na cidade a mulher é isnobi.,identidade
4127764,"Do homem grosso que lavra e planta.
.",identidade
4127833,Rancheira moça bonita.,identidade
4127849,Rancheira é uma moça bela.,aparencia
4127954,Uma moça muito linda.,aparencia
4128159,Na verdade ela era bela.,aparencia
4128299,Mulher igual não conheço.,identidade
4128637,Todas elas bonitinhas.,identidade
4128837,"Era tarde ela estava perdida
.",comportamentos
4128872,Jacaré estou armado.,comportamentos
4128979,Mulher feia nesta terra não poderia nascer.,aparencia
4129038,"Quantas moças lindas que me dá saudade
.",aparencia
4129118,Antônio é santo casamenteiro.,identidade
4129125,Antônio é mais gostosa.,identidade
4129127,O patrulhense é um homem famoso.,identidade
4129187,"Deixei a minha terra, meu.",outros
4129311,Lugar de homem valente terra de moça bonita.,comportamentos
4129403,"Ele era meu companheiro ela sua namorada
.",
4129445,Sereia não é mulher.,identidade
4129454,Eu amo minas gerais.,identidade
4129473,Nalva és inteligente.,identidade
4129569,Senhora ela é tão bonita.,aparencia
4129897,Levando a mulher mais bela.,
4129990,Se eu encontrar uma mulher mais linda.,aparencia
4129996,Mulher mais linda que no mundo existe.,identidade
4130090,Moço bonito eu te adoro.,aparencia
4130114,"Não há mulher mais perfeita
.",identidade
4130223,Eu vou partir querida não chores.,outros
4130269,Sou a mulher fronteiriça na tradição rio-grandense.,identidade
4130329,"No meio de homem valente
.",identidade
4130357,"Mulher ingrata jamais te esqueci
.",identidade
4130459,Minha mãe virgem santa.,valores
4131124,A minha antiga namorada estava bela.,identidade
4131312,Eu sei que com eles estás revoltada.,comportamentos
4131380,Por eu trazer mulher bonita na garupa.,aparencia
4131443,Pareço menino triste que ainda não teve escola.,identidade
4131484,Este menino é virado.,identidade
4131521,Por uma moça bonita.,identidade
4131906,Você era filha de um homem nobre.,identidade
4132279,Representou enfim nossa mulher gaúcha.,identidade
4132463,"Que eu sem ela não posso ser feliz
.",comportamentos
4132743,Valente era nobre.,identidade
4133313,e da sua neta bonita.,aparencia
4133536,- aquele bandido pára pára que a tia marica tá toda arrepiada!.,
4133537,- afinal tia marica ele dançou e lhe deu algum beijo?.,outros
4133565,- a senhora na cozinha ficava muito engraxada tia marica?.,
4134232,"gaiteiro bom, moça bonita, muita animação.",aparencia
4135527,levando nos sonhos a moça morena.,identidade
4136239,estão falando que ela é muito coroa.,aparencia
4136240,ela é madura já tem mais de trinta anos.,identidade
4136258,dona de casa tem que ser mulher madura.,identidade
4136898,É a pujança de homens campeiros.,outros
4136955,Que a moça morena da flor no cabelo.,identidade
4137017,Se a moça fosse solteira.,identidade
4137073,"Que eu dançava, com a namorada primeira.",comportamentos
4137261,"Desde moço foi um lutador, teve a sina de ser um gaiteiro.",identidade
4137315,Ele foi o rei da trova e esse era o seu conceito.,papel_social
4138194,Marques sou tropeiro e domador.,
4140628,E a musa campeira que dorme em meus braços.,aparencia
4142840,Que os homens terrunhos de vozes serenas.,comportamentos
4143793,Desprezando um homem carinhoso tão puro e sincero.,identidade
4143847,Falei pra ela vou alevantar um rancho.,outros
4143893,?Mão na cabeça sim senhor tá armado?.,identidade
4143951,Ela tá puta da cara que saber onde eu dormi.,identidade
4144099,"As moça séria me querem, mas o pai sempre atrapaia.",identidade
4144337,"Obrigado pela prenda, minha mulher maravilha.",outros
4144382,"Tem tia loira tia morena, bastante tiazinha.",aparencia
4144395,"Menina moça donzela, essa valsa vou cantar.",aparencia
4144509,Ela é tão pequenininha que às vezes fico com dó.,aparencia
4144547,Que moça bonita que é a.,aparencia
4144586,Da mulher bonita moça brasileira.,identidade
4146158,minha muié é uma senhora séria.,identidade
4146161,"Vacê é touro, é valente cousa tal.",identidade
4147416,"Eu fui e disse pra ele, tua mina é muito bela, se você.",aparencia
4148242,"éguas lerdas e mulheres ligeira
.",aparencia
4148889,São esses menino alegre.,identidade
4149267,Que ela embrabece e me responde que eu sou caco.,identidade
4149275,"Só porque ela é caprichosa
.",identidade
4149306,Só porque ela é caprichosa.,aparencia
4149467,Ela é tiete de rodeio e de bailão.,identidade
4149476,"Ela é loira de farmácia cem por cento siricrone(2x)
.",aparencia
4149484,"Ela é falsa, mas abusa nos seus dotes de muié (2x)
.",papel_social
4149505,A mina versátil com lindas tatuagem.,aparencia
4149534,Menina nova é um perigo louco.,identidade
4149547,Mulher casada que me dá confiança.,comportamentos
4149551,"(Ahá, mulher casada é muito perigoso.",identidade
4149552,"E ainda mais se o marido é bravo)
.",identidade
4149565,"(Ahá, tem uma moça bem novinha aí me falando em casamento.",identidade
4149962,O Jayme ainda está vivo.,outros
4150022,Pra deixar ela legal.,identidade
4150052,Pra deixá ela legal.,identidade
4150853,Diz que o homem é medonho e eu não brinco com azar.,identidade
4150928,"Que cada vez que ele come fica tonto, louco, ansiado.",identidade
4151380,Se não beber eu sou um homem pacato.,comportamentos
4151986,Lembra da filha mais nova da tia.,identidade
4151999,Jesus até sou fiel.,valores
4152210,Pedi pra mãe velha ajeitar os meus pano.,identidade
4152706,E a mãe gritava menina volta dançá qui na luz.,valores
4152731,Só pelos pila ela gruda igual morcego.,comportamentos
4153379,Todas elas são bonitas.,aparencia
4153400,O salão cheio de mulher bonita.,identidade
4153871,Pelé foi melhor que o.,habilidades
4154123,Porque eu sei que ela não é caneca pra um copo só.,identidade
4154205,"Acho que não, minha mulher é mulher séria.",comportamentos
4154320,Caprio é tão bonitinho anssim.,
4154431,"Pedi ao vento proteção aos filhos da mãe amorosa.
.",comportamentos
4154480,"Ele é ensinado e aprendeu comigo,.",comportamentos
4155185,ali fiquei moço fasçeiro e fachola meu pai me ensinou.,outros
4155292,Braun foi tão gaúcha.,papel_social
4155301,Cheio de grau o garoto brasileiro.,papel_social
4155457,Meiga menina doce mulher.,identidade
4155512,"e homem grande medroso.
.",identidade
4157053,"homem forte, capaz e valente.",identidade
4157461,ele é bom não amola ninguém.,identidade
4157714,Ela é filha de gaucho.,identidade
4157871,ali fiquei moço faceiro e pachola.,identidade
4158077,é que homem feio e sem coragem.,aparencia
4158078,não possui mulher bonita.,aparencia
4158088,Eu reconheço que sou um homem feioso.,aparencia
4158099,Porém o homem é feio por natureza.,aparencia
4158219,Que fim levou as crianças e aquelas moça tão lindas.,aparencia
4158298,O senhor fique ciente.,comportamentos
4158860,"Armamento e valentia fumo, cachaça e homem brabo.",identidade
4158921,"(Mulher falsa em rancho é mais uma pistola engatilhada contra a gente amigo)
.",comportamentos
4158962,Porque eu trabalhei tanto que eles nasceram cansado..,
4159032,Ela é preta bico branco tem sete palmo de altura.,aparencia
4159269,"E gosto, do homem ordeiro.",identidade
4159273,Respeito a mulher casada.,identidade
4159274,E a menina solteira.,identidade
4159588,Brasil precisa de homens fortes.,identidade
4159589,E não de um moço julgado incapaz.,identidade
4159978,Mulher valente no rancho é um respeito.,identidade
4160271,Por criar uma donzela bonita na flor da idade.,
4160331,Por minha esposa querida.,identidade
4160422,A mulher ciumenta é um perigo.,identidade
4160618,Paraíba tem mulher valente.,identidade
4160688,Sempre é rapaz direito.,identidade
4160767,Minha mãe era uma jóia.,aparencia
4161000,Todo homem brigador.,identidade
4161035,Era a moça mais linda de lá.,aparencia
4161328,Que eu lhe entregasse a caça que ele estava incomodado.,comportamentos
4161360,Mulher falsa em rancho.,identidade
4161430,Sou guapo desde menino contrário nenhum me vence.,identidade
4161438,"Senhor eu sou um homem velho, mas sou um velho de brio.",identidade
4161577,Namorar mulher casada eu acho um tempo perdido.,valores
4161644,Pra carregar meus bilhetes pra alguma mulher bonita.,comportamentos
4161647,"Pra carregar meus bilhetes pra alguma mulher bonita
.",outros
4161652,Sem esperar que ela mesma me usasse de traição.,comportamentos
4161806,"És homem rico, mas, porém honesto.",
4162146,E os maridos são guapo e valente.,identidade
4162185,"Pra não dar luto a uma mãe querida que eu tirasse a vida do seu rico filho
.",papel_social
4162205,Minha mãe casou direito era uma senhora séria.,identidade
4162212,Se eu fosse enfraquecido que nem o moço moderno.,papel_social
4162217,Eu falo porque já fui um menino pobrezinho.,identidade
4162282,E um menino malicioso viu.,comportamentos
4162631,Procura um menino novo.,identidade
4162640,Quando era um homem mais novo.,identidade
4162646,"(Perde essa esperança, não te enche mulher velha).
.",aparencia
4162768,Vai embora mulher aventureira.,habilidades
4162799,Minha querida afilhada eu te trouxe um presentinho.,comportamentos
4162853,Eu tenho a cara de homem sincero.,identidade
4162854,E uso ela conforme foi feita..,comportamentos
4163001,Eu reconheço que eu sou um homem feioso.,aparencia
4163057,Hoje o preto e o moço branco.,identidade
4163163,Ela é feita da madeira do nosso sagrado pinho.,identidade
4163341,"Também se me salvo sou um homem feliz.
.",identidade
4163380,Se ela é morta.,outros
4163398,Um homem honesto e correto.,identidade
4163411,E o senhor caro mocinho.,identidade
4163472,Ela é louquinha por mim.,identidade
4163552,"Ela é muito caprichosa, caritativa e estudiosa.",habilidades
4163594,Fazem o serviço do homem campeiro.,identidade
4163599,Esta é a minha esposa sagrada.,
4163885,Dizendo ele ser um homem valente.,identidade
4164080,Quero que o senhor compreenda preciso ter alegria.,habilidades
4164569,E Cristo estava sentado e disse vê que fracasso.,identidade
4164629,E o senhor surrava forte que já estava sofrendo.,valores
4164749,Era um marido exemplar e caprichoso.,identidade
4164796,"Ele é muito feliz sem tua companhia
.",identidade
4164804,Deus sempre foi meu amigo por ser um homem correto.,valores
4164977,Minha mulher é alta magricela.,aparencia
4164987,Sou um marido bastante infeliz.,papel_social
4165011,"(Para com isso mulher véia)
.",aparencia
4165035,A mulher véia conhece seu vicio.,identidade
4165301,E chamando o moço ansim pro lado.,outros
4165930,"Somente pra ele inscrevê
.",
4166411,Era a moça mais bunita.,aparencia
4166467,Eu num queria que ela fosse ansim.,valores
4166610,"Nunca vimo ele tão contente anssim
.",comportamentos
4166713,Ariano aí é sagaz.,valores
4166726,Ubaldo é talentoso.,habilidades
4166839,E ele era o escritor que.,habilidades
4167552,Trinta marido contente.,identidade
4168276,Maria tava ajueiada.,identidade
4168337,Maria tava inocente?.,habilidades
4168441,riqueza do menino pobre que sonha o ano inteiro com a.,identidade
4168449,"entanto, minha mãe despois deu grande, me contou em.",outros
4168450,pranto que ele foi preso coitado e tranformadu em réu..,identidade
4168457,Se o senhor tivé tempo.,comportamentos
4168508,um menino bonito que só vendo.,aparencia
4168611,Porque a sina das mães é esta sina.,outros
4168616,Mas nesse instante uma mulher bonita.,aparencia
4168618,A velha mãe aflita ainda se volta.,valores
4168670,"O filho é pobre, mas a mãe é rica.",valores
4168671,"O filho é homem, mas a mãe é santa
.",identidade
4168681,"Ora, por mais que o homem seja um mesquinho.",identidade
4168688,E o amarguinho que ele tem inofensivo.,comportamentos
4169111,"Arrume tudo, mãe querida, o seu filho vai voltar
.",identidade
4169264,"Por que na hora da briga ele ficô sem carção.
.",comportamentos
4169501,Vancê vai viver contente.,outros
4169562,Se ela lá vem vortando quase morta.,outros
4169857,É verdade que ela é preta.,identidade
4170105,Dois menino inocente brincando muito contente.,
4170230,Porva vai garrá fedê.,outros
4170550,Branca era tão diferente.,identidade
4170646,Eu sabia que minha mãe já devia tá desconfiada.,identidade
4170877,"E memo ela sendo comprida, sufrida, dilurida.",identidade
4170969,"Ela é veínha, eu preciso explicá
.",identidade
4171210,"Pitoco fui caçá
.",comportamentos
4171282,Por ela ser carinhosa.,identidade
4171517,Rei feliz da madrugada.,identidade
4172136,Amor pra moça bonita.,aparencia
4172156,Cantador serei primeiro.,valores
4176220,Toma cuidado que ele é louco de baldoso.,comportamentos
4176226,Só livra a sanga que no resto ela é bem mansa.,identidade
4176282,"Precisa é de homem campeiro.
.",identidade
4177112,"Na pátria do homem campeiro
.",outros
4177468,Com olhos negros de noite que ela mesma querenciou.,aparencia
4178114,e que esses tempos tinha dado um garreio num moço branco.,identidade
4178975,"Vem cá, vem cá, moço não seja ruim.",comportamentos
4179845,ela é minha inspiração.,identidade
4180572,O Vilãozinho é véio.,identidade
4180654,"Essa vaneira vai pra todas as meninas carinhosas...
.",comportamentos
4180655,"Essa vaneira é pra menina carinhosa, que dá beijinho quando a.",identidade
4180657,"essa vaneira é pra menina carinhosa, que faz denguinho quando a.",
4180671,"Rebola menina carinhosa vai...
.",identidade
4182324,E um moço novo que entre prosas e conselhos.,identidade
4182330,"Quando esse moço era um piá no seu petiço.
.",identidade
4185194,Pois ela é vida que também é minha.,identidade
4185820,"Menino gaúcho, guapo.",papel_social
4186327,Sabe moço fui guerreiro como tantos.,identidade
4186422,Hoje só resta o retrato daquela deusa gaúcha.,identidade
4188234,Jovens mulheres adolescentes.,
4188327,"Que o homem cordial morreu
.",identidade
4188494,"Comida boa, mulher gostosa, é o terra nova, é o terra nova
.",aparencia
4188603,Garrincha é tão matemático na rua da golada.,
4188612,Gandhi é provocativo.,identidade
4188677,Existe um homem cansado.,
4188723,But your heart could feel that beat.,outros
4190045,"minha menina triste
.",identidade
4190217,Mas ele está mudado eu sei o que ele tem.,comportamentos
4190338,"Ophelia era a menina rebelde,
.",identidade
4190413,mulher ardente.,comportamentos
4190415,Garota louca.,identidade
4190492,Mulheres nuas em grandes estilos.,identidade
4190497,Garotas belas e tão sinceras.,aparencia
4190585,"Mil garotos e garotas sub-12, sub-16 e até de 7 anos.",identidade
4192254,Ele ficou zangado e decidiu.,comportamentos
4192539,Ela linda do inicio ao fim.,identidade
4192987,Essa menina é cheia de manha.,identidade
4192988,"Ela é cheia de manha
.",identidade
4193003,"essa menina é cheia de manha
.",identidade
4193010,Sua mãe diz não estranha.,comportamentos
4193012,Ela é cheia de manha.,identidade
4193131,Gregório não foi isolado.,outros
4194453,Eles estão cheios de razão.,valores
4194636,Garota muito loca que eu não paro de pensar.,identidade
4194874,Parecia uma garota inocente mas no fundo ela provou.,identidade
4195152,"Gravata, sapatinho, êta moço bom!.",identidade
4195812,"Você é um rapaz tão pobre não namoro pé rapado
.",identidade
4197004,"Eu quero uma mulher descente, linda e que me ame
.",valores
4198458,Na cama ela é puro desejo.,identidade
4199103,"Ela é completa com a sua própria companhia
.",habilidades
4199623,"Ela é completa com sua própria companhia
.",valores
4199658,Com ele é só camarote.,outros
4200275,"Minha flor querida é tão amorosa
.",identidade
4201456,"Ela charmosa, dengosa, cheirosa.",aparencia
4201458,"Ela charmosa, bonita e gostosa.",identidade
4201459,"Mulher carinhosa me amarro em você
.",identidade
4201487,Mulher carinhosa me amarro em você.,comportamentos
4201720,Sendo-me ela tão necessária.,comportamentos
4201935,Ela é a coisa mais linda que eu vi.,aparencia
4202036,A musa querida.,outros
4202152,"Uma motocicleta com uma mina tão linda, eu vi, eu vi
.",aparencia
4202175,Hoje ela é a mãe dos meus filhos.,papel_social
4202296,"Senhor lá encima no céu
.",valores
4202374,Secou muitas lágrimas de mães aflitas e sofredoras.,comportamentos
4202474,Ela é sabida e não entra mais nesse jogo.,identidade
4202934,Se pra mim o rei sol brilhasse.,outros
4203612,Baby não é possível.,habilidades
4203647,Ficou pele menina muito linda.,
4203837,Ele é o filho de.,identidade
4203897,Câmara um homem divinal.,identidade
4204282,Ele é o rei do terreiro.,valores
4204395,"Ele é querido, ele é meu clube amado.",identidade
4204466,Ela é a valsa de um sofredor.,identidade
4204718,"Ela é bonita, é querida e é amada.",identidade
4205140,"Colo-colo, Colo-colo é campeão.",habilidades
4205236,Ele é lindo sim senhor.,aparencia
4205307,Como pode o homem ainda ser ateu.,identidade
4205581,Ela já não é mocinha.,identidade
4205591,Ela já não é tão jovem.,identidade
4205716,"Mulher paz do meu coração
.",identidade
4206141,Porque ele é santo e é nosso rei.,identidade
4206214,"Ela é santa, Nossa.",
4206217,"Ela é santa, imaculada.",aparencia
4206221,Ela é santa sem pecado.,identidade
4206225,Ela é santa generosa.,identidade
4206226,"Mãe bondosa, ser de luz.",habilidades
4206227,Ela é santa poderosa.,valores
4206243,"Mulher ideal
.",identidade
4206254,É essa menina mulher.,identidade
4206259,Ela é a musa da prosa.,identidade
4206275,Ela quer ser artista.,identidade
4206291,"Mas sei que ele não vai fazê-la feliz
.",valores
4206314,Ele só ele é o mestre de todos os mestres.,papel_social
4206369,Ele é o pai.,identidade
4206398,"Ele está vivo, por que ressuscitou.",valores
4206737,Lá vai ela linda.,aparencia
4207127,Só ele é o rei.,identidade
4207147,Minha musa querida.,aparencia
4207187,Da minha mãe celestial.,valores
4207259,"Quem anda com ele é feliz
.",identidade
4207387,Deus o homem é cruel ?.,identidade
4207521,Ela é mesmo pura sedução.,identidade
4207524,Musa provocante vive em alto astral.,identidade
4207525,"Bela gata mulher sensual
.",identidade
4207527,Ela é a fera que seduz que ama.,comportamentos
4207535,Ela é tão perfeita.,identidade
4208013,Garota careta.,comportamentos
4208031,Garota cheia de problema.,identidade
4208090,"Menina maluca
.",identidade
4208220,Ele é o filho do altíssimo.,identidade
4208223,Ele é o mestre rei dos reis.,
4208227,Ele é o sol que nos aquece.,identidade
4208610,Ela é faceira.,comportamentos
4208699,"Ele é poder, ele é.",valores
4208711,"Ele é aflito por você
.",identidade
4209180,Ela é formosa.,comportamentos
4209230,"Ela é linda, tão linda.",aparencia
4209232,Mulher moça menina.,aparencia
4209233,"Ela é gostosa demais
.",aparencia
4209374,Porque ele é santo.,valores
4209399,"Ele é o rei, rei.",identidade
4209401,"Ele é o redentor
.",identidade
4209413,"Jesus ele é meu salvador
.",valores
4209462,"Rainha virgem santa, mãe de.",identidade
4209500,Ela é toda ternura.,identidade
4209501,Ela é doce e bondosa.,identidade
4209503,Ela é fonte da vida.,identidade
4209504,Ela é luz e paixão.,identidade
4209508,Ela é cuidadosa.,habilidades
4209514,Ela é feita de amor.,identidade
4209515,Ela é pérola rara.,identidade
4209516,"Ela é mãe jóia de grande valor
.",identidade
4209548,"Mãe, mãe divina.",identidade
4209556,"Mãe fiel, mãe de amor, mãe de mel.",valores
4209568,"Mãe cheia de graça e de amor
.",identidade
4209569,Mãe cheia de graça e de fé.,identidade
4209583,Mãe cheia de graça e de amor.,identidade
4209777,Rainha cheia de luz.,valores
4209796,Nossa rainha sublime.,identidade
4209811,João está feliz.,comportamentos
4209815,"Maria é realidade
.",identidade
4210038,La vai ela musa sensual.,identidade
4210043,"Ela é gostosa, ela é um amor
.",identidade
4210051,"Ela é beleza, ela é magia
.",identidade
4210055,"Ela é tão bela, ela é um tesão
.",aparencia
4210094,Ele é o mensageiro da paz.,identidade
4210107,"Ele é guarida e é verdade
.",identidade
4210110,Ele é conforto pro coração.,comportamentos
4210111,É amoroso ele é perdão.,identidade
4210262,Ela é uma dama da noite mas eu gosto dela.,identidade
4210310,Minha musa tão doce.,
4210345,"Ela é tão meiga, terna e carinhosa.",aparencia
4210347,"Ela é tão pura, santa e tão singela.",identidade
4210351,Ela é ternura e paz.,identidade
4210352,Ela é cheia de amor.,identidade
4210757,Ele é o remédio das dores que sara a ferida.,identidade
4210767,Ele é o sol que irradia de noite e de dia.,identidade
4210987,A musa tão querida que eu vivo para amar.,identidade
4210997,"Embora ele seja prenúncio do mal
.",identidade
4211032,Ela é quente.,aparencia
4211036,Ela é uma gata descarada.,aparencia
4211040,"Ela é uma onça, uma pantera.",identidade
4211043,"Bicho mulher muito boa
.",habilidades
4211048,"Ela é uma uva, uma maçã.",identidade
4211051,"Pois ela é açucarada
.",identidade
4211064,"Ela é bonita, ela é gostosa
.",identidade
4211067,Deus que mina boa.,identidade
4211072,E deixou a mina muito louca.,comportamentos
4211081,"Ela é bonita, charmosa, gostosa.",aparencia
4211405,Ela é minha rainha.,identidade
4211407,Ela é mãe da minha princesinha.,papel_social
4211413,Ela é a lua da noite.,identidade
4211415,Ela é estrela que brilha.,identidade
4211562,"Moça linda, moça linda.",aparencia
4211654,Menina brejeira.,outros
4211684,Mulher galinha.,identidade
4211685,"Mulher galinha
.",identidade
4211699,Mulher fêmea mulher maravilhosa.,aparencia
4211722,"Ele é gostoso demais
.",aparencia
4211734,"Ela é felina, é fera menina.",identidade
4211823,Oxossi é pai com o seu fulgor.,valores
4212447,Ele é maior que a terra.,valores
4212833,Ele foi réu sem ter pecado.,identidade
4212919,O lar sem mãe é triste.,valores
4213160,Pois ele é vencedor.,identidade
4213165,Ele é o rei dos reis.,identidade
4213190,Ele é sempre querido.,identidade
4213304,Ele é amor e compreensão.,identidade
4213314,Ele é o reino de glória e paz.,valores
4213315,Ele é o rei e.,identidade
4213317,"Ele é o balsamo da dor
.",identidade
4213609,"Musa tão linda, mulher menina.",aparencia
4214262,Senhora mãe protetora.,identidade
4214282,Senhora mãe dos.,identidade
4214943,Essa menina maluca.,identidade
4214957,"Ela é tão carinhosa, gostosa e saborosa
.",aparencia
4216298,"Ele é nosso salvador
.",habilidades
4216325,Só ele é o santo.,identidade
4216327,Só ele é o mestre.,
4216331,Só ele é perdão.,outros
4216864,"Senhora rainha, santa minha.",valores
4216891,"Por isso é que se diz como ele é sentimental
.",identidade
4217205,"Ele é poder, justiça e amor.",identidade
4217206,"Ele é o rei, Deus, Nosso.",valores
4217283,E as moças faceiras.,
4217360,Querida vivo sonhando contigo.,outros
4217595,Ela é dona de casa.,identidade
4217597,Ela é professora.,papel_social
4217599,Ela é enfermeira.,identidade
4217601,Ela é cozinheira.,identidade
4217604,Ela é jóia preciosa.,identidade
4217607,Ela é super mulher.,identidade
4217616,Ela é arrumadeira.,habilidades
4217619,Ela é companheira.,identidade
4217621,Ela é conselheira.,
4217623,Ela é dedicada.,comportamentos
4217625,Ela é santa sagrada.,identidade
4217722,Ela é sedução.,aparencia
4217726,Ela é a serpente.,identidade
4217739,Ela é tentação.,aparencia
4217878,Mas ela é casada.,papel_social
4218008,Essa garota é uma máquina.,identidade
4218015,"Ela é uma gata no cio
.",comportamentos
4218832,"Ele é o ritmo quente que faz delirar
.",identidade
4219939,Eu vou dizer que ela é minha vida.,identidade
4220813,E ele tá igual meu coração.,outros
4222236,A promessa sempre foi ser um homem fiel.,identidade
4222412,"Quando ela fica calada, pensando na vida.",outros
4223306,E ela já estava acordada.,comportamentos
4223669,E que dentro desse homem forte.,identidade
4224000,Deus eu queria poder descobrir se ela está feliz.,
4224182,Ela é linda como uma flor.,aparencia
4225110,"Minha menina, mulher sensual e atrevida.",aparencia
4226509,Aquele homem estranho dizia ser filho de.,papel_social
4229019,Disfarçando ele ria contente.,comportamentos
4229671,"Ela é minha cara, ela e jóia rara.",identidade
4229672,"Ela é linda, ararinha é o meu amor
.",aparencia
4229676,"Ela gira, ela ginga, é como uma flor
.",habilidades
4229683,"Ela chega tão meiga e tão bela,.",aparencia
4229910,Ao ver aquela mulher linda.,identidade
4230582,De um homem terrível.,valores
4230687,Ela é feliz mas sempre finge que não é....,comportamentos
4230688,Pra ela é muito importante posar de vítima.,aparencia
4230689,Ela é feliz e adora me ver confuso.,comportamentos
4230766,"Ela não é feliz
.",identidade
4230932,"Sou um homem maduro, sou um homem bom.",
4231402,"ela está tão distante
.",comportamentos
4232295,Ela é muito bonita e tem muitos pretendentes.,aparencia
4232674,"Ela é desquitada, ela tem um sorriso livre.",comportamentos
4232675,"A liberdade na cara, ela é dona de si.",identidade
4233789,Mas sua mãe continua firme.,papel_social
4234375,a musa inspiradora de um poeta.,identidade
4234552,"Menina bonitinha quero teu carinho quero teu amor

.",aparencia
4234555,"Menina bonitinha quero teu carinho quero teu amor
.",identidade
4234566,Menina bonitinha quero teu carinho quero teu amor.,aparencia
4234592,Por você menina linda.,aparencia
4234716,musa preferida.,identidade
4235188,"Mulher linda e carinhosa
.",aparencia
4235613,Hoje cedo ela amanheceu tão triste.,identidade
4236288,Eles são pioneiros.,papel_social
4236327,O namorado rico que você quer ter.,identidade
4236356,"Eu não esqueço da primeira vez que eu te vi, olhei em seus olhos, e uma louca paixão eu senti, você sorriu pra mim e o meu corpo todo arrepio com seu jeito lindo de menina a mulher mais linda que deus me mandou agora sonho de um dia contigo casar e num castelo de amor com você morar e entre flores, passarinhos e muita beleza ser o seu príncipe apaixonado no reino encantado com você princesa, eu quero te dar o meu mundo meu nome nos seus braços ser o mais feliz dos homens um avião de beijos eu vou te levar pra felicidade juntos viajar numa viajem de amor que não vai terminar agora sonho de um dia contigo casar e num castelo de amor com você morar e entre flores, passarinhos e muita beleza ser o seu príncipe apaixonado no reino encantado com você princesa eu quero te dar o meu mundo meu nome no seus braços ser o mais feliz dos homens um avião de beijos eu vou te levar pra felicidade juntos viajar numa viajem de amor que não vai terminar eu quero te dar o meu mundo meu nome no seus braços ser o mais feliz dos homens um avião de beijos eu vou te levar pra felicidade juntos viajar numa viajem de amor que não vai terminar eu quero te dar o meu mundo meu nome no seus braços ser o mais feliz dos homens um avião de beijos eu vou te levar pra felicidade juntos viajar numa viajem de amor que não vai terminar.",identidade
4236416,"Ele é bom, deu a vida.",identidade
4236868,Todas elas são muito bonitas.,aparencia
4237274,Eu seria o homem mais feliz da terra.,valores
4237739,Essa mulher linda dizer.,aparencia
4238551,É mulher guerreira e nobre.,identidade
4238667,"Batista me ligase e ouvise eu cantando essa musica, pois se vc ouvise vc iria gostar pq ela é linda,vc pode até não achar sentido mais se vc ouvise eu cantando vc iria gosta.",aparencia
4238685,Ela é charmosa de joão.,identidade
4238926,Me fez o homem mais feliz.,identidade
4239198,E um homem triste não pode viver assim tão só.,comportamentos
4239346,E uma mulher magra e cansada.,aparencia
4239350,Ela é minha mãe querida.,identidade
4239689,A moça linda e ele um cara tão perfeito.,identidade
4239710,Espera mãe querida.,identidade
4239734,Mulher mensageira.,identidade
4241063,Sou menino maluquinho.,identidade
4241333,Moça bela do interior.,aparencia
4241952,"Minha mãe morena, Mãe.",identidade
4242262,Ele é o cordeiro que deu sua vida pra todos salvar.,identidade
4242716,E se casar com rapaz feio.,aparencia
4243029,Mulher é a força que constrói um novo sonhador.,identidade
4243294,És mãe gentil.,identidade
4243948,Sou mais um homem escravo.,identidade
4244553,Ela ficou zangada foi quebrando tudo.,comportamentos
4245645,"como um homem ciumento, foi por ela..",comportamentos
4246789,não sou um homem fácil de prender.,habilidades
4247766,"Torcendo pra que ela mesma descubra no meu jeito de olhar
.",comportamentos
4247769,"Dizer pra ela não é culpa minha, mas é minha solidão.",comportamentos
4248475,"Arrume tudo mãe querida, que seu filho vai voltar
.",outros
4249595,"Minas gerais é terra da alegria, é terra da paz!
.",outros
4250018,Já tão secando o leite de minas gerais.,
4250056,"Toda mulher é igual, toda mulher é igual.",identidade
4250125,Já vi menina jeitosa mas igual essa é demais.,aparencia
4250645,O padre é meu amigo ele é meu parceiro.,comportamentos
4250784,"Uma mulher bonita que meu coração gamou
.",aparencia
4250970,"Ela é linda, ela é top.",aparencia
4250971,"Ela é dama, mas bebeu fudeu.",comportamentos
4250973,"Ela é santa, mas bebeu fudeu
.",identidade
4250987,"Ela é santa, mas bebeu fudeu.",identidade
4252215,Os homens tão chapado e a mulherada tudo louca.,comportamentos
4253113,"Ela liga pros homens, só ele não vê.",comportamentos
4253121,Ele tá feito pinto no lixo.,identidade
4253485,Aqui só tem mulher bonita é festa de rodeio.,aparencia
4253497,"Quando o homem é cachorro e galinha aí ela trai
.",comportamentos
4253535,Quando o homem é cachorro e galinha aí ela trai.,valores
4253871,"e a mulher namoradeira eu passo o couro e mando embora
.",valores
4254355,Deus ó senhor poderoso eu lhe faço o pedido.,identidade
4254549,Menina foi tão bom sentir o seu calor.,identidade
4254700,Ela foi mulher fiel.,
4254997,Ela é toda santinha.,comportamentos
4255241,"Mãe, sem a senhora controlando tá legal.",comportamentos
4256388,Ele é o certo.,papel_social
4256970,"Amor, Deus foi tão bom comigo.",valores
4257008,"Ela apela, ela é braba
.",comportamentos
4257031,"Ela é braba, hein, atropela.",identidade
4260570,Tu é a filha pródiga que volta.,comportamentos
4261392,"Do menino inocente que um dia sonhou
.",identidade
4261476,Eu sou plebeu ela é nobre.,papel_social
4261490,"sorrindo, o rouba, e a avelha mãe aflita.",comportamentos
4261546,"o filho é pobre, mas a mãe é rica!.",identidade
4261547,"O filho é homem, mas a mãe é santa!.",identidade
4261559,Por mais que o homem seja um mesquinho.,identidade
4262069,Um mulher diferente.,identidade
4262074,Essa mulher fantasia.,aparencia
4262289,"Amo o sol senhor ardente
.",outros
4262970,"Arrume tudo mãe querida, o seu filho vai voltar
.",outros
4263143,Ele é o furacão.,identidade
4263428,Rosinha era moça bonita.,identidade
4263815,"Para mim sou grande, mas pra ela pequenino.",identidade
4266613,Ele não está aqui comigo neste mundo imundo.,valores
4266654,Eva eram brancos?.,identidade
4266659,Por um amor até um homem forte.,identidade
4268438,Eu porém menino pobre te amava tanto.,valores
4271151,Ela é casada mas quer separar.,identidade
4271158,Você deixou ela sozinha.,comportamentos
4271269,E vem e na balada ela é astral.,comportamentos
4272156,Mulher bandida igual a você.,identidade
4272386,"Ela é bandida, eu sei que é.",identidade
4273069,Ele não é mais bonito do que eu.,aparencia
4273645,Aquela menina era a felicidade que eu tanto esperei.,identidade
4273769,"E o pobre menino sozinho sofreu mais que ninguém
.",identidade
4273797,Ele é filho dessa gente importante.,
4273834,Minha mãe agora está mais velha.,
4273840,Ela é uma moça tão linda.,aparencia
4273844,Que ela dá tão gostoso.,identidade
4273983,O tempo em que ela tão feliz.,identidade
4274453,Ela tá é desesperada.,identidade
4274501,"Ah, ela é princesa.",identidade
4274506,A mulher mais bela.,aparencia
4274523,Ele é seu amor.,papel_social
4274571,Ela bem feitada e eu naquele fossa.,aparencia
4274687,Contem dos meus sonhos onde ela é presente.,identidade
4274961,Ela não bronqueia e nem perdoa.,identidade
4275940,Parabéns não foi fácil más valeu.,outros
4276174,E eu já percebi que ela é sozinha.,comportamentos
4276252,Maria é uma simples moça caseira.,identidade
4276819,Quando o rapaz caipira.,identidade
4276826,Rapaz caipira.,identidade
4277063,Diz que ele é o cara.,identidade
4277694,Aquela menina era felicidade.,identidade
4277793,"Lembro a menina feia,.",identidade
4278078,"Ela é muito mais mulher,
.",identidade
4278789,"Ele é puro, sujo.",identidade
4278896,Não tem raça.,outros
4279368,Ela sempre é notícia.,comportamentos
4279636,Uma menina simples que sorria.,identidade
4279685,No coração dos homens maus já se acabou.,valores
4279976,Se ele fosse seu vizinho.,identidade
4279984,Se ele fosse delegado.,papel_social
4280113,"Se de longe ela era linda,.",aparencia
4280278,"Princesa rainha, a minha mulher
.",identidade
4280408,A sorte pra ela foi muito pequena.,aparencia
4281158,"De calça jeans e botina, jeito de menina roceira.",identidade
4283131,"Adão não foi avisado
.",outros
4283188,Fulana tá linda.,aparencia
4283456,E disse que ele é bem melhor de cama do que eu.,habilidades
4285772,"Porque o coração, ele é sempre capaz de amar
.",habilidades
4286502,Ele era rei mas foi humilde o tempo inteiro.,identidade
4286503,ele foi filho de carpinteiro.,outros
4286969,"É PENA QUE ELA FIQUE TÃO DISTANTE
.",comportamentos
4288291,Pela moça bela.,aparencia
4288904,"conheci uma moça bonita,.",aparencia
4289002,"Pra essas mulheres tão nervosas,.",comportamentos
4289021,Porque a mulher será mulher.,papel_social
4289171,Senhor segura em minhas mãos.,valores
4290446,quando ele é o homem-aranha.,identidade
4290466,Sé sei que ele é o presente mais lindo.,aparencia
4290932,"Ele é cheio de paz,.",identidade
4294325,Moça moça eu te prometo eu me viro do avesso.,comportamentos
4294334,É tao gostosa ela é toda faceira.,aparencia
4294678,Nos fizemos tão meninos livres tão vadios de tanto querer.,comportamentos
4294945,"Virgem, menina morena.",aparencia
4295021,Ela é a paz que nasceu pra mim.,identidade
4295731,Mas ela chega cheia de chamego.,
4296802,"Ela é a lua,é minha loucura.",identidade
4296803,"A musa perfeita que alguém procura

.",aparencia
4296810,"Da menina mais linda,que é minha sina.",aparencia
4296867,Ele é o rei.,
4297045,Minha deusa nua minha bailarina.,aparencia
4297175,"por onde for, ser escravo, menino cativo.",identidade
4297264,Nunca viu moça tão bela e por isso ando assim.,aparencia
4297961,"Princesa mágica, musa da música que sai da minha cabeça.",identidade
4298342,Pelo amor da mulher mais bonita de um harém de.,aparencia
4298926,Jesus não esperou ser amado por você para também te amar..,identidade
4299058,Pois com ele estou liberto do perigo e do mal.,valores
4299091,Quem é este homem importante que a todos escuta?.,identidade
4299226,"Ele é o alivio quando a dor aperta
.",identidade
4299405,Abra sua bíblia e siga o exemplo desse homem puro.,valores
4300245,Ele é água viva pro homem sedento.,identidade
4300249,Ele é alívio.,identidade
4300258,Como homem foi levado a cruz pra provar a morte.,valores
4300560,Ele é o pão vivo que desceu do céu.,valores
4300756,"Ele é digno de todo o meu louvor
.",valores
4300883,Jesus é maravilhoso.,valores
4300941,Jesus é vencedor.,identidade
4300977,Rever amigos que um dia em cristo foram feito meus irmãos.,outros
4300997,Cumpriu-se a profecia que ele mesmo falou.,identidade
4301031,"Ele é amor, ele não vai te abandonar
.",identidade
4301040,"Ele é fiel, Ele nunca falhou,.",identidade
4301048,"lembre-se que voltará, Ele mesmo avisou.
.",identidade
4301055,Nestas boates de mulheres tão formosas.,aparencia
4301110,Ele é o sol que brilha no teu coração viu.,outros
4301407,"AÍ, VOU VER SE ELE É MAIS DO QUE EU

.",aparencia
4301421,"AÍ, VOU VER SE ELE É MAIS DO QUE EU


.",identidade
4301517,No lugar do velho homem pecador.,identidade
4301581,Jesus é tão bom estar aqui.,comportamentos
4301997,E Ele não será derrotado pelo inimigo.,comportamentos
4302053,"Jesus foi ferido,.",outros
4302313,"O Senhor é meu pastor, nada me faltará..",valores
4302502,Ele nasceu tão pobrezinho.,outros
4302764,ontem a noite ele estava sozinho.,comportamentos
4302870,"Ele disse vinde a mim pecador
.",identidade
4302881,"Si, Ele disse vinde a.",outros
4302883,Ele disse vinde a.,outros
4303243,"Ela tá ferida, ela tá ferida
.",identidade
4303431,"Ela fica louca, louquinha, perde a razão
.",comportamentos
4304302,"Imagina ela solteira
.",papel_social
4304353,"Quis ser dono do teu pensamento, ilusão.",comportamentos
4304855,Da namorada bem amada que eu sonhei.,outros
4306144,Ele é seu pai e por sinal já me ensinou.,
4306326,"Canta, menina triste, esqueça a tristeza.",identidade
4306328,"Você, menina triste, que vive a chorar.",aparencia
4309086,Se casou com um rei nagô em.,papel_social
4309106,Ele cresceu e se fez um homem bom.,identidade
4309493,Ela louca muito louca.,identidade
4309927,Tu és a filha pródiga.,identidade
4309933,Voltastes estás bem contente.,
4310111,"Minha filha inocente, vem pra mim toda contente.",identidade
4310386,"Bárbara é bárbara, é bárbara.",identidade
4310455,Ele cega de paixão.,identidade
4311947,Se é mulher é minha senhora.,identidade
4312460,Ela é veterana da guerra da.,identidade
4313228,"Que esse amor me fez um homem sofredor
.",identidade
4313402,"Tem mulher bonita e apaixonado eu tô
.",aparencia
4313583,"E elas fica louca
.",comportamentos
4313887,"""Eta"" mulher bandida.",papel_social
4314110,"Ela é minha amiga eu não posso falhar
.",identidade
4314932,"Agora é tarde, Inês é morta.",identidade
4315155,Esta mulher vive assim tão humilhada.,identidade
4315316,Um moço pobre poderá ser bom esposo.,identidade
4315982,Um moço pobre como eu não deve amar.,identidade
4315985,"Um moço pobre como eu não tem valor
.",identidade
4316706,Quero ver senhor vigário.,outros
4319712,Esse homem bravo e forte.,identidade
4320868,Homem puro que trabalha tanto.,identidade
4321536,"É mulher perigosa, é mulher perigosa
.",outros
4321553,Toda mulher é divina.,aparencia
4321559,Isso é mulher brasileira.,papel_social
4322557,Não sei se ele falava sério.,comportamentos
4322632,Me fez um homem cheio de ternura.,identidade
4325174,"E que ele é melhor do que eu
.",habilidades
4325594,Talvez ela seja feliz.,outros
4325642,"ela era feliz e cantava , cantigas de amor.",identidade
4325644,"nem parece a moça bonita que ontem sorria
.",aparencia
4325646,seu sorriso de moça bonita alguém carregou.,aparencia
4326966,De dia ela é santa.,
4327965,Se ela é melhor que eu.,valores
4329358,Ele é sol à meia noite.,identidade
4329747,Nos barcos os pescadores e um rei escritor.,papel_social
4330083,Ele era um rapaz.,identidade
4330281,Sou uma mulher fiel.,identidade
4332495,Ela já não está comigo.,identidade
4332883,"fui marido mal-amado,.",identidade
4333567,Ela estava sozinha somente um copo como seu par.,outros
4333572,Uma mulher tão linda ai não devia sofrer de amor.,outros
4334432,"para ser minha mulher p'ra vida
.",outros
4334526,"Princesa linda sem fim que me criou
.",identidade
4334535,"Mãe querida, mãe querida.",identidade
4334634,mulheres bonitas namorei.,aparencia
4334779,"Meu herói pequeno, sorriso sereno, homem pequenino.",identidade
4334785,Eu sempre serei aquele homem certo.,identidade
4334851,"Morena bonita, mulher tão perfeita da cabeça aos pés.",aparencia
4335092,"A mulheres bonitas nunca se diz não
.",aparencia
4335206,"Sou um homem feliz, obrigado.",identidade
4335694,Fazeres-me um homem melhor.,comportamentos
4336863,Sempre fui um homem louco demais.,identidade
4338545,César tá mais preparado.,habilidades
4338701,"Faça ela feliz, faça ela feliz
.",comportamentos
4338752,"Foi por que ela estava ausente
.",outros
4338943,"Um homem carente, sofrendo e doente.",identidade
4339617,"A mulher mais gostosa, mas também só minha.",aparencia
4339743,"Quando está comigo ela é só paixão, amor e ternura.",identidade
4340536,Eita mulher difícil.,comportamentos
4342129,Na segunda ele grila.,comportamentos
4346182,"Ela é forte, é traiçoeira, ela é fogo de fogueira.",identidade
4346284,"Mas ele era ruim de cama
.",habilidades
4346303,Mas ele era ruim de cama.,habilidades
4346830,Minha mulher é uma parada dura.,identidade
4347053,Ela é toda faceira.,comportamentos
4347057,Ela é famosa em.,papel_social
4347072,"Que essa é a mulher perfeita pra você
.",identidade
4347079,Ela é famosa na.,identidade
4347774,Porque não sou pra você um homem estranho.,identidade
4347875,Ela é a estrela mais linda.,identidade
4348583,"e ser mais feliz, um homem feliz
.",identidade
4348746,Deusa linda.,aparencia
4348880,"Ela é bem melhor do que você
.",identidade
4349837,"Você iria responder ""ela já foi esquecida"".",valores
4349839,"Você iria responder ""ela já foi esquecida""
.",outros
4351544,Cristo também foi traído por.,comportamentos
4352002,Minha mãe foi rainha.,identidade
4352015,Minha mãe tão rainha.,identidade
4352509,"Pervertido, mal amado, menino malvado, cuidado.",identidade
4352511,"menino indecente, viado
.",identidade
4354786,"Com essa rosa no cabelo e esse andar de moça prosa morena, morena.",identidade
4354882,"Bem, não vá deixar a sua mãe aflita
.",comportamentos
4355972,Enquanto mãe preta cantava (laiá lalaiá lalaiá laiá).,identidade
4356340,Uma mulher clara.,comportamentos
4357097,Ela já é gente.,outros
4357263,Ele nunca foi mais curioso.,habilidades
4357322,"Ele é caboclo, é.",identidade
4357341,Ser mulher é fazer doce.,comportamentos
4357349,Ser mulher é ser risonha.,identidade
4357355,Ser mulher amigo meu.,identidade
4357652,Saber que somos homens calados.,habilidades
4357698,A moça louca chegou e se acomodou.,identidade
4359764,Ela não era assim tão carinhosa como é.,comportamentos
4360028,"Vai, mulher cruel.",identidade
4360091,"Bordão cinto prata sobre a mãe solteira, Ai, ai, ai.",aparencia
4360264,Caxias sou pura energia.,identidade
4360586,Menina baiana do juazeiro.,identidade
4360992,"Senhora, Mãe poderosa.",identidade
4361007,Menino bom de bola.,habilidades
4361233,"Minha rainha poderosa,.",identidade
4361264,"Ela é minha alegria, é minha paixão.",aparencia
4361347,O homem primitivo não sabia.,habilidades
4361548,"Oh, pátria mãe gentil.",identidade
4362292,Homem branco invade a terra.,aparencia
4362435,"O ""menino passarinho"" se transformou.",identidade
4362471,Cantando a saga do menino sonhador.,identidade
4363107,Que ele dá bom palpite.,habilidades
4363145,"A idéia do rei foi genial,.",outros
4363392,A rainha era deusa.,aparencia
4363522,"Mães feiticeiras, donas do destino....",identidade
4363531,Rainhas soberanas.,identidade
4364215,"E o diário de viagem, ele mesmo escreveu,.",identidade
4364540,"A moça branca é amiga,.",aparencia
4364568,A moça branca.,aparencia
4364812,Com o rei negro no congá.,identidade
4364900,O rei congo aqui chegou.,identidade
4365479,"""É mãe é mulher a mão guardiã.",papel_social
4365507,É mãe é mulher a mão guardiã.,identidade
4365525,A bênção mãe baiana rezadeira.,outros
4365547,"Ê mãe preta, mãe baiana.",identidade
4365978,Pra defender a nossa pátria mãe gentil.,valores
4366310,Ele foi eleito a deputado.,papel_social
4367133,Musa inspiradora.,identidade
4367418,"E a rainha negra ofertou
.",identidade
4367577,Francisco foi navegador.,identidade
4367578,"Na serra, ele nasce pequenino.",identidade
4367770,"mulher brasileira em primeiro lugar (x2)
.",identidade
4367804,Glória a essas divas tão guerreiras.,identidade
4367806,Maria não é brincadeira.,identidade
4367992,E sou menino sonhador.,
4368441,"Menino bom na sua língua natal,menino bom que se tornou imortal
.",papel_social
4368805,Juca era mestre em valentia.,habilidades
4369026,"Dessas mulheres gentis
.",identidade
4370032,Índio é dono desse chão.,identidade
4370033,Índio é filho da.,identidade
4370152,Zumbi é rei.,outros
4370171,"Soberana do meu carnaval, na princesa nilopolitana.",identidade
4370230,Três princesas africanas.,identidade
4370259,"Ele é rei e vem lutar
.",identidade
4370353,Gloriosa ela surge deslumbrante !.,outros
4370742,O homem nativo da terra.,identidade
4371067,A menina moça e o homem de guerra.,identidade
4371077,"Mulher brasileira de tanta coragem
.",identidade
4371596,Ele é o brasileiro.,identidade
4371729,É diva internacional.,identidade
4372118,Óh minha deusa soberana.,identidade
4372132,"Meus filhos são filhos dessa mãe gentil
.",identidade
4372268,O rei mandô cair dentro da folia.,identidade
4372540,É menino sonhador (bis).,comportamentos
4372713,"""Do lixo para as flores"", Joãosinho é genial.",
4372950,Mamãe tô forte e tenho sorte.,identidade
4373521,"Seu padre, se a moça é solteira?",
4373784,"Menina rendeira, me ensina a bordar.",habilidades
4373945,"És a pátria mãe gentil da amizade
.",identidade
4374009,Quando o homem branco aqui chegou.,aparencia
4374462,Gandhi hoje são brasileiros.,identidade
4374616,"Quantos imigrantes te abraçaram, mãe gentil.",identidade
4374908,Exaltando a rainha mestiça.,comportamentos
4375346,O homem busca novos ideais.,identidade
4375642,Quero te ver qual menino feliz.,identidade
4376126,"Musa divinal
.",aparencia
4376280,Homem branco se assustava.,aparencia
4376364,Do homem sonhador.,outros
4376711,Rei feliz.,identidade
4376806,Ah mulher guerreira.,identidade
4377267,"Ela já não está presente

.",identidade
4377322,Mulheres guerreiras em orgia.,identidade
4377358,Tia preta na cozinha (bis).,aparencia
4377367,Bata palma mãe pequena.,outros
4377378,O rei ficou ciente.,comportamentos
4377672,Homens felizes vivendo nas matas.,identidade
4378988,"Notícias más, de homens maus,.",identidade
4379048,Uma rainha africana.,identidade
4379065,"Com o parlamento, a rainha negra governava.",identidade
4379158,Espelho da mulher brasileira.,identidade
4379194,"Quero te ver, ó bela dama pecadora.",aparencia
4379882,Projetando a mulher brasileira.,identidade
4380147,Que ela fosse tão bela.,aparencia
4380157,Gabriela moça pobre do sertão.,identidade
4380179,Que ela era uma flor.,identidade
4380241,Ele é verde e amarelo.,aparencia
4380366,A lenda diz que a moça índia foi primeira.,identidade
4380395,A dama negra a ele apareceu.,identidade
4381296,MOÇA BONITA!,aparencia
4381752,"MULHER BONITA, ROSA MAIS BELA
.",aparencia
4382770,E o homem confiante consultava.,comportamentos
4384583,O homem orgulhoso como quê.,valores
4385080,Menino pobre.,identidade
4385160,Mas o homem é muito forte.,identidade
4385810,"Lago, um homem genial.",identidade
4386206,A metamorfose dessa pátria mãe gentil.,identidade
4386561,Ele é capitão.,identidade
4386562,Ele é general.,papel_social
4386719,Moço valente chorava.,identidade
4386951,"Oh, menina moça saia no portão.",identidade
4386978,Senhor branco não gostou.,identidade
4387131,A deusa negra mais forte.,identidade
4387486,Fiz na revista a musa nua.,aparencia
4387651,"Olha pro índio ele é especial não faz mal

.",outros
4387998,Brown é verde e branco.,identidade
4388118,"Oh mãe africa, da nossa mistura nasceu o samba.",identidade
4388504,Oxum deusa formosa.,papel_social
4388505,"Moça dengosa irradiando energia
.",identidade
4388883,De onde o homem macaco evoluiu?.,valores
4388887,Mulher serpente trai a.,identidade
4388932,Fez o homem primitivo.,identidade
4389115,"Portugueses, povoando a pátria mãe gentil.",outros
4389385,"Iara ê, iara ê mãe d'água.",outros
4389714,"Mulher guerreira, bem brasileira.",identidade
4389856,Perón é a musa divinal.,identidade
4389861,Mulheres ousadas e maravilhosas.,identidade
4389882,Homem branco veio invadir.,papel_social
4390091,Rainha negra.,aparencia
4390465,"Das grandes mulheres guerreiras, Tupinambás


.",identidade
4390594,Homem generoso e de respeito.,identidade
4390799,Onde viviam as mulheres guerreiras.,valores
4391034,"E tem mais, o barão cruel, homem dominador.",comportamentos
4391158,"Do menino gigante, fez despertar.",outros
4391821,Senhora tão belo seu ilá.,aparencia
4392144,Vamos gritar aos quatro cantos desta pátria mãe gentil.,valores
4392312,Pátria amada idolatrada mãe gentil.,outros
4392614,Imperador foi derrotado.,habilidades
4393091,"Que havia comilança em sua pátria mãe gentil
.",outros
4393898,MENINO ESCRAVO.,papel_social
4394158,Dizem que uma moça muito linda.,aparencia
4394182,Ela é a mãe do ouro.,identidade
4394278,"Lá vai o menino pobrezinho,.",identidade
4394286,"Se hoje ele é mau orientado,.",identidade
4394507,REFORMAS SOCIAIS ELE PEDIU.,outros
4394614,Da queimada o homem branco produzia o carvão.,identidade
4394743,O rei momo emagreceu.,aparencia
4395643,Proteja a nossa pátria mãe gentil.,identidade
4395680,Mãe negra é luz.,identidade
4396338,Quando a atração é o grande rei leão.,papel_social
4396569,Mulheres guerreiras...,identidade
4396749,"A moça nativa, seu povo festeiro.",identidade
4396911,"O menino passarinho, deixou seu ninho e ganhou o céu.",
4397125,Lindo sonho que é só meu (o rei mandô).,outros
4397307,Mãe protetora.,identidade
4397559,"CADA SELVA TEM UM REI, CADA REI TEM SUA LEI.",papel_social
4397615,"Terra querida é luz e cor
.",identidade
4397738,"Yogurte é leite, tem saúde e muito mais
.",identidade
4398017,Pedro é coroado imperador.,identidade
4398357,Que a mulher brasileira simboliza.,identidade
4398475,E a mulher independente.,identidade
4399089,"Samba menina bonita...
.",aparencia
4399142,"Ora yeyeo, mãe menininha do gantois
.",papel_social
4399535,"A mãe negra temperou, a hora é esta.",identidade
4400477,"Oxente festeira, acende a fogueira...",identidade
4400543,Na mãe feiticeira o dom de curar.,valores
4400580,"ele é corintiano
.",identidade
4401120,"MOÇA BONITA
.",aparencia
4401701,"Vem, com dois meninos passarinhos.",
4402320,Sou filho dessa pátria mãe gentil.,identidade
4402364,"E homens cheios de “Raça”...
.",comportamentos
4402395,"no homem branco colonizador (bis)
.",papel_social
4402668,"Minha pátria mãe gentil, meu.",identidade
4402873,"O homem primitivo, gigantescos animais.",identidade
4403440,"Embala meus sonhos, ó musa divina.",
4403604,Nossa pátria mãe gentil.,papel_social
4404002,Odudua foi regente.,outros
4404950,"Ele achou confortável, ficou
.",comportamentos
4405205,"Ele fica novo
.",identidade
4405283,"Sem enxergar que ela é brilhante, que ela é rara
.",identidade
4405870,E ela tava mais linda.,aparencia
4406140,É que ele é grande demais.,aparencia
4406556,"Ela tava linda, nossos braços se cruzando.",aparencia
4407739,"E se amasse ele não estaria deitada
.",comportamentos
4408224,"Que menino sonhador
.",comportamentos
4408538,Embora o senhor seja conhecido.,identidade
4408707,seria um homem muito feliz.,outros
4408989,ser mulher direita conforme ela era.,identidade
4409073,"Quero ver esse mineiro voltar de a pé pra minas gerais
.",habilidades
4409612,"Deixa qualquer homem louco
.",habilidades
4409644,Onde tem mulher fogosa.,outros
4409660,Paixão por mulher bonita.,aparencia
4409809,Eu sou um homem tão desvalido.,identidade
4409833,Mulher é muito louca.,identidade
4409892,"Desde quando ela era mocinha
.",identidade
4410132,não posso ver mulher bonita.,aparencia
4410412,"O marido freguês, seja lá como for.",identidade
4410663,Quero a meu lado mulher bonita.,aparencia
4410686,"Tô de namorada nova, tô.",outros
4410736,Tenho a ela verdadeiro amor.,identidade
4410746,Madalena foi pecadora.,valores
4411045,Não pode ver mulher bonita.,aparencia
4411138,Só ataca mulher bonita.,aparencia
4411279,Quem gosta de homem é gay.,identidade
4411659,Eu não fui o homem certo pra você.,identidade
4411831,Que menina tão bonita.,aparencia
4413504,Se ela é tão difícil de esquecer?.,identidade
4413509,"Deus, essa mulher é minha vida.",identidade
4414607,O menina tão bonita.,aparencia
4414642,"Seu marido apaixonado cheio de amor e fé

.",identidade
4414664,Você menina é tão bonita.,aparencia
4414946,Sou homem descrente e só creio em.,identidade
4415332,Uma moça muito especial.,identidade
4415336,Ser um homem diferente.,identidade
4416098,Ele é lindo demais.,aparencia
4416211,"Coração é meu doutor
.",
4416792,"Que nunca tinha visto um homem tão perfeito,.",identidade
4416862,As outras sabem que ela é dona do pedaço.,identidade
4417178,Eu sei que ela é jovem.,aparencia
4417362,Perdoa esse homem triste que te ama.,identidade
4417520,"O homem tá nervoso, tá bufando.",outros
4417924,Venha pra aqui menino lindo.,aparencia
4418656,Perdão foi feito pra curar as feridas.,valores
4420403,"Deus, que mulher gostosa.",identidade
4421082,"Com certeza, ela mesma vai colher
.",identidade
4421101,"Com certeza, ela mesma vai colher.",outros
4421585,Tem mulher verruguenta.,aparencia
4421591,tem mulher baranga com bafo de onça.,identidade
4422235,O povo todo gritava pra menina boiadeira.,identidade
4422301,Aos homem grande amizade.,outros
4422667,Titio era cuiabano.,papel_social
4422669,Ele era criador de gado.,identidade
4423472,"Ele já foi canoeiro e pescadô também
.",identidade
4423742,"Ele foi bem castigado
.",comportamentos
4424434,Maria tava inocente.,comportamentos
4424661,A mãe preta que foi morta.,identidade
4424893,Ele não era moço.,identidade
4424938,Eu tenho ela calejada.,identidade
4425217,E guiando os três rei mago.,identidade
4425220,(E guiando os três rei mago.,outros
4425226,Cristo foi nascido.,identidade
4425524,Rei está presente.,outros
4425531,Rei é tão querido.,comportamentos
4425740,Ela é fazendeira de muitas finança.,identidade
4425876,Onde ele mesmo veio me falá.,outros
4426226,"Mamãe mamãe mamãe mãe sertaneja já se levanta
.",identidade
4426238,mãe carinhosa bendita seja.,
4426239,Vai esta prece mãe sertaneja.,outros
4426442,"Rosa menina, menina rosa.",identidade
4426443,"A flor divina, menina rosa.",identidade
4426445,"Menina rosa, meu bem querê
.",aparencia
4426462,"Menina rosa, meu bem querê.",identidade
4426778,Já sou uma mulher casada.,papel_social
4426918,"Ele é humano, nosso irmão, é nossa gente.",identidade
4427440,"(""Um homem rico milionário.",identidade
4427537,Muitas mulheres formosas me querem.,identidade
4427974,A minha mãe é paulista.,identidade
4428017,"Minha mãe foi boiadeira
.",papel_social
4428031,A rainha camponesa.,papel_social
4428208,Ela é minha ilusão.,identidade
4428422,Ainda a moça acompanhô.,comportamentos
4428528,A mãe preta tá descrente.,papel_social
4428533,Maria tá sozinha.,outros
4428662,Ela é muito mais amarga.,comportamentos
4428785,João era negro forte.,aparencia
4428975,Todo marido é sincero.,valores
4429194,Rei celestial.,identidade
4430698,Do menino pobrezinho.,papel_social
4430758,Rosinha estava tão bela.,aparencia
4431079,"Ela é minha companheira, coração cheio de amor
.",comportamentos
4431312,Que moça bonita que eu inda não vi.,aparencia
4431315,"As moça falaro, que violêro bão.",comportamentos
4431474,"Eu sei, a caminhonete é linda, ela tá conservada.",aparencia
4431554,"Mas ela quis dormir sozinha
.",outros
4431627,Hoje eu vejo que ela tava certa.,comportamentos
4432141,"Se tem mulher, agora tem mulher muamba.",identidade
4432164,Se tem mulher agora tem mulher muamba.,aparencia
4432833,Eu sou um rapaz faceiro.,identidade
4433381,"Sou um homem ciumento, amo e quero ser amado.",comportamentos
4433491,mulher casada troca de marido.,comportamentos
4433535,"Ele era bobo mesmo
.",identidade
4434566,No sambão ela é bacana.,identidade
4434573,Pintou um moço solteiro.,papel_social
4434888,Se ficar serei um homem forte.,outros
4434993,Sou um homem tão sozinho.,identidade
4435056,Frei dá é o homem mais mole do arraiá.,comportamentos
4435231,Por mulher é gostoso sofrer.,identidade
4435553,"Menina linda, vai lá em casa passeá.",aparencia
4435646,"Porque sou casado e ela é solteira
.",papel_social
4435760,Gosto de mulher direita.,valores
4435762,Eu gosto de mulher grande.,
4435764,Gosto de mulher gordinha.,aparencia
4435774,Mulher bonita igual melancia.,aparencia
4435776,Gosto de mulher morena.,aparencia
4435796,"E a mulher brasileira é boa demais"")
.",aparencia
4435860,Essa mulher é feia.,aparencia
4435863,Eu fiquei com a mulher feia.,aparencia
4435890,Esta mulher é feia.,aparencia
4436129,A mulher nova é mais gostoso.,aparencia
4436136,Desse garoto quarentão.,identidade
4436377,"A mãe é cor de canela
.",identidade
4436442,Mulher bonita é o que mais me fascina.,aparencia
4436536,Ela é casada e seu marido é meu amigo.,papel_social
4436576,Hoje estou pedindo arrego e ela está ferida.,outros
4436692,Tô feito um menino chato.,comportamentos
4436861,"Que você era a mulher certa, eu queria pra casar.",identidade
4437124,Ela ainda tá solteira.,comportamentos
4437193,Só quero mulher mais nova.,identidade
4438071,Uma moça muito triste sem o riso da esperança.,identidade
4438076,Minha mãe doente já sem esperança.,valores
4438259,Porque ela está fechada.,comportamentos
4438262,Em ser o homem mais feliz.,identidade
4438337,O moço era casado.,identidade
4438369,O senhor vai ficar velho.,identidade
4438837,Ela era uma florzinha em botão.,identidade
4438844,Sofro tanto porque ela está distante.,comportamentos
4439209,O homem está perdido.,identidade
4439264,Olhar de moça bonita.,identidade
4439395,"Se a mulher soltar o rabo o marido tá perdido
.",outros
4439492,Homem valente já fiz virar medroso.,identidade
4439501,Casei com uma mulher feia.,aparencia
4439510,"Que mulher feia, mas tudo bem.",aparencia
4439528,Ela é surda também.,identidade
4439666,Diga se ela está sozinha.,comportamentos
4439868,A filha divina.,identidade
4440245,Era uma menina pobre.,identidade
4440377,Um homem ereto preso a uma asa de pano.,identidade
4440434,"Por uma mulher bonita
.",aparencia
4440495,A mina chique numa calça saint-tropez.,aparencia
4440972,"Ela é culpada, auê, uê, uê, boi.",comportamentos
4440996,"Vendo minha mãe paralítica, sem um sinal de melhora.",outros
4440997,Levei ela confiante ao bom.,outros
4441140,"Leu sua sorte, diz que ela era tirana
.",identidade
4441541,O rapaz era casado.,identidade
4441696,Me lembra a deusa a mulher tão fascinante.,identidade
4441785,Tanta mulher gostosa.,aparencia
4441963,"Eu já me livrei dessa paixão

.",outros
4442165,Sem ela é muito difícil.,outros
4442276,"Com ele foi sepultado seu companheiro, o violão.",outros
4442479,Tenho três filhas solteira.,identidade
4442511,Mas eu confesso aos senhores jurados.,comportamentos
4442895,Querida mãe natureza resolveu presentear-me.,outros
4443093,"A maldade é grande, Deus é maior.",
4443556,"E a mulher namoradeira eu passo o coro e mando embora
.",comportamentos
4443621,quem casar com mulher feia.,aparencia
4443625,mas se ela for bonita.,identidade
4443629,Que mulher feia não tem pecado.,aparencia
4444592,Quem é este homem trigueiro.,outros
4445070,Eu já vi moça bonita.,identidade
4445308,Não é qualquer moço forte.,aparencia
4445612,Eu bebo pra esquecê que ela é feia que é um horror.,aparencia
4446164,"Ela não é doida, ela não é não.",identidade
4446192,Ele tem tão nobre sentimento.,identidade
4446206,"É Jesus, Ele sempre está comigo.",identidade
4446577,Já que o homem é um poço profundo.,valores
4446598,Homem simples verdadeiro.,identidade
4447187,"Era mesmo um homem valente
.",habilidades
4447618,Se elas são ricas elas têm todo o conforto.,papel_social
4447633,"Porque ela é a razão do meu viver
.",identidade
4448329,A minha mulher briguenta.,identidade
4448633,Ele era menino.,papel_social
4448704,Enfrentei homens valentes.,comportamentos
4449079,E os zoínho do menino marejou.,comportamentos
4449614,"E a minha sogra ela mandô chamá
.",papel_social
4449666,Sou um menino doentio.,identidade
4450002,"Mulher nova é sangue quente
.",identidade
4450486,"Toureiro, toureiro é homem forte.",identidade
4450739,Vendo minha mãe paralítica e sem sinal de melhora.,identidade
4451305,"Por tua beleza muito homem ficou louco
.",identidade
4451871,Moço muito elegante.,aparencia
4451877,O rapaz era pacato.,identidade
4451951,Teu marido é muito maldoso.,
4452036,Sua pobre mãe velhinha.,identidade
4452046,Ele também foi chamado.,outros
4452153,Ele era o salvador.,identidade
4452462,Mulher matadeira.,identidade
4452805,Judas vendido ele foi prisioneiro.,identidade
4452810,Pela lei romana ele foi condenado.,papel_social
4453026,Para que ele fosse livre.,identidade
4453351,Homem perverso e tirano.,identidade
4453363,"Cristo era judeu
.",identidade
4453425,"Eu dou uma rasteira e faço ele pranchá
.",habilidades
4453599,Mas homem quando é homem.,outros
4453609,"Pra mim ele só deixou triste dor de uma saudade
.",comportamentos
4453749,Lá encontrei uma mulher sozinha.,identidade
4453981,Mas o senhor mesmo sozinho.,identidade
4453989,Uma letra que ele mesmo rimou.,outros
4454078,Ele é um analfabeto.,identidade
4454080,"Ai, ele é um analfabeto.",identidade
4454196,Dos filhos desses solo és mãe gentil.,identidade
4454894,"Mas tem como chamar ele diferente
.",outros
4454968,Minha mãe fica brava.,comportamentos
4455031,"Ela é cheirosa é misteriosa é menina mulher
.",identidade
4455614,Ela estava sozinha eu cantava pra ela.,outros
4455684,Tem damas lindas sobrando.,aparencia
4455698,Com tantas moças bonitas.,identidade
4455985,Ela amanheceu zangado.,identidade
4455990,A mulher ficou nervosa.,aparencia
4456019,É um marido carinhoso.,comportamentos
4456497,"Este menino é um pão
.",aparencia
4456941,Menina bonita olha pra mim.,identidade
4457035,Menina triste.,aparencia
4457173,Ele então fica mais lindo.,aparencia
4457257,"Todos eles são valente
.",identidade
4457354,Como ela é amorosa formosa.,identidade
4457360,ela é minha paz.,papel_social
4457398,Mulher ciumenta é zebra.,comportamentos
4457654,Ele fica sossegado.,comportamentos
4458134,Nossa mulher altaneira.,identidade
4460119,"É a mulher formosa que nega o seu amor
.",identidade
4461162,Um homem já milionário.,identidade
4461229,"Deus menino foi nascido ai, ai, ai, ai.",identidade
4461232,"Senhora dona da casa ai, ai, ai, ai.",identidade
4461393,"E a engenharia, homens competentes.",habilidades
4461495,Porque sei que ele é homem.,identidade
4462060,"Homem não é menos homem
.",identidade
4462215,"Ela era tão certinha, me apresentou pros pais.",identidade
4462344,Levei uma garota carinhosa.,identidade
4463454,"De um rapaz caipira
.",papel_social
4464335,Também já tô sabendo que ela é muito ciumenta e me odeia.,identidade
4464572,E a mulher namoradeira eu passo o couro.,comportamentos
4465852,Ela é muito louca.,comportamentos
4465872,Ela é muito louca assim.,identidade
4465874,Mas ela é muito louca assim.,
4466117,alcançava com a mão quem sabe ele seja este homem.,outros
4466824,"Vejo ela feliz, ela me vê sofrendo
.",identidade
4467978,A menina mais querida.,identidade
4468329,De opinião sou um homem forte.,identidade
4468332,mulher vaidosa.,comportamentos
4468364,Flor menina tão querida.,identidade
4468850,"Como chorei, mãe querida.",comportamentos
4469222,"Nosso eterna mãe querida vive a nos abençoar
.",identidade
4469245,Moças simples do interior.,identidade
4469328,Ela é birrenta.,comportamentos
4469331,"De homem manso
.",identidade
4469647,Ele era tão bonzinho.,identidade
4469930,Eu pensei comigo mesmo estou com a filha mais casada.,identidade
4470257,O homem futuro que hoje é criança.,comportamentos
4470718,"Pois ele é o dono do seu coração
.",papel_social
4470726,"De um homem covarde e amante da noite
.",identidade
4470730,Pois ele é o dono do seu coração.,identidade
4471072,você menina bonita.,identidade
4471289,Porque sou um homem forte.,identidade
4471320,"Beijando os teus lábios, menina querida.",comportamentos
4471472,De minha mãe saudosa.,identidade
4471546,Enquanto ela é a deusa do cassino.,identidade
4471834,"E hoje no espaço ele vive feliz
.",outros
4472929,Eu nãi sabia que ela era feiticeira.,identidade
4473261,"Mulher boa, bonita e carinhosa.",aparencia
4473265,"Mulher nova, bonitinha e perfumada.",identidade
4473268,"Fazer gemer qualquer homem valentão
.",comportamentos
4473275,"Seja ela moreninha, como for.",aparencia
4473377,Apenas setecentos dias fui um homem feliz.,outros
4473583,"E o desprezo daquela mulher ingrata
.",identidade
4473606,A mulher sendo bonita.,aparencia
4473797,Eu amo a mulher mais bonita.,aparencia
4473802,Ela é uma estrela que brilha.,identidade
4473806,Minas inteira.,identidade
4473807,Ela é uma flor morena.,aparencia
4473911,Eu sou um homem casado.,identidade
4474136,"Ela estava louca, louca de ciúmes.",identidade
4474331,Ela estava nervosa.,comportamentos
4474427,Com a mulher primeira com quem me casei.,identidade
4474430,Com a mulher terceira hoje sou casado.,identidade
4474834,Paulinho era um moço pobre.,identidade
4474836,Lourdinha era muito rica.,identidade
4474848,Era um homem perigoso.,comportamentos
4474849,Paulinha era um moço pobre.,identidade
4474859,Lourdinha era apaixonada.,valores
4474881,Encontrou a filha morta.,outros
4474915,Por causa de um moço pobre.,comportamentos
4474926,"Chora mulher ingrata, pode chorar.",identidade
4475070,Pois você sabes que eu sou homem casado.,identidade
4475138,Da mulher vaidosa vaidade se espera.,identidade
4475147,Ela fez um gesto de mulher luxenta.,comportamentos
4475265,De homens pobres e ricaços.,papel_social
4475421,Sendo ele bom mineiro.,identidade
4475687,Ele vai ser condenado.,identidade
4475884,Homem valente não chora.,papel_social
4475921,Conselho de mãe é uma graça divina.,valores
4475924,Pela mãe querida de amor sem igual.,identidade
4476687,Ela vem cheia de marra.,identidade
4476732,E hoje ela tá virada pela madrugada.,outros
4477237,Tem homem sério nas grades.,aparencia
4477521,O homem bruto com suas armas de guerra.,habilidades
4477759,Mas sempre foi homem honrado.,valores
4477812,"O homem era competente, já foi rasgando o filó.",identidade
4477861,Sou filho de homem forte.,identidade
4478312,É uma pena ela estar tão distante.,comportamentos
4478498,Uma donzela meiga e linda como a flor.,aparencia
4478570,"que o senhor leva alegria, mas é um homem infeliz.",
4478600,Menina: - O senhor é meu paizinho?.,outros
4479030,Roberto era um moço muito rico.,identidade
4479031,E ela muito pobre que só tinha um coração.,papel_social
4479444,Só dá garupa pra moça bonita.,comportamentos
4479644,Se o rapaz quisé muito cafuné.,habilidades
4479734,O Malaquias foi mordido por um cachorro.,outros
4479773,Uma menina rica e um menino pobre.,papel_social
4479779,"Foi o menino pobre quem herdou a herança
.",identidade
4479782,Enquanto a moça pobrezinha.,
4479919,Ele foi operado e ao passar quarenta anos.,habilidades
4479922,"Que a esposa já não era mais bonita como antes
.",aparencia
4479932,Julgando que a esposa fosse linda como outrora.,identidade
4479935,"Era sua velha esposa destruída pelos anos
.",identidade
4480080,Depois se ele cisma querê me beijá.,outros
4480198,Para o moço branco deu seu coração.,aparencia
4480230,Foi moça linda e querida.,identidade
4480394,O amor de mãe é maior que o céu.,papel_social
4480499,"Que a mãe era preta, por isso fugiu.",identidade
4480502,Da filha querida que tanto ela amou.,identidade
4480524,Como se ela fosse a alma da mãe.,comportamentos
4480528,Um menino pobrezinho.,identidade
4480541,"Trabalhador, homem bão.",identidade
4480556,E pra ele nunca esquecê.,outros
4480641,"(""- Compadre, tu conheceu a moça magra?.",aparencia
4480643,A irmã da moça gorda.,aparencia
4480650,Que moça magra era a.,outros
4481063,"Para o senhor ficar rico e tão depressa progredir, quantos sonhos, quantos lares foi preciso destruir.",
4481125,"(""Ó lá, ó lá, ó lá, por miséria ele pensô.",outros
4481130,"mandava ele plantá feijão, mandava!",identidade
4481377,"Que elas precisam melhor condução
.",habilidades
4481390,Moça que gosta de homem casado.,identidade
4481684,"(""Corre muié, que ele tá brabo, hem!",outros
4481716,E ela é bonita?.,aparencia
4481738,"(""E ele veio seco pra me agarrá e eu"")
.",identidade
4481901,Namorei uma moça feia.,aparencia
4482052,Se tiver filha bonita.,aparencia
4482109,No cartório ele entrô e falou pro escrivão.,outros
4482607,ele tá sujo todo amassado.,identidade
4482789,Ela teve tamanha coragem.,identidade
4483032,Eu sou um rapaz solteiro.,identidade
4483093,E ele foi derrubado.,outros
4483115,Mulher ingrata o seu rosto descorado.,valores
4483139,"Mulher ingrata, é impossível que no limbo.",identidade
4483160,Foi onde ele chegô.,outros
4483163,Em um moço muito rico.,identidade
4483180,Se o senhor tá desconfiado.,comportamentos
4483193,A pobre mãe ficou louca.,comportamentos
4483325,Pro moço foi ofertado.,outros
4483482,Por ela tá tão nervosa.,comportamentos
4483510,Quando encontraram ela morta.,identidade
4483584,Ela ia ficá sozinha.,outros
4483607,No dinheiro ela pensô.,
4483612,Ele mesmo se arranjô.,habilidades
4483959,O menino tava morto.,identidade
4484028,Gosto de moça bonita.,aparencia
4484219,Pra sua mulher guardá.,comportamentos
4484319,Bem embora ele seja meu sogro.,identidade
4484485,Era o moço mais vistoso.,aparencia
4484493,Essa mulher tão leviana.,identidade
4484505,Mas essa mulher tirana.,identidade
4484588,Domava o rapaz sorteiro.,habilidades
4484589,Pra eles ganhá um beijo.,comportamentos
4484729,Que as mulheres são iguais.,identidade
4484732,Amor de mulher estranha.,valores
4485068,E os boiadeiro homem destemido.,identidade
4485473,Pra ver meu fracasso eles vive ansioso.,outros
4485785,Ela é minha companheira.,identidade
4485815,"Sai pra lá menina preta""
.",comportamentos
4485836,"A mãe preta acompanhando
.",aparencia
4485839,Todas as meninas branquinhas.,identidade
4486104,"Ele foi cruel, ele me enganou
.",
4486209,"Ele é guerreiro, ele é flecheiro.",identidade
4486346,Contudo ser homem calmo.,comportamentos
4486376,O moço foi assaltado.,outros
4486382,O rapaz foi socorrido.,comportamentos
4486604,"Ela vai ser a rainha
.",papel_social
4486698,"""- Eu sou o rei soberano, dono da maior riqueza da terra, tenho tudo que desejo, mas sou um homem infeliz.",identidade
4486701,Por que sou um rei infeliz?,identidade
4486703,"Majestade, os antigos diziam que para o rei ser completamente feliz ele precisa usar a camisa de um homem feliz.",identidade
4486704,"Então reúna toda a cavalaria do reinado e que sigam em busca da camisa do homem feliz""
.",identidade
4486720,E um homem feliz.,aparencia
4487103,"Assim não menina bonita, assim não.",aparencia
4487157,Confesso que por ela já estou gamado.,identidade
4487323,Era a moça mais grã-fina.,identidade
4487360,O moço era elegante.,valores
4487422,Minha mãe ficou contente.,comportamentos
4487647,Senhor bendito.,
4487766,A mulher é ciumenta.,comportamentos
4487878,Mulher faladeira é a do vizinho.,comportamentos
4488011,Ela é mais arisca do que uma potranca.,comportamentos
4488276,"Da sua filha querida
.",identidade
4488448,Ele só anda descalço.,outros
4488718,"Que fiz um papel de um homem covarde
.",identidade
4489492,"Quis ser feliz pra me fazer sofrer
.",comportamentos
4490100,"Eu quase já me quebrei por uma mulher bonita
.",aparencia
4491452,"É hoje que sol levanta com tanta mulher bonita
.",aparencia
4492462,"Mulher madura é mais mulher
.",identidade
4492581,Saiu com o menino doente pediu na fazenda urgente.,identidade
4492597,O fazendeiro malvado ali ele foi transformado.,identidade
4493997,A primeira namorada é difícil esquecer.,valores
4494130,"Ela é gostosa, apetitosa, saborosa, necessária.",aparencia
4494131,"ela é bonita, suculenta, nutritiva e vitaminada.",aparencia
4494259,mulher chorona chega de chorar.,
4494551,"Ao ver ela tão linda, só que não vendo sozinha.",comportamentos
4494552,Saber que essa mulher tão linda já foi minha.,outros
4494691,Burrada tava cansada.,comportamentos
4494702,"Pra ela saí vazia
.",outros
4494972,Rapaz fino aperparado.,aparencia
4495528,O dinheiro ele puxô.,outros
4495530,Ele mesmo que amansô.,comportamentos
4496305,Quando o moço chegô em casa.,outros
4496588,"Ela era linda, um primor de amor.",identidade
4497177,"Eita mulher bandida
.",identidade
4497975,"Ele não é estilista, mas escolhe o seu look.",aparencia
4498621,"Ela bem distante, eu distante dela.",identidade
4498698,Mulher ingrata que me deixou quase louco.,comportamentos
4498855,"Se ele é inocente ou culpado, eu não sei
.",identidade
4498874,"Bem, se é assim, o acusado e a senhorita estão dispensados; Podem ir embora.",outros
4498879,Além de perder a namorada ainda vou ficar preso?.,outros
4499141,"Sou eu, o homem mais valente e mais rápido no gatilho.",identidade
4499174,"Cassino, em nome da lei o senhor está preso.",
4499227,A menina sorridente.,identidade
4499350,"Para não ser um homem triste derrotado

.",identidade
4499358,Para não ser um homem triste derrotado.,identidade
4499363,A mulher quando é casada.,identidade
4499784,"Filha querida, é seu pai que está falando

.",outros
4499792,"Filha querida, é seu pai que está falando.",identidade
4499927,Como rei cheio de pose.,comportamentos
4499961,Nessa altura o rei vaidoso.,identidade
4500651,Ringo em busca do homem mau.,comportamentos
4500824,Eu sendo um homem casado.,outros
4500829,Viver sem ela não vivo.,outros
4500891,Mulher bonita casada com homem feio.,aparencia
4500895,Quando eu vejo uma mulher muito bonita.,aparencia
4500896,Com homem feio entre beijos e abraços.,aparencia
4500933,"Eu tolero mulher feia mas não me passa pra trás
.",aparencia
4501196,"Por ela estar ausente
.",outros
4501406,Achei ela bonitinha.,aparencia
4501444,O mulher eu sou homem honrado.,valores
4501718,É a dama principal.,identidade
4501972,você me mata mulher ingrata.,comportamentos
4502119,É a deusa encantadora no paraíso do meu prazer.,identidade
4502295,E mulher boa é o que mais me interessa.,identidade
4502306,Mulher bonita faz de mim o que quiser.,aparencia
4502308,Pra mulher boa tenho um monte de carinho.,comportamentos
4502457,"Por uma mulher casada
.",identidade
4502931,"Terra de mulheres lindas de amor e paz
.",outros
4503002,Pois é sou o homem mais feliz por ter você comigo.,outros
4503020,Tirar o som do carro e deixar ele natural.,outros
4504069,Comigo ele não tá sozinho.,papel_social
4504404,"Ele é um cavaleiro solitário
.",identidade
4504427,"Só desse jeito ele é feliz
.",comportamentos
4504454,Ele é um cavaleiro solitário.,identidade
4504665,A esse homem tão querido me entreguei.,identidade
4504823,Meu menino faceiro.,
4504934,"Tá faltando esse homem maduro
.",outros
4504948,Tá faltando esse homem maduro.,identidade
4506263,"Que mulher bandida!
.",identidade
4506403,O que é de obrigação de um rapaz cortês.,aparencia
4508385,"ela é culpada auê uê uê ê boi de eu viver nas estradas
.",comportamentos
4511302,A princesa mais linda.,identidade
4511904,Tem as até moça bonita que cresceu quer namorar.,identidade
4512091,"Ela não vai ser melhor não, ah ela não vai

.",identidade
4512680,"Nem ela mesma sabe o que quer
.",outros
4512693,"(""Conheci um moço rico de belo porte, educado.",aparencia
4512694,E por isso pelas moça era sempre cobiçado.,comportamentos
4512974,"Nunca mais te verei, mulher querida.",
4513225,Ela é baia e descanelada.,identidade
4513274,"Que quando ela esqueceu tava cheio
.",comportamentos
4513749,Ele é seu namorado mas é segunda opção.,identidade
4513767,"Ele é seu namorado mas é segunda opção
.",comportamentos
4513840,E quando ela tá solteira.,identidade
4513843,"Porque ela é da zueira, ela é baladeira.",identidade
4513844,"Ela ama a noite, ela é butequeira.",identidade
4515285,Sou apenas um homem sistemático.,identidade
4515291,Com esse bicho homem tão antiético.,identidade
4515453,Quero uma menina cheirosa.,aparencia
4515454,Uma moça dengosa.,identidade
4515501,Se ela for boa de amasso.,habilidades
4516651,"É ver ela feliz sem a gente tá junto
.",habilidades
4516657,É ver ela feliz sem a gente tá junto.,comportamentos
4516768,"A mulher que não gostar, ela é doida ou é doente.",comportamentos
4517388,"Sou o seu homem faz-tudo.
.",identidade
4517405,"Sou seu homem faz-tudo...
.",
4517586,Garota carioca.,identidade
4518983,"Entao tá maneiro, dominou o.",outros
4519037,Elas estao descontroladas.,comportamentos
4519046,"Elas estao descontroladas
.",comportamentos
4519406,E eu como princesa siamesa.,aparencia
4519980,"fé na ciencia, Deus é pai, já tá clonado...",outros
4520250,Outra esposa ansiosa.,comportamentos
4520905,Uma menina muito interessante.,identidade
4522177,As garotas brancas atravessam a rua com medo.,identidade
4522183,"Minha vó era negra, minha mãe mulata.",identidade
4522237,"Ela é senhora, ela é menina.",
4522557,"Rei poderoso, valente conquistador.",identidade
4522917,Mulheres princesas.,identidade
4523268,Rapaz solteiro sarado filho de.,identidade
4523335,Só o homem lento pode nos levar.,identidade
4523402,O canto das minas antigas.,outros
4523499,"Onde jaz, um jovem rapaz bastardo filho do.",identidade
4523585,Minha mãe também é preta.,identidade
4524125,"Que positividade, ela é tão alto astral.",identidade
4524360,Back ela é sensacional....,identidade
4524697,"Eu te disse, ela tá cremos-a-a-a.",aparencia
4524710,"Eu te disse, ela ta cremos-a-a-a.",aparencia
4524807,"Ele é mulato, bem traiçoeiro.",identidade
4524832,"Ela é muito pobre, gosta de churrasquinho.",papel_social
4525566,Deixou homem feio entrar na sua vida.,aparencia
4525874,Todo mundo fala que ele é rei (ahn ahn).,identidade
4525906,"Mundo fala que ele é rei,.",outros
4525971,"Sou mulher forte e segura, dona de mim.",identidade
4526582,Minha garota é voraz.,comportamentos
4526708,Onde estão os homens bons?,habilidades
4527031,"Ela está noiva de outra pessoa, ouviram?
.",papel_social
4527140,"Pôr eles juntos é natural!
.",comportamentos
4527409,"Todos eles são maus, menos você
.",identidade
4528511,Ela é uma menina muito diferente.,identidade
4528512,"Cabelinho curto, ela é tão inteligente.",aparencia
4528513,"Ele é guitarrista, todo atrapalhado.",identidade
4528516,Dizem que o garoto é cheio de frescura.,identidade
4528517,"Ela é destemida, desconhece o medo.",comportamentos
4528518,Ele é meio frouxo e isso não é segredo.,identidade
4529970,"Por ser uma menina má
.",comportamentos
4530843,Ela é mais difícil que ela te parece.,identidade
4532038,No outro lado da moeda ela é fiel.,valores
4533357,"Ela é gata, delícia de fazer pirar.",aparencia
4533480,"Ela é sempre igual

.",
4533524,"Praia, cerveja e mulher bonita.",aparencia
4534034,"Se ela tá chata, chocolate e flores.",comportamentos
4534234,A corrida querida é bandida vivida e sofrida.,identidade
4535165,É musa soberana nesse bar.,aparencia
4535169,Menina singular capaz de transformar.,identidade
4535275,"Como ela é maldosa
.",identidade
4538409,"Na terra eles são bravos,.",comportamentos
4538708,Eles estão perdidos!,outros
4538724,Ele é maldoso.,identidade
4538725,Ele é desleal (desleal).,valores
4538729,Ele é desleal (Yeah yeh yeh).,identidade
4538752,"Eles não eprdem por esperar,.",comportamentos
4539105,Ele é estudioso.,
4540078,"Ela é dona da banda, ela sabe que é gostosa.",identidade
4540344,"Da mulher carioca!
.",identidade
4540962,Ele sempre vai fugiiiiiiiiiiir!.,comportamentos
4541186,Uma garota é a razão.,outros
4542765,Que ele está guardado pra você.,comportamentos
4544061,"Maria querendo ser rica também.
.",identidade
4544452,Prá um moço festeiro.,comportamentos
4545085,"Afrodite da quebrada, ela chique como se fosse.",identidade
4545613,"Que você é perfeito, um homem direito pra me namorar
.",identidade
4546313,Mas ela é muito criticada por toda a sociedade.,identidade
4546637,Mas ela é lindia.,aparencia
4546658,Porque ela é lindia.,aparencia
4546758,Você tá sem emprego e a sua filha tá gestante.,identidade
4547579,Nasceu uma menina valente.,identidade
4547593,Ela é feita de pano.,
4547928,Aladdin é perseguido.,comportamentos
4547945,"Ele é muito excitante
.",identidade
4548080,Ele é um rapaz atraente.,outros
4548081,Ele é diferente dessa gente.,identidade
4548088,Ele é surpreendentemente lindo.,aparencia
4548089,Ele é super descontraído.,identidade
4549281,SE TIVER MULHER CASADA POSSO até.,identidade
4549458,"Ela está suada, pronta pra se derreter!
.",identidade
4551249,Porque ele não está afim de te abandonar.,comportamentos
4551403,Ele é tão mágico.,identidade
4551527,Menino bonito ai.,aparencia
4551528,Ai menino bonito.,
4551529,"Menino bonito ai
.",aparencia
4551665,Que ele não sou nenhum mito.,identidade
4553018,"É verdade que a mulher moderna gosta é de carro e de dinheiro?
.",
4554491,"Ele é leal, é um bom companheiro.",identidade
4554610,Um garoto sonhador.,identidade
4556167,De menino tão perfeito.,identidade
4556560,Vai o bicho homem fruto da semente (memória).,outros
4556564,"Não tenha medo, meu menino bobo (memória).",identidade
4558771,"E no entretanto, elas não são iguais.",identidade
4559287,Mulher presunçosa tu queres que o mundo.,identidade
4559374,Ela já está farta de dizer.,comportamentos
4559804,Sou o rei sou coroado.,valores
4560028,Menina segura o vestido.,habilidades
4560185,"Todos eles são iguais, tristonhos.",comportamentos
4560317,"Marilu é melhor, bem melhor morrer.",
4560434,Vovó no seu tempo de moça bonita.,aparencia
4561853,"Mas o homem criminoso e pecador...
.",identidade
4563308,Bô é mãe carinhosa.,comportamentos
4563309,Mãe carinhosa.,identidade
4563311,"Mãe carinhosa
.",
4563325,"Bô é mãe carinhosa
.",outros
4563370,Mãe velha oih mãe velha.,identidade
4566277,"Magia: Por todos os homens cegos pelo ter e contaminados pelo sistema, que em suas fraquezas optaram pela negligência dos valores humanos e literalmente desconhecem os prazeres simples da vida.",identidade
4566743,"Mas o sofrimento não existe, ele é uma ilusão, ele é irreal.",valores
4566746,Tais sórdidas condições do homem é um fato porque a maior porcentagem esmagadora da humanidade se esqueceu de quem é.,comportamentos
4566758,Tais sublimes condições de alguns homens é um fato porque a menor porcentagem esmagadora da humanidade sabe sobre quem é.,identidade
4566769,"Universal e por consequência não se apegam a nada, pois compreendem que ele mesmo possui maior valor para a.",identidade
4566855,"O homem pode ser mau em seus pensamentos e atitudes, mas jamais em sua natureza, pois esta é a boa, forte e perfeita.",identidade
4566858,"Sendo assim, mesmo que venha a desejar a culpa e condenação, o homem é incapaz de ser culpado e condenado, pois sua natureza é a.",identidade
4566860,"Mesmo que venha a desejar a doença e o sofrimento, o homem é incapaz de adoecer e sofrer, pois sua natureza é a.",valores
4566862,"Mesmo que venha a desejar a morte e encerramento da vida, o homem é incapaz de morrer e encerrar sua vida, pois sua natureza é a.",identidade
4567014,O homem cósmico é como a luz na sua solidão mística.,identidade
4567285,No colinho da mãe divina.,papel_social
4567287,Para os homens infelizes.,identidade
4567325,Jesus estão contidos.,valores
4567470,"Homem sério, fez tudo correto, houve a passagem em 71
.",comportamentos
4567480,"Me foi entregue esta obra, também pela mãe divina.",outros
4568084,"Daime é centro, trabalho de concentração
.",identidade
4568134,"O homem santo, a sua história, contou.",identidade
4568138,"O homem santo decepcionado, retrucou.",identidade
4568212,O homem é o templo vivo de.,valores
4568316,"Wakan tanka, grabde mistério, senhor divino.",valores
4568350,"Homem branco, ouça os espíritos do céu, da terra e da floresta.",aparencia
4568366,"Atuação pela não atuação, homem branco, é a maior bem aventurança.",identidade
4568474,Salve krisna o menino azul.,
4568542,"Precisa amar a vida, ela é tua companheira.",identidade
4568592,O homem sensatez.,identidade
4568594,O homem insensato.,identidade
4568599,O homem espiritual.,identidade
4568643,"A mãe divina te conduz
.",valores
4568669,"Que será mãe adotiva, de milhares de vida.",identidade
4568681,"Conheci, a mãe divina.",identidade
4568682,"Na expressão da madrinha, por ela fui acolhida.",papel_social
4568696,"Minha esposa querida, você fez a partida.",outros
4568919,"Viu a mulher pálida dizendo estar passando mal
.",aparencia
4568930,"Deus me deu por ter um marido médico
.",papel_social
4569283,"Homem velho de igreja, este nunca mentiria?.",outros
4569377,Ser homem pensante ou homem espiritual.,identidade
4569390,Todo homem já nasce perfeito e completo.,aparencia
4569417,"Sem ela é ação de sofrimento e tristeza
.",comportamentos
4569473,ele é um objetivo a se alcançar.,identidade
4569564,Ela é forte como um touro e pesada como uma baleia.,identidade
4569574,"De corromper, macular e adoecer ela é muito capaz
.",habilidades
4569595,Assemelha-se a uma princesa cheia de jóias e brilhantes.,aparencia
4569605,"Assemelha-se a um garoto inocente, inofensivo e jovial.",identidade
4569630,Ela é forte como um touro e pesado como uma baleia.,aparencia
4569664,Que ao sair ela vá sempre melhor.,
4569716,"Assemelha-se a um homem forte, ponderado e perfeito.",aparencia
4569722,Um talentoso homem indisciplinado é um derrotado.,outros
4569738,"Fazer de você um ser agradecido e melhor ela é capaz
.",habilidades
4569830,Ele é bondoso com os amigos.,identidade
4569834,Ele é grande frente aos grandes.,identidade
4569856,"Que pertencia a um rei muito esperto
.",habilidades
4569935,Abraão sempre esteve envolto a riquezas.,identidade
4570003,Os conhecimentos do oriente ele concatenou.,habilidades
4570011,O homem carente e sedento se restabeleceu.,identidade
4570027,Trajano foi preso e torturado.,papel_social
4570063,Primeiro a morrer por sua fé ele foi decapitado.,identidade
4570106,Judas era zelote e discípulo amado de.,identidade
4570112,Judas foi depositado.,outros
4570126,Judas foi ordenado e cumpriu a encenação!.,identidade
4570171,Da parte mais alta de um templo ele foi lançado.,outros
4570183,"E em 24 de agosto ele é homenageado
.",papel_social
4570197,"Nero ele foi decapitado
.",identidade
4570494,Pois o homem espiritual possui a mente de um adulto com a pureza do coração de uma criança.,identidade
4571238,"O homem espiritual adota posturas diferentes frente a um amigo e a um inimigo, mas sua forma de agir é sempre a mesma.",identidade
4571257,"O homem espiritual busca experiência a verdade enquanto o homem igreja escolhe acreditar sem saber se é verdade
.",identidade
4571509,O Mestre afirmava que todo homem é filho de.,identidade
4571571,"Jesus na medida do possível visto a ignorância espiritual da humanidade de dois mil anos atrás, ensinou que todo homem é um ser divino e que as coisas que fez todos podem também fazer se crerem no que ele ensina: Em verdade, em verdade vos digo: Aquele que crê em mim, esse também fará as obras que eu faço, e as fará maiores do que estas...",
4571574,Jesus foi realmente polêmico e provocou a discussões mais abrasivas de sua época.,comportamentos
4571613,O Mestre ensinando que todos os homens são iguais e filhos de.,papel_social
4571649,"Jesus não era judeu, ele era essênio.",identidade
4571726,Por isto o homem mente racional.,outros
4572368,Abaixo do céu todo homem é igual.,identidade
4572851,"Embora a inteligência do homem seja grande para criar complicações todos os dias, o.",outros
4572890,"Para ser compassivo antes precisa da consciência de cada homem e mulher existente, e por maior que sejam suas diferenças físicas ou ideológicas, nasce na condição de membro efetivo da família humana e todos são iguais.",identidade
4573057,O homem mentalmente espiritualizado é falante.,valores
4573086,"O homem atual, na grande maioria, é carente da percepção da.",identidade
