frase_id,frase,majority_annotation
1,Carolina é uma menina bem difícil de esquecer.,sim
6,"Inteligente, ela é muito sensual.",sim
51,"Menina bela, menina bela.",sim
798,Ele não é feliz.,sim
1235,"Ela é linda, mas não tem nome.",sim
1277,"Ela é guerreira, ela é uma deusa, ela é mulher de verdade.",sim
1280,Ela é discreta e cultua bons livros.,sim
2327,E passou a menina mais linda.,sim
2601,"Com, jeito de menina brincalhona.",sim
3024,"Ela é inacreditável, você tinha que ver.",sim
3052,Vai pensando que ela é fácil rapaz.,sim
3054,Nem combina com as mulheres vulgares.,sim
4344,Minha pequena deusa africana.,sim
4701,De mulher mais bandida do mundo.,sim
4738,Que a menina é braba e você vai.,sim
4796,Maria é crente e foi orar.,sim
5429,O nome da sua mãe é difícil demais.,sim
5432,"Pra ela também vai ser bom, que vive esquecendo.",sim
5780,"A boa menina ficou braba, hein?",sim
6383,"Gucci, ela é bem moderna.",sim
6724,Sem enxergar que ela é brilhante.,sim
6725,Que ela é rara.,sim
6794,"Eles fica puto, né?",sim
7046,Se hoje ela é fria eu que esfriei.,sim
7474,Wall ele não é atoa.,sim
8110,"Martins) (É pra tocar, pra tocar, pra tocar no paredão) Ô, que mina simpática.",sim
8143,"Halls na língua, amor) Que mina simpática.",sim
8295,"Afrodite, ela é a deusa do tesão.",sim
8348,"Ela é linda, mas não tem nome na bolsa dela.",sim
8460,"Um garoto tranquilo, não bebe e nem fuma.",sim
8466,"(joga, joga, joga, joga) Todas elas são atriz, ela jogando para mim.",sim
8552,Que a filha é bandida.,sim
8772,"Eu duvido que outra garota rebola e senta assim, gostosin.",sim
8922,"Que ela é marrenta demais, eu não tô aguentando.",sim
8981,"Que ela é diferente, é difícil de ser ver.",sim
8988,Sua mãe é empresária.,sim
9180,Ela só é gata de filtro.,sim
11004,Mas não tenha pena se ele é matador.,sim
11081,Eu sei que o senhor é bonzinho.,sim
11797,Ela é minha menina.,sim
12618,Eu sou apenas um rapaz latino-americano.,sim
12887,Mas não cantem essa moça bonita.,sim
13271,Se eles são bonitos.,sim
13275,Se eles são famosos.,sim
13484,Mãe gentil.,sim
14358,"E da libido, e pra um garoto introvertido.",sim
14430,"Eles são legais, além do mais, Não querem nem saber.",sim
15846,Que mulher ruim.,sim
15936,"Homem é homem, mulher é mulher.",sim
16025,A mina era virgem e ainda era menor.,sim
16321,"Mas ela é linda, Muito mais do que linda, Very, very beautiful!",sim
16332,"Por que ela é linda, Muito mais do que linda, Very, very beautiful!",sim
16405,Aqui nesse mundinho fechado ela é incrível.,sim
16421,Ela é tão tão vistosa que talvez seja mentira.,sim
16705,Jackie uma menina tão bonita que enjoa.,sim
16927,Menina é gostoso demais te amar.,sim
17578,"Ela era princesa eu era o plebeu, Quem é mais foda que eu?",sim
17591,"Em fração de segundos meu castelo caiu, A mais bonita da escola rainha passista, Se transformou numa vaca nazista.",sim
17603,"Só se liga nessa, Que mina cabulosa olha só que conversa.",sim
17646,"Ele é safado, Fugiu do.",sim
17690,"Ela está suada, pronta pra se derreter!",sim
17691,"Ela é puro êxtase, êxtase.",sim
17701,"Vontade de dançar até o amanhecer, Ela está suada, pronta pra se derreter!.",sim
17709,"Ninguém explica, ela é bonita.",sim
17779,Deus que ele é justo.,sim
17868,"Ela tem força, ela tem sensibilidade, ela é guerreira.",sim
17869,"Ela é uma deusa, ela é mulher de verdade.",sim
19223,"Fiquei sem chão [Refrão 2x] Menino bonito, menino bonito, ai ai menino bonito, menino bonito ai.",sim
19229,"ô [Refrão 4x] Menino bonito, menino bonito, ai ai menino bonito, menino bonito ai.",sim
20137,Ela é política aplicada e conversas banais.,sim
20138,Se ela tiver muito afim seja perspicaz.,sim
20739,E ela é tão linda.,sim
21106,"Rasga minha roupa, ela é bipolar.",sim
21712,Eles fica puto que nóis tá lucrando muito.,sim
22006,Que uma mulher foda virou sua ex.,sim
22120,"E, ó que ela foi covarde.",sim
22994,Que ele é o cara errado.,sim
23266,"Mina linda, mas que obra-prima.",sim
23334,Gomes) É ele mesmo.,sim
23610,Hoje eu vou ser seu duble de marido yeah.,sim
23666,Kadu hoje não tá mais pobre.,sim
23846,Que elas tão cheia de malicia.,sim
24215,"Só porque ele é grande ele pensa que é dois (Quem, quem?) Meu pau.",sim
24216,"Só porque ele é grande ele pensa que é dois (Quem, Digu?) Meu pau.",sim
24512,"Ela é uma flor, mas ama fumar planta (Hahaha) Transa que transa com a amiga piranha.",sim
24518,Tudo conforme os plano (Sempre) Minha filha rica e eu sou.,sim
24899,"É tipo isca pras piranha, elas fica apaixonada.",sim
25004,Ela é muito gostosa com essa cara de atriz.,sim
25115,Pra comer essas mina linda que cobra 10k.,sim
25159,"Que eu gosto quando quica, quica, quica (ele mesmo) (DJ João.",sim
25354,"Dindin não é problema, nas puta taca.",sim
25474,"Quarenta graus, nós pesado, ela é mídia.",sim
25626,"MD, o migo vira vida, a bebida [MC Daniel] Uma mina gostosa incomoda muita gente.",sim
26308,"Ele era pagodeiro, maloqueiro.",sim
27417,"Quando chega no baile, ela é atração.",sim
27420,Ela é terrível!,sim
27422,"Ela é top, capa de revista.",sim
27435,"OnlyFans) Ela é malandra, é safadinha.",sim
27442,"Ela é malandra, é safadinha.",sim
29099,"Tem mulher solteira, vai, vai.",sim
29638,Ela rebola gostoso.,sim
29653,"Ela tá solteira na pista, voltou pro paredão.",sim
29656,Mas ela prefere ficar sozinha.,sim
30660,"Que mina cavala, vou precisar de uma sela.",sim
30893,Deus que ele é justo!,sim
31017,Bruxo só tem menino selvagem.,sim
31814,"Ela tá solteira, mas não tá carente.",sim
31884,"Não nasceu pra ser mulher solteira nasceu pra mim, pra viver coladim.",sim
32205,Que os maloqueiro tá deixando eles forte.,sim
32675,"Mina doidona taca fogo, passa a goma, compra tudo.",sim
32825,Matheus tá patrão e um salve pro.,sim
32828,Porque aqui só tem menino bom.,sim
32862,"Oh, você joga sujo, mina viciante, o meu ponto fraco.",sim
33074,"Ai, ah, ela faz suruba, mas ela não é puta.",sim
33075,"Ela é solteira, yah-yah-yah.",sim
33077,"Ahn, ahn, ela faz suruba, mas ela não é puta.",sim
33141,"Aí, que ela é putinha da web, faz um cash vendendo conteúdo.",sim
33260,"E ela vem tão glamorosa, vestida de rosa.",sim
33281,Várias opção e hoje ela foi a escolhida.,sim
33399,Mais uma vez te vejo tirando a roupa e pessoalmente ela é melhor que na foto.,sim
33771,"Com dezenove tô bagunçando, eles tonto.",sim
33853,Eu sei que tu e ela é rica.,sim
34684,"Toda cabulosa, indecente o tanto que ela é gostosa.",sim
34983,A As mina aqui são braba.,sim
35893,Preto favelado e a menina patricinha.,sim
36122,"Licor 43 espanca, ela fica louca, safadinha.",sim
36171,"Vê só pela passada ela sabe, o menino é caro.",sim
36188,"Eu vi lá, eles não querem ver preto vencedor.",sim
36313,"Ostentação, deixa ela louca, palmeia.",sim
36699,Pra deixa a princesa bruxa.,sim
36807,"Ela é novinha, mas não inocente.",sim
37206,"Caralho, os paparazzi tirando foto, eles é foda, mano.",sim
37408,Ela era linda e tava carente.,sim
37418,É que eu sou homem só vivo errando.,sim
37526,E o som já tá no alto (o som já tá no alto) Vizinho já tá puto.,sim
37565,"Ela tem muito bom gosto (Okay) Mas eu quero ver mais de perto (Ahn) Baile sem você bebê, p'ra mim parece um deserto.",sim
37758,"Quando você vier, por favor, não coma pouco (yeah) Noites que ela fica louca (uh) Nem sempre tá crazy (uh) (Ela age) como se fosse poucas (poucas, ó) Mas isso só às vezes (só às vezes) Uma dose atrás da outra (ou) Chapa e nem percebe (cê) Só se acaba em motel (mo) Antes que acabe, é check (check) (Uh) minha neblina é aonde acontece (yeah) (Uh) (ahn) igual minha carteira, minha blunt tá verde (yeah) (Uh) (huh) só ando engordando, tô comendo cash (yeah) (Uh) não preciso das que se envolvem com pac (ayy) Goles e goles e goles e goles, yeah.",sim
38087,"Olhando o céu, ela é cruel.",sim
38390,Ela era diferente.,sim
38446,"Ela é fútil, mas eu gosto.",sim
38619,"Clyde da quebrada (aham) Capa de revista, a minha mandraka (aham) Se eu tô no toque, ela é mochila.",sim
38688,Ele é falso e mentiroso vou chamar de.,sim
38715,Ele é falso e mentiroso vou chamar de loki.,sim
38763,Ela é viciada em cores.,sim
38902,"Ela é insaciável, vem pra cima e já me morde.",sim
39204,"Deus) Ele era trap, agora é pop.",sim
39214,"Ele travou meus royalties, ele é falido.",sim
39215,"Precisa de grana, ele só anda liso (hahaha) Caos, fala mais baixo que eu sou patrão, neguin.",sim
39274,Ela gosta quando eu mando foto do corte (na régua) Debochada e gosta de aventura (ela é debochada) Disse que meu traje combina com suporte.,sim
39475,"Conta as hora e a vantagem (ahn, ahn) Ela já é uma peça, eu nem vou gastar na montagem (ah) Se eu fosse uma luz, taria na mais alta voltagem.",sim
39554,"Menina maluca, instinto piranha.",sim
39827,Ela é ignorante por cima do pau.,sim
39888,Duda porque ela faz completo.,sim
40344,"Álcool vai subir pro sangue (vem pra base fuder) Ela é tão bonita, pena que quer todos da minha gangue.",sim
40345,"Ela é tão bonita, pena que quer todos da minha gangue.",sim
40575,"[MC Lipi] Tipo ilusão de ótica, quando avistei essa mina gostosa.",sim
40576,"Eita mina perigosa, oloco, será que ela me namora?",sim
40585,"Eu me encantei, minha futura mulher [MC Piedro] Ela é empoderada, parece que a pele dela brilha como a.",sim
40595,"Ela é muito linda, linda, linda.",sim
40687,Ela é linda e até cego.,sim
40704,"Porque ela é braba, cada sentada dela é uma pancada.",sim
40710,Porque ela é braba [Theus.,sim
40712,"Não notar ela é impossível, seu feitiço é irresistível.",sim
41472,"Fuma do kunk, ela se garante, ela ignorante por cima do pau.",sim
41480,Ela ignorante por cima do pau.,sim
41727,Que mina cavala eu vou precisar de uma cela.,sim
42449,Sem saber do que ela é capaz.,sim
42452,Ela é diferente de tudo e de todas que já conheci no mundão.,sim
42453,Ela é linda de vestido colado cabelo alisado sabe bem o que quer.,sim
42456,Ela é linda com o jeito seduzente.,sim
44661,Elas não são brincadeira.,sim
46169,"Ela é debochada, ela tá que tá.",sim
46498,Ela me ama tanto que ela fica louca.,sim
47142,A minha mãe com ele é um grude.,sim
47381,Natural ele já é bonito.,sim
47698,Ryan tá casado.,sim
47863,É que essa mina é louca.,sim
47885,"Ô, o mundo tem mulheres lindas.",sim
48523,"Como menino inocente, ela levou meu coração.",sim
48609,"Bull, elas fica louca.",sim
48658,Ela é mais forte que todas que eu conheci.,sim
48780,"Ele era pagodeiro, malokeiro.",sim
48938,"Mulher bonita mexe com meu coração mas também não me iludo, não.",sim
49108,Kevin tá solteiro.,sim
49129,"Ela é minha mandraka, né.",sim
49295,As mina louca.,sim
49409,Ela é selvagem e faz malabares.,sim
49414,Até mulher tá apaixonada.,sim
49418,"Até mulher tá apaixonada [MC Rodolfinho] Então vai, cai, rebola pro pai.",sim
49434,Acho que eu casei com a mulher gato.,sim
49449,"Ela é rica, não liga também vai pro seu lado.",sim
49558,É que as minas são amigas.,sim
50045,"Só menino bom, atracou de torpedão.",sim
50120,"Cai no golpe quem quer, essa mina é treinada.",sim
50183,Que garota bela como ela é donzela.,sim
50187,Gosto do jeito dela de ser menina mulher.,sim
50644,"Não, já pra confirmar que ele é o rei, pode apitar.",sim
50688,"Pedro é hit, só paga pra ver, tem gostosa na festa.",sim
50703,Ela é bagunceira e tá com a amiguinha.,sim
51067,Ela é gostosa do bundão e gosta dos bigode.,sim
51123,Então deixa vim que ela tá quente pra não perder o time.,sim
51304,"Lá ela é safada, aqui é presença.",sim
51397,"Fartura, loucura, hoje ela quer dar pros maloqueiro.",sim
51581,"Esquema tático, é, menino raro, eu sou.",sim
51623,GBR Essa menina é muito sexy.,sim
51913,"Igual arroz, ela fica soltinha.",sim
53015,Pois sem saber ela é minha alegria.,sim
53144,"Essa menina mulher, da pele preta.",sim
53176,Meia-noite ela jura eterno amor.,sim
53602,"Senão, não se faz um samba não (Senão é como amar uma mulher só linda.",sim
53637,E se hoje ele é branco na poesia.,sim
53639,"Ele é negro demais no coração (Eu, por exemplo, o capitão do mato.",sim
53749,Eu lembro da moça bonita.,sim
53767,Era a moça mais linda de toda a cidade.,sim
53820,Pense nas meninas cegas inexatas.,sim
54163,Eles são discretos.,sim
55064,"Um preto, um pobre, um estudante, uma mulher sozinha.",sim
55071,"Um rapaz delicado e alegre que canta e requebra, é demais.",sim
55488,É mãe solteira.,sim
55682,Essa menina mulher.,sim
55859,"E malandro é malandro, mané é mané (Podes crer que é) Malandro é malandro e mané é mané.",sim
55869,Diz pra mim (Podes crer que é) Malandro é malandro e mané é mané.,sim
55906,Olha aí (Podes crer que é) Malandro é malandro.,sim
57655,Quando eu falava desses homens sórdidos.,sim
58044,Ela é bela e fera.,sim
58351,Toda menina baiana.,sim
59122,Minha esposa ali tão bela.,sim
59266,"Tô de namoro com uma moça solteirona, a bonitona quer ser a minha patroa, os meus parentes já estão me criticando estão falando que ela é muito coroa, ela é madura já tem mais de trinta anos mas para mim o que importa é a pessoa, não interessa se ela é coroa panela velha é que faz comida boa.",sim
59267,"Menina nova é muito bom mas mete medo não tem segredo e vive falando a toa eu só confio em mulher com mais de trinta, sendo distinta a gente erra ela perdoa, para o capricho pode ser de qualquer raça, ser africana, italiana ou alemoa, não interessa se ela é coroa panela velha é que faz comida boa.",sim
59268,"A nossa vida começa aos quarenta anos, nascem os planos do futuro da pessoa, quem casa cedo logo fica separado, porque a vida de casado as vezes enjoa, dona de casa tem que ser mulher madura, porque ao contrário o problema se amontoa, não interessa se ela é coroa panela velha é que faz comida boa.",sim
59269,"Vou me casar para ganhar o seu carinho, viver sozinho a gente desacossoa e o gaúcho sem mulher não vale nada e que nem peixe viver fora da lagoa, to resolvido vou contrariar meus parentes aquela gente que vive falando a toa, não interessa se ela é coroa panela velha é que faz comida boa.",sim
59444,O Chico foi baleado.,sim
59593,"Tô de namoro com uma moça solteirona, a bonitona quer ser minha patroa, os meus parentes já estão me criticando estão falando que ela é muito coroa, ela é madura já tem mais de trinta anos mais para mim o que importa é a pessoa, não interessa se ela é coroa panela velha é que faz comida boa.",sim
59594,"Menina nova é muito bom mais mete medo não tem segredo e vive falando a toa eu só confio em mulher com mais de trinta sendo distinta a gente erra ela perdoa, vale o capricho pode ser de qualquer raça, ser africana, italiana ou alemoa, não interessa se ela é coroa panela velha é que faz comida boa.",sim
59595,"A nossa vida começa aos quarenta anos, nasce os planos do futuro da pessoa, quem casa cedo logo fica separado, porque a vida de casado as vezes enjoa, dona de casa tem que ser mulher madura, porque ao contrário o problema se amontoa, não interessa se ela é coroa panela velha é que faz comida boa.",sim
59699,"Arrume tudo mãe querida, que seu filho vai voltar.",sim
60537,Ela era muito caliente.,sim
60553,Avisa pro meu pai que ele não é mais caseiro.,sim
60554,A partir de hoje ele é fazendeiro.,sim
60664,Ela é linda de chapéu e bota.,sim
61269,É na 4x4 que elas ficam loucas.,sim
62471,Deixei ela plantada linda e maquiada.,sim
62473,E ainda saí falando que ela tava errada.,sim
62665,"Ela é louca, muito louca!",sim
62668,"Lalaiá, ela é louca demais.",sim
62684,Ela é louca chorus.,sim
62689,Ela é louca hook.,sim
62691,"Lalaiá, ela é louca demais (ela é louca) Laiá, lalaiá.",sim
62697,"E o beijo é caixa e o sexo encaixa, ela é massa fi' verse.",sim
62718,"Lalaiá, ela é louca.",sim
62994,Menina bonita.,sim
63239,"Deusa linda do amor, toma conta de mim.",sim
63316,Ela é maravilhosa.,sim
63831,"Que moço igual não há pela cidade, Mande um recado à minha amada, lua vai...",sim
64291,Menina sou louco por ti.,sim
65061,Ela já foi esquecida.,sim
66163,Cristo era bandido.,sim
66172,Lúcia era uma menina linda.,sim
66248,Cristo era só ódio por dentro.,sim
66259,Aquela menina boçal pra quem jurei o meu amor.,sim
66331,Ela também estava perdida.,sim
67672,Da mulher aranha.,sim
68557,Ela é toda safadinha.,sim
68798,"Na minha cabeça, ela só queria forrozar.",sim
69125,Que eu faço a mulher mais feliz desse mundão.,sim
69531,Eu te acho a mina mais linda.,sim
69690,Mas só que a mina é muito linda.,sim
69747,Ela é mó gata.,sim
69783,"Ela é experiente, permanece em presença leve.",sim
69787,"Ela é experiente, sentando me deixa mais leve.",sim
69833,"Antes da realidade, ela é minha flor de mate.",sim
69916,"Hoje eu tô ligado que se existe o paraíso, elas são a passagem.",sim
70235,Mulher bonita mexe com meu coração.,sim
70253,Em quatro paredes a mina meiga virou a.,sim
70961,Ela é estilosa.,sim
71009,Ela é estilosa (ela é estilosa).,sim
71177,Ele é justo e cabuloso.,sim
71473,"E dessa vez ela não tava errada

.",sim
71819,Tá lotado de mina gostosa.,sim
71921,Ela é covardia demais.,sim
72086,"Um tapa na cara, minha mãe tá certa.",sim
72377,"É ligação, sua mãe fica puta.",sim
72505,E você mulher guerreira.,sim
73160,"Não importa se ele é fraco, sofredor.",sim
73765,"Agora já era, ela já tá desapegada.",sim
73791,Linda mina bela que muda a atmosfera.,sim
74542,Ela é mimada gata e louca.,sim
74567,Menina má.,sim
75111,Era um menino desobediente.,sim
75113,"Menino maduro, coração carente
.",sim
75820,"E ela é namoradeira, mandona da.",sim
76324,E hoje ela tá diferente.,sim
76512,"No filme de terror, ela é a mocinha, eu sou vilão.",sim
76517,"Ela é uma mistura de razão com ficção
.",sim
77897,Essa moça é linda.,sim
77946,"Catucando essa mina maluca
.",sim
78844,Ele está sedento de paixão.,sim
79568,Catucando essa mina maluca.,sim
79628,"Olhar feroz ela chega maldosa, nas ideia ela é libidinosa.",sim
79651,"Menina má é professora, ensina errada.",sim
79652,Má intencionada mas mesmo assim ela é boa.,sim
79951,É tchau para eles fui abençoado.,sim
79987,"Eu confesso um pouquinho de medo, que essa mina é louca

.",sim
80141,"Ela é formada, dá aula, ensina.",sim
80162,"Eu tô sedento, ela é sedenta.",sim
80203,Tem essa pegada de mulher independente.,sim
80355,"Ela é linda demais, é.",sim
80367,Ela é uma deusa grega.,sim
80371,Mas ela é bem gigante.,sim
80579,"Ela é malandra, sacana, safada.",sim
80603,Ela tá brisada.,sim
80606,"Na cama, ela senta, ela é violenta, é isso que resume.",sim
80622,"Estourei, ela é gostosa.",sim
81069,"O menina carente, eu quero te ver sorrindo

.",sim
81099,"O menina carente, eu quero te ver sorrindo
.",sim
81575,Você pensa que ela é calma.,sim
81598,"É cheia de esquema, ela é complicada.",sim
82086,"E se ela é baladeira, nós vamo adiante.",sim
82215,Se ele fica cheio de marra.,sim
82657,"Os menino é ruim, é poucas palavras.",sim
82672,Os menino é ruim.,sim
82732,"Tem mulher pra caralho e os menino é sheik
.",sim
83347,"Ele é pretinho, magrinho, anda cheiroso, e tem 19.",sim
83771,Mas quem pensou que ela tava depressiva em casa.,sim
83940,De uma menina inocente e um homem de verdade.,sim
83970,E no dia do casamento ela tava linda.,sim
83974,E no final da gravidez ela tava tão bela.,sim
84011,"Eita, menina braba.",sim
84072,"Que ela é linda, é mais do que.",sim
84229,"Todo menino é rei mas toda menina que manda
.",sim
84589,A menina inocente.,sim
84636,"Lembro como fosse agora, um menino pequeno.",sim
84960,O novinho ficou maluco.,sim
84990,Vários homem bomba.,sim
85011,"Que essa mina é preparada
.",sim
85096,Ela não quer mais namorico.,sim
85172,Não importa se ela é puta.,sim
85175,"Ela é puta, mas também tem sentimento.",sim
85176,"Ela é puta, mas também tem sentimento

.",sim
85187,Ela é puta mas tem sentimento.,sim
85293,"Ela veio quente, e hoje eu tô fervendo.",sim
85294,"Que ela veio quente, hoje eu tô fervendo.",sim
85317,"Ela veio quente, hoje eu tô fervendo.",sim
85569,É só menino bom que tem problema na cabeça.,sim
86007,"Minha filha tava grávida de um filho teu, de um filho teu!
.",sim
86289,"Ela é minha aurora boreal, parte do meu ideal.",sim
86337,Você foi fraco ela é piranha.,sim
86594,Então pensa na mulher gostosa.,sim
87037,Essa mina é assanhada.,sim
87385,"Desde menor, minha mãe me diz: Hariel é terrível!.",sim
87476,"Ela é da minha rua, ela é estilosa.",sim
87555,"Garota linda, você é a minha paixão.",sim
87756,"Neymar é gol!

.",sim
87785,"Neymar é gol!
.",sim
88046,Ela é mina de família.,sim
88375,"Porsche, com uma mina top.",sim
88671,Arlequina é estilosa.,sim
88839,KR3 que vai mandar pras mina maluca.,sim
89407,"Ele era funkeiro, mas era pai de família
.",sim
89425,"Outros o criticavam porque ele era funkeiro
.",sim
89444,"Os seus olhos brilhavam, ele estava animado
.",sim
89470,"Ele era funkeiro, mas era pai de família.",sim
89599,"Mas chegando no baile funk, ela é a sensação.",sim
90010,Sou mulher independente não aceito opressão.,sim
90013,"Sou mulher destemida, minha marra vem do gueto.",sim
90533,"Ele é quentinho com refri não tem mistério
.",sim
90612,Ela é uma mescla de sagacidade.,sim
91299,"Deus que ele é justo, mas o mundo não.",sim
91346,"Meu, ele é foda, eu sou fã desse cara
.",sim
91398,"Djonga é foda, eu sou fã desse cara
.",sim
91491,Quem olha pensa que ela é princesinha.,sim
91548,Ela é boa na pista.,sim
91686,A mina mais linda do bairro.,sim
91696,(Mina maluca).,sim
91776,"Ela é perita no blefe, danada, me olhando nos olhos nem pisca.",sim
91789,"Ela é braba no que faz, exala sagacidade.",sim
92241,"Olha só, eles são iguais!.",sim
92684,Com essas mina maluca.,sim
93026,"Mais uma vez, ela tá solteira.",sim
93064,Tem que ser uma mulher bonita.,sim
93126,"Eu sou todo largado, ela é toda discreta.",sim
93127,"Eu falo tudo errado, ela é toda correta.",sim
93147,"Sou todo largado, ela é toda discreta.",sim
93301,Porque ela é bem gostosa.,sim
93472,Depois de uma mina gata que tava assistindo o show.,sim
93563,"As minas eram gêmeas, mano, pra nossa surpresa.",sim
93720,Mas ele é bem fraco.,sim
93773,"Ela quica,ela para.",sim
93791,"Ela quica,ela trava,para.",sim
93951,Mulher gostosa.,sim
94030,"Vive intensamente, mina caliente
.",sim
94237,Um homem direito.,sim
95147,Hoje elas não quer social.,sim
95322,"Ô, menina louca.",sim
95364,"Ela é esnobe, mas corre atrás.",sim
95366,"Faz cara feia, me doma, menina mandona.",sim
95919,A sua brincadeira é ser uma mina séria.,sim
96171,Ela é pura perfeição.,sim
96435,"Desce, cachoalha, ela é preparada.",sim
96695,"Ela dança um funk, ela quica demais.",sim
96697,"Ela dança um funk, ela quica demais
.",sim
97346,Que ela é toda marruda .,sim
97350,Que ela é toda marruda.,sim
97553,"Ela é mimada, gata e louca
.",sim
97569,"Entrou clima, louca menina, menina má.",sim
98374,Sua mãe fica puta com os meus gritos no seu portão.,sim
98513,"Se tem outra mina, ela fica bolada.",sim
98633,"Na faixa de gaza, só homem bomba,.",sim
98642,"Mulher ouro e poder,.",sim
98857,As mulheres lindas que tem no.,sim
98874,Um homem consciente age sempre na moral.,sim
99063,"Olha, a mina louca tá dançando.",sim
99117,"Elas tão doida, tão louca,.",sim
99268,"Mundo mágico, menino mulherengo..",sim
100008,"Mais pra dançar com essa menina se liga o bagulho é doido ela senta ela senta ela kika ela kika rebolando bem gostoso
.",sim
100137,E eu sou menino novo.,sim
100287,Dennis tá fácil.,sim
101650,Porque ela é impossível.,sim
101654,Ela é impossível.,sim
101863,Ela fico descontrolada.,sim
102059,Lembro legal que nois era pivete.,sim
102266,Ela é uma gracinha.,sim
102277,Elas estão descontroladas.,sim
102293,vai...elas estão descontroladas.,sim
102294,"vai...vai...elas estão descontroladas


.",sim
102314,"vai...vai...elas estão descontroladas
.",sim
102473,Mais enjoado que mulher grávida.,sim
102558,O desejo dessa mina é sua humilhação.,sim
102649,"Não é atoa que eles fala: as mina é foda
.",sim
102667,Não é atoa que eles fala as mina é foda.,sim
102779,"Minha mente, ela é ambiciosa, sou vitorioso, você pode crer.",sim
102864,"É que eles são bandido ruim, e ninguém trabalha.",sim
103019,"nois é quebrada, nois é zul, norte e oeste,.",sim
103160,"Se eu já fui escuridão, hoje ela é a luz da minha vida.",sim
103615,Minha mansão sempre estará lotada de mulheres belas.,sim
103708,"Barro ou mulher bonita,  tá tranquilo, vamo que vamo.",sim
103729,Quer deixar ele feliz?,sim
103882,De lingerie elas vem louca pra me seduzir.,sim
104227,"Ai que mulher gostosa, toma no cu.",sim
104342,"Enquanto ele era álcool, puta e cocaína.",sim
104768,"Bota o dedo pro alto, deixa os homens loucos.",sim
104933,Que eu vou comer aquela mina gostosa.,sim
104985,Morrer como homem é o prêmio da guerra.,sim
105238,Ele era funkeiro.,sim
105286,Ele estava animado.,sim
105365,"Essa mina é uma loucura, sabe por quê?
.",sim
105386,"Essa mina é uma loucura, uma loucura.",sim
105636,"Ela anda sexy, toda guapetona.",sim
105637,Ela não é amante.,sim
105639,Ela é fiel.,sim
106149,"Pois ele é chpa quente, e fecha com a familia.
.",sim
106185,Essa mina é uma riqueza.,sim
106228,"Essa mina é uma riqueza
.",sim
106268,Garota envolvente do sorriso atraente.,sim
106273,"Ela é funkeira, baladeira e não quer compromisso.",sim
106394,Alô galera..parei de zoar..agora sou um rapaz sério muito sério.,sim
107000,Gente inteligente e mulheres belas.,sim
107605,"Garota impossível, do sorriso incrível.",sim
107690,Hoje ela é a luz da minha vida.,sim
108152,"Ele é muito maneiro, qualquer um pode mandar.",sim
108207,"Já quer embrasar, ela fica maluca.",sim
108235,Olha que mina gostosa.,sim
108236,Que mulher maravilhosa.,sim
109066,Essa é as mina zica da balada.,sim
109579,Só tem mulher solteira.,sim
109823,"Que minha meta na favela é só pegar mina perversa!
.",sim
109838,"Que minha meta na favela é só pegar mina perversa
.",sim
109887,Solo és mãe gentil.,sim
111023,E pode acredita dj rennan é midia.,sim
111201,"Boto tudo pra fudê,Senta firme (2x), ela ta louca ta xapada.",sim
111246,A Mãe pensa que ela é santa.,sim
111247,"O pai pensa que ela é moça, a.",sim
111248,Vó pensa que ela é virgem.,sim
111280,"Essa mina é louca, louca.",sim
111310,"Corpo pega fogo, essa mina é louca.",sim
111315,"Essa mina é louca, toda noite quer meter.",sim
111515,Quando chega no baile ela é atração.,sim
111518,"Rá ela é terrível!
.",sim
111560,"Ai que homem gostoso, vem que vem quero de novo.",sim
111587,"Ai que homem gostoso, vem que vem quero de novo
.",sim
111606,"Ela é boa na moto, ela é boa na cama.",sim
111610,"Ela é inteligente, ela é chapa quente, ela estoura os cofres.
.",sim
111613,"O quê que um homem procura, é uma mina segura.",sim
112300,"Hoje ele é profissional, jogador do seu time.",sim
112916,Ela é obra do divino.,sim
112929,Essa menina é sagaz.,sim
112948,"Menina imperfeita, que acaba sendo perfeita.",sim
113063,"Agora só um rapaz sério, muito sério.",sim
113082,"Essa mina é maneira, que brisa.",sim
113084,"Ela fica quente, sensualiza daora.",sim
113097,Ela é racional e curte um.,sim
113100,Anitta só que ela é mais gostosa.,sim
113114,"Mano, a mina tá mandada.",sim
113144,E ela tava esquecida igual.,sim
114138,De um menino inocente e um homem de verdade.,sim
114353,"Eu sou pretinho, ela é loirinha, do olho azul.",sim
114638,Mulher gostosa não é.,sim
114687,Menina carinhosa brincando com sua.,sim
115086,Quero ver as mina louca.,sim
115549,"Jesus foi pregado na cruz porque ele confiou,
.",sim
115811,"Menina não é mulher e mulher não é menina
.",sim
115842,"Essas mulheres lindas, eu catucando seu pulmão.",sim
115888,Via que ele cabisbaixo.,sim
116261,Nós que deixou ele rico.,sim
116483,Quem vê desacredita do que ela é capaz.,sim
116484,Ela é cheia de malícia e de quem peça pra parar.,sim
116488,Ela é a abusada.,sim
116494,Ela é abusada.,sim
116514,"Ela é abusada
.",sim
116547,Ela não é santa.,sim
116626,"Que ela brisa, ela era gostosa.",sim
117032,E o regime até ele mesmo teme.,sim
117254,A mina troca mó idéia.,sim
117266,É que as menina é tenebrosa.,sim
117381,Ela é a sensação.,sim
117430,"Whisky e energético, quanta mulher boa, hahaha.",sim
117434,Ela é chata demais.,sim
117651,Senão é como amar uma mulher só linda.,sim
117773,Ele é negro demais no coração  .,sim
118113,De um homem pobre e esquecido.,sim
118657,De quando ele era seu professor.,sim
118731,E é por ela ser assim tão delicada.,sim
119257,É como amar uma mulher só linda.,sim
119351,É juntinho que ele fica bom.,sim
119891,Neste momento todos os bares estão repletos de homens vazios.,sim
119894,Todas as mulheres estão atentas.,sim
119900,Há um homem rico que se mata.,sim
119978,"Na verdade, o homem não era necessário.",sim
120153,Ele era um menino.,sim
120248,"Você, seu moço estrangeiro.",sim
120804,A mulher amazonense.,sim
120811,A mulher carioca.,sim
120974,Que só tem de seu as costeletas e a namorada pequenina.,sim
120999,Tende piedade dos homens úteis como os dentistas.,sim
121011,Tende piedade da moça feia que serve na vida.,sim
121012,"De casa, comida e roupa lavada da moça bonita.",sim
121013,Mas tende mais piedade ainda da moça bonita.,sim
121034,Mas tende piedade também das mulheres casadas.,sim
121036,"Tende piedade, Senhor, das mulheres chamadas vagabundas.",sim
121061,"Dos meninos velhos, dos homens humilhados - sede enfim.",sim
121179,"Sorrirá: - Rei morto, rei posto...",sim
121352,"uma cidade de homens felizes, homens que sintam a vida em toda a sua plenitude, em toda a sua fragilidade; homens que compreendam o valor das coisas puras..."" - E que fosse como a imagem do.",sim
121361,"E, à grande convocação que conclamava o povo para a gigantesca tarefa começaram a chegar de todos os cantos da imensa pátria os trabalhadores: os homens simples e quietos, com pés de raiz, rostos de couro e mãos de pedra, e que, no calcanho, em carro de boi, em lombo de burro, em paus-de-arara, por todas as formas possíveis e imagináveis, começaram a chegar de todos os lados da imensa pátria, sobretudo do.",sim
121422,Locutor n 2 - Uma cidade de homens felizes...,sim
121625,Um dia ele chegou tão diferente.,sim
121924,"E porque eu me levanto para recolher você no meu abraço, e o mato à nossa volta se faz murmuroso e se enche de vaga-lumes enquanto a noite desce com seus segredos, suas mortes, seus espantos - eu sei, ah, eu sei que o meu amor por você é feito de todos os amores que eu já tive, e você é a filha dileta de todas as mulheres que eu amei; e que todas as mulheres que eu amei, como tristes estátuas ao longo da aléia de um jardim noturno, foram passando você de mão em mão até mim, cuspindo no seu rosto e enfrentando a sua fronte de grinaldas; foram passando você até mim entre cantos, súplicas e vociferações - porque você é linda, porque você é meiga e sobretudo porque você é uma menina com uma flor.",sim
122018,Ela é uma bagunceira.,sim
122532,Da menina prostituta.,sim
122558,"Meus amigos, meus irmãos, cegai os olhos da mulher morena.",sim
122559,Que os olhos da mulher morena estão me envolvendo.,sim
122561,"Meus amigos, meus irmãos, cortai os lábios da mulher morena.",sim
122562,Eles são maduros e úmidos e inquietos.,sim
122565,Cortai os peitos da mulher morena.,sim
122570,Salva-me dos braços da mulher morena.,sim
122576,"Vida, compra o meu corpo da mulher morena.",sim
122579,"Branca avozinha dos caminhos, reza para ir embora a mulher morena.",sim
122580,Reza para murcharem as pernas da mulher morena.,sim
122581,Reza para a velhice roer dentro da mulher morena.,sim
122582,Que a mulher morena está encurvando os meus ombros.,sim
122585,Dai morte cruel à mulher morena!,sim
122606,"Menina bonita, pra onde é ""qu'ocê"" vai.",sim
122632,"Menina bonita, não vá para o mar.",sim
122646,Menina bonita que foi para o mar.,sim
123715,"Ela é carioca, ela é carioca.",sim
123728,E pra mim ela é linda demais.,sim
123730,"Ela é carioca, ela é carioca  .",sim
123761,Que ele ainda não está maduro.,sim
123974,"IV - Minha senhora, lamento muito, mas é meu dever informá-la de que seu marido é portador de um tumor maligno no fígado...",sim
123980,"- Seu pai ainda é um homem forte, vai agüentar bem a intervenção...",sim
123981,"- Sua avó está muito velhinha, mas nós faremos o possível...",sim
124066,"Com o menino livre e feliz que foi, com o tempo da infância.",sim
124173,A mesma mulher pronta pra dizer.,sim
124247,"Dora, rainha cafuza de um maracatu.",sim
124357,Quanta mulher nua na.,sim
124438,Menina fidalga!,sim
124443,Não vi mais meninas puras.,sim
124444,Menina pura.,sim
124724,A moça violentar.,sim
125489,E eu que era um menino puro.,sim
125803,O rei mestiço de.,sim
125979,"Meu coração pedia sombra, água fresca e colo de moça bonita.",sim
126158,"Ele seja feliz também, e forte, e se lembre com saudades.",sim
127559,Ô Menina bonita do vestido verde.,sim
127626,Se ela é tua é minha também.,sim
127792,"Chega mais perto, moço bonito.",sim
127795,Mas com você ela é cheia de sol.,sim
127978,Ela é carioca.,sim
128000,Ela é carioca  .,sim
128013,Luiza é bonito pra chuchu.,sim
128022,Luiza é bonito como o quê.,sim
128303,Ele é dono da mata e do sertão.,sim
129253,Pixinguinha é inconteste.,sim
129670,"E, como eu fui para ele muito boa.",sim
129905,E veja como sofre um homem infeliz.,sim
130265,E acho que enfim eu vi um homem ser feliz.,sim
130278,E acho que enfim eu vi o homem ser feliz.,sim
130365,E os meninos tão bonitos.,sim
130791,Tira a mãe preta do cerrado.,sim
132451,"Menino vadio, tensão flutuante do.",sim
133419,De mãe preta carinhosa.,sim
136637,"Todo dia ele faz diferente, não sei se ele volta da rua.",sim
137346,O homem sério que contava dinheiro parou.,sim
137350,A moça triste que vivia calada sorriu.,sim
137357,A moça feia debruçou na janela.,sim
137872,Basta se dizer que ele é amigo de.,sim
138454,Rapazes muito decentes.,sim
138514,"(repete refrão) Ela era virgem, feito maria, Ou, feito um dia de sol na janela.",sim
138841,Moço bonito.,sim
140032,Deixa eu dizer que ela é cheia.,sim
141186,"Todas elas feitas de tic tac, todas elas iguaizinhas.",sim
141195,Os rapazes ficam ricos e formam uma família.,sim
141517,Tem mulher maluca que atura porrada.,sim
142311,Pedro é preto.,sim
142460,Será que ela é moça.,sim
142461,Será que ela é triste.,sim
142864,"F#7/5+ Bm7/9  E7/13  A6 Foice  velha, mulher nova.",sim
144090,E o grito do homem voador.,sim
144111,Eu sou o homem comum.,sim
144397,Dá novo vigor a senhores idosos.,sim
145043,Levar teu corpo de moça tão puro.,sim
145046,Esse seu corpo de moça tão branco.,sim
146046,Que nem viu ele vivo  - Tem até donativo.,sim
146062,Que nem viu ele vivo  - Tem até um passivo.,sim
146161,"Rei morto, rei posto não tá mais aí  .",sim
146563,Preciso encontrar um homem bom.,sim
148059,"Menina bonita pra onde ""quo´cê"" vai.",sim
148075,Menina bonita não vá para o mar.,sim
148650,Como ele mesmo diz: É o branco mais preto do.,sim
149364,Sou um homem feliz.,sim
149380,Um homem feliz.,sim
150269,Jorge sou dragão  .,sim
151006,E se hoje ele é branco.,sim
151008,Se hoje ele é branco.,sim
151010,Ele é negro demais.,sim
151901,"Sou uma mulher nova, mas também não sou.",sim
152747,Pobre menina tão rica.,sim
153095,Com tanto rapaz direito.,sim
153291,Ela é minha vida.,sim
153840,Não digam que ele é medroso.,sim
153841,Que ele é bem corajoso.,sim
153842,Que ele é o campeão.,sim
153889,Sou moço guloso é de viver.,sim
154350,Elas são a tolerância.,sim
154575,Que os homens são tudo irmão.,sim
155889,Ele está ficando velho  .,sim
155929,Eu só vejo mulher nua.,sim
156070,A moça virgem que ele quer.,sim
156243,"É, será que ela é dona de mim.",sim
156250,Será que é por ela ser donzela.,sim
156406,O homem feliz é sozinho.,sim
156782,Soares é japonesa ou não?,sim
158062,Ela era triste.,sim
159219,E que mulher forte e danada.,sim
159292,Porque ele é feito somente de paz e de amor.,sim
159725,Quando ele é fácil de cantar.,sim
160905,Ele é bom bom bom bom.,sim
160964,Inês já é morta do lado de cá  .,sim
161020,Canta pra subir que a moça tá engravidada.,sim
161024,"Oh, Vera hermafrodita mãe gentil.",sim
162482,"Oh, Deus como sou infeliz, infeliz.",sim
163690,Que mulheres muito invejosas fazem de tudo para tira-lo de mim?,sim
163691,Mas sei que ele é forte e resiste assim como tem resistido à dor.,sim
164778,Quando vem da mulher alheia.,sim
167349,Bento tinha bom peito.,sim
168374,"De moça prosa morena,morena ro- sa.",sim
168726,Abençoado o colo dessa mãe antiga.,sim
169287,"Se ela é tua, é minha também!",sim
169335,"Cabelos cor da noite, Pele de alvorada, Cacique entregou ao branco, A filha amada, Raízes de.",sim
169337,"Abençoado solo, Dessa mãe antiga, Por quatrocentos anos, Feitos de cantiga, Naquele doce embalo, Da canção tupi.",sim
169359,Dizendo que se ela for chique.,sim
169372,"Ele é vesgo, pois a profissão ensina, A ter um olho na esquina e outro olho no freguês, Assim de vez em quando ele escapa, Gozando a cara do ""rapa"", Que bobeou outra vez.",sim
169602,Tereza era tão bela.,sim
169793,A mulher mal amada.,sim
170284,E como eu fui pra ele muito boa.,sim
170310,Procuro um homem direito.,sim
170313,Nessa mulher tão coitada.,sim
170492,"Moço solitário, poeta benquisto.",sim
172268,Disseram que ela era maioral.,sim
173481,Valentão é brigão.,sim
174182,"É mensalão, mensalinho, ele é meu amigo, ele é meu padrinho.",sim
175011,"Bem se ve que ele é safado, Safadinho ele é.",sim
175012,Cuidado minha gente que ele é saliente.,sim
175016,"Ele é bonito, tão cheiroso e aprumado, Que a gente fica ate desconfiado, Então, tome cuidado, Meu bem, tome cuidado.",sim
175017,"Porque o gato é bonitinho, Mas porem ele é safado  .",sim
175635,"A moça triste que vivia calada, sorriu.",sim
175880,Moça cheia de esperança.,sim
176443,Mulheres perfeitas.,sim
176646,"Pensa que ele é feliz, coitado.",sim
177229,Em mulher passarinho.,sim
179329,Denise é soberana.,sim
179335,Denise é primavera.,sim
179686,Sabe que ele é o senhor.,sim
179731,Ele é o sol.,sim
179733,Ele é um dom.,sim
179737,Ele é amor.,sim
180193,Ser mulher direita.,sim
180532,Você menina moça.,sim
180950,Sem ela sou tão triste.,sim
181115,Oxum senhora bonita.,sim
181149,"Anabela é caprichosa, nesse trunfo ele é bidu.",sim
181298,"Ele é pai, é corvo também.",sim
181566,E tanta moça bonita para a gente elogiar.,sim
181584,Em favor da eternidade onde o rei dos reis é rei.,sim
181728,"Ela é igual a mim -Não é, não -E sim, é sim!",sim
181862,Moça flor.,sim
181874,Moça flor vai chorar.,sim
182006,Pela décima vez ela está inocente nem sabe o que fez  .,sim
182727,Ela estará sempre presente.,sim
184264,Menina bonita não chora.,sim
185786,Eu sou essa mulher tão triste.,sim
186065,O senhor é dono.,sim
186625,"Um mulher diferente, De olhar e voz envolvente, Que atingisse a perfeição.",sim
186628,"Essa mulher fantasia: Dei-lhe a voz de dulcinéia, A malícia de frinéia.",sim
187996,E ela alegre a noite inteira.,sim
188896,Eles não querem ser profundos.,sim
189714,Você mulher perfeita.,sim
189949,Emengarda num é mais pura i neim donzela aquele cabra safado num quis si cazá cum ela ´gora ela vive aí prus canto chorano como cundenada quano ela passa todo mundo diz: - Coitada da.,sim
190150,"""Mãe negra amamentou.",sim
190163,Minha mãe é tão linda.,sim
190180,"Minha mãe é minha deusa, minha musa, minha super, minha superstar  .",sim
190209,Moça tão bela e faceira.,sim
190306,"O mágico e a mulher barbada causando enorme sensação e um boiadeiro dançando ""catira"" batendo os pés nos chão.",sim
190344,"Ah seu doutor, me perdoe o impropério mas se eu saí do sério é porque eu já me enchi de viver ""duro"", comendo batata frita enquanto o senhor ""agita"" um belo.",sim
190424,Falam até que o homem é o dono do mundo.,sim
190670,"tanta injustiça, tantos crimes sociais, tanta miséria, tantos homens marginais...",sim
191204,"Do homem mais sozinho, A sonhar, A sonhar ""Os.",sim
191953,"Ele é bom, bom, bom, bom.",sim
192492,Ela é mais enrolada.,sim
192915,"Garota coqueta, Metida bacana, Que vive na praia.",sim
192980,A vida dum rapaz legal.,sim
193346,"Vem, menina feia.",sim
193975,"mulher bonita assim, carioca assim, Rio.",sim
194792,"Ou pelo espinho da flor, Cruel que você ama, Amante do drama, Vem pra minha cama, Por querer, sem me perguntar me fez sofrer, E eu que me julguei forte, E eu que me senti, Serei um fraco, Quando outras delas vir, Se o barato é louco e o processo é lento, No momento, Deixa eu caminhar contra o vento, Do que adianta eu ser durão e o coração ser vulnerável, O vento não, ele é suave, mas é frio e implacável, (É quente) borrou a letra triste do poeta, (Só) correu no rosto pardo do profeta.",sim
194809,"-Esse brown aí é cheio de querer ser, Deixa ele moscar e cantar na quebrada, Vamo ver se é isso tudo quando ver as quadrada, Periferia nada, só pensa nele mesmo, Montado no dinheiro e cês aí no veneno, E a cara dele truta?",sim
194830,"- Se só de pensar em matar já matou, Eu prefiro ouvir o pastor: - Filho meu,não inveje o homem violento e nem siga nenhum dos seus caminhos...",sim
195198,"Vem gostosinha vem, vem gostosinha   (2x) Ela é toda gostosinha.",sim
195275,Ô menina doida...,sim
196847,"Ou na festa junina: O garoto magrela caiu, Minha sina cair.",sim
196942,Mas posso ver que ele é sincero.,sim
196956,Era uma mulher comum.,sim
196980,Homens imorais.,sim
197660,Já fui rei aventureiro.,sim
197931,Quero ser namorado marido seu amante.,sim
197933,Voce ah mulher perfeita eh tao bom te amar.,sim
198514,És a deusa asistral no meu mundo irreal.,sim
199740,Eu me entrego com meus versos de moça poeta.,sim
200129,"Ó mãe amada, tu és assim, perfume de rosas um doce pra mim.",sim
203546,Ele é meu encanto.,sim
203863,Que me faz uma mulher feliz.,sim
204328,Pois ele é santo e santos nos quer.,sim
204468,"Sacerdote, Rei glorioso.",sim
204476,Rei eterno em tudo tem poder.,sim
204690,"Bahia que não me sai do pensamento ai, ai que saudade eu tenho da bahia ai, se eu escutasse o que mamãe dizia: ""bem, não vá deixar a sua mãe aflita a gente faz o que o coração dita mas esse mundo é feito de maldade e ilusão"" ai, se eu escutasse hoje não sofria ai, esta saudade dentro do meu peito ai, se ter saudade é ter algum defeito eu, pelo menos, mereço o direito de ter alguém com quem eu possa me confessar ponha-se no meu lugar e veja como sofre um homem infeliz que teve que desabafar dizendo a todo mundo o que ninguém diz vejam que situação e vejam como sofre um pobre coração pobre de quem acredita na glória e no dinheiro para ser feliz  .",sim
204856,"Ele é poderoso, Ele está por cima.",sim
204991,Ele é ungido e nasceu pra bilhar.,sim
204992,Ele é diferente e ainda digo mais.,sim
205544,"Igarassú, cadê tuas moças bonitas.",sim
205950,Eles eram tão úteis.,sim
206157,Ela é tão indiscreta.,sim
206764,O senhor sexagenário.,sim
206853,O doutor dirley é tão legal.,sim
208444,Ilumina a mina escura e funda.,sim
208833,Tu és a dama mais formosa.,sim
208845,Tu és a dama mais tesuda.,sim
208958,Rapaz casado com dez filhos.,sim
209204,Por causa dela sou um rapaz muito capaz de trabalhar.,sim
210704,Tem a moça quituteira.,sim
210737,Moça flor é você a mais flor.,sim
210748,Moça flor vai chorar é o amor  .,sim
211168,A mulher perfeita tem que ser decidida.,sim
211176,Talvez a mulher perfeita seja pura ilusão.,sim
211643,Sempre parecendo um bom rapaz foi tão fácil de me convencer.,sim
212814,O fodão e a donzela felizes e sem fim.,sim
212857,Ainda que ela fosse tão bacana.,sim
212898,"Meu homem experiente,vacilou.",sim
213273,Jovens moças indecentes.,sim
213696,Que mulher gulosa.,sim
213839,"Ai ela é cheirosa, ela é charmosa, ela é um tesão.",sim
213841,"Ela é cheirosa, ela é charmosa, ela é um tesão.",sim
216807,Ela é tão sexy (Uoo).,sim
216825,Ela é tão sexy.,sim
216923,Mulheres linda.,sim
217693,Que ela é avó.,sim
219105,O homem já tá velho demais.,sim
219111,O homem fica amargo demais..,sim
219349,era um homem lindo.,sim
219444,"Ele sai elegante, e o que é que ele quer?.",sim
220287,Ele é molhado e fedido.,sim
220288,Ele é fedido e molhado.,sim
221443,Se ela for saciada.,sim
221585,Você é dessas meninas deslumbrantes.,sim
221586,Que só namora com homens perfeitos.,sim
221751,ele tá deprimido e sabe bem o que fazer.,sim
221755,e sabe que sua namorada está certa.,sim
221973,"Todas as mulheres são belas, todas elas merecem.",sim
222395,Mulher bunduda e burra vale mais a pena (x2).,sim
222413,Já tive namorada proctologista.,sim
222415,Já tive namorada esteticista.,sim
222428,Já tive namorada nutricionista (han).,sim
222528,Homem é bicho idiota.,sim
222552,E ele desempregado.,sim
222599,Mauro é fã de black sabbath e diz que ozzy osborne.,sim
222732,"Mulher maluca, de onde você saiu.",sim
222976,nas mãos de uma mulher cruel.,sim
223071,E quem está só acha todas as mulheres fatais.,sim
223119,Ela anda tão arrependida.,sim
223175,Que não existe mulher feia.,sim
223184,Onze e meia - ela é muito burguesinha.,sim
223496,"Maria rita, menina linda, tu nunca me dá bola.",sim
223915,E elas sabem ser chatas quando querem por que elas tem.,sim
224263,Transar com mulher nova tira a nossa paz.,sim
224803,Com a mãe doente numa cama de hospital.,sim
225556,"Dudu já tá alucinado, já é meio caminho andado.",sim
225558,E pro rapaz não ficar triste nóis vamo onde as nêga são ativa.,sim
225919,Ela era linda e gente fina.,sim
225925,Uma garota tão legal.,sim
226181,Ela é perigosa....,sim
226581,Sheldon era tão consciente.,sim
226583,Sheldon era muito exigente.,sim
226614,Não deu jeito ele foi ser garçon.,sim
227084,"Mulher dona-de-casa, mulher pra presidente.",sim
227090,Tanto faz se ela é machista ou se é feminista.,sim
227246,eu seria o homem certo pra você.,sim
227277,Ela é ingênua e otimista.,sim
228080,O homem ainda é o lobo do homem.,sim
228688,Ela é capaz de fazer.,sim
228828,As garotas são fáceis.,sim
229405,Somos os garotos loucos.,sim
229831,Rapaz inteligente.,sim
230140,Ele é natural e muito eficaz.,sim
230195,Eu poderia ser o homem mais feliz do mundo.,sim
230539,Ele está sozinho.,sim
230565,Ele gosta de garotas quentes.,sim
230568,Ele é doido.,sim
230579,Ele gosta de garotas frias.,sim
230627,Se existem reis capazes de nos manter na linha.,sim
230778,Ela é a rainha.,sim
230898,Ele está aqui sozinho de novo.,sim
231125,"Sua cama bagunçada, me diz que ele estava triste.",sim
231617,Isso tudo me torna um homem melhor.,sim
231627,Então agora eu sou um homem melhor?.,sim
231766,"Eu fico louco por ele, ele é meu amor.",sim
231771,Ele é fantástico!.,sim
232291,como um garoto sozinho.,sim
232558,"Até que ele descubra, ele está sozinho?.",sim
232784,"Eu conheço, uma garota estranha.",sim
232807,"Sua alma fria, me diz que você é uma garota depressiva.",sim
232820,"Sua alma fria, me diz que você é uma garota diferente.",sim
233009,"Sujo e fedido, homem perfeito.",sim
233109,"Ela é rápida, e contagiante.",sim
233112,"Ela é rápida, e contagiante, ah!.",sim
233136,"Ela é rápida, e contagiante, sim, sim!.",sim
233137,"Ela é rápida, e contagiante, contagiante.",sim
233138,"Ela é rápida, e contagiante, ah, ah!.",sim
233139,Ela é perfeita.,sim
233147,Ela segura minha mão.,sim
233160,E ela está perdida dentro de min.,sim
233530,Ele era perfeito.,sim
233802,Você diz que ele é pálido!.,sim
233823,Você diz que ele é pálido.,sim
235243,"Todo homem quer ser feliz, até aquele que vai se enforcar!.",sim
236830,Todos os homens são iguais.,sim
237311,"Mas ela é linda, só falta uns dentinhos.",sim
238735,"Sou rapaz honesto, trabalhador.",sim
239226,Nora namora um homem casado.,sim
239844,"Mas ela é linda, muito mais do que linda.",sim
239853,"Porque ela é linda, muito mais do que linda.",sim
240970,"Ela tava doida, agora a culpa é minha?.",sim
241128,"Eu quero você, mulher robot.",sim
241129,"Pra sempre você, mulher robot.",sim
241136,"Eu quero você, mulher robot sempre você, mulher robot.",sim
241244,"Um pouco dela, uma mulher sincera.",sim
243052,Ela quer ser chique.,sim
243121,"Ele é o dono, ela é o cão.",sim
243124,Ele é o senhor.,sim
243125,Ela é a escrava.,sim
243126,Ele é o doutor.,sim
243143,"Ele é o senhor, ela é o bicho.",sim
243144,"Ele é o doutor, ela é o lixo.",sim
244441,"Argentina com uma pintora judia, casou-se pela segunda vez com uma princesa africana no.",sim
244467,Turista francesa fotografada semi-nua com o namorado árabe na baixada fluminense..,sim
244751,"Me imaginei na foto chorando, ele ainda deve tá triste,.",sim
244768,"Imaginei na foto chorando, ele ainda deve tá triste.",sim
245390,Morre o homem sadio.,sim
245919,Ele foi feliz.,sim
247573,"Transa só menina casada, ele é mesmo o cão.",sim
247696,Ela é inocente.,sim
247796,Ela era irmã do.,sim
247799,"E eu era apenas um rapaz pobre, então....",sim
247807,Que ela era irmã do.,sim
248881,Das mulheres mais bonitas do povo mais feliz.,sim
248982,"Menina doce, tão fatal.",sim
249078,Ela é tão simples quanto a poesia.,sim
249552,A mulher brasileira está consagrada.,sim
249570,"O que eu vou dizer não há como negar, mulher brasileira em primeiro lugar.",sim
249574,Que toda mulher brasileira está consagrada em primeiro lugar.,sim
249846,Ele vem cheio de tara no olhar.,sim
250016,A gente pensa que ela é fácil como é..,sim
250680,"Yeah, ah, ah ela é toda vitamina.",sim
250682,"Yeah, ah, ah, ela é toda adrenalina.",sim
250870,Sandrinha é vagabunda.,sim
250878,"Sandrinha é punk, funk, junk.",sim
250880,"Sandrinha é santa, é fera, e rasta pode, pode ser.",sim
251138,Ela é puro êxtase.,sim
251436,"Ela é demais, ela é nota 10.",sim
251875,O namorado é lutador de jiu-jitsu.,sim
251956,Ele é tão animal.,sim
251957,Ele é o terror.,sim
252065,"Ele sem-vergonha, o povo sem dente.",sim
253052,"O homem preto bate o sino, é o sinal.",sim
253213,Ela é toda vitamina.,sim
253215,Ela é toda anfetamina.,sim
253288,"Benedito é preto, pobre e velho.",sim
253297,Esculachado mas jamais ele foi marginal.,sim
253325,Essa menina é bacana.,sim
253337,Ela é alto astral.,sim
254908,Ela é fashion!!.,sim
255406,"como ela é tão gata, como ela é tão gata.",sim
255780,Mulher insatisfeita é um perigo..,sim
255803,Mulher insatisfeita é um perigo:.,sim
257349,Ele é o dono da noite.,sim
257370,"Ele é o dono da noite, eu sou a dama da noite....",sim
257510,É que as mulheres disfarçam bem melhor.,sim
258660,Mulher bonita.,sim
258673,Eu sou o homem mais feliz.,sim
258676,To coladinho na menina mais charmosa.,sim
259344,Como ele é tão perfeito.,sim
260552,Ela já foi namorada.,sim
260573,Ela é boa de cuspir!.,sim
260600,Ela é feita pra apanhar.,sim
260601,Ela é boa de cuspir.,sim
260614,E ao deitar com homem tão nobre.,sim
260676,"é canção de vida, é mulher divina e vou mostrar por quê.",sim
261458,Ela foi mais feliz.,sim
262300,Estava um homem paralítico em.,sim
262401,"Porque o senhor é meu pastor, o.",sim
262429,"E Ele foi fiel comigo,.",sim
262836,O menino lindo.,sim
262899,Ele é o amor e eu quero ser também.,sim
263308,Morreu o homem velho.,sim
263841,Ele é abrigo.,sim
264100,meu futuro é ele e ele é o lugar.,sim
264403,É que homem apaixonado fica bobo.,sim
265433,"Ele é abrigo, Seu amigo..",sim
265475,"Ele é pai, e eu sou filho.",sim
265575,Ele foi fiel comigo.,sim
265585,Jesus é lindo.,sim
266444,(Ele é maravilhoso).,sim
268158,"Olho na calçada, vejo um homem rejeitado pelos seus.",sim
268231,"Um desacreditado, menino novo qualquer.",sim
268283,Senhor muito feliz eu fiquei.,sim
268608,"Ele é o sol que brilha, pra todos na escuridão.",sim
268617,"Ele é o sol que brilhar, pra todos na escuridão.",sim
268706,"Ele é o som da vida, Jesus em minha vida.",sim
268731,Ele é o cordeiro que vem do céu.,sim
268877,Era um menino protegido por meus pais.,sim
269040,Ele é meu salvador.,sim
269041,Ele é meu redentor.,sim
269339,Um homem natural.,sim
269617,"Não manche as vestes, Ele é fiel.",sim
269954,"Tu és o rei eterno, que morreu por mim.",sim
270102,Senhor estava pronto pra lutar.,sim
278446,"Se todas eram problema, ela é solução.",sim
278447,Pra minha loucura ela é a cura.,sim
278453,"Ela é sincera, fora do padrão.",sim
278454,Dama na rua mas na cama ela é perdição.,sim
278526,"Ela é uma sextape, um clássico no sense.",sim
278677,Ela é minha cara.,sim
278792,"Que ela é toda imoral, de olhar já passo mal.",sim
279028,Ela é onda de lisérgica é o paraíso.,sim
279224,"Mulher insana, quer causar meu fim.",sim
279252,"Ela é ninfo, sex simbol, ela que me devorou.",sim
279711,"se ele é possessivo, só quer te prender.",sim
279736,"se ele é emotivo, eu sou mais racional.",sim
280100,Porque ela é bipolar e com todos os defeitos.,sim
280101,"Quando quer, ela é perfeita pra ser minha mulher.",sim
280120,Porque ela é bipolar e com todos os defeitos quando quer.,sim
282808,perdido agora como um homem cego num mudo de silêncio.,sim
283645,Ele é tão chato que podia morar num envelope.,sim
284953,"Ele é bom, é o bom, é o bom,.",sim
284963,"""Ele é o bom, é o bom demais!"".",sim
285184,"Xuxa é muito feia, não é boa.",sim
285247,Ele ficou agressivo.,sim
287982,Eu tô sabendo que ela é namoradeira.,sim
288506,"Ele é bom,.",sim
288805,E ela dengosa suspirou e até sorriu.,sim
289414,Talvez nós podemos ser a visão do sonho de um homem perfeito.,sim
290735,Ele é nosso amigo e sua palavra.,sim
292263,Ela é fofa assim.,sim
293365,(ela é fabulosa) !.,sim
294664,Se ele é um homem triste.,sim
296351,Nem solos de guitarra ou namorado pop-star.,sim
296903,"Presta atenção,meu namorado é o carlão.",sim
297883,Ela é suave assim.,sim
298635,"Se ela está presente, eu vou.",sim
299076,O sangue de um homem mau.,sim
300178,Ela despertou-se tímida.,sim
300415,Se ela é tão bela.,sim
300713,"Blás, homem galante.",sim
300870,Charles agora é o rei mais novo.,sim
301055,Moça preta do.,sim
301081,Moça linda do.,sim
301267,Zilda ta sozinha com os filhos pra criar.,sim
301835,Menina mulher da pele branca.,sim
301941,Até dizem que o senhor é incapacitado.,sim
301947,"Acerca de homem cego, quem tem vista dá o mote.",sim
302660,O homem é um lobo.,sim
304629,Mina bonita.,sim
304781,"Ele é o bom, é o bom, é o bom.",sim
304804,"- Ele é o bom, é o bom demais.",sim
307222,Ele é livre e moderno nem grinalda nem terno.,sim
311541,Eu era um homem santo mas agora.,sim
312218,"Ele é lindão, ele é lindão, Jesus lindão.",sim
312220,"Ele é lindão, Jesus lindão, é meu pai grandão.",sim
312431,Menina linda se anima e vem comigo.,sim
312681,Toda menina baiana tem um santo.,sim
312683,Toda menina baiana tem encanto.,sim
312685,Toda menina baiana tem um jeito.,sim
312687,Toda menina baiana tem defeitos também.,sim
313457,Da mulher carioca!.,sim
313458,Mulher carioca da pele morena.,sim
313468,Mulher carioca não é brincadeira.,sim
314194,"Ela é necessária, é o escândalo geral.",sim
314211,Mas ela é necessária é o escândalo geral.,sim
314760,Ele é o dono do poder.,sim
314863,Mas comigo ele foi covarde e malvado.,sim
314907,Ele é digno.,sim
315311,Ele é exaltado.,sim
315498,Ele é fiel!.,sim
315714,"O Senhor é bom e eterna é a sua misericórdia,.",sim
316017,Menina linda.,sim
316022,"Chega de papo e enrrolação, escute essa canção você pra mim não tem mulher igual.",sim
316914,Menino impossível.,sim
317353,Ilumina a mina escura.,sim
318614,Uma era a mulher ideal.,sim
318852,"Que não comete loucuras se ela é tão linda, se ela tão.",sim
322760,Sou menino cantador que só quer falar de amor.,sim
323933,"Ela é fera, muito fera.",sim
324256,Mulher bonita e cheirosa a pressão vai a mil.,sim
324460,Já tinha selecionado mulheres bonitas e feias.,sim
324461,Tenho os lábios calejados de beijar mulher alheia.,sim
324686,"Por que ele é sincera, não é igual aquela ingrata.",sim
325285,se ela é tão louca.,sim
325708,"O ponteiro, moço novo.",sim
325753,"Joãozinho foi infeliz, à partir desse momento.",sim
326142,A moça rica por amar um moço pobre.,sim
326257,Não manche o nome de um homem inocente.,sim
326701,Ela é minha companheira nas minhas contrariedades.,sim
326858,Quero ver esse mineiro voltar de a pe pra minas gerais.,sim
326891,Pra sua mãe dizia cheio de fé.,sim
326898,Senhor é um velhinho muito pobre.,sim
326904,O inocente vendo aquele homem barbudo.,sim
327120,Querida mãezinha eu te agradeço.,sim
328948,"Chiquinha, menina nova.",sim
329238,Ela é muito mulher..,sim
329249,Realmente ela é a mulher.,sim
329369,"Gosto de mulher viúva,de solteira ou desquitada.",sim
329370,"E por respeito ao marido, evito mulher casada.",sim
329404,Voce flaa casaento e ele já fica nervoso.,sim
329405,Voce nunca percebeu o quanto ele é maldoso.,sim
329507,Os pés de moça bonita moram dentro do chinelo.,sim
329875,"Minha mãe tava muito doente, pra mim foi um golpe dolorido.",sim
330035,Moça delicada é a flor da bonança.,sim
330040,Ela é fazendera de muitas finança.,sim
330068,Menina bonita que eu tanto amei.,sim
330153,Ele cheio de esperança.,sim
330261,Ela era minha maezinha adorada.,sim
330338,Menina muito bonita que parecia um botão de rosa.,sim
330347,A flor que estava em leilão por todas moça foi cobiçada.,sim
330356,"Só não trouxe ela comigo porque eu já sou um homem casado ai, ai, ai.",sim
330415,E ele mesmo envelheceu sem nada.,sim
330571,O senhor vai ficar véio.,sim
330640,Onde se mata um homem bom.,sim
330708,Ele é perigoso.,sim
331098,"Menina linda, o que você fez com a minha sanidade?.",sim
331111,Menina linda eu não entendo porque tanta indiferença.,sim
331284,Ela é tão linda.,sim
331288,Ela é uma gata.,sim
331304,Ela é bela.,sim
331378,"Ela é linda, linda.",sim
331380,"Ela é linda, linda linda.",sim
332034,"Menino pobre, tão carente.",sim
332294,Ela estava infeliz e magoada.,sim
332297,Ela estava deprimida.,sim
332462,"Verso encantado usei, meu namorado é rei.",sim
332552,Também entrou uma moça igual um botão de flor.,sim
332553,Achando a moça tão bela o rapaz falou pra ela.,sim
332560,Você é um rapaz tão pobre não namoro pé rapado.,sim
333072,"Rosinha estava mais linda, como uma flor parecia..",sim
333191,Quando eu vi a morena que moça bonita.,sim
333498,E a filha está abandonada..,sim
333532,Deixei ela sozinha num banco chorando.,sim
333568,"Porque o homem é feito de sonhos, ideais e compromissos..",sim
333632,"Ela é culpada ê, ê, ê, boi.",sim
333889,O senhor mesmo foi o vigário.,sim
333904,Por penitencia senhor vigário.,sim
333916,Senhora sertaneja dona do meu mundo.,sim
334263,Combater o rei tirano homem ruim a religião..,sim
334272,Quase louco envaidecido lhe falou o rei maldito.,sim
336414,Natalia é muito paia.,sim
336417,Ela é tão legal ela me ama.,sim
336853,Pedi perdão e disse adeus ao homem triste.,sim
337879,"Serei enfim, um homem livre.",sim
338098,A maldição de homens maus.,sim
339848,"Mas, ele é indurável.",sim
340540,Homens santos de.,sim
340544,"Deus, homens santos de.",sim
342114,Ela é real.,sim
345260,Ela é uma rainha e tem.,sim
345705,E um garoto pobre o que é que pode?.,sim
346229,Então de repente ele chega arrebatador.,sim
346254,"Ela é predadora, um animal selvagem.",sim
346988,"Ela era a rainha da noite, sua corte, seus servos.",sim
347006,Ela era a rainha na cama generosa nascente do amor.,sim
347009,"Ela era a rainha vadia, indefesa era como uma flor.",sim
347351,Eu estava olhando aquela menina perfeita.,sim
347454,Eu vejo gigante e penso como ele é grande.,sim
347462,"Sou impotente, ele é onipotente.",sim
347810,Ele é tão bonito.,sim
347949,"A promessa é certa, Deus é fiel pra fazer cumprir.",sim
348141,Ele é fiel.,sim
348727,Ele é meu refúgio contra as águas do mar.,sim
348776,Ele é meu refugio.,sim
349460,"Ele é fiel, para cumprir.",sim
349532,"Jesus é legal!"".",sim
351717,Menina linda na parada de baú.,sim
351820,"""Essa menina é massa,vai te deixar arretado"".",sim
351863,"Gamei na coisinha linda e ela dá alguns mole pra mim, tremenda de uma princesa linda, fina flor do meu jardim.",sim
352009,"Agora ela é viciada, sorriso de orelha a orelha.",sim
352025,Ela é fêmea e eu sou macho.,sim
352362,Porque em moça bonita não se bate.,sim
352441,Sua mulher já tá cansada e não dá nenhum valor.,sim
352534,"Ela é gostosa, ela é gostosa e meia,.",sim
352771,É uma cobra serpentina que só ataca mulher boa.,sim
352982,Que aquela menina linda me deixou.,sim
354226,Menina feia.,sim
354231,Luci é feia.,sim
354237,"Luci é livre, a verdade então.",sim
354239,Luci é linda.,sim
354517,Essa menina é uma delícia.,sim
354529,Ela é uma classe diferente de mulher.,sim
354674,Ela é teúda no grau e é graúda no pau.,sim
354712,"Bombom, camarão, mulher boa é violão,.",sim
354785,"- ""Menino doido!",sim
355273,Era uma garota feia desdentada do cabelo ruim.,sim
355276,"pela mulher mais feia da região"".",sim
355287,Juro por deus era a mulher mais feia que eu já vi.,sim
355808,Eu já conheço as pistoleira e cansei de mulher rampeira.,sim
356002,Moça bonita do jeito que a nêga grita.,sim
356106,"Menina linda quente, fora do normal.",sim
357319,Menina linda estava ali sem par.,sim
357329,"Nunca se esqueça, menina travessa.",sim
357797,Sou um homem direito.,sim
358096,Não que ela seja importante assim.,sim
358171,Olha só como ela é linda.,sim
358371,"Olha só como ela é linda, a vida é toda fina.",sim
358426,Ela é tão linda e de longe eu não dava nada.,sim
359076,Ele nunca esteve tão feliz.,sim
359083,E ele nunca esteve tão feliz.,sim
359677,Homens cegos guiam os perdidos.,sim
361522,"Ela é tão linda , Dissimulada.",sim
362686,Faz ela feliz.,sim
363126,"Eita mina top, toda empinandinha, sainha colada.",sim
363129,"cara de safada, essa mina é muito louca.",sim
363425,"Maria eram gêmeas, feliz juntinhas crescia.",sim
363999,Ele é inocente.,sim
364287,Hoje eu posso dizer menina linda.,sim
364400,A menina mais linda que eu já vi.,sim
364461,A menina mais linda.,sim
364518,Por isso que eu digo que um rapaz solteiro.,sim
364753,A mulher era bonita muito cheia de vaidade imobilhei o.,sim
364768,"Titio era cuiabano, nessa lida também me criei.",sim
364769,"Ele era criador de gado, no seu regime me acostumei.",sim
364901,Era uma garota linda.,sim
365373,Quem é você moço estranho?.,sim
365550,E a menina quase morta.,sim
365721,Carreirinho é apelido de violeiro.,sim
366549,Um homem quando tá apaixonado se arruma se perfuma e manda flor.,sim
366986,Homem bem alto pensa ser o maioral.,sim
366997,Homem careca tem mania de dizer.,sim
367007,Homem bem gordo vive contando vantagem.,sim
367017,Homem baixinho diz que faz economia.,sim
367028,Moça gorda era a.,sim
367194,Mas a menina inocente.,sim
367470,mesmo ela sendo tão jovem e eu um homem casado.,sim
367500,Para mim ela hoje é uma sombra.,sim
367633,Moça bonita é a.,sim
367983,O homem é bicho tratante.,sim
368136,"Eu sou igual a vocês, um homem simples do povo.",sim
368178,Eis aqui ombro a ombro comigo um homem simples do povo.,sim
368727,É neste ponto senhor juiz que eu queria ter chegado.,sim
368769,Um moço triste entrou e disse.,sim
369060,Sua esposa era leviana.,sim
369078,Para ver ela feliz.,sim
369288,Eliana é paraguaia.,sim
369293,Eliana é fazendeira.,sim
369298,Uma dama brasileira.,sim
369555,Adalto era um moço pobre.,sim
369574,Um moço rico apreparado.,sim
369747,Rosinha estava mais linda com uma flor parecia.,sim
369854,Ver minha mãe querida inerte num caixão.,sim
369920,Ela é bem afinada que nem clarineta.,sim
370167,"Na selva ele é o soberano ai, ai.",sim
370313,Faz carinho pra mulher casada.,sim
370639,É a garota mais bonita que já vi.,sim
371164,Eu sou um homem solitário nessa vida.,sim
371188,Flor menina misteriosa.,sim
371279,Foi uma princesa branca.,sim
371372,E eu deixo ele nervoso.,sim
371386,Você deixa ele louco.,sim
371558,"Se seu pai descobre, ele é chumbo quente.",sim
372752,Me apaixonei de repente por uma mulher bonita.,sim
372765,Ela é água cristalina.,sim
372938,Mamãe é tão boazinha e não merece morrer.,sim
373005,E ela contente só junto de mim.,sim
373045,não era assassino nem homem covarde dizia a verdade.,sim
373063,sabendo a verdade o rei soberano tracou varios planos.,sim
373199,Pernambuco ele foi nascido.,sim
374217,"Choro de mulher é arma,.",sim
374224,"Pra não ver o homem triste,.",sim
374328,Um homem muito sozinho.,sim
374650,O homem já milionário.,sim
374655,Ele estava acostumado.,sim
374682,Ele era mesmo mesquinho.,sim
374764,O rapaz foi algemado.,sim
374963,Marlene era tão devota.,sim
374968,Porque era um moço ateu.,sim
375147,"(nossa, ela era tão linda agora tá grande.",sim
375149,Não existe mulher feia.,sim
375721,A sua filha é minha nora.,sim
376236,Ser heroi de alguem e melhor ainda ter do lado a mulher maravilha.,sim
376277,Ela estava tão linda na quela janela.,sim
376294,Eu acho ela top.,sim
376296,Eu acho ela boa demais.,sim
376302,Eu acho ela boa demais..,sim
376597,Quando ela fica louca.,sim
376668,Minha flor querida é tão amorosa.,sim
377090,"Sem aliança, mãe solteira.",sim
377093,"Mãe solteira, que importa?.",sim
377201,Meus amigos dizem que ela está contente.,sim
377209,Meus dizem que ela está contente.,sim
377668,Mas ele fica feliz mesmo até recompensado.,sim
377766,Carrego moças bonitas.,sim
378028,"Vendo minha mãe paralítica, sem um sinal de melhora,.",sim
379217,que ela era a mulher que tanto esperei.,sim
379311,Ela é culpada auê uê uê ê boi de eu viver nas estradas.,sim
379673,Minha esposa muito linda.,sim
379937,Se ela é feliz.,sim
380222,neste instante respondeu um homem sou reporter de um.,sim
380357,Com a moça brasileira.,sim
380563,Ele era valentão só gostava de arrelia.,sim
380577,A mulher ficou contente quando viu o garotinho.,sim
380580,Não sabia essa inocente que o menino era um diabinho.,sim
380713,Augusto era um moço pobre.,sim
380969,Deus que mulher bonita.,sim
380993,As moças bonitas dançavam comigo.,sim
381182,Ele mesmo recebeu.,sim
381472,"Conheci um moço pobre, era um simples lavrador.",sim
381491,"senhor pode fazer pra mim, acho que só senhor memo.",sim
381853,Essa mulher fascinante.,sim
382345,moça bunita perdedéra.,sim
382358,moça bunita laço de amô.,sim
382574,Uma mulher insensível.,sim
382790,"Aparece as macacoas, ele já fica cabreiro.",sim
383299,Tá com a filha mal casada.,sim
383504,Ela é casada por justa união.,sim
383971,"Se tem muita cerveja, também tem mulher bonita.",sim
384219,Pra te fazer sentir a mulher mais feliz do mundo.,sim
384882,Esse homem sujo e cheio de remorso já sofreu demais.,sim
385347,É muita mulher boa.,sim
385418,"ele tá sujo, todo amassado,.",sim
385528,"Ela chega linda, chega e apavora.",sim
385569,Se ele faz gostoso então você faz melhor que ele.,sim
385653,"Ela não é difícil, não é diferente.",sim
385788,"Ela é top, elite é modelo classe a.",sim
385875,A mulher tá largada de mim.,sim
386468,Ela era sua esposa.,sim
388976,Zé tava casado.,sim
389255,Pra cantá ele tá morto.,sim
389289,Quando ela tá magoada vem se queixar no meu braço..,sim
390286,Quando eu vejo uma mulher bonita.,sim
390290,Mulher bonita e carinhosa.,sim
390463,"Mulheres lindas, extravagantes, perfumadas.",sim
390566,Ser mulher direita conforme ela era.,sim
390940,A juruti canta triste quando ela tá sozinha.,sim
391605,Lindas meninas praianas.,sim
392011,Caboclo é feliz no seu rancho de páia.,sim
392528,Minha mulher doce amiga e companheira.,sim
392867,"E, se ela está feliz igual as rosas no jardim.",sim
392896,Igual menina nova.,sim
393062,"Tô de namoro com uma moça solteirona,.",sim
393065,"que ela é muito coroa, ela é madura já.",sim
393068,não interessa se ela é coroa panela velha é que faz comida boa.,sim
393069,Menina nova é muito bom mais mete medo não.,sim
393074,"ou alemoa, não interessa se ela é coroa.",sim
393080,"tem que ser mulher madura, porque ao contrário o problema se amontoa,.",sim
393502,Diz que ela é muito forte comigo vai embaraçar.,sim
393522,Ela é muito nervosa manda meu tio pros quinto.,sim
393534,é que ela é uma baleia.,sim
393535,e beijo de mulher feia.,sim
393569,Assim fez de um homem honesto e honrado.,sim
393638,Mas a moça é uma parada.,sim
393863,Ele foi o criador.,sim
393940,"Meu pai foi peão paulista, minha mãe foi boiadeira..",sim
393949,"A rainha camponesa era fia do patrão,.",sim
393989,a nossa mãe carinhosa ajudava a levantá..,sim
394069,"Ai, moça delicada.",sim
394071,"Ai, moça caprichosa,.",sim
394204,"As moças namoradeiras cumprimentando primeiro, ai, ai!.",sim
394311,Minha mãe foi pioneira.,sim
394315,Hoje sou um homem casado.,sim
394360,Moça feia e marmanjão.,sim
394495,ela é miss universo é o orgulho da nação.,sim
395104,Ela está sempre presente..,sim
395132,A bênção oh mãe querida..,sim
395188,"Meu pai, mãe é sempre mãe, nossa imagem tão querida.",sim
395277,Se ela é rica ela tem muito conforto.,sim
395278,Mai se ela é pobre muitas veis tem que sofre.,sim
395292,Por que ela é a razão de nós vive.,sim
395807,Moça bonita não paga.,sim
396150,Pra mim morar com ela bem pertinho do céu.,sim
396185,O natal de um menino órfão.,sim
396714,Ela é ciumenta.,sim
396849,Também vi o seu fracasso de mulher pobre caída.,sim
397066,Essa menina é a perdição da minha vida”).,sim
397125,Ou serei o homem mais triste da terra sem você aqui..,sim
397186,Senhor vigário no altar.,sim
397194,mãe solteira.,sim
398045,Eu sou uma rapaz solteiro pra traz não deixo pensão.,sim
398200,"O rapaz triste, chorando.",sim
398335,Vancê é ingrata.,sim
398790,Ele é nacioná.,sim
399214,A moça é dona do meu coração.,sim
399981,Ela é a mulher mais bela.,sim
400166,Todos perguntam por que sou um homem triste.,sim
400171,Porque razão sou um homem triste assim.,sim
400185,"Não fiz vingança, mas tornei-me um homem triste.",sim
400186,Um homem triste sem parentes e amigos.,sim
400228,Se elas vivem carentes sofrendo na solidão.,sim
400292,Ele foi crucificado.,sim
400303,Que nasceu o menino deus.,sim
400312,Pro menino deus saudar.,sim
400354,Veja quem foi moço forte.,sim
400454,Ela é tão simplesinha.,sim
400528,Moça solteira é piranha.,sim
400529,Mulher casada é cadela.,sim
400884,Eu me sinto o homem mais feliz do mundo.,sim
400897,Ela é muito dengosa gosta mesmo é de parpar.,sim
400908,"Ela é muito dengosa, gosta mesmo é de parpar.",sim
400977,Ela é muito dengosa gosta mesmo é parpar.,sim
401059,Ela é a luz que me ilumina.,sim
401543,O rapaz era casado e a mulher deu de implicar.,sim
401653,Vai bebê menino feio.,sim
401827,E cunhataí é moça pequena..,sim
402107,Chico foi baleado.,sim
402576,a rainha sertaneja caipirinha do arraiá.,sim
402636,Uma moça muito triste sem riso da esperança.,sim
402642,"Minha mãe doente, já sem esperança.",sim
403119,E ela ainda era uma moça rebelde.,sim
403129,"Hoje, a moça rebelde e eu estamos juntos.",sim
403268,Ela estava linda.,sim
403503,Ela é minha patroa.,sim
403576,Mas ela é minha alegria.,sim
403999,Esta menina tá distante demais.,sim
404015,"Por você, mulher querida.",sim
404109,Uma menina meiga e sem juízo.,sim
404116,Diz que a filha é muito nova.,sim
404235,Sempre ouvi dizer que mulher é coisa boa.,sim
404256,Onde ela tenta esconder imensa dor.,sim
404361,Ela é charmosa e me faz cosquinha.,sim
404362,"O pai dela sai, deixa ela sozinha.",sim
404568,Ele não é meu amigo sempre faz tudo errado.,sim
404683,Sou um homem diferente que não penso em nada.,sim
404728,"Menina linda, coisinha louca.",sim
404790,Pra ter certeza e ela ser liberada.,sim
404796,Desde quando ela era mocinha.,sim
404806,Além de tudo a moça é muito bela.,sim
404875,Eu casei com uma moça bonita pra danar.,sim
404884,Chá de picão que ela tá muito amarela.,sim
405102,Ela pra mim foi a mulher mais bela.,sim
405103,Eu sou um homem tão desvaído.,sim
405234,Jogo na cassino com as mulheres mais belas.,sim
405246,Arnaldo tá estourado vem.,sim
405307,De mulher vulgar vai virar madame.,sim
405475,e ela disse vagabundo.,sim
405590,Sou um homem pobre nas ruas vazias.,sim
405729,"Carreiro é um moço alegre,.",sim
405923,A você moça bonita.,sim
406559,Aos homens grande amizade.,sim
406842,"Moça feia e marmanjão, na garupa a mula pula.",sim
406963,"A madrasta ruim, perversa, muito da mocinha judiô..",sim
406967,A madrasta feiticeira com a sua farsidade.,sim
406974,Oiando caixão sumindo da sua filha querida.,sim
407500,Ele era o garçom..,sim
407520,"Ele era freguês,.",sim
407626,Ela é culpada.,sim
407771,Pra pegar moça bonita e também mulher casada.,sim
407777,Pegou uma moça bonita que o meu coração gamou.,sim
408089,"E quando o ex-gordinho passa, elas ficam loucas.",sim
408416,O moço era obediente.,sim
408603,Uma mulher carinhosa.,sim
408661,Na estrada da vida de um homem errante nao existe flores beirando caminho e nem poderia seguir entre flores quem em sua vida só plantou espinhou é nesse martilho que hoje eu vivo sigo tropessando na estrada da vida e uma ramagem cheia de espinho cobriu minha estrada cercou meu caminho.,sim
408754,E eu sou apenas um homem triste.,sim
408792,Astro rei se os homens poderosos da super potencia.,sim
409005,Uma mulher bonita que meu coração gamou.,sim
409134,estão falando que ela é nova pra mim.,sim
409137,ela é novinha tem menos de 20 anos.,sim
409141,menina nova gosta de homem maduro.,sim
409790,Ele foi o ponto final.,sim
410157,quando liga o som elas ficam assanhadas.,sim
410378,"Enquanto eu não acho a mulher certa, com as errada eu vou!.",sim
410699,Mais o menino franzino descendente de jessé.,sim
411065,E mulher boa.,sim
412058,E se ele achar ruim eu mando ele.,sim
412233,Depois da meia noite só entra mulher nua.,sim
412566,Michelle é musa a musa de minha canção.,sim
412577,rapaz carente querendo teu doce amor.,sim
412732,ou ou ou menina preciso tanto dizer amo amo amo amo muito voce.,sim
412920,Sinto o ciúme ardendo demais ela é linda rica e poderosa.,sim
412990,"Eu sou mesmo um homem santo,.",sim
413478,Ela é linda.,sim
413481,homem casado pirar.,sim
413683,mas ela foi infeliz.,sim
413872,"Ei, ela é minha namorada.",sim
413878,"Ei,ela é minha namorada.",sim
413887,"Ei,ela é minha namorada!.",sim
414474,Só ando com mulher bonita.,sim
414603,Mulher feia sai pra lá.,sim
414629,Mulher feia.,sim
415084,"Minha mulher maravilha,.",sim
415413,Você me fazia um homem feliz.,sim
415464,Ela é uma coisa boa.,sim
416006,Pra ver de deixo ela mais contente.,sim
417271,"Menina indecente, que finge ser carente.",sim
417448,"Que ela já tá louca, louca pra dançar.",sim
417452,"Com dedinho na boca, ela tá pirada.",sim
417659,A uma deusa nua.,sim
418370,Fiz moça orgulhosa chorar e sorrir.,sim
418378,Com talento e traquejo do progresso sertanejo ele foi o pioneiro.,sim
418492,Menina menina você se apirica.,sim
418828,no pé de amora quem tiver mulher bonita cuidado que eu.,sim
419300,ele era criador de gado.,sim
419354,"O ponteiro moço novo, muito desembaraçado.",sim
419511,mulher bonita e riquesa.,sim
419599,Homem que tem mulher braba.,sim
420163,Era uma garota linda vinha vindo no volante.,sim
420965,A esposa é uma santa mulher divina.,sim
421004,Ai mulher ingrata você me maltrata não tem compaixão..,sim
421362,Era um homem diferente.,sim
421634,"O amor quebra opinião, de qualquer homem valente....",sim
421645,Infelizmente ela é flor proibida.,sim
421698,Homem valente eu já fiz virar medroso.,sim
421706,Joãozinho menino pobre numa escola no sertão.,sim
421708,Um outro menino rico só pra fazer judiação.,sim
421714,O pai do menino mau perdeu as propriedades.,sim
421720,Que um menino agonizante fora da igreja tombou.,sim
421896,E a mulher namoradeira eu passo o coro e mando embora.,sim
422013,Deus que mãe bonita.,sim
422016,Deus que filha linda.,sim
422021,A filha morena clara.,sim
422022,A mãe é cor de canela.,sim
422126,Eu chego a ficar doente por uma mulher bonita.,sim
422226,Lá existe homem valente as mulheres são sinceras.,sim
422227,É as meninas são descente ai a juventude sadia estudando noite e dia.,sim
422238,"Por ele ser bom patrão ai, ai.",sim
422242,Ele foi aluno bão sem férias e sem recreio.,sim
422252,Oswaldo é sobrinho.,sim
422351,Ela estava tão divina.,sim
422359,"Ela é uma doçura, beleza com distinção.",sim
422526,Menina nova e bonita.,sim
422532,A menina tão formosa.,sim
422651,"ó mestre lá nas alturas meu senhor onipotente, seu poder é infinito.....",sim
423166,Quando saía de viagem sua esposa prevenia.,sim
423379,Com ele era dividido.,sim
423443,"Nem mesmo estando doente ele cantava contente e nunca se retrocedeu,.",sim
424605,Eu não pensava que ela fosse tão maldosa.,sim
424889,Homem sério perde a linha.,sim
424977,"Tinha uma menina doente, um médico a mãe pediu.",sim
425002,Maria é muito bonitinho.,sim
425188,Garoto perdeu a vida nas mãos de um homem ruim..,sim
425468,Conheci um moço pobre.,sim
425479,Casou-se com uma moça rica.,sim
425553,Enganou moça inocente.,sim
425566,Vendo a filha mãe solteira.,sim
425567,E sua esposa infiel.,sim
425637,Quantas meninas bonitas eu vejo aqui do meu lado.,sim
425774,Como eu era um homem forte.,sim
425799,Pra um menino mau criado.,sim
425874,"Mariazinha, menina rica, e o pobre zezinho era seu empregado..",sim
425880,"A minha filha é menina rica, está nas alturas, você não alcança..",sim
425884,"Existe um bom deus, que está nas alturas, ele é bom demais, faz tudo perfeito..",sim
426516,E o rapaz interiorano dando provas de humildade.,sim
426532,Eu vi minha mãe doente de um mal quase sem cura.,sim
426709,Eu sou da mulher mais bela.,sim
427001,Só caso com mulher rica para dar conforto a ela.,sim
427146,"Onde tem moça bonita, de certo que tem namoro.",sim
427240,A menina inconsciente com sacrifício tirou.,sim
427353,O rapaz era casado e a mulher deu de implicar..,sim
427370,"O senhor vai ficar velho, e comigo vem morar,.",sim
427794,"acho ela muito boa,.",sim
427847,acho ela muito boa.,sim
427971,Tem que ser moço direito.,sim
428040,Sei que tem homem casado.,sim
428897,A moça muito faceira.,sim
428957,Dentro dela mora uma mulher sincera..,sim
428972,"Por ser uma mulher falsa, não cumpriu o que jurou.",sim
429022,Rainha mãe.,sim
429147,"Quase chorando, lá na janela pra mulher ingrata....",sim
429148,Mulher bonita venha na janela....,sim
429154,Mulher bonita estou desenganado....,sim
429278,"Na frente o candeeiro, menino de pé no chão, ele era apaixonado pela filha do patrão.",sim
429286,Hoje ela é casada está morando na cidade.,sim
429376,Meu futuro sogro é um homem direito.,sim
429468,Além da moça ser rica.,sim
429673,Eu também sofri na unha de um senhor muito malvado.,sim
429680,Nas mãos de um senhor malvado boiadeiro é boi também.,sim
429889,E pode ter certeza que ele será seu protetor.,sim
430562,Minha mãe é uma santa.,sim
430868,Joãozinho menino pobre numa escola do sertão..,sim
430870,Um outro menino rico só pra fazer judiação..,sim
430876,O pai do menino mau perdeu as propriedades..,sim
430949,Filhos de homem direito perde o nome em tabelião..,sim
430978,Eu vou contar uma historia ela é pura e real que ate hoje no.,sim
431002,Ela é uma doçura.,sim
431161,Por ser uma mulher falsa não cumpriu o que jurou.,sim
431180,E a mulher namoradeira.,sim
431412,Pra cobrir o corpo da mulher mais bela.,sim
431423,"(""Mulher maravilha modelo do mundo.",sim
431430,Pra colar no corpo da mulher mais linda.,sim
431618,"Nunca vi homem pequeno, que ele nao fosse papudo.",sim
431621,"nunca vi homem direito, vesti calça de veludo.",sim
431800,"Vou vencer esta batalha, a menina é a medalha....",sim
431863,Titio era cuiabano nessa lida também me criei.,sim
431864,Ele era criador de gado no seu regime me acostumei.,sim
432075,Júlia era sabida.,sim
432298,Ela é a luz que ilumina meu ser.,sim
432309,"Porém o rei soberano, que na opulência vivia.",sim
432314,Por ver a rainha santa que no seu avental trazia.,sim
432326,Em lugar de ouro e prata castigando o rei ateu.,sim
433645,O homem fraco é aquele que se vinga.,sim
433646,E o homem forte é aquele que perdoa.,sim
433737,Mariazinha menina rica e o pobre.,sim
433752,A minha filha é menina rica está nas alturas.,sim
433763,ele é bom demais faz tudo perfeito.,sim
433959,O pobre rapaz escutava calado.,sim
433978,Ele foi um gavião sem asa.,sim
433990,Mas ela voltou virgem e pura.,sim
434013,Ele era apaixonado.,sim
434025,"Hoje ela é casada,.",sim
434061,Mas deixei ela mansinha.,sim
434132,Eu também sofri na unha de um senhor muito malvado..,sim
434138,Nas mãos de um senhor malvado boiadeiro é boi também..,sim
434147,Além da moça ser rica dona de grande beleza.,sim
435657,Vestido de militar mulher rica consegui.,sim
435809,Pois ela era uma boneca encantadora.,sim
436146,Quando fui moço fui feliz e fui feliz.,sim
436463,Vestido de militar mulher rica consegui..,sim
436911,"Mulher virtuosa, quem a achará?",sim
437269,Rei maior eu sempre hei de adorar.,sim
437649,Ela é a porquinha mais formosa que há.,sim
437743,Ele é tão jovem e já pratica o mal.,sim
437744,Ela é pequena e já aprende a ser tão sensual.,sim
437754,Que faz do homem escravo de um mundo sem perdão.,sim
439309,E um homem doente em sua visão.,sim
439334,Um homem doente em sua visão.,sim
440068,Senhor é bom.,sim
440260,"Mulher virtuosa, quem achará?.",sim
441063,"Negra à beira mar, César é cego de um olho.",sim
441736,Sou apenas um homem cansado.,sim
441925,"O homem é o lobo do homem, o lobo.",sim
441950,Mulher barriguda que vai ter menino.,sim
441958,"Mulher barriguda, tomara que não!.",sim
442727,"É um menino tão sabido, doutor.",sim
442746,"A minha filha tá solteira, doutor.",sim
442757,Ela fica cheia de mistério.,sim
442962,Ele é um sujeito distraído demais.,sim
443058,Ela foi educada pra cuidar e servir.,sim
444454,Esta entidade é formada pelos homens mais poderosos do país.,sim
445389,"que o homem que matou o homem mal, era mal também..",sim
446259,Ela é a rainha do.,sim
446272,Ela é a esposa do deus.,sim
447031,Ela é linda como sempre sonhei.,sim
448155,Se o menino for bonzinho e normal.,sim
448190,Mulher não é melancia.,sim
448191,Mulher não é samambaia.,sim
448194,Moça bonita da bundinha empinada.,sim
448364,Ele é monumental!.,sim
448680,"Ele é negão, dissem que é bixa.",sim
449015,Ela usa mini saia sem calcinha.,sim
449089,Carolina você sabe que esse homem era um lobo.,sim
449364,Mulheres pobres sonham com dinheiro.,sim
449395,Quando ela vai presa.,sim
449577,tu deixa um homem louco.,sim
449664,Ouça agora mulher estranha.,sim
450959,"Ela não encana, nem acha gay!.",sim
450966,Ela é otaku!.,sim
451155,A marca é boa ele tá novinho.,sim
451168,Mas ela é nova.,sim
451845,Acho humildemente que ele tá errado.,sim
451857,Hilton é sexo hardcore.,sim
453924,Eles estão surdos!.,sim
455780,Ou então trocar uma menina quente e macia.,sim
456753,"Que ele é perfeito, Que é pura crueldade.",sim
456865,"Mesmo errando, ela tá certa.",sim
457039,"A mãe doente e dois ""irmão"".",sim
458267,Um menino selvagem era novo na cidade.,sim
458285,Mas um menino selvagem era novo na cidade.,sim
458401,Ela quer ser feliz como você.,sim
458415,Não importa se ela é pesada.,sim
458482,"Não pode cobiçar toda mulher alheia,.",sim
458484,"Assim ""cê"" vai passar a eternidade com uma mulher feia.",sim
459088,Eu acredito quando você diz que ele é legal.,sim
459211,Ela sempre foi garota do movimento.,sim
459436,"Moça linda por favor, guarde todo esse amor pra um.",sim
459512,a moça feia lá da ponte.,sim
459762,"Então se liga, moça carente.",sim
461393,"Ele é punk, ele é punk.",sim
461394,Ele é punk mesmo!.,sim
461400,Ele é punk mermo!.,sim
461687,"Tô em terra de mulher boa, praia, sol e camarão.",sim
462216,"ela é feita de hemp, duma planta que tem lá.",sim
462237,"E tem muito mais, moça bonita nao paga, mas se bobear leva.).",sim
462354,Quando chega na balada ela é sensação.,sim
463630,"Sendo eu homem adulto, como pode isso assim acontecer?.",sim
465203,"Ele é pobre, não vai me entender.",sim
465976,Ela agora é pop star.,sim
466005,"Yeah, ela é pop star.",sim
466427,"Menina linda, tão linda de se ver.",sim
466904,"Um rei momo, sem dono, sem trono.",sim
466929,Ela é linda e sabe muito bem.,sim
466935,Ela é simples e interessante.,sim
468168,Ela é a garçonete.,sim
468259,"MULHER MALUCA, DEIXA DE TANTA MALDADE.",sim
468369,"ESTA MULHER É A RAZÃO DA MINHA VIDA,.",sim
468982,"(fitness, ele é fitness, ela é fitness.",sim
469105,Ele era um visionário.,sim
469123,ÔÔ homem sincero.,sim
469997,Essa mina cadela qualquer homem passa mal.,sim
469998,Ei menina sapeca.,sim
470004,Ei menina sapeca fica na moral.,sim
470024,Ei menina sapeca fica namoral.,sim
470046,Que mina linda não falo do corpo.,sim
470050,Garota linda não falo do corpo.,sim
470053,Made in favela ela é musa do morrão.,sim
470061,"Menina linda, sorriso estonteante.",sim
470082,"Menina bonita, o perfeito sorriso.",sim
470138,Não pode ver uma boca que ele fica contente.,sim
470141,Em questão de segundos ele ficou felizão.,sim
470735,Garoto bonito.,sim
471492,"As invejosas comentando, que hoje ela tá feia!.",sim
471668,Ele está presente ali.,sim
471697,Ele é grande já determinou.,sim
471801,"Minha vizinha,uma mulher casada,.",sim
471833,"Não é de raça, porém ele é diferente.",sim
471914,Ela é casada e eu também sou.,sim
472019,Silva homem forte.,sim
472026,Zé não era homem tolo.,sim
472093,Tá deixando ele louco.,sim
472118,Tem tanta mulher bonita e cada vez chegando mais.,sim
472127,Onde tem mulher bonita pode crê que to no meio.,sim
472138,Mas ela foi franca ao falar comigo.,sim
472227,Tem mulher maravilhosa.,sim
472373,Com uma moça tão linda.,sim
472399,Esta mulher é mesmo especial.,sim
472400,Ela é safada sem qualidade nenhuma.,sim
472417,É vida de um homem sozinho.,sim
472446,ELE É LEVADO À BRECA.,sim
472493,Dançava véio com moça solteira.,sim
472494,E a rapaziada com mulher casada.,sim
472510,Pra mulher carente.,sim
472514,Ela é pura energia.,sim
472658,"(Sendo mulher bonita,pode chover a vontade !).",sim
472659,"Eu estou bem preparado,quero que chova á vontade,sendo de mulher bonita estou querendo tempestade,o fenômeno é raro,eu não sei se vai voltar,se for um sonho somente,peço encarecidamente,deixa eu dormir e sonhar..",sim
472721,Uma moça encantadora na hora se ofereceu.,sim
472819,Ela é beleza pura.,sim
472946,Qualquer homem fica louco.,sim
472964,Ela voou fiquei sozinho tô num desespero só.,sim
472989,"Sua filha é especial, adora minha mãe também.",sim
473025,Aqui tem mulher bonita e cerveja gelada.,sim
473165,Pra apagar o fogo dessa moça é foda.,sim
473410,"onde tem mulher bonita ja vou caindo na dança,.",sim
473417,"-Eu gosto de mulher alta, tanbem gosto das baixinhas,.",sim
473418,"eu gosto de mulher magra, tanbem gosto das gordinhas, eu gosto de uma morena, sou tarado nas loirinhas, mas o que eu gostaria mesmo, é que eles fossem todas minhas.",sim
473438,Ela é bonita e eu tô nesse rala e rola.,sim
473457,"Toda noite a mesma coisa, ela ta ficando desconfiada.",sim
473575,E eu casei com uma mulher ciumenta.,sim
473639,Minha namorada é uma gracinha.,sim
473646,"Taca silicone, que ela fica bela.",sim
474294,Ricardão vai ficar louco com essa onça de batom.,sim
474545,Da linda mulher gaúcha.,sim
474577,O homem rico tem medo de ficar pobre.,sim
474579,eu ja sai com uma mulher bonita e quase.,sim
474962,Mulher bonita está chegando de bando.,sim
475088,Eu arrumei um enguiço com uma mulher ciumenta.,sim
475279,onde tem mulher bonita eu não sinto solidão.,sim
475355,Elas tão bem loucas.,sim
475540,Só ataca mulher boa.,sim
475561,Lima se ele é seu amigo.,sim
475679,Terra de mulher bonita eu quase fiquei ali.,sim
475696,eu que era um homem rude feito um touro de rodeio.,sim
475724,Pois ele está carregado.,sim
475911,Gosto de mulher bonita.,sim
475915,E quando mulher bonita.,sim
475958,De abandonar minha esposa fiel.,sim
476020,"Peão valente, cachaça e mulher bonita.",sim
476035,Pelo rodeio e pelas mulheres bonitas.,sim
476107,Mas ela inocente da realidade.,sim
476343,"Minha mulher é bonita, dessas de cair o queixo.",sim
476560,Mulher é coisa sublime.,sim
476580,Vi muita mulher bonita.,sim
476604,Homem chorando por uma mulher bonita.,sim
476607,Eu sempre fui um homem namorador.,sim
476852,Onde tem mulher bonita.,sim
477118,Não existe homem feio.,sim
477134,Quem quiser mulher bonita não poder ser ao contrario.,sim
477135,Essa é pura verdade mulher boa custa caro.,sim
477139,As mulheres estão esperta quer bastante mordomia.,sim
477311,O clube estava lotado só tinha mulher bonita quanto ela pintou na fita.,sim
477390,"Mulher bonita é um perigo, quando sai de mini saia.",sim
477392,"Por uma mulher gostosa, gavião cai na arapuca.",sim
477395,Mulher bonita é trem bão demais.,sim
477397,Mulher bonita é jóia rara.,sim
477399,"Gosto de mulher bonita, mais eu sei bem onde eu piso.",sim
477402,"Mais se for mulher casada é cilada, é bravaiada, é gelada, é cãibra danada, to fora....",sim
477485,E se for mulher bonita eu aceito a companhia.,sim
477507,Pois sempre foi uma mulher carente.,sim
477523,Eta mulher chorona chora feito uma sanfona.,sim
477529,Mulher chorona chega de chorar.(2x).,sim
477536,Mulher chorona chega de chorar.(3x).,sim
477608,A sua esposa querida.,sim
477622,Ela é morena dos olhos castanhos.,sim
477637,Tem tanta mulher boa.,sim
477650,Pode ser mulher comum.,sim
477752,"Ela é bonita, bonita até demais (repete).",sim
477924,prefiro mulher bonita.,sim
478292,Ontem era um homem forte.,sim
478387,as mulheres mal amadas.,sim
478554,Quem rouba mulher alheia.,sim
478594,Virão também do governo alguns homens importantes.,sim
478674,A mulher não é bola pra homem meter o pé.,sim
478681,A mulher é a beleza mais perfeita desse mundo.,sim
478692,Quero ver se ele é valente trancado numa gaiola.,sim
478850,Sou um homem ciumento.,sim
478891,Estou sentindo cheiro de mulher bonita.,sim
479037,"Essa mulher é viúva negra,.",sim
479100,E não tem marido bravo.,sim
479180,"Esse garoto e filho de mãe solteira,vive falando besteira e do meu pe ele não sai.",sim
479181,A sua mãe vive cheia de esperança querendo minha herança mas disso não abro mão.,sim
479195,"Esse menino é esperto ate demais,onde eu vou ele vai e nao pára de me seguir.",sim
479218,No meio da rua tem mulher bonita.,sim
479420,A maior tristeza de um homem casado.,sim
479460,Ela é mala e não tem dó.,sim
479570,"Ela é tão linda, é tão meiga, é tão bela.",sim
479572,"Ela é tão pura, de beleza tão singela.",sim
479713,Por ela ser tão bonita você se apaixonou.,sim
479714,Faz de conta que ela é feia e que você nunca amou.,sim
479732,Ela é a mulher que a vida inteira sonhei pra mim é brasa que queima dia e noite em meu coração.,sim
479754,"Minha mulher é baixinha, mas é o maior barato.",sim
479898,Ela é safada mais eu gosto dela.,sim
479900,Ela é safada mas eu gosto dela.,sim
479903,Essa mulher é mesmo complicada.,sim
479904,Ela é safada bem pior que eu.,sim
479977,"A mulher mais amada deste mundo, mora lá em casa..",sim
480038,"Mulher ingrata não me maltrata, tem dó de mim.",sim
480429,Se a mulher é boa a coisa fica feia.,sim
480522,Mulher solteira hoje arranja marido.,sim
480524,Eu tô querendo colo de mulher bonita.,sim
480758,"Mulher bonita e cerveja, coisas que não abro mão.",sim
481043,Ela é tempestade e eu sou furação.,sim
481169,Mulher feia eu não agüento.,sim
481258,"Tô numa cilada, mulher casada cheira chumbo.",sim
481261,"Que o homem é brabo, que o homem é brabo.",sim
481270,A mulher é linda e o seu marido é um baita macho.,sim
481273,De hoje em diante mulher casada é homem prá mim.,sim
481274,"Mulher casada cheira chumbo, cheira chumbo.",sim
481312,Mulher cheirosa....,sim
481320,"Corpo de mulher bonita,.",sim
481328,"Cheiro de mulher bonita,.",sim
481412,Ele é machão mas só bate em mulher.,sim
481504,"Ele muito enciumado, na hora virou uma fera.",sim
481631,"Mulher madura, bonita, inteligente.",sim
481708,Eu conheço um homem forte.,sim
481712,Eu já vi mulher bonita.,sim
482088,Uma garota muito alegre e brincalhona.,sim
482098,Ela é briguenta mas eu não fico sem ela.,sim
482196,Flertar mulher casada.,sim
482407,"Aqui tem loira e morena, tem mulher grande.",sim
482411,Com tanta mulher bonita é hoje que o trem apita.,sim
482687,pra quebra galho não existe mulher feia.,sim
482809,O homem é bicho tratante e vê no seu semelhante.,sim
482856,Se ele está feliz contigo.,sim
482857,E ela está feliz comigo.,sim
483131,"Na arena do amor, ela é cobaia das suas vontades.",sim
483289,Meu pai era um homem forte.,sim
483290,Minha mãe muito alegre e novinha.,sim
483429,"Homem sério de verdade,por ela se apaixona..",sim
483536,Ela é fértil até demais..,sim
483600,A garota é cuca fresca..,sim
483613,Ela não tem nada fixo..,sim
483623,Ela tá arrumadinha..,sim
483680,Ela é muito inteligente ela só falta fala.,sim
483707,"Com um rapaz importante, honesto e inteligente.",sim
483717,"O tal moço inteligente, honesto e importante.",sim
483858,Você é a mistura perfeita menina mulher.,sim
483942,Por viver sempre cercado de mulher gostosa.,sim
483977,Essa vanera é pra menina carinhosa.,sim
484307,Pra beijar minha mãe velha minha prenda e meus piás.,sim
484824,Homem fantasma apareça.,sim
485068,Ela é ciumenta mais eu sou gamado nela.,sim
485566,"Foge comigo mulher maravilha,.",sim
485742,Se o homem é traira.,sim
485752,Se o homem é safado.,sim
485762,Tem homem que esquece que a esposa é uma rainha.,sim
486124,"Eu sou mais forte que um touro, valente como um leão, mulher cheirosa e bonita comigo não tem perdão.",sim
486128,"Não gosto de mulher feia, dessas bucha de canhão.",sim
486129,Gosto de mulher mimosa que me chama de tigrão.,sim
486252,Cuidado que essa moça é fatal.,sim
486668,"Eles eram leigos, por não saberem ler.",sim
486859,Ele é bom.,sim
486882,Ele é bom porque.,sim
486884,Ele é bom porque liberta.,sim
487163,Não sabiam que este homem tinha poder.,sim
487281,Ele é o ar que eu respiro.,sim
487546,Ele é poderoso.,sim
487639,Ele é fiel e nunca deixa um filho seu sozinho com o.,sim
487992,Que ela fica doidinha.,sim
488113,Eu vou atrás de rodeio e mulher gostosa isso é bom demais.,sim
488913,Dá cachaça pra ela que ela bebe fica louca.,sim
489211,"Por que ela é boa de mais,.",sim
490159,Ele desce confiante sabe que é mais uma prova.,sim
490374,"Ele é meu pastor nada vai faltar,.",sim
490973,Jesus é feliz demais..,sim
490977,Jesus é feliz demais.,sim
491044,"Senhor está comigo, não há o que temer.",sim
491112,"pra te guardar dos homens maus,.",sim
491344,"Jesus é feliz demais, eu sou feliz demais.",sim
492584,Gosto de mulher beleza gosto de mulher princesa.,sim
492586,Eu já tive mulher fina já tiver mulher menina.,sim
492810,"Ele é justo, Ele é o forte, Ele é aquele que é fiel.",sim
492814,"Ele é o príncipe da paz, o.",sim
492854,"Ele é digno de louvor e glória,.",sim
492938,Ele vai cheio de poder.,sim
492997,Quem é que ouve o choro da mulher esteril.,sim
493211,Ele é especialista em curar.,sim
493221,Ele é doutor especialista.,sim
493249,"Porque ele é grande, forte, cheio de poder.",sim
493292,"Jesus é comigo, estou protegido a todo momento.",sim
493430,"Ele é maior, maior que o inimigo.",sim
493446,Ele é fiel e nunca deixa um filho.,sim
494088,Ele faz do homem fraco ficar forte.,sim
494203,Ó Senhora escuta minha oração ele é trabalhador.,sim
494435,Havia aqui um homem cego.,sim
494621,No volante ele é o cara.,sim
494622,No romance ele é o cara.,sim
494723,"Ela é coroa, mas bate um bolão.",sim
494921,"É impressionante, ele é diferente.",sim
495388,No dia que eu como frango ela fica revoltada.,sim
495500,Tem muita moça bonita.,sim
495788,É o carinho da mulher sincera.,sim
495848,Que eu sou um homem sorridente.,sim
495867,Boa noite pras moça bonita.,sim
495875,É lá que a moça bonita.,sim
495905,Da ilusão da moça nova.,sim
496037,Uma mulher mais errante do que eu.,sim
496052,Porque o homem mesmo sendo um boêmio.,sim
496063,Ele foi considerado.,sim
496072,Mas eu fiquei um homem imprestável.,sim
496100,Como pode um homem rico.,sim
496287,Mulher seja preta ou branca.,sim
496579,Surgiu um moço granfino do meio da multidão.,sim
496619,Surgiu atrás do peão um homem rico importante.,sim
496775,A pobre mãe ficou louca este homem foi pra prisão.,sim
496780,Conheci um moço pobre honrado e trabalhador.,sim
497288,Porque amanhã eu serei um homem casado.,sim
497297,"Aos carinhos teus, mulher errante.",sim
497444,E ele então muito aflito com a esposa a lhe ajudar.,sim
497820,Jesus foi perdoado.,sim
497845,Dois menino inocente.,sim
497929,Armando é um homem rico.,sim
497933,Julieta é filha única.,sim
497939,Joãozinho é rapaz galante.,sim
497992,Veja que homem judeu.,sim
498334,Só que ele é malandro.,sim
498503,Essa mulher tão faceira e tão bonita.,sim
498576,Por ela estar nervosa ainda mais entristeceu.,sim
498591,Quando encontraram ela morta os policia se comoveu.,sim
498610,Menina muito bonita.,sim
498647,"Porque já sou um homem casado ai, ai.",sim
498809,Ele era um vigarista.,sim
499299,querida fazê-la feliz.,sim
499366,Ela era moça nova bonita que nem uma flor.,sim
499881,menina mulher.,sim
500078,Vou acessar o seu orkut menina tutty fruty.,sim
500322,Eu quero ouvir o grito de todas as mulheres independentes.,sim
500936,Olha aquela doida que namora o menino beijoqueiro.,sim
502564,Por ele sou capaz.,sim
503427,"Ela é especial, fora do comum.",sim
503429,Ela é diferenciada demais.,sim
504243,não interessa se ela é coroa panela velha é que faz comida boa..,sim
504244,Menina nova é muito bom mas mete medo não.,sim
504250,não interessa se ela é coroa.,sim
504322,O homem é valente sem vaidade.,sim
505258,Um homem rico de uma cidade.,sim
505264,"Um homem feliz contente cantando, peça a ele.",sim
505287,Foi que o homem rico então compreendeu.,sim
505523,Quando eu era moço novo pra mim tudi era alegria.,sim
505532,Quando eu era moço novo para tudo era capaz.,sim
505537,Quando eu era moço novo era um índio muito macho.,sim
505547,Ela é bonita e requebra pra danar.,sim
505549,Ela é uma gostosura ela é boa de lascar.,sim
505591,Tem mulher bonita e apaixonado eu tô.,sim
505642,Adeus rainha matogrossense não sei se foi meu bem ou meu mal.,sim
505845,"Por fora mulher é linda,.",sim
506067,Que ilumina a mina escura.,sim
506147,Tudo que é moça solteira.,sim
506662,Ao terminar minha prece era um homem diferente.,sim
507877,Se tiver mulher bonita avisa que eu vou aí.,sim
507905,Se tiver mulher bonita avisa que eu vou ai.,sim
508064,"Religiosos, os reis homens religiosos.",sim
508526,Nosso senhor é um velhinho muito pobre.,sim
508588,"E a mãe aflita, aperta logo o seu rosário,.",sim
508643,Nos pés desse homem bom.,sim
508649,Ele é um mensageiro.,sim
508659,Ele é um homem bom.,sim
508662,Ele é nosso irmão.,sim
508678,Só sei que é um homem bom.,sim
510554,Quem só fumava charuto e andava com mulher boa.,sim
510940,Tem mulher bonita cerveja gelada e viola.,sim
511182,"a mulher mais linda, que adoro tanto,.",sim
511361,Linda menina é tão bom te amar.,sim
511772,E as mulher solteira.,sim
511945,Ela é tão envolvente e eu tão carente.,sim
512025,Mulher bonita e cheirosa.,sim
512243,Achando a moça tão bela.,sim
512255,Vocë é um rapaz tão pobre.,sim
512257,O rapaz muito educado.,sim
512936,Gosto de mulher princesa.,sim
513442,nada ser mulher direita conforme ela era ela decidiu.,sim
513630,E o seu namorado besta na sua mão foi comendo.,sim
514502,Por ser um homem sincero.,sim
515160,ele é igualzinho ao seu.,sim
516583,Ela é bandida e sabe me provocar.,sim
517902,O Chico foi baleado por um homem desconhecido.,sim
517925,O rapaz quando é solteiro anda limpo que nem santo.,sim
517930,"A moça quando é solteira, se lambuza de pintura.",sim
518217,ela é culpada auê uê uê ê boi de eu viver nas estradas uê boi.,sim
518498,Deus o senhor poderoso eu lhe faço um pedido.,sim
518611,Que o homem seja livre.,sim
518741,E fui dançar com a mulher mais linda.,sim
518926,"Homens fortes de mãos calejadas,.",sim
519994,Tem muita mulher bonita.,sim
520090,só gosta mesmo é de mulher tranqueira.,sim
520404,Só tinha mulher top.,sim
520805,Que mulher gostosa ela tá fogosa tá doida pra amar.,sim
520862,É um homem explosivo.,sim
522243,Se ela quis ficar contigo.,sim
522318,Menina linda tô ficando sem noção.,sim
522830,"Se ela ta chata, chocolate e flores.",sim
523012,"Porque ela é mó vibe, vibe, vibe.",sim
523015,Ela é mó vibe.,sim
524081,Sabe aquela história do pobre menino rico.,sim
524675,"Meu pensamento, ela é dona.",sim
527194,"tudo bem ele era o bicho,.",sim
527460,ela é linda.,sim
528038,"bum, bum, bum, o homem bomba.",sim
528045,o homem bomba se esconde como um terrorista.,sim
528096,Cristo como ele era mulato.,sim
528881,Hoje eu sou um homem mais sincero.,sim
528884,Hoje eu sou um homem mais sincero e.,sim
528943,"não tô devendo, mas a vida de homem é assim mesmo.",sim
529396,Uma menina mulher.,sim
531198,Olha só que menina bonitinha.,sim
532681,O homem coletivo sente a necessidade de lutar.,sim
534872,"Ele é chamado de doutor, é sim senhor.",sim
535439,"E se ela tá afim, a gente se manda.",sim
535589,com aquele rapaz tão bossal.,sim
535707,Frank é mais palco que palanque até.,sim
535772,Bruno era tão bom moço.,sim
537982,Olho pra ela e começo adimirar como ela é linda.,sim
538652,Dia azul e ela é infeliz.,sim
538656,Ela quer ser feliz.,sim
538678,Ela já é feliz.,sim
538771,Um cartaz de mulher nua.,sim
538807,Ela é menina.,sim
538994,mulher infiel.,sim
539038,É o homem mais alegre do lugar.,sim
539302,Menino bonito.,sim
539606,A tua mina tá gamada hey boy.,sim
540400,"Se eles são bonitos, sou.",sim
540403,"Se eles são famosos, sou.",sim
540453,Hebe camargo com um rei mago.,sim
543124,Moça bonita assim tão triste parte o coração.,sim
543421,"Tem homem corno, homem baixo, homem gordo, homem grato, safado, careca, cabeludo, veado, ousado.",sim
544229,Ele foi tão falso.,sim
545321,Por que tadinho ele é tão ocupado.,sim
545917,Todas elas estão loucas pra saber.,sim
549029,Garoto fenomenal.,sim
549854,"Eita menino mais chato, ""cê"" enche o meu saco.",sim
550156,"Porque ele é meu remédio, a minha insulina.",sim
550162,"Ele é meu cateter, a minha vacina.",sim
550196,Sou mulher independente.,sim
551166,"Se achando homem moderno, com um terno desse modelo..",sim
552067,"Paulo, menino grande.",sim
552071,Não tem a sua mãe preta.,sim
552770,Pra mim ela é linda demais.,sim
552771,"E além do mais, ela é carioca.",sim
553546,"No outro lado da moeda ela é fiel,.",sim
553596,ela é brasileira.,sim
553603,ela é nota 10.,sim
553620,ela é sambista.,sim
554009,Ela é poderosa.,sim
554055,"Ela é poderosa, ela sabe como faz pra conquistar.",sim
554117,Quem é a mulher mais linda desse universo.,sim
555083,Com uma mulher maravilhosa.,sim
555656,Ela é trilha de boiada.,sim
556251,Ela era uma aranha.,sim
556301,Ela é muito nova e me cheira perigo.,sim
556306,Ela é moderna e até meio louca.,sim
556329,"A mulher da minha vida, minha musa preferida.",sim
556600,Mulher independente.,sim
556842,Rapaziada boa e mulher bonita.,sim
557091,Ela é a estrela que clareia o meu chão.,sim
557170,"rapaziada boa e mulher bonita, onde a gente chega a.",sim
557966,O homem honesto perdeu seu valor.,sim
558135,"Ela é pantera, eu sou leão.",sim
559512,Uma mulher fogosa.,sim
559518,Cerveja gelada e a boca molhada de uma mulher bonita.,sim
559875,Mulher bonita é mais fácil.,sim
561275,O amor por essa moça é tão grande.,sim
562297,"homem é capaz, se quiser pode mudar, porque você tem a.",sim
563149,Vovô era retireiro.,sim
563364,Olhar de homem desprezado é cacimba.,sim
563456,Que ela é dona desse porre.,sim
563459,Ela é envolvente e bonita.,sim
563465,"Te tenho assim, mulher manequim.",sim
563467,"Te quero assim, mulher manequim.",sim
563634,Que mulher difícil.,sim
564202,Adeus rainha matogrossense.,sim
564756,Senhor preciso de vc.,sim
565174,Ele é o amor maior que sinto.,sim
565571,"Ele é pai, Ele escuta o que pede o meu coração.",sim
565815,"Contry, é cowboy nois é fazendeiro, nois tem gado nois tem roça e nois tem dinheiro.",sim
565820,"Nois é motoqueiro,.",sim
565824,Nois semos lindo nois é herói nois é mocinho nois é praiboy.,sim
565825,Nois semos lindo nois é herói nois é metido nois é cowboy.,sim
566273,Essa mulher é venenosa.,sim
566278,Essa mulher é uma loucura.,sim
566937,Toda gostosa e ela é poderosa.,sim
567147,Eu já fiz ela feliz.,sim
567669,E a paraguaia tão querida lá ficô.,sim
567714,É pras moça bonitinha.,sim
567733,Ela é dona das pipoca.,sim
567818,Moça feia e marmanjão na garupa a mula pula.,sim
567940,Quem sabe eu venha a encontrar outra moça muito fina.,sim
567988,"Eu era um rapaz gordinho, tenho emagrecido.",sim
568012,Homem baixo e muié arta é mais sucedido.,sim
568207,"Ela é bem morena, cor que não descora.",sim
569493,Sou mais um homem carente.,sim
569496,Sou mais um homem sozinho.,sim
569634,"Mulher vitaminada,.",sim
570453,"Ele é feliz, triste, amargurado, esperançoso.",sim
570524,Eu tenho um marido pobre.,sim
570969,A mulher é independente.,sim
570985,Hoje a mulher carente.,sim
571115,"Ela se se entrega aos seus reis falsos,.",sim
571390,Ele é o único menino cínico.,sim
572501,"Ela estava tão bonita, linda assim como ninguém.",sim
572627,Uma garota nova e sem juízo.,sim
572640,Mamãe está tão triste.,sim
573555,É só mulher bonita e muita bebedeira.,sim
574090,é uma mulher envolvente.,sim
574241,Com ela fui feliz eu sei.,sim
574288,"Ela é dona da saudade que te envolve,.",sim
575784,Será que ele é melhor que eu.,sim
576337,A mulher namoradeira.,sim
577859,Maravilhosa deusa louca assim gostosa.,sim
580083,"Maluca, mas por mim ela é apaixonada.",sim
580088,"Ela é leoa, ela é tigresa.",sim
580096,Mas por mim eu vou falar: por ela sou apaixonado.,sim
580421,"Faço de tudo pra dominar a fera, ela é leoa, ela é.",sim
580428,Mas por mim eu vou falar por ela sou apaixonado.,sim
580433,"Faço de tudo pra dominar a fera, ela é leoa ela é.",sim
580488,Hoje eu descobri que ela foi infiel.,sim
581407,Tem mulher mineira e do sul matogrossense.,sim
581408,"Tem mulher goiana, gaúcha e catarinense.",sim
581442,"Tem mulher verruguenta, com a bunda caida, com a teta mucha parecendo minha tia..",sim
581445,tem mulher baranga com bafo de onça tem umas que nem quer tomar banho.,sim
582523,"Mas se volto pra ela, meu mundo sem ela também é vazio..",sim
582661,Tem um homem apaixonado louco pra te dar amor..,sim
582990,Ela tá louco pra pegar outro mané.,sim
583740,"Ela fica aborrecida, ela qué cama e comida.",sim
584571,Eu sou homem casado.,sim
584901,"Ela é mistério, é um caso sério, é fenomenal.",sim
584952,Ela é feia pirracenta e mandona.,sim
584957,Melhor ficar com uma mulher feia e rica.,sim
584969,Ela é madura ta passada dos setenta.,sim
585588,"Ela dança gostoso, sensual, meio safada.",sim
585876,"Ela dança gostoso, sensual meio safada.",sim
586265,"Um homem ereto, preso à uma asa de pano.",sim
586323,No rodeio ele é peão.,sim
586560,Remexe o corpo e vem e na balada ela é astral.,sim
586972,Minha musa preferida.,sim
587227,Olha a menina bonita.,sim
589260,Ele é poderoso e sereno.,sim
589286,Ele é tão delicado.,sim
591291,ela é rara e preciosa.,sim
591486,"Ela é linda, um corpo sedutor.",sim
592253,mulher querida amada..,sim
592299,"TÃO DIZENDO QUE VIREI MANÉ, POR ESTA MULHER SOU QUAL.",sim
592914,Mulher bonita de montão.,sim
593379,Ela é penetrante é a voz de.,sim
593636,Ele é santo príncipe da paz.,sim
593640,"Jesus é teu amigo, Ele está contigo por onde for.",sim
594145,"Ele agora está mais firme,.",sim
594466,"Que o homem seja livre,.",sim
594474,Que o rei será bendito.,sim
594608,Menina manhosa.,sim
594840,"Ai cantando conseguiu, me fazer um homem honrado,.",sim
595261,"Moças bonitas vinha à janela,.",sim
595281,O ponto era um moço novo muito desembaraçado.,sim
595316,"Detestam homens violeiros, não defendem a tradição.",sim
595533,Eu lhe considero a mulher mais bela.,sim
595755,E de homens competentes.,sim
595931,minha filha caçula namora homem casado.,sim
596568,Mas os homens estão esquecidos.,sim
596767,Se a mulher é bonita.,sim
597322,Arranjou menina nova.,sim
597443,"O rapaz era descrente, nunca teve religião.",sim
597634,Se ela vive feliz em meus braços.,sim
597635,Junto a ela feliz eu estou.,sim
598012,"Moça feia e marmanjão,.",sim
598111,"Quantas meninas bonitas, eu fiz chorar de saudade..",sim
598304,"Para todo meu afeto à você, mãe brasileira"".",sim
598317,Se ela é rica ela tem todos conforto.,sim
598318,Mas se ela é pobre muitas vez tem que sofrer.,sim
598347,Mulher feiosa não me facina.,sim
598503,Se ela é rica ela tem todo o conforto.,sim
599001,Nem se ela é feita de ouro.,sim
599490,"E digo, mulher querida.",sim
599847,Uma menina linda e sem juízo.,sim
599852,Diz que a filha ainda é muito nova.,sim
600117,Que ela foi dama de vermelho e foi de branco.,sim
600118,Mas amanhã ela era dama de preto.,sim
600310,Lá na rua sou homem feliz.,sim
600602,Mas no tempo que eu fui moço forte.,sim
600620,Das moças bonitas eu ganhei muito abraço.,sim
600758,De mulher feia e bonita.,sim
601050,Ele louco de ciúme foi chegando devagá.,sim
601389,Ela foi encontrada morta.,sim
602101,"Ana era morena, tinha os olhos verdes.",sim
602109,Que o moço rico era um grande covarde.,sim
602111,O olhar tão lindo da moça bonita.,sim
603327,A moça quando é bonita.,sim
603597,Jorge é bom cavaleiro.,sim
603717,Senhora dona da casa.,sim
604486,Seu amor por ele não é verdadeiro.,sim
605119,Onde ele fica deslumbrado a contemplar.,sim
605658,Chaleira é mulher velha.,sim
605665,Ali ela foi princesa.,sim
605688,Ela está louca da vida.,sim
606639,"Eh mulher bandida,.",sim
606862,"Locutor, sei que ela foi bandida.",sim
606959,"Gosto de você assim, menina mulher.",sim
607350,"Se ela tiver mal humorada, foge.",sim
607848,e se tiver mulher bonita aí a lenha tá acesa..,sim
609041,As mina é louca tão pedindo.,sim
609252,Ela é pró na arte.,sim
609511,Ninguém acha ela normal.,sim
609517,Essa menina faladeira.,sim
609519,Ela é uma princesa.,sim
610378,"Minha mãe, minha vida, você é a mulher mais querida.",sim
610980,ela mora bem distante.,sim
611006,Uma mulher tão bela.,sim
611179,"sou um homem direito e não tenho mais vida,.",sim
611212,Saudade que as vezes é gostosa deixa a mulher mais dengosa.,sim
611245,Mulher menina.,sim
611343,"Ela é séria e não enrola, pois quando eu pisei na bola.",sim
611515,Essa mulher é tão bela.,sim
611753,Porque estou sofrendo tanto se ela está ausente?.,sim
612127,ôôô mulher tô doidão.,sim
612133,"Ela é toda boa, ela é a patroa ela é poderosa.",sim
612563,ela é deliciosa.,sim
613056,"Ela é top, safadinha.",sim
613545,Essa menina baladeira.,sim
613567,Ela é linda demais.,sim
613759,"Aquela mina tão difícil, deixou o ego de lado.",sim
613766,"Mas quando está sã, ela é muito mala.",sim
613842,"Ele é ciumento, isso vai dar confusão.",sim
614148,Elas ficam loucas querendo passear.,sim
614547,Mulher não quer dinheiro ela quer ser amada.,sim
615039,Ele era novo no momento em que o primeiro apareceu.,sim
616303,"Mulher difícil, que sacrifício.",sim
617642,E eles ficam muito felizes.,sim
617716,Ou o homem é gay.,sim
617758,Que o homem é viado..,sim
617839,"O que eu sei, é que eles são esquisitos.",sim
618213,Alguns dizem que ele é chato.,sim
618436,Pra mim você é uma garota irresistível.,sim
620735,"Onde o rei está morto, e o carrasco no trono é quem toca o tambor.",sim
620763,"E aquela senhora outrora tão jovem, já parece morta.",sim
621328,"E assim ela seguiu sozinha, tentando pertencer.",sim
621381,"Mas ele é fraco, é covarde, é frouxo, ele nunca me encara de frente.",sim
621553,Se era estrangeira mãe esposa ou outra..,sim
622356,E elas eram tão sujas.,sim
624274,"Nem tenho grana, minha mulher está grávida e noite passada.",sim
624318,o homem é um monstro e a mulher é horrível.,sim
624645,Uma menina tão singela..,sim
624884,Então eu percebi que ela estava acordada.,sim
624995,"""O homem branco do velho mundo..."".",sim
625515,antecipada ela é sua rainha.,sim
625560,antes de esfriar eu sabia ela estava morta.,sim
625569,Por uma deusa suja nós vamos dançar.,sim
625576,Ela é carne para uma rainha...,sim
625759,A brava mãe virgem.,sim
625794,O homem caucasiano do rebanho de.,sim
626356,"Mas ela é linda,.",sim
626372,"Por que ela é linda,.",sim
626455,"Só porque ele é lindo, loiro e forte.",sim
626500,"O homem é corno e cruel, mata a baleia que não chifra.",sim
626616,"Ela é uma vaca, eu sou um touro.",sim
626623,"Ela é uma vaaaaaaaaaaaca, eu sou um touroooo!!.",sim
627099,Não interessa se ela é coroa.,sim
627402,A Sheyla é uma garota muito bela e recatada.,sim
627415,"A Sheyla era maneira, ela era sensacional.",sim
630594,"Mães zelosas, pais corujas.",sim
630929,Ronaldo é meio punk.,sim
630939,Ronaldo é futurista.,sim
632742,Um filme de mulheres nuas.,sim
635273,Na balada ele é o cara.,sim
635963,Por ela fui fiel.,sim
636230,Ele não é malandro?.,sim
636947,Mulher bebê...,sim
637266,"Ela é vagaba, interesseira.",sim
637973,"Uma menina linda, tão gostosa adicionei.",sim
637982,"Porque ela é fake, fake, fake, fake, fake.",sim
637984,"Mas ela é fake, fake, fake, fake, fake.",sim
638601,Me chama de homem aranha.,sim
638606,Minha mulher gato.,sim
638801,Aquela menina era a felicidade.,sim
638823,"Ela é como namorada, companheira de deprê!.",sim
639303,Mulher perfeita toda uma beleza meiga luz.,sim
639810,"Ela é tão pura, não sabe do mal.",sim
639839,um doce ela é minha irmã.,sim
640294,Quero uma mulher carinhosa.,sim
640296,Quero ser um homem livre.,sim
640330,Eu sou menino sonhador.,sim
641515,Que ela pode ser cruel.,sim
642056,"O homem nasce livre, mas parece esquecido.",sim
642980,Você foi a garota mais importante.,sim
642996,Nenhuma outra garota deu certo na minha vida.,sim
643456,É cor do pecado que deixa elas malucas.,sim
643971,Ela é ciumenta demais.,sim
643975,Ela é ciumenta de mais.,sim
643988,"Eu falo que sei la, ela fica enlouquecida.",sim
644375,Isso deixa ela confusa.,sim
645868,Se ela é tão louca....,sim
646501,"E da libido, e prum garoto introvertido.",sim
647277,Menina linda eu te adoro.,sim
647714,Ela é má pode até te dar um choque.,sim
647728,Deus do céu como ela é maldosa.,sim
648455,Ela já fica feliz.,sim
648707,Ele é ruim demais.,sim
649222,"Ela é anarquista, ela é terrorista.",sim
649982,"Cristina era mesmo legal – ""partimo"" até pro coisa e.",sim
650067,ela é branca é negra é de raça.,sim
650787,Todo menino é um rei.,sim
651052,Oxossi é caçador.,sim
651235,Um dia desse ela tava descuidada.,sim
651316,Ele nervoso perto do portão.,sim
652057,Pra mulher sereia.,sim
652796,Um homem carente de amor também chora.,sim
653333,Moça bonita pode entrar à vontade.,sim
653334,"Homem barbado, quanto menos é melhor.",sim
653443,Faz qualquer homem valente cair de joelhos no chão.,sim
653467,O Chico tava feliz.,sim
653519,A mulher mais bela que um dia encontrei.,sim
654402,Ela estava tão linda naquela janela.,sim
654709,Mulher bonita perambulando sozinha.,sim
654914,Ela foi a testemunha.,sim
655075,"Alô,alô,alô,mulher loira ou morena,eu não faço muita escolha.",sim
656277,"A moça era esperta, não brincava não.",sim
658488,que ilumina a mina escura.,sim
658716,Ele é mesmo bom assim em tudo o que ele faz.,sim
660895,-Esta mulher hoje é rica e tem de tudo..,sim
660904,-Minha mulher hoje é rica e tem de tudo..,sim
660917,Ela é uma bonequinha..,sim
660952,"Lá na terra dos judeos,o homem mau sem coração..",sim
661047,Posso até jurar que o homem mais triste do mundo sou.,sim
661245,Menina bonita olha pra mim..,sim
661335,Ela estava enfezada.,sim
661359,"Ela estava aborrecida,estava nervosa demais..",sim
661474,"Olha que garota linda,àquela..",sim
661486,Homem cabeludo ela não gosta..,sim
661487,Tem o tipo de garota bacana..,sim
661492,Hum!Que garota super-bacana!.,sim
661493,"Ela é muito pra frente,ela é uma praça,mora!..",sim
661504,Menina linda coisinha louca.,sim
662683,"Sou morena faceira, menina brejeira.",sim
663975,Todos homens são distintos demais.,sim
664682,Moça bonita que eu gosto de amar.,sim
664691,Por que ela é amorosa e sabe amar..,sim
664703,Por que ela é amorosa e sabe amar.,sim
664911,Ela é bonitinha até no andar..,sim
664912,Ela não é alta e não é baixinha..,sim
664920,"Ela é minha esposa,sou o marido dela..",sim
664961,A minha vó ela é mesmo assanhadinha.,sim
665213,Vem menino bonito.,sim
665718,Sua filha aqui distante não se cansa de esperar.,sim
666057,"Ele é fiel, quando você não for.",sim
666206,Ele é fiel!,sim
666407,"sou louco por ela é grande a nossa paixão, mais na.",sim
667077,Mulher ingrata.,sim
667107,Ela é a esperança.,sim
667233,Moça branca e direita com o preto véio casou.,sim
667254,o menino estava morto por um cascavér picado.,sim
667950,Se o marido é violeiro.,sim
667957,Que pena ele ser casado.,sim
668062,"Ai, ai, ai, ai garota enxuta.",sim
668402,Companheira mulher ideal.,sim
668613,Pra você serei sempre a mulher ideal.,sim
668884,Ela é deusa que passa.,sim
668890,Essa menina é bandida.,sim
669616,"Linda, menina linda.",sim
669966,E as mulheres mais bonitas eram minha.,sim
671923,"Ela foi má, não soube te querer.",sim
672895,Ele é meu amigo e ela sempre foi parceira.,sim
673328,É que ele é lindo demais.,sim
673473,"Menina morena,.",sim
673635,Muitos homens pais de família.,sim
675079,Menina nova é muito bom mas mete medo.,sim
675087,Mulher casada é bom também mas é um perigo.,sim
675294,"João foi nascido a criado na roça, não tinha maldade.",sim
675974,Uma mulher muito bonita de umas vinte primaveras.,sim
676638,Defendo as mulheres carentes de afeto.,sim
677201,Se eu pudesse te dar meu nome seria um homem muito feliz.,sim
677392,Ela é uma menina tímida e calada.,sim
677781,No sorriso da mulher querida..,sim
677976,Um homem triste apaixonado sofre muito.,sim
678279,Eu confesso querida pequena.,sim
678363,Ela ansiosa com a chuva preocupada.,sim
678830,Embora o senhor seja conhecido e venha pedir pela primeira vez.,sim
679131,"Minha mãe apenas, outra mãe solteira.",sim
679560,"Casei com a filha mais nova, a sorte sorriu pra mim.",sim
679774,"Uma mulher bonita, um coração sozinho.",sim
679864,A mulher mais cobiçada.,sim
680267,Se for de mulher bonita.,sim
680469,É você minha mãe morena meu consolo e adrenalina.,sim
682337,"Por isso é que se diz, como ele é sentimental..",sim
682419,Sou o homem mais pobre dos homens.,sim
682430,Este foi o homem mais rico dos homens.,sim
682462,Te rendo graças por tornar-me um homem forte.,sim
683098,No espaço ela é a lua.,sim
683159,Ela é minha mulher.,sim
683204,De um homem normal.,sim
683691,Tanto que me gabei ser um homem forte.,sim
683752,"Ela é cruel, perigosa e matadeira.",sim
683821,Enquanto ela vive contente feliz.,sim
683936,Saiu com o menino doente.,sim
683947,O menino amedrontado chamou sua mãe querida.,sim
684040,A mulher é igual a cobra tem veneno e tem peçonha.,sim
684176,Mulher madura sabe o que quer.,sim
684177,Mulher madura é mais mulher.,sim
684186,Mulher madura é noite suave.,sim
684541,Virgem negra mãe bendita.,sim
685097,Ela era muito ciumenta.,sim
685140,De mulheres traiçoeiras.,sim
685266,É hoje que sol levanta com tanta mulher bonita.,sim
685271,Enquanto mulher fogosa mostra o que tem de bom.,sim
685462,Arrasa dá ibope ela é capa de revista.,sim
685467,Ela é uma delicia.,sim
685468,Ela é toda sensual.,sim
685469,Ela é toda linda.,sim
685470,É garota nacional.,sim
687492,Muitas mulheres bonitas me querem.,sim
688676,O ponteiro moço novo muito desembaraçado.,sim
688816,Ela era quase criança nos sonhos bons de menina.,sim
688969,Ele é bonita e desimpedida.,sim
689949,Mulher bonita eu abraço homem eu corto na peia.,sim
690029,"Deus, eu queria saber se ela está feliz.",sim
690709,E a filha tá abandonada.,sim
691215,Ela é abelha pousando nas flores.,sim
691218,Ela é estrela que brilha no drama.,sim
691220,Ela é atriz coberta de fama.,sim
691227,A deusa divina da minha canção.,sim
691280,Me cansei de ser um homem humilde e usado.,sim
691349,Sou um homem triste rolando na vida.,sim
691351,Sou um homem triste vagando no mundo.,sim
691456,Pois minha deusa querida.,sim
691457,"Fez de mim, um homem triste.",sim
691658,A minha chefe mãe padroeira.,sim
692327,Mané era pernambucano.,sim
692917,"Sereia é coisa de mar, garota é coisa de bar..",sim
694188,Mulher ciumenta que vive de marcação.,sim
694388,Faço a ela tres pedidos.,sim
694498,Se mulher é parte fraca.,sim
694879,Mas o coração da mulher querida parece.,sim
695184,Se ele ficar valente tocamos zum.,sim
695726,Mas sou um rapaz faceiro.,sim
696502,Ela é gostosa é maravilhosa e mexe com a gente.,sim
696504,Ela é diferente.,sim
696506,Ela é cheirosa é misteriosa é menina mulher.,sim
697174,"Se ela é novinha, novinha.",sim
698548,Ela é delícia.,sim
698552,E o tanto que ela é bonita.,sim
699451,Pra deixar ele maluco e você mais desejada.,sim
699686,Lhe digo mulher querida.,sim
699983,"Você sabe menina bonita, prestimosa, santa e pura.",sim
700146,Sou um homem diferente.,sim
700205,Esta mulher está sendo mal-amada.,sim
700211,Que ela é muito mais bonita.,sim
700433,Tinha uma quadrilha de homens valentes.,sim
701520,O homem é bom.,sim
702558,"Passou no salão, fez o pé e mão, agora ela tá solteira.",sim
702701,Se tiver mulher solteira arrasto tudo lá pra casa.,sim
702798,"Amor da minha vida, a musa preferida.",sim
703185,Ela é mistério.,sim
703187,Ele é bagunçado.,sim
703193,Ele tá formado.,sim
703835,Eu já nem se sou o homem ideal da sua vida.,sim
704078,Seu guarda sou o cara que o senhor pensou ser vagabundo.,sim
704384,Com a mulher mais linda.,sim
704699,Que você é a garota mais linda que eu pude ter.,sim
705529,Tô mais que convencida que não tem homem perfeito.,sim
706158,Nunca vão superar uma mulher real.,sim
706196,E ela é companheira.,sim
706493,"Ela tá magoada, ela tá sentida.",sim
706495,"O negócio é com ela, ela tá resolvida.",sim
706507,Mas ela foi traída.,sim
706513,Se perdeu a 'responsa' perdeu a mulher verdadeira.,sim
706525,"Ela foi traída, ela tá ferida.",sim
706563,"Menina nova gosta disso também,.",sim
706569,Mulher casada gosta disso também.,sim
706770,Anjo em forma humana mãe doce mãe meu coração.,sim
706775,se eles estão perdidos.,sim
707066,Essa menina não dá mole.,sim
707103,Me sinto o homem mais triste do mundo.,sim
707321,Menina inocente pura e sincera.,sim
707392,Que seu namorado tá ficando bravo.,sim
707715,Achei a mulher perfeita.,sim
707716,Moça distinta e direita.,sim
708279,Tirando o casamento e homem ciumento.,sim
708866,Meu namorado tava pobre.,sim
708999,"Ela é independente, curte a vida livremente.",sim
709971,Ela é a batida de um coração?.,sim
709974,Ela é maravilha ou é sofrimento?.,sim
709975,Ela é alegria ou lamento?.,sim
711008,Ela tá sarada turbinada processda envenenada.,sim
711470,Faz do homem gentil um calhorda.,sim
711926,Se aquela mulher é vaidosa eu não sei.,sim
712393,Por isso é que se diz como ela é sentimental.,sim
713549,"Me chamam mãe d'água, por onde caminho.",sim
713763,Ele é bonito de ver.,sim
713928,Era um menino muito legal.,sim
714708,E as senhoras como sempre nervosas:.,sim
715875,E ele fica mudo.,sim
717572,Ela é dark.,sim
717613,Ela é a joaninha dark.,sim
719057,Faça com que eles recuerdem.,sim
721131,"Ela foi cinéfila, só ia ao belas artes.",sim
721167,Ela não é igual a gata que eu vi na.,sim
721171,Nem é como a mina linda linda que dá medo.,sim
721188,Ela é linda linda linda linda.,sim
721203,Ela não é a bonita do.,sim
721208,Ela não é a baiana bela do.,sim
721829,"*moça bonita, eu te amo (em guarani).",sim
721842,Ele é lindão.,sim
722423,Com teu homem querido.,sim
722652,Das mulheres famintas.,sim
723549,Dedicado a um rei triste e solitário.,sim
723811,Mas um homem normal.,sim
723820,Pois o homem normal.,sim
725406,"Oh, minha mãe gentil.",sim
725761,A musa inglória partiu.,sim
726063,Ela é tão rica e eu tão pobre.,sim
726064,"Eu sou plebeu, ela é nobre.",sim
727257,Ela é uma morena sensacional.,sim
727895,Um homem grave vende risos.,sim
728439,Ela é colorida.,sim
728440,Ela é multicolor.,sim
728896,"Mulher nova, bonita e carinhosa.",sim
728910,Mulher nova bonita e carinhosa.,sim
728919,Se não fosse a mulher mimosa flor.,sim
729025,"Ela é formosa,.",sim
729043,Mas é que ela é cobiçada.,sim
729715,Menina colorida.,sim
732378,ela ficou super contente.,sim
732445,e ela achava mais linda ainda.,sim
732662,E eu não passo de um rapaz comum.,sim
732968,Na boca vermelha de uma dama louca.,sim
733079,Quantos homens eram inverno.,sim
733366,Porventura se a mulher for casada.,sim
733603,"Eu digo e ela não acredita ela eh bonita, demais.",sim
733604,"Eu digo e ela não acredita ela eh bonita, eh bonita.",sim
733791,Ele não é um doutor nem mesmo tem posição.,sim
734531,Minha filha inocente veio pra mim toda contente.,sim
736171,Ele é negro.,sim
736172,Ele é estranho.,sim
736736,Ela tão satisfeita por mim.,sim
737558,Achando todos que ela era a sedutora.,sim
737873,Ele não é goiaba.,sim
738533,Vê como ele está lindo.,sim
738803,Se ele era raso e não sentia o coração.,sim
739062,Um homem bonito que planos.,sim
739569,Vi que és um homem lindo e que se acaso a sina.,sim
739570,De um menino infeliz não se nos ilumina.,sim
740364,E que namora um menino eletricista.,sim
740396,Eu sou rapaz direito.,sim
740397,E fui escolhido pela menina mais bonita.,sim
740880,Ei menino branco o que é que você faz aqui.,sim
742168,Há um homem preto de olhos machucados.,sim
742171,Rindo do meu jeito ele é um anjo.,sim
742176,Que vivi mas ele é diferente.,sim
742185,"Anjo, ele é um anjo.",sim
742517,Mas e outras coisas via um moço forte.,sim
742518,E a mulher macia dentro da escuridão.,sim
745303,Clarisse está trancada no seu quarto.,sim
746196,o sonho de toda menina inocente querendo viver um.,sim
746200,esperança que ainda existia um rapaz perfeito.,sim
746213,a minha esperança ke ainda existia um rapaz perfeito.,sim
747776,Ele joga baixo.,sim
748329,Ela é bonita pra caramba.,sim
748730,Ele é seu sagrado.,sim
748854,"Homem livre, céu risonho,.",sim
749503,Quem era a menina cabocla num rosto sereno qualquer.,sim
750046,E quem sabe dançar a sinfonia os homens gris.,sim
750280,Ela é dona do pedaço.,sim
750557,"Pois ela é luz a me guiar, a me guiar, a me guiar.",sim
751294,Rei é um rei soberano.,sim
751308,Ele é imperialmente poderoso.,sim
751309,Ele é imparcialmente misericordioso.,sim
751315,Ele é o salvador do pecador.,sim
751324,Ele é pré-eminente.,sim
751327,Ele é o problema supremo na alta crítica.,sim
751331,Ele é o milagre do século.,sim
751334,Ele está disponível ao tentado e ao atribulado.,sim
751355,Ele é o caminho da paz.,sim
751359,Ele é o mestre dos poderosos.,sim
751360,Ele é o capitão dos conquistadores.,sim
751362,Ele é o líder dos legisladores.,sim
751363,Ele é o superintendente dos vencedores.,sim
751364,Ele é o governador dos governadores.,sim
751365,Ele é o príncipe dos príncipes.,sim
751389,Ele é indescritível...,sim
751391,Rei é indescritível.,sim
751393,Ele é incompreensível.,sim
751394,Ele é invencível.,sim
751395,Ele é irresistível.,sim
755707,Suzy era uma garota inocente.,sim
755715,"Uma garota inocente, inconsequente, se aproximou.",sim
755854,Ela indiferente abraça a vida como se não fosse mais.,sim
756276,"Linda demais, mina brilhante.",sim
757112,Dizem que ele é brasileiro.,sim
757806,"Ela é doce, é gostosa como mel.",sim
757822,"Ela é minha, ela é minha toxina voyeur.",sim
758239,A mina é quente quente quente.,sim
758426,"Tem gente feliz, as mina é sensacional.",sim
759186,Quando uma menina linda.,sim
760338,O último deixou ela ainda mais frágil.,sim
760415,Ela é minha paixão meu desejo de mulher.,sim
760533,Ela não é qualquer menina.,sim
760540,"Ela tá junto, ela é parceira.",sim
760643,"Mulher solteira tem os montes, tá sobrando.",sim
762983,"E eu me derreto, me esqueço, que ele é um vira-lata.",sim
763650,Maria era bem discreta.,sim
763653,Maria é gente fina.,sim
767125,Moacir era casado.,sim
768301,"Não, ela é uma luz que chega de repente.",sim
768946,O saravá menina mineira que é filha de.,sim
769572,Pela décima vez ela está inocente nem sabe o que fez.,sim
769943,Quem tiver mulher bonita.,sim
770071,Que esta moça é donzela.,sim
770072,Esta moça é donzela.,sim
770273,Mulher igual.,sim
771737,Ela é bonitinha toda santinha.,sim
771821,Mulher brasileira.,sim
771878,Esse menino não é capaz.,sim
774432,Ela era bonitinha.,sim
774433,Ela era engracadinha.,sim
774707,e veja como sofre um homem infeliz.,sim
775213,Ele é o farol.,sim
775247,Naná tá danada.,sim
775385,Menina bela e formosa.,sim
776262,Essa moça é minha prenda.,sim
776339,"O que um menino tão novo,.",sim
776424,Se na verdade não andiantou nada ser mulher direita conforme ela era.,sim
776554,O rapaz foi perdoado.,sim
776738,Você já mereceu você é um menino esperto.,sim
777534,Um menino folgazão.,sim
777589,"Você era uma menina feia,.",sim
777616,"O tempo transformou aquela menina feia,.",sim
777679,"És menina, mulher tão brejeira.",sim
777930,ela está tão distante.,sim
777985,"Ela veio sorridente, com uma cara de pu...xa vida, como ela tavalinda!.",sim
778206,"Jesus é bom comigo,.",sim
778286,"Cheio de mulher bonita, loira, morena e mulata.",sim
778291,"Mulher bonita, sempre fez minha cabeça.",sim
778901,Mulher bonita igual a minha ninguém tem.,sim
778913,Fui um perdido hoje sou um homem bom.,sim
779149,"Eu era um rapaz faceiro,.",sim
779183,O menino inteligente.,sim
779319,Ela é dengosa e faceira.,sim
779389,"No meio da rua tem mulher bonita,.",sim
779469,"A sua mãe vive cheia de esperança, querendo a minha herança, mas disso eu não abro mão.",sim
779473,"Esse menino é esperto ate demais, onde eu vou ele vai não para de me seguir.",sim
779475,"Acho que ela não tá boa da cabeça, mas antes que o mal cresça eu vou ter que me virar.",sim
779513,E muita mulher bonita.,sim
779902,Ela larga de mim eu fico mal.,sim
780281,"Mulher bonita e gostosa, nóis ganha de montão.",sim
780417,Ela ta cismada que a mulherada tá dando no meu pé.,sim
780467,Mas se vê mulher bonita aparece seu defeito.,sim
781202,"Nós só quer mulher bonita, nós só gosta de filé.",sim
781324,Ela é novinha tá subindo nas paredes.,sim
781382,"Menina linda, eu te juro que chegou a nossa hora.",sim
781406,Tatá tá embola embola aí.,sim
782310,Tem cerveja gelada e mulher quente no salão.,sim
782416,Mulher bonita e cerveja.,sim
782609,Mulher bonita de olhar esperto.,sim
783114,"To numa cilada mulher casada cheira chumbo,.",sim
783130,Mulher casada cheira chumbo.,sim
783161,Tá pra nascer a mulher capaz.,sim
783947,"Cai fora que essa menina doida é mesmo um perigo,.",sim
784383,"Eu chego junto, ô menina doida, como é que eu fico.",sim
784571,"Chega agora um moço alto, de olho azul, pelo sotaque notei que era do sul.",sim
784864,"Mulher madura, bonita, inteligente,.",sim
785285,"De um homem egoísta, covarde e ignorante!.",sim
785396,Mulher bandida quando quer fazer sofrer.,sim
785430,Mulher bonita gente boa coisa fina.,sim
786310,Ela não tá sozinha.,sim
786615,"Sou comprometido, sou homem casado.",sim
786692,"Mais que menina boba, eu falo isso pra todas.",sim
786698,Menina maluquete eu gosto é de piriguete.,sim
786706,Tem uma menina linda que é uma coisinha rica.,sim
786709,Seu pai é muito valente a menina é muito bela.,sim
788211,"Sou abelha, ela é flor.",sim
789123,a cachaça e moça branca num gole vai pra cabeça.,sim
789215,"Porque o homem é feito de sonhos, ideais e compromissos.",sim
789458,"Ela faz pobre beber, faz rico ficar na lona.",sim
789460,Homem sério de verdade por ela se apaixona.,sim
790147,E ele está guardado pra você.,sim
790605,Ela é tão doce e linda.,sim
791914,Pra uma mulher inteligente.,sim
791944,Ela é a dona do meu coração.,sim
791956,Ela faz carinho ela é uma flor.,sim
791960,Ela é uma deusa ela tem valor.,sim
792170,A mulher só é difícil quando ela é mal cantada.,sim
792172,A moça quando é bonita não demora ta casada.,sim
792302,Se eu fosse um homem cibernético.,sim
792576,Homem bonito e sarado.,sim
792685,"Ele é pai,é filho,é espirito santo.",sim
792686,ele é o poder.,sim
792902,"Menina tola,eu vou te colocar na linha...",sim
792905,Ela é bonita.,sim
792906,Ela é gostosa.,sim
795220,"""Sassinhora"" como ela é gostosa rebolando.",sim
795249,"""Sassinhora"" como ela tá gostosa rebolando.",sim
796371,"Ela ta louca, pirada, maluca, danada.",sim
796406,"Ela é diferente, ela é muito top.",sim
798213,Ela é linda é demais quando ela passa não tem.,sim
798768,E é ai que o homem forte.,sim
799048,"E o papo que eu era a moça certa, me deixava apaixonada....",sim
799084,Por ele sou capaz de crime passional.,sim
801134,Tem uma menina linda.,sim
801140,a menina é muito bela.,sim
801859,"Eu queria dizer pra ela que ela é nova, inteligente.",sim
802349,Agora eu tô preparado sou homem cheio de coragem.,sim
802470,"Eu juro homem covarde tem que ser tratado assim,.",sim
802964,"E elas não são bobas, tão na festa das.",sim
802967,"E elas não são bobas, tão nas festa das.",sim
802994,Que ela era a flor mais linda do jardim.,sim
803603,Tá sempre sorridente ela tá sempre bela.,sim
803652,Morreu a mulher carinhosa e fiel que te amava.,sim
804111,Nesse bonde só deu mina linda.,sim
804370,Um mulher bela e sedutora.,sim
804422,"Mais igual, não vê, era a moça mais bonita.",sim
804443,Ela estava mais bonita com ramo de flor na mão.,sim
805636,Ele é digno de adoração.,sim
807909,Homens e mulheres comuns.,sim
809135,Pitoco ta feliz.,sim
809142,Pitoco ta contente.,sim
809459,Se na verdade não adiantou nada ser mulher direita conforme ela era.,sim
810795,Tem o homem manso.,sim
810944,Ele era muito cachaceiro.,sim
811058,Luciano é bom demais.,sim
811426,Minha mãe tava sozinha.,sim
811440,Mas ela tinha um marido muito sério.,sim
811448,Mas ela era muito esperta e escondia.,sim
811515,Mas ela tem um marido muito forte.,sim
811728,Ela é minha proteção.,sim
811759,você é meu grande mal uma mulher animal mas eu te amo.,sim
811799,Foi quando passou moço rico.,sim
811811,moço rico arrependido.,sim
811935,Brasil de mulheres lindas.,sim
812024,Sou homem muito grato.,sim
812082,Uma mulher bonita e rica.,sim
812099,Seja loira ou moreno mulher grande ou pequena.,sim
812266,Ela é pura gostosura.,sim
812270,Ela é pura vitamina.,sim
813247,Tenho uma gaúcha linda e por ela sou amado.,sim
813679,Mas a menina inocente chamou seu pai pra mostrar.,sim
814329,"Ao festão danado, cheio de mulher bonita.",sim
815592,Pra mim não tem mulher feia eu adoro as cachaceiras.,sim
815765,"Vem sambar menina linda, no pagode sertanejo.",sim
815781,Menina linda chega mais perto de mim.,sim
815807,Ele muito bobo de saudade chora.,sim
816108,Eita mulher encrenqueira.,sim
816359,A mulher mais perfeira que eu sonhei em ter pra mim.,sim
816937,Para de fala dessa mulher bandida.,sim
817267,que mulher brava igual ela.,sim
818338,Seu namorado louco quer pegar eu e você.,sim
818593,cachorro campeiro que esta reis é perigosa!.,sim
818605,Ela é culpada auê-uê-uê-ê boi se vivo nas estradas!.,sim
820762,A mulher mais linda desta cidade.,sim
821119,Ela é a deusa que passa.,sim
821125,Essa menina eh bandida.,sim
821176,"Se a mulher é boa, eu vou firme com meu papo.",sim
821180,"Estou sempre aceso, onde tem mulher bonita.",sim
821360,A mulher mais feliz...,sim
821465,O mulher cachaceira.,sim
821768,Homem mais forte do planeta.,sim
822384,Senhores contemporâneos.,sim
822539,Esse moço é neurótico.,sim
822860,Inês é morta.,sim
823400,A mulher foi feita pro amor e pro perdão.,sim
823407,"no mais das vezes ela anda distante,.",sim
824105,Via show de mulher nua..,sim
824126,Aos seus senhores infalíveis..,sim
824586,Eu não sou mulher suficiente.,sim
825174,Ele é o beija-flor.,sim
826489,"Crato, nasce um homem pobre.",sim
826602,De repente eu vejo se transformar num menino igual à mim.,sim
827380,"Homens poderosos dessa terra,.",sim
829263,"Eu sou brasileiro, Deus é brasileiro.",sim
829330,Não há homem justo sobre a terra.,sim
829577,Homem sábio e profundo.,sim
829588,mas ela resoveu seguir sozinha.,sim
830466,Minha mãe é linda.,sim
830602,O menino trombadinha..,sim
831151,Porque ele não é serio de mais.,sim
831253,"Vovó é genial, da casa é a mais normal,.",sim
831846,"Menina mãe,.",sim
833956,Jhony é bacana.,sim
833957,Menino vivo não sem engana.,sim
834050,Nasce um homem pobre.,sim
834453,Ela é feita pra sonhar.,sim
834919,"Moça nova e solteirona, cabra macho e moço alegre.",sim
835474,Homem justo luta quando é preciso.,sim
835595,Mas fazer o que se ela rebola tão bonito.,sim
835680,Você minha princesa é tanta formosura.,sim
835818,como se ele fosse um santo.,sim
836839,Minha filha linda bochechuda querida.,sim
839269,No entanto ela ficou tão insegura.,sim
839274,"Torta, ela está desengonçada.",sim
839281,Ela está triste pra caramba.,sim
839291,Por isso é que ela está tão esquisita.,sim
839292,Por isso é que ela está tão insegura.,sim
839302,Você não sabe que ela velha.,sim
839359,"Tem mulher amada, o homem que olhou e nada viu.",sim
839959,Mulheres são a mãe de todos nós.,sim
839960,Mulheres são legais.,sim
839962,Mulheres sabem ser fatais.,sim
839970,Todas elas são tão iguais.,sim
839974,Mulheres lindas na gravidez.,sim
840662,Faz um homem capaz.,sim
840859,Ela é iniciada em ocultismo e coisas do astral.,sim
843115,Como ele é sentimental.,sim
843353,Esse negócio da mãe preta.,sim
843829,Que a menina moça é donzela.,sim
844576,"Ele é dono do tempo, do vento,.",sim
845971,O homem louco aparece.,sim
846534,"Ela é uma gracinha, menininha fino trato.",sim
849178,É que ele é meu benzinho.,sim
849197,É que ele é meu bemzinho.,sim
849473,Essa moça tá diferente..,sim
851182,"A minha voz não soa á toa, ela é tão boa.",sim
852057,"mas só leve moça bonita, muito hóme ele não qué !.",sim
852203,Arranjei uma namorada muito bem arrumadinha.,sim
853668,E minha filha está solteira - Doutor.,sim
854724,"A terra fértil, mãe feliz, e tudo aceita.",sim
854732,"Mas que mulher exuberante, a primavera.",sim
854733,Ela é a prima mais querida do verão.,sim
855041,E eu menina louca.,sim
855814,Toda mulher é mulher da vida.,sim
855841,Mulheres confusas de guerra e de paz.,sim
857194,"Deus do céu, como ela é maldosa.",sim
858578,"Ele é bilíngue mano, não tem outra resposta.",sim
858681,Pra vê minha mãe feliz.,sim
859290,"Sim, ela estava linda.",sim
861879,Homem simples seringueiro.,sim
862214,As mulheres são morenas.,sim
862215,Os homens serão felizes.,sim
862374,Por um moço requintado.,sim
865064,Diz que ela é princesa.,sim
865701,"Homem de bem, homem certo.",sim
865846,Ciço era inimigo de.,sim
865941,Menino passaro.,sim
866981,"Minha mina preciosa, meu império.",sim
867255,Rei desejado é rei coroado.,sim
867473,Se ela é viagem.,sim
867752,Ela tem nome de mulher guerreira.,sim
867760,Ela é livre e ser livre a faz brilhar.,sim
867761,"Ela é filha da terra, céu e mar.",sim
867874,Menino gigante.,sim
868311,Ele era um aspirante a poeta.,sim
868312,Ela era inspiração.,sim
868360,Ele é sozinho.,sim
870164,Dizia que homem covarde.,sim
870253,Mas ser mulher é pior.,sim
870256,Homem é grão de poeira.,sim
870666,O homem não pode ser escravo do homem.,sim
871303,Mulher viuva pra sofrer.,sim
871894,Satanáz diz que ele é seu pai.,sim
871910,Homem mulher velho criança e cão.,sim
872145,Zeferino ta morto no mato.,sim
872916,Mas não cante essa moça bonita.,sim
873903,Do senhor mais bem casado.,sim
874670,Ela ficou super contente.,sim
874758,Metade ela era companheira.,sim
875057,Sou tua mulher robô.,sim
875251,Ele é um homem que ninguém entende.,sim
875261,Ele é um homem só.,sim
875785,"família, desprezo, rapaz ruim,.",sim
875880,O bom homem mau.,sim
876131,"Ela está amarrada, ela não pode atender o telefone.",sim
876608,"Menina louca, agora vai ter que provar.",sim
877245,O homem é sentimental.,sim
877254,O homem é esperto mas a morte é mais.,sim
877801,Ela é tensa só porque seu amor não vive em.,sim
877807,Ela tem andado meio frígida.,sim
877817,Ela era atriz no underground.,sim
877822,Mas mesmo assim ela não fica leve.,sim
877887,Um homem comum.,sim
877895,"Eu sou um homem , um homem comum.",sim
877923,Com uma garota estranha.......e mandou sua ordenança.,sim
877977,"Ela está bem diferente, ama ser independente.",sim
878654,Seu novo namorado era um roqueiro.,sim
878656,Ele é o rei do visual.,sim
879246,"Mães assassinas, filhas de.",sim
879251,Toda mulher quer ser amada.,sim
879279,"Socialites plebéias, rainhas decadentes.",sim
879281,"Madrastas malditas, superhomem sapatas.",sim
879837,Olhou pra mim e logo vi que ele era bom de amor.,sim
880721,Ele é um homem como qualquer um.,sim
880821,Na vida ele é bamba.,sim
881787,Deusa pagã do butantã.,sim
881870,Rainha anarquista.,sim
882356,"Eu moça simples,nem chique nem fina.",sim
883450,"Na mesa do homem pobre falta arroz , falta.",sim
883460,"não ter noção do que esse ""homem pobre"".",sim
883844,mulher namoradeira fica só com.,sim
883973,Aonde tem mulher bonita e ninguém pra aborrecer.,sim
884356,Mas também sou homem honrado.,sim
884975,Ele é músico-problema.,sim
884988,Porque ele é músico-problema.,sim
885614,"Mulheres locomotivas, panteras e panterinhas.",sim
886247,Ele é o coringa e o rei.,sim
886551,ò mãe gentil.,sim
886831,Ela é má pode.,sim
886856,Como ela é maldosa....,sim
886918,"E minha filha está solteira, doutor.",sim
886987,"moça bonita, só de boca fechada,.",sim
886988,"Menina feia, um travesseiro na cara,.",sim
887121,"Tudo envelhece, só ele parece eterno.",sim
887735,Ele sempre foi cafajeste.,sim
887951,Que tal uma princesa chique.,sim
888899,Tupini-King-Kong tem dengo tem dengue.,sim
889038,"Se eles são bonitos, eu sou a.",sim
889041,"Se eles são famosos, I'm.",sim
889208,"Nas rêivi ela é véri, véri krêizi.",sim
889226,Toda menina baiana vive na maior moleza.,sim
889317,Toda menina baiana vive na maior moleza..,sim
894771,Dance menina louca quero beijar.,sim
895417,Ela é toda patricinha.,sim
895461,Deus do céu essa mulher tá acabada.,sim
895468,Ela tá toda metralhada.,sim
895691,essa mina é assanhada.,sim
895785,Ela é chave de cadeia.,sim
895948,"Ela disse bem alto, minha mãe ficou braba,.",sim
896586,Mulher amante seja a minha rainha.,sim
897250,Ele é o motivo.,sim
897556,Agora você parece um homem solitário.,sim
897680,"Ela puro é rock, eu já sou do rap.",sim
897691,"Ela é toda linda, toda boa e cheirosa.",sim
897781,"Ela é mala, marrenta, provoca, ignora.",sim
897907,Ele é loiro alto lindo sexy e tesudo.,sim
897928,Se sozinho ele é quente e com elas vai ferver.,sim
897988,Mulher certa e erradas.,sim
898178,"Deixo ela louca, ela só fica de salto.",sim
898303,Mulher mais sexy desse baile.,sim
898355,"Vem menina linda, entra na minha vida.",sim
898845,"Ela é tão linda, poderosa, pode ser meu abismo.",sim
898853,Nunca imaginei que mulher deixa um homem louco.,sim
898874,Sei que todas mulheres são especiais.,sim
898883,"firme como gelo, vem garota aqui é louco!.",sim
899653,Nunca me deparei com uma mulher tão delicada.,sim
900333,As garotas dançam bem melhor!.,sim
901223,"[Paula]Eu sou a dona do pedaço, todo garoto fica bobo quando eu passo.",sim
901228,Eu sou rainha soberana.,sim
901271,[Paula] Todo garoto fica bobo quando eu passo.,sim
901276,[Paula] Eu sou rainha soberana.,sim
901801,Que mina loka hein.,sim
901819,Que mina loka hein fi.,sim
901975,"Ela tá revoltada, tá cheia de marra.",sim
902078,Ela é pipa solta só quer voar.,sim
902128,Ela é debochada e o bumbum dela.,sim
902609,Eu gosto de mulher bonita.,sim
902612,A mulher quando é bonita.,sim
902702,"Hoje fiquei sabendo que ela é orgulhosa, convencida.",sim
902921,"Por isso, ele tava caído.",sim
902965,Que ele não esteja acuado.,sim
902967,Pra ele estar sossegado.,sim
903463,"'Quando pobre come galinha, ou ele tá doente ou a galinha'."".",sim
903695,"Ele tá doidão, vai carregado pra casa.",sim
904148,"Ele é o céu, água do mar.",sim
905615,Ele é o espelho do espelho que sou eu.,sim
905689,Inês já é morta do lado de cá..,sim
905888,Luciana é bacana mas chega na cama só enrola.,sim
906691,"ele fica doido, já ficou lélé, quando viu a.",sim
906709,ele fica doido já ficou lélé quando viu a dança.,sim
906929,O Cupido era cuspida.,sim
907119,Ele fica doido.,sim
907538,Menino brasileiro.,sim
907853,Ela é rainha.,sim
907942,Como um menino travesso.,sim
908028,Ele é o rei na verde-rosa da mangueira.,sim
909534,"Menina linda, dengosa.",sim
910531,"Dora,rainha cafusa de um maracatu.",sim
910843,Meu namorado é rei.,sim
911114,Bento tinha bom peito | <- 2x.,sim
912278,Respira menino moreno.,sim
912280,Respira menino caboclo.,sim
912585,és a rainha eterna mulher.,sim
913779,Ele foi prisioneiro.,sim
913794,O homem ficou maluco.,sim
914742,"Enquanto ela fala, ele fica mudo.",sim
914965,A mulher fica nervosa e brava que nem pimenta.,sim
914968,Minha mulher é ciumenta e detesta bebedeira.,sim
915037,Ela foi lobo e quem confia hoje é bobo.,sim
915064,"Sua mãe era menina, tão sapeca quanto eu.",sim
915809,Se for moça esperta e ladina.,sim
915815,Quando eu vejo uma moça bonita.,sim
916339,Aquele homem estranho ao.,sim
916343,O rapaz tão inocente a sua mala abriu.,sim
916829,A mulher difícil que me apresenta.,sim
917439,Moça tão pura com essência de menina.,sim
917982,Nesse caso ele é o dono.,sim
918041,uma musa internacional.,sim
918535,Vieram me contar que aquele homem maldito.,sim
918545,Na terra que eu nasci um homem é homem de verdade.,sim
918620,O homem quando é homem não perde seu valor.,sim
921030,Senhor é um velhinho muito pobre barba comprida.,sim
921076,Onde está aquele menino feliz.,sim
921079,Onde que foi aquele moço forte.,sim
921138,"lá a mãe era senhora e o pai era sera senhor,.",sim
921144,"lá o homem era mais homem, mais humano e mais gentil,.",sim
921341,Você era uma menina feia.,sim
921350,Seu marido apaixonado cheio de amor e fé.,sim
921368,O tempo transformou aquela menina feia.,sim
921378,Tenho fé que este menino vai fazer boa figura.,sim
921395,Pelo toque o povo fala é o menino caçador.,sim
921486,É uma menina triste.,sim
921490,Essa menina é a menina dos meus olhos.,sim
921549,Não me conformo que ela foi tão volúvel.,sim
921746,Mãe menininha me protegeu na bahia.,sim
922198,De tanta mulher bonita.,sim
923252,Sou homem maduro.,sim
923518,Ela é orgulhosa mais eu sou jeitoso.,sim
923995,Deus se ela sofre igual eu sofro sem querer ninguém.,sim
924347,Que o rei para ser rei precisa ser muito educado.,sim
924617,Ela era a luz desta minha vida.,sim
924688,"preciso de homem forte pra cuidar da plantação,.",sim
925009,"Ditinho era um moço pobre, muito honesto e competente.",sim
925011,Ele namorou uma moça filha de um homem valente.,sim
925030,"Ponha logo as alianças, quero ver os dois no laço, o velho falou depois homem grande não é dois pequeno não é pedaço.",sim
925067,"Ela era a estrela guia, luz da minha madrugada.",sim
925256,Destruindo lar honrado enganou moça inocente.,sim
925292,Ele é rei do céu.,sim
925300,"Cristo, Ele é o mensageiro.",sim
925397,Depois de moça a minha filha mais velha.,sim
925411,Fui procurar as duas filhas ricas.,sim
925413,Pra filha pobre eu não fui pedir ajuda.,sim
925506,Sua esposa era estéril.,sim
925610,Era uma menina rica nascida em berço de ouro.,sim
925611,Eu era um garoto pobre só tinha mãe como tesouro..,sim
925694,Mas existe uma inocente é nossa filha legitima.,sim
925813,"A moça tão amorosa, construiu grande paixão,.",sim
925907,A mulher mais linda estava quase nua.,sim
925948,"sou um homem simples pobre pataneiro,.",sim
926031,Por uma esposa carinhosa e fiel.,sim
926317,Sua mãe é a roseira que te deu carinho.,sim
926765,"Ele é o bom, é o bom demais.",sim
926768,"Ele é o bom, é o bom, é o bom demais.",sim
927190,"É, mulher bandida.",sim
927689,A capital se orgulhava por ela ser afamada.,sim
927726,Moça bonita trata dele com cuidado.,sim
928161,Tinha uma filha moça mais linda que a flor do ipê..,sim
928170,Com minha filha inocente..,sim
928175,Menina ficou tristonha quase morta de vergonha..,sim
928474,Uma mulher preferida.,sim
928594,"Musa inspiradora, razão porque.",sim
928614,Me casei com mulher tão ciumenta.,sim
928621,Ela fica nervosa.,sim
928650,Casar com mulher bonita é a coisa que mais me inclina.,sim
928906,Será que ela ainda é falsa como antes?.,sim
928975,Nem vê que ela é a flor mais bela.,sim
929177,por sua mulher amanda..,sim
929245,Ele inocente foi pregado.,sim
929352,O homem bonito que se diz conquistador.,sim
929406,"ira perdoar, os homens ateus.",sim
929435,Ela foi iludida por um bandido.,sim
929509,Se ela é infeliz como eu.,sim
929562,Ele muito enciumado.,sim
929834,Eu sou um moço sincero.,sim
930089,Ela é a mistura do meu arroz com feijão.,sim
930096,É meu prato preferido aquela mulher bonita.,sim
930600,Não existiria poesia pois ela é a musa que o poeta.,sim
931094,Quem casa com moça gorda.,sim
931098,Quem tem uma mulher magra.,sim
931907,Minha mãe tava muito doente.,sim
932084,Homem bom e caridoso e bom chefe de família.,sim
932185,Jesus foi cravado.,sim
932276,Ela é muito caipirinha.,sim
932292,Ela é trabalhadeira.,sim
932414,"Além da moça ser rica, dona de grande beleza.",sim
932464,Uma menina bonita demais.,sim
932751,O dono é um senhor decente.,sim
932875,Ela é feita de.,sim
933126,"Com ela sou tão feliz, assim o destino quis.",sim
933157,Mas uma esposa sincera enfrenta tudo o que vier.,sim
933243,"o rapaz era casado e a muie deu de imprica,.",sim
933259,"o senhor vai ficar velho e comigo vem morar,.",sim
933300,"Pra gente grande ele é manso, é cortês quem nem café.",sim
933301,Pras crianças ele é doce.,sim
933481,Leu sua sorte e diz que ela era tirana.,sim
933658,Dentro dela tem uma mulher sincera.,sim
933798,Sem seu amor sou o homem mais pobre da terra.,sim
934046,Tinha uma filha tão linda que se chamava.,sim
934096,A minha mulher é rica mas não foi pelo dinheiro.,sim
934212,"Minha menina bonita, me desculpe.",sim
934448,Seu pai é muito valente e a menina é muito bela.,sim
934561,Se não acabo me tornando um homem louco.,sim
934818,Viu uma fotografia daquela moça tão bela.,sim
935683,"Ela foi pra boate sozinha, ela tá magoada, ela tá sentida.",sim
935684,"Ela nem chamou as amigas, o negócio é com ela, ela tá resolvida.",sim
935686,"Ela foi enganada, ela vai dar o troco, ela foi traída.",sim
935692,"Ela tá ferida, ela tá ferida.",sim
935700,Ela é tão bela.,sim
936463,Esta noite eu sou o homem mais feliz que o amor já fez.,sim
936494,O homem mais feliz.,sim
936718,"Moça linda, por favor.",sim
936743,"Mulher casada, tô fora, tem cheiro de chumbo quente.",sim
936932,Ela nunca tá contente.,sim
937870,tem tanta mulher boa por aí jogada fora.,sim
937874,nao quero mulher de luxo gosto de mulher comum.,sim
938150,"Elas tao afim, elas tão afim.",sim
938344,"Você é cabeça feita, a musa perfeita que qualquer poeta quer.",sim
938847,"Amei aquela mulher querida, a vida da minha vida,.",sim
939175,"Ela é culpada, uê, uê, uê, boi.",sim
939651,Ela é casada e tem o seu lar.,sim
939936,E a mãe ficou solteira.,sim
939965,Que um dia o homem direito ia ter desilusão.,sim
939966,O homem correto tem vergonha da situação.,sim
940298,Ela é uma criança.,sim
940413,Ela é criança de tudo.,sim
940414,E eu sou um homem casado.,sim
940504,Como pode um homem forte virar fraco.,sim
940994,Meu pai era um homem forte minha mãe muito alegre.,sim
941163,A mulher desquitada é livre.,sim
941561,Ela tá machucada.,sim
942363,"Ele é puro demais, é profundo.",sim
942662,Mas só quando ela voltar pros meus braços.,sim
942769,Da mulher mais bela.,sim
943575,Pro rapaz cansado no ônibus.,sim
943757,Ele nem imagina o que a filha é capaz.,sim
945223,Tem cada mulher bonita.,sim
945775,"Ela é especial, sua história não é lenda.",sim
946070,Que eu sou sua musa preferida.,sim
946612,Um homem quando ama fica assim meio criança.,sim
946630,Um negro levando um menino louro pela mão.,sim
947242,Ela tá doida tá.,sim
947243,Ela tá louca.,sim
947251,"Pose de madame, mulher evoluída.",sim
947255,Ao som do tamborzão ela é delícia.,sim
947257,"Ela tá doida, ela tá louca, querendo beijar.",sim
947258,"Ela tá doida tá, ela tá louca.",sim
947264,"Ela tá doida tá, querendo beijar.",sim
947265,"Ela tá louca tá, querendo beijar.",sim
947975,Ela é mais popular.,sim
948080,E tá bombando no twitter que eu deixo as meninas loucas.,sim
948098,Rá ela é terrível !.,sim
948187,"Ô mãe ela é patricinha e tá uma delicinha,.",sim
948460,Tem muita mulher bonita..,sim
949213,Nois tá na rádio pode ouvir nois é bacana.,sim
949221,Nois tá na radio pode ouvir nois é bacana.,sim
950080,Ela é uma mulher menina.,sim
950094,Garotas inocentes não merecem chorar.,sim
950766,"Já vi mulher bonita, mas você apela.",sim
951017,Só não vale mulher feia..,sim
952479,"Você é um rapaz tão pobre, não namoro pé rapado.",sim
953263,Que hoje ela ta feia.,sim
954310,Você sempre foi a menina mais linda.,sim
954868,Essa mina é zica.,sim
955292,Qualquer homem durão nesse momento chora.,sim
955334,Hoje ela é rainha.,sim
955342,Mulher é mesmo diferente.,sim
955527,Uma menina séria e um sonhador.,sim
955919,"Entre quatro paredes, ela é doida, ela é demais.",sim
956067,Ela é minha musa da praia.,sim
956425,"Ela só vai se tem camarote, ela é diferente, ela é muito top.",sim
956486,"Em qualquer roupa ela fica gostosa, maravilhosa.",sim
956617,Já consigo ver essas minas assadinha.,sim
958834,ela é ciumenta.,sim
958944,Zé firmino era um homem desonesto.,sim
959301,Ela não é sua escrava.,sim
959303,Se ela é boa companheira.,sim
959364,Que ela é boa todo mundo sabe.,sim
959379,Porque ela é muita areia pro seu caminhão.,sim
959566,Menina bonita anjo encantador.,sim
959635,Você é maldosa menina cheirosa não faz assim.,sim
959774,Era ela mãe solteira no mundo estava sozinha.,sim
959793,Nem o médico sabia que era sua filha querida.,sim
959811,Se ela tem novo amor não fique assim triste.,sim
959817,Quem homem sempre é homem até debaixo d'água.,sim
959819,Só sei que eles são lindos morrer.,sim
959969,"- Papai, quem é aquele homem feio que quer matar todo mundo, hein?.",sim
960085,Morta havia um homem valente..,sim
960156,"Ele é bonzinho, conversou muito comigo.",sim
960186,Triste chorava aquele homem valentão.,sim
960302,Com mulheres vulgares a quem eu entregava.,sim
960348,"Ela é magrinha, é baixinha, mas é linda.",sim
960354,Por ela sou apaixonado e sofredor.,sim
960373,Homem valente comigo não cava nada.,sim
960793,"Ela é bonita, é gostosa e é prendada,.",sim
961052,ele é mesmo bom de samba e de bola.,sim
961431,Me sentiria neste mundo o homem mais feliz.,sim
962372,"Ela é jovem, é bonita e muito charmosa,.",sim
962373,Pra você ele é tão carinhosa você a ama com todo fervor.,sim
962899,Venho pedir para o senhor bom presidente.,sim
962994,Mas ela é inocente nem sabe que o trem entrou.,sim
963088,Onde ele chega é recebido.,sim
963531,Ele é o produtor.,sim
963552,"Eu sou o homem mau, eu sou mau, mau mesmo.",sim
963579,Toma!Aprenda a respeitar o homem mau..,sim
963661,Pra ser mais tarde uma moça competente.,sim
963663,Moça bonita comum diploma na mão.,sim
963684,Daí a pouco ela voltava arrependida.,sim
964062,Muitos homens corruptos.,sim
964791,Aqui nesse lugar mulher bonita.,sim
965356,"Por você mulher brasileira,.",sim
965367,Moça bonita do campo.,sim
965515,Ao ver seu pai e sua mãe tristes calados.,sim
965522,Chamou seu pai chamou também sua mãe querida.,sim
965661,Menina linda eu estou apaixonado.,sim
965722,Minha esposa já doente.,sim
965867,Quem ama mulher casada.,sim
965926,Eu gosto demais de uma mulher pilantra.,sim
966008,Tem muito homem pior que é um bicho.,sim
966035,Constantemente ela é muito bem guardada.,sim
966109,Mesmo assim acho você a mulher mais linda do mundo.,sim
966366,conduzindo os reis magos.,sim
966414,Escute filha querida.,sim
966461,Sou seu menino homem e você mulher menina.,sim
966462,Me conta menina triste.,sim
966556,"José foi carpinteiro, Pedro foi um pescador.",sim
966685,"Virgem santa milagrosa, mãe adorada, mãe querida.",sim
966704,Ela é mulher de um conhecido meu.,sim
966709,Se ela fosse pobre eu lhe daria tudo.,sim
966711,Seu marido é jovem e muito atraente.,sim
966713,E o pior é que ele é mais rico que eu.,sim
966902,Ela era diferente quem te viu e quem te vê.,sim
967169,Uma pobre moça tão pequena.,sim
967509,"Ela tá louca, amor, tá um veneno.",sim
967655,"Pegar mulher fácil, metida e feia,.",sim
968016,Pois ela é a musa que o poeta quer.,sim
968017,Ela é uma coisa divina.,sim
968200,Você querida estava tão bonita.,sim
968468,Com outras sou um homem infeliz.,sim
968866,Com minha esposa fiel.,sim
969198,Ele é honesto e muito honrado.,sim
969274,Faz tanto tempo que um menino muito pobre.,sim
969323,O povo já corria ele era um terror..,sim
969430,A moça é muito rica tem dinheiro de montão.,sim
969442,Sem saber que ela seria mais amarga que o fel.,sim
969477,a mulher mais bonita do mundo.,sim
969497,"Mim índio louco, por mim ela índia louca.",sim
969605,"Oi, menina cheirosa,.",sim
969714,A Dinha é uma moça muito bela.,sim
969719,Eu acho ela muito bonitinha.,sim
969792,"Termina a colheita, ele está inseguro.",sim
970244,Eu sou seu rei ela é minha rainha.,sim
971352,Jeitinho doce de moça brejeira.,sim
971383,"E até moça solteira,.",sim
971430,Se ela é real.,sim
972133,E de repente uma garota muito linda.,sim
972458,"Menina charmosa, meu anjo, meu.",sim
973092,quis dar um beijo nessa garota sapeca.,sim
973136,Eu sempre fui um homem forte porém tive que separar.,sim
973404,Êta namorado safado.,sim
973452,Eu tô amando uma mulher tão linda..,sim
973584,Ela é patricinha.,sim
973864,Ela é turbinada.,sim
973870,"Hum, mas ela é linda demais!.",sim
973913,Ela é top heim.,sim
974288,Diz que ela é muito nova.,sim
974332,"Ela é safada, mas gosta de apanhar.",sim
974418,o homem é só um rascunho pra mulher ficar perfeita.,sim
974424,Ele é mesmo bom demais meu.,sim
974629,Ela é a mulher da minha vida.,sim
975077,Ele foi tão covarde fazendo você sofrer.,sim
976207,Se ele é feio.,sim
976355,É só o jeito de um rapaz caipira.,sim
976365,Esse é o jeito de um rapaz caipira.,sim
977075,"São cavalos beirando o rio, é o corpo da menina ofegante ali do lado.",sim
977079,Não demore ela é donzela mas conhece outra mulher.,sim
977127,"Senhora dona da casa, a bandeira passou.",sim
977234,Ele era um homem feito para luta.,sim
977495,A minha mãe tão pobrezinha.,sim
977620,Meu namorado é um sujeito ocupado.,sim
978692,Minha madrasta bem vinda no caminho.,sim
978876,E elas são tão belas.,sim
978947,E as moças donzelas.,sim
979031,Hoje ela é triste e feia.,sim
979145,Laço de fita vale uma moça bonita.,sim
979792,Desculpe moça bonita o chuvaréu veio cedo.,sim
979823,Eu era um moço longo de pescoço.,sim
979931,Moça boa e bem disposta.,sim
980282,No final do dia ele cansado.,sim
980323,Por ela ser audaz e coisa louca.,sim
980698,E o homem simples.,sim
980885,Eu sou um menino grande.,sim
980935,Eu sou um homem calmo sertanejo.,sim
981132,Ganha a menina mais linda do reino.,sim
981165,Somos mulheres resistentes.,sim
981649,Menina linda de quem é o seu amor.,sim
982704,Ela era virgem.,sim
982711,E ela era só maresia em dia de tempestade.,sim
983336,"Era um menino estranho, um homem tamanho.",sim
983425,Pega a moça bacana.,sim
983781,"Vem, meu menino vadio.",sim
983818,"Bom dia moça apressada, bom dia.",sim
983892,"Senão, é como amar uma mulher só linda.",sim
983920,E se hoje ele é grande na poesia.,sim
984327,Ele é profeta brincalhão da.,sim
984338,Ele é discípulo de mestre.,sim
984404,A mãe preta ralha com o menino.,sim
984942,"Todos falam: ""ele é mesmo assim,.",sim
984943,"Metido, maluco ele é pretensioso"".",sim
985134,Sonho de moça sozinha no cine.,sim
985684,Senhora descasada namorando firme pra poder casar de véu.,sim
985845,Ela é cadente...,sim
985904,"menino vagalume, flor, menino estrela, a brisa mais forte veio te buscar.",sim
986008,"Nem toda moça é sozinha, nem todo mundo é de um só.",sim
986242,"De um rapaz novo, encantado,.",sim
987061,Não ligava para moda ele era original.,sim
988594,"À primeira vista, ela é moça direita.",sim
989119,Tem gente que acha que ela é algodão.,sim
989131,Sei que toda mãe é santa.,sim
989280,Diva dona dos milagres.,sim
989964,E a cédula tronco é cédula mãe solteira.,sim
991484,E ele era assim meio anormal.,sim
991756,A moça estranha do sobrado.,sim
991771,Até o homem incomum.,sim
991772,"Até o homem incomum, (vira poeira).",sim
992351,O homem feminino e a mulher guerreira.,sim
992358,Ghandi tava vivo pra sempre.,sim
992359,"E Jesus era hippie, Beethoven era roqueiro e.",sim
992589,Ela é tão bela sua beleza me acendeu.,sim
993446,Ele é feio que é dando.,sim
993794,Ela é um furação encarnado em mulher.,sim
996674,Eu quero diante desses homens tão obscenos.,sim
996682,Esses homens tão pequenos.,sim
997627,e quem é o machão que não teve surpresa de ser humilhado igual feio na festa e menino mijão?.,sim
997901,Como manda esse menino doido.,sim
998457,Ele é o remédio certo pra tua ferida.,sim
998964,Ele é pleno amor...,sim
999600,O homem tolo se põe a lutar por um lado.,sim
999603,Ele é o alvo da própria violência.,sim
1001454,"Cada extremo reunido, cada homem gêmeo da mulher.",sim
1001532,Caetano é leão e sempre vai reinar.,sim
1001695,"Ah, todo rei é babaca.",sim
1001707,Sim todo rei é gordinho.,sim
1001709,"Sim, todo rei é sozinho.",sim
1001728,É quando o rei está nu e só.,sim
1002129,"Três reis magos, três presentes.",sim
1002525,E ela era bem bonitinha.,sim
1002714,se a menina é louca.,sim
1002718,José é fraco.,sim
1002720,João é forte.,sim
1002981,Ela é uma jararaca meu.,sim
1003802,Eles ficaram ofendidos com a afirmação.,sim
1005406,O menino voltou voltou mais velho e chorou.,sim
1005785,Homem é homem e mulher.,sim
1005805,Mulher é cadeira.,sim
1005812,Mulher é sapiência.,sim
1005814,O homem não é homem.,sim
1005815,A mulher não é mulher.,sim
1005819,O homem é homem.,sim
1005820,A mulher é mulher.,sim
1005938,"Sou homem bom, sei que sou..",sim
1005939,"Sou homem bom, sei que sou.",sim
1006051,Ela é tão bonita.,sim
1006052,Ela tão bonita que na certa.,sim
1006172,Fez-me um homem destemido.,sim
1006490,"Menino bom, menino meu, meu rei.",sim
1007149,Ele é feio que é danado mas ele é bom caçador.,sim
1009292,Das cantigas de homens normais.,sim
1009296,Mulheres respondonas.,sim
1009536,"Ele é o bom, é o bom, é o bom, é o bom, é o boooom,.",sim
1009537,"Ele é o bom, é o bom, é o bom, é o bom, é o....",sim
1010019,Ele é cordial com os peixes.,sim
1010397,E até as mulheres ditas escravas.,sim
1010400,Da mãe serpente.,sim
1011174,"A mulher estridente,.",sim
1011452,Revés é bandido.,sim
1012006,"Oh, menina linda.",sim
1012235,Pra que cassaste com um homem tão sisudo.,sim
1012444,Lena é facilitadora leal.,sim
1013476,Deus porque ele é brasileiro.,sim
1013971,E ele é acusado de.,sim
1014353,Menina flor eu já não sei o que fazer.,sim
1014598,Um homem é responsável por tudo que fala e canta.,sim
1014626,eles vão ser patrão.,sim
1014643,Por carro e mulher gostosa pra dizer que é fodão.,sim
1015978,Filha única do meu amigo.,sim
1017211,Ela é mais sentimental que eu.,sim
1017407,Vem moça bonita.,sim
1018058,Com essa rosa no cabelo e esse andar de moça prosa.,sim
1021084,Que não gostava de meninos tão largados.,sim
1021221,"Essa menina é sinistra, rapá.",sim
1021278,A menina aflita.,sim
1021913,Ataulfo é nobre-lobo.,sim
1021915,Arnulfo é águia e lobo.,sim
1021918,Leonardo é leão forte.,sim
1021920,Bernardo é urso forte.,sim
1021929,Bárbara é estrangeira.,sim
1026250,Seu pai é um homem indomável.,sim
1026251,Um provável homem doce.,sim
1026687,Ela era a atmosfera.,sim
1026970,Se fosse uma menina ruiva.,sim
1026971,Chamaria nossa filha ruiva.,sim
1027084,Oh musa inspiradora.,sim
1027092,Pra musa inspiradora.,sim
1027839,Um dia ele chegou tão diferente do seu jeito de sempre.,sim
1028869,Deus que homem forte.,sim
1029249,A morte que nos toma a mãe insubstituível de repente.,sim
1029270,"Não é por isso que ela não possa estar feliz,.",sim
1030048,"Não há idéia que alcance ou seja parecida com a imagem da menina esguia, a bolsa a tiracolo.",sim
1030501,"é lindo vê-lo bailando ele é tão pierrô, pierrô.",sim
1030668,"Maria é moça nova,.",sim
1031181,Amo tanto e de tanto amar acho que ela é bonita..,sim
1033169,Um homem melhor.,sim
1033362,Eles estavam livres.,sim
1033410,Em minha vida inteira jamais moça tão linda eu vira.,sim
1033421,"""Ela é minha irmã e está muito doente"" ele foi logo dizendo.",sim
1034056,Será sempre a mulher como é minha mãe.,sim
1034518,"Ela é penetra, essa miquinha amestrada.",sim
1035298,Mulher barriguda.,sim
1035344,"Que homem foi feito direito, do jeito que é feito o.",sim
1035504,"Eu sou tio, ela é tia.",sim
1035775,"Maria é muito prosa, é mentirosa, mas é gostosa demais.",sim
1036004,Johnny é executivo de uma multilegal.,sim
1036612,"A lua poderosa, mulher muito fogosa.",sim
1037689,A moça é capaz de se aborrecer.,sim
1037690,Por trás de um homem triste.,sim
1037691,Há sempre uma mulher feliz.,sim
1037693,Mil homens sempre tão gentis.,sim
1038473,Ele é filho do verde.,sim
1038474,Ele é filho da mata.,sim
1038502,Ele é filho do rei.,sim
1039015,Ele é o cordeiro infinito.,sim
1039022,Ele é o céu prometido.,sim
1039411,"Ele e ela sempre juntos, a caveira e seu amor.",sim
1039714,Ela está sempre aberta e tem língua de serpente.,sim
1040674,O homem mais forte do planeta.,sim
1040809,"Ela é surda, ela é muda.",sim
1040820,"Ela é cega, ela é burra.",sim
1040821,Ela é explosão.,sim
1041342,Ele é o amor da sua vida.,sim
1041344,Seu namorado é um cuzão.,sim
1041349,Ele é o cara e eu sou só mais um.,sim
1041405,"Um namorado bonito, loiro, alto e rico.",sim
1041499,A reza forte da mãe negra pra espantar o mau-olhado.,sim
1047144,"Eu quero uma mulher normal do povo,.",sim
1047145,Não quero uma mulher global de novo.,sim
1049513,Ela é populosa.,sim
1050104,se está com ele está sozinha.,sim
1054964,Princesa d'água dos sonhos dourados.,sim
1056091,Te fez mulher bem brasileira.,sim
1056125,"Menina pobre, menina rica.",sim
1056310,Só tem mulher desinibida.,sim
1056314,Com tanta mulher bonita.,sim
1056413,Quando vê menino novo.,sim
1056421,Dizem que ela é uma santa sem imagem.,sim
1056558,Era um menino tocador.,sim
1056634,Menina tão louca.,sim
1056777,Menino lindo onde você for eu vou.,sim
1056930,Suas mulheres ficaram estéreis.,sim
1057358,uma mulher cheirosa tão linda como uma flor.,sim
1057484,Ela fica muito louca.,sim
1057617,Oh menina linda veja o que você fez comigo (x2).,sim
1057670,"Ai caramba, que mina maluca.",sim
1057972,"E ele é feliz, ele é feliz.",sim
1057973,"E ela é feliz, ela,ela.",sim
1057981,Então ele é suspeito.,sim
1058233,Mara oh mulher maravilhosa.,sim
1058447,"Menina gostosinha, eu sou o seu neguinho.",sim
1059836,Corpo nu deusa lunar.,sim
1061643,Ele é meu boy.,sim
1062909,Ela é guerreira.,sim
1062910,Ela é uma deusa.,sim
1062911,Ela é mulher de verdade.,sim
1062917,Ela é discreta.,sim
1062929,Mesmo ele sendo irreal.,sim
1064149,"que ela é linda, ela é sua.",sim
1064471,Ela pode ser bonita.,sim
1065556,EU SÓ SEI ELA É DEMAIS.,sim
1065558,"FAÇO ASSIM ""Ô"", ELE É DEMAIS.",sim
1065559,"ELE É DEMAIS, ELE É DEMAIS..",sim
1065560,TIPO ASSIM ELE É DEMAIS.,sim
1065561,"ELA É DEMAIS, ELA É DEMAIS..",sim
1065562,TIPO ASSIM ELA É DEMAIS.,sim
1065568,"ELE É DEMAIS, MUITO DEMAIS.",sim
1065570,"ELA É DEMAIS, MUITO DEMAIS..",sim
1065599,ELE É DEMAIS.,sim
1065601,ELA É DEMAIS.,sim
1066597,Que mulher decente fica na cozinha.,sim
1066622,Ele é um fantoche?.,sim
1067722,O menino franzino do morro.,sim
1067730,Sou menino humilde de um país.,sim
1068527,O homem era feliz enquanto deus assim quis..,sim
1068758,Ela agora é importante.,sim
1069456,Eles estão doidinhos.,sim
1070571,Menina tão dengosa.,sim
1071367,Quando a menina travessa.,sim
1072494,Pra uma menina linda.,sim
1073150,"Menina bacana, me leva pro.",sim
1073530,Menina é bacana me enrola na cama me namora.,sim
1073710,porque o homem quando está apaixonado.,sim
1073917,uma moça pantaneira.,sim
1074283,Vem ver o céu a deusa nua.,sim
1074399,Se ele fôr dançador.,sim
1076021,Sou um menino pobre.,sim
1076030,Com esses meninos pobres.,sim
1076035,Esta dor de um menino pobre.,sim
1077274,Esqueço tudo sou um menino feliz.,sim
1078084,Mulher sou a receita pra curar a tua dor.,sim
1080518,sou um homem apaixonado(apaixonado).,sim
1080616,Ele fica doente chorando de dor.,sim
1081374,Mulher grande ou pequena.,sim
1081483,Tenho falado à mulher companheira.,sim
1082301,Ele é dono do mundo e eu sou filho do dono..,sim
1083112,"Nunca vi mãe amorosa, dos filho não ter saudade.",sim
1083969,"é que ninguem tem nadahaver com meus problemas,,até de mim eu consegui me esconder,,,mais esse homem forte tão determinado,,que pode tudo não aceita se entregar.",sim
1084160,um homem sofredor.,sim
1084181,"|Eu estou perdido, nem sei que dia é hoje da semana.",sim
1084455,o menino estava vivo.,sim
1084721,Não entendo você com seu jeito de ser de menina manhosa.,sim
1085286,Se ela não fosse casada.,sim
1085421,Pode maltratar você já não é mais mulher sentimental.,sim
1085895,Que ela já foi esquecida.,sim
1087212,eu não tenho culpa se elas tem sexto sentido.,sim
1087601,você é do tipo mulher fatal...,sim
1088278,UMA MOÇA MUITO LINDA.,sim
1088547,ELA É DONA DE MIM.,sim
1089350,Senhora é a luz do meu caminho.,sim
1089372,Ele é dono do mundo e eu sou filho do dono.,sim
1089528,Conhecido homem bravo.,sim
1089672,De moça namoradeira.,sim
1089993,É uma mulher envolvente.,sim
1090408,mulher feia fica linda veja o que a cachaça faz.,sim
1090751,Quem me vê com mulher feia pode crer que eu to doente.,sim
1090896,"Ele é seu amigo, seu namorado.",sim
1091389,Menina maluquinha.,sim
1091929,Homem é o animal da terra que mais manda.,sim
1092424,"Domingo lá vem ela caminhando sempre bela, me consolar.",sim
1092615,Faz algum tempo que ele anda descontente.,sim
1093123,Já está preparada a mulher mais amada.,sim
1093130,Na hora do amor você é mulher amante menina.,sim
1094767,"Deus me livre desse cara, ele é nó cego.",sim
1096495,Nunca vi mãe amorosa.,sim
1098018,Viola eu me lembro ainda ela estava tão linda naquela janela.,sim
1098716,"Mulher bonita e viola,.",sim
1100466,Seria um homem muito feliz.,sim
1100880,Ou serei o homem mais triste da terra sem você aqui.,sim
1101436,"Eu chego junto, ó menina doida, como é que eu fico?.",sim
1101657,Ela só quer ser feliz.,sim
1102111,Minha mulher faceira.,sim
1102304,Em homenagem a menina mais amada.,sim
1102721,Se na verdade não andiantou nada ser mulher direita.,sim
1102853,Com seu jeito de mulher amante.,sim
1104341,"com tanta mulher bonita,.",sim
1104680,e dar pra ele a mulher mais perfeita.,sim
1105185,Surgiu um moço grã-fino no meio da multidão.,sim
1105979,homem maduro mas na sua frente.,sim
1105984,sou homem maduro mais na sua frente.,sim
1106511,Ele era um rei.,sim
1106513,Ele foi filho de carpinteiro.,sim
1106518,Mas na vida ele foi doutor.,sim
1106891,Joia adorada namorada amante.,sim
1107076,Estoura essa champanhe que elas ficam louca.,sim
1107532,"Eles são bravos, são tão fortes,.",sim
1107535,Eles são pura emoção.,sim
1107548,São sempre meninos cowboys.,sim
1107555,"Menina moça, loucamente apaixonada.",sim
1107943,Eu sou um moça sincera.,sim
1109060,Ele melhor que eu.,sim
1109121,"homem objeto, quero ser um cara serio amarrar meu.",sim
1109706,Só sei que ela é linda demais.,sim
1109709,Aquela menina misteriosa.,sim
1110099,As meninas ficam louca.,sim
1110292,"Ela tá solteira, ela não tem dono...",sim
1110294,"Ela é muito top, essa mina é sensacional.",sim
1110301,"Musa perfeita, ela incendeia.",sim
1110518,"Ela é exigente, só toma bebida quente,.",sim
1110526,"O menina exigente, ela só toma destilado.",sim
1111052,Era minha mulher feia torcendo a minha orelha.,sim
1111394,Adeus rainha mato-grossense.,sim
1112142,Vem me namorar e vem ser a minha menina mulher.,sim
1112157,"Ele é malhado, eu sou gordinho,.",sim
1112159,"Eu sou gordinho, ele é malhado,.",sim
1112705,Pára de me olhar com esse jeitinho de mulher carente querendo beijinho.,sim
1113808,A mulher honesta de um homem ruim.,sim
1113901,Eu nunca quis ter comigo uma mulher preferida.,sim
1114083,A menina mais querida que me dá inspiração.,sim
1114097,Menina bonita você não me ama.,sim
1114418,Porque um homem verdadeiro sabe caminhar.,sim
1114435,Na moça alegre que pedia pra me acompanhar.,sim
1114587,Eu era um bom moço caseiro e certinho.,sim
1114710,Eu nunca passei tão bem com farra e mulher bunita.,sim
1115116,Homem esperto é aquele que não trabalha.,sim
1115524,"eu so um rapaz solteiro,.",sim
1115636,"Um homem forte e guerreiro,.",sim
1115640,"Me faça mais positivo, homem forte.",sim
1115839,"Só tem mulher bunita, só mulher sapeca.",sim
1115918,"Ele fica sozinho, mas carrega no peito a certeza.",sim
1116060,Mulher bonita e gostosa já peguei mais de mil.,sim
1116220,Minha mulher é parceira.,sim
1116401,Primeira vez que este homem forte e matuto.,sim
1116640,O gosto de uma família é ver a filha bem casada.,sim
1116794,Ela é minha lágrima mesmo sendo prazer.,sim
1116992,Pagando amor à mulher estranha.,sim
1117038,Sou um homem não sou mais menino.,sim
1117695,Sabendo que ela é comprometida.,sim
1117741,"Não tenho culpa, se você a moça crente.",sim
1117819,Ela tem seus defeitos de mulher explosiva.,sim
1117908,Ela era quase criança.,sim
1118059,mulher feia.,sim
1118175,Ela é muito boa.,sim
1118176,Que ela é tranqueira e que 'nois' dois não entoa.,sim
1118178,Ela é muito boa (3x).,sim
1118184,Ela é casada e seu marido é 'brabo'.,sim
1118193,Ela é muito boa (2x).,sim
1118203,Ela é muito boa(2x).,sim
1118325,Onde tem mulher baixinha tem relia e desaforo.,sim
1118328,"Amor de mulher usguenta, catinga, jaratataca.",sim
1118699,conheci o namorado da minha filha caçula.,sim
1118950,"A tereza tá junto, ela é feliz e eu demais com ela.",sim
1119039,Cheio de mulher bonita e as minhas modas cantando.,sim
1119601,Foi me mostrando a menina baladeira que cê é.,sim
1119616,"Deixa ela dançar, deixa ela ser feliz.",sim
1119617,Se alguém falar que ela é vulgar não sabe o que diz.,sim
1119679,Mas só a mulher goiana.,sim
1119681,"Mulher bonita e gostosa, já peguei mais de mil.",sim
1119686,Mas descobri que ela não era comportada.,sim
1119715,Ele é feijão com arroz.,sim
1119727,João já ta veiáco.,sim
1119879,Grande rei violeiro que hoje descansa em paz.,sim
1120401,"Santa me consola, me ajude a vender a viola pra salvar minha mãe querida..",sim
1120477,Muita mulher bonita.,sim
1120730,"Porque ela é pistoleira,.",sim
1120736,"Ela é ligeira,.",sim
1121874,Ele é único e me diz.,sim
1121888,Wiski do bom e mulher bonita.,sim
1121895,Eu tô com ela porque ela é rica.,sim
1121906,"É muito feia, ela é uma traira, é o clone da lacraia,.",sim
1122451,No meu ver a mulher é a dama.,sim
1122500,Fui um grande homem feliz ao seu lado.,sim
1122712,É que esse homem é fraco por um silicone.,sim
1122985,Ela é bonitinha.,sim
1122986,"Ela só tá magrela,.",sim
1123342,"Peguei loira e morena, mulher grande e pequena.",sim
1123529,Essa mulher é fatal um terror.,sim
1123734,A mulher mais linda que eu conheci....,sim
1123903,"Não existe mulher feia, se for também não me importa.",sim
1123981,Eu sou bilhete ela é a loteria.,sim
1124261,Ela é caolha tem unha encravada boca desdentada barriga dobrada tirando a camisa o peito bate no chão ela.,sim
1124395,"Brasil de mulher bonita mais igual aqui não há,.",sim
1124508,Mais comigo ela foi malvada e me deixou no abandono.,sim
1124644,Eta mulher xucra.,sim
1124649,A mulher sertaneja.,sim
1124650,Na beleza ela é campeã.,sim
1125519,Senhora dona eu lhe dou meu coração.,sim
1125523,Senhora deusa da paixão.,sim
1125528,Senhora dona da paixão...,sim
1126524,Qual mulher sensacional - ponto e vírgula.,sim
1126814,"Garota boa, está pra mim,.",sim
1127122,"Tem tanta garota roxa,.",sim
1127708,Ó que dama divinal!.,sim
1128109,"Sou moça decente,.",sim
1128779,Ela foi culpada !.,sim
1128787,"A princesa morena,.",sim
1130290,"Quando a mulher é boa,.",sim
1130294,"Também quando ela é feia,.",sim
1130787,"O vovô sempre foi, um homem feliz,.",sim
1131239,"no mis das vezes ela anda distante,.",sim
1131263,Legião de homens negros como a noite.,sim
1131289,Musa libérrima audaz.,sim
1131293,A tribo dos homens nús.,sim
1131297,"Homens simples, fortes, bravos.",sim
1131302,Viveram moças gentis.,sim
1131508,ele vem seguro e vencendo estrada e muro.,sim
1131660,"São menina amarela, metade de gente.",sim
1131661,"São menino safado, levado, insolente.",sim
1132502,"Com tanta mulher boa,.",sim
1133182,Se assustou com a moça linda.,sim
1133204,Que os homens tão loucos.,sim
1133423,"Vem, meu menino vadio,.",sim
1133504,"Todo dia ele faz diferente,.",sim
1133815,Veja como ele está lindo.,sim
1134413,"Rainha negra da voz, mãe de todos nós....",sim
1135963,Ele é dono do meu destino até o fim.,sim
1135994,"Oxum era rainha,.",sim
1136617,"Essa mulher é muito boa,.",sim
1137085,"Esse menino é gay,.",sim
1137089,"Um dia ele é gatinho,.",sim
1137090,"No outro ele é gatão,.",sim
1137180,"Que garota boa,.",sim
1137314,És um senhor tão bonito.,sim
1137764,Bárbara é santa que me clareia (2x).,sim
1137774,Bárbara é santa que me clareia.,sim
1138058,Ele é casado e eu sou a outra na vida dele.,sim
1138060,Ele é casado e eu sou a outra que o mundo difama.,sim
1138247,"Meninos maus, mulheres nuas.",sim
1138275,E ele é meu rapaz.,sim
1138642,"Garota boa, é quem comanda a guarnição,.",sim
1139132,Ela é da bossa e o marido é um boçal!.,sim
1139152,"O homem pode ser careca,.",sim
1139545,"Legiões de homens negros como a noite,.",sim
1139568,"Musa libérrima, audaz!.",sim
1139572,A tribo dos homens nus....,sim
1139576,"Homens simples, fortes, bravos....",sim
1139582,Viveram moças gentis....,sim
1139989,"Moças operárias, prostitutas meninas.",sim
1139993,A mulher brasileira.,sim
1140208,Mulher mais adorada!.,sim
1140509,"Dorme, menino grande.",sim
1140956,"Leopoldo é homem sossegado,.",sim
1141870,"Ele vem feliz, pois ele vem voltando.",sim
1141912,"Sempre menina franzina, traquina.",sim
1142006,"Tudo são trechos que escuto, vem dela, pois minha mãe é minha voz, como será que isso era?",sim
1143372,"Olha a moça bonita vestida de branco,.",sim
1143377,"E a moça bonita, desceu a ladeira,.",sim
1143383,"A moça bonita enfeitou os cabelos,.",sim
1143618,"Ela nervosa, enfim,.",sim
1144336,Mas o seu marido era rude e calado.,sim
1144776,"Ilumina, ilumina, ilumina, senhora divina, ilumina.",sim
1145593,"Ele é sonho, é som, é sol, é cor, é vida.",sim
1145792,Da mãe preta carinhosa.,sim
1146209,"Ela não quer ser vedete, não !.",sim
1147008,Com você sou um homem forte.,sim
1147364,"Com você, sou um homem forte.",sim
1147616,Vou proteger nossa filha indefesa.,sim
1147662,E desde então o moço bonitão.,sim
1147852,"Ele é casado e eu sou a outra,.",sim
1148392,Ele é o homem.,sim
1151314,Homem bom.,sim
1151397,E o homem virgem que tinha aqui.,sim
1151944,Que ele está apressado.,sim
1152098,De quem falo ele é feio e bonito.,sim
1152107,Ela é carioca da gema.,sim
1152127,Ela é total colorida.,sim
1152603,Mulher amada (mulher amada).,sim
1153075,"Menina linda, por que me olha?.",sim
1154432,"Menina bonita bordada de flor,.",sim
1154433,Menina bonita bordada de flor..,sim
1155736,Um homem bom.,sim
1156047,Ele é meu homem.,sim
1156218,A mina bela de pele lisa.,sim
1157158,"Miguel é bom barqueiro, Aleluia.",sim
1157203,Ele é filho do mestre.,sim
1158843,Desde menina sou búzio da minha terra.,sim
1159838,"Com tanta mulher bonita,.",sim
1160219,"Mulher casada,.",sim
1160228,"Homem casado,.",sim
1160371,"Com mulher rica,.",sim
1160925,senhores ingratos..,sim
1161260,Ela acorda mais bonita.,sim
1161384,Eu sou um homem comum.,sim
1162425,Criança menina flor.,sim
1162601,Ele agora é um passarinho.,sim
1162773,Tu és minha menina caprichosa.,sim
1163165,A mulher é chata e o cachorro late.,sim
1163169,A mulher tá gorda e a mãe dela é sogra.,sim
1163257,"Que ele é tão sincero,não deve findar.",sim
1165564,Esse menino é show.,sim
1166247,É uma menina bonita.,sim
1166698,é quando ele é sincero.,sim
1167544,"Rei morto, rei posto.",sim
1167928,"O moço ficou tão empolgado,.",sim
1168991,O menino é o dono do mundo.,sim
1169820,e tem conversas com a mãe ausente.,sim
1173493,Para a filha predileta.,sim
1173498,A nossa princesa nagô.,sim
1173620,Ele é livre como os ventos.,sim
1175542,No caminho dessa cidade as mulheres são morenas.,sim
1176039,Ela é humana e é divina essa voz.,sim
1176041,Ela é a voz de todos nós.,sim
1176748,Então pensei: ela é bela.,sim
1177061,Ela é a cobra do meu paraíso.,sim
1177062,Ela é a dobra do meu paraíso.,sim
1177063,Ela é a sobra do meu paraíso.,sim
1177064,Ela é a sombra do meu paraíso.,sim
1177065,Ela é a cobra.,sim
1177720,Eu queria ser como ele assim cruel como o mundo.,sim
1177737,Eu queria ser assim como ele cruel como o mundo.,sim
1177794,Vem justiceira mãe majestosa.,sim
1177959,"Homem feliz, mulher carente.",sim
1178449,Ela entra divina beleza em meu coração.,sim
1178698,Moço lindo do.,sim
1180069,Ele dançava bem melhor.,sim
1180143,Filho de mãe solteira.,sim
1181175,Soldado menino soldado de louça.,sim
1181304,Um velho e pobre homem estanca.,sim
1181552,Ela é a cara do custo de vida.,sim
1183197,A mãe me ensina que ela é bela.,sim
1183204,Mulher e homem é o amor.,sim
1183230,A mãe ensina que ela é sábia.,sim
1183302,E lá vai menino lambendo podre delícia.,sim
1185274,Ela brilha igual mussafera.,sim
1185607,Mina interessante.,sim
1185893,Ela tá muito louca.,sim
1185917,Ela tá mó brisada.,sim
1185983,Essa garota parecia forte.,sim
1187079,"Olha, será que ela é moça, será que ela é triste.",sim
1187227,E o menino brasileiro.,sim
1189008,A garota mais bonita também era a mais rica.,sim
1189219,Uma garota bacana.,sim
1189874,Menina bonita com o céu azul.,sim
1189875,Ela é uma beleza.,sim
1190437,Pois ele é guerreiro.,sim
1190438,Ele é bandoleiro.,sim
1190439,Ele é justiceiro.,sim
1190440,Ele é mandingueiro.,sim
1190446,"Pois ele é sentimental, é humano, é nobre,.",sim
1190880,"""Ele é um homem e entende tudo"".",sim
1191488,"a (ha) mulher ideal, assim.",sim
1191492,a(ha) mulher ideal não tá ai.,sim
1191500,a(ha) mulher ideal não tá aí.,sim
1193062,"Cuidado, com ela bela menina,.",sim
1193063,"Cuidado, pois ela é palestina..",sim
1193070,"Quando ela larga seu fuzil e quase nua,.",sim
1193084,"Cuidado, pois ela é palestina.",sim
1194386,E um homem é mais sólido que a maré.,sim
1195106,Ela é mais sentimental que eu!.,sim
1195932,O menino mais bonito que me apareceu.,sim
1196505,Um homem sábio nunca vai se entregar.,sim
1196886,Ela é toda dor e toda mágoa.,sim
1197401,Desses homens sórdidos.,sim
1199709,A minha mina é figurativa.,sim
1199713,a minha mina é maluca.,sim
1200102,Ele é claro e é negro e na noite.,sim
1200882,E o homem é mau.,sim
1201937,Eu descobri um mundo teu e ele é manso.,sim
1202250,"Ó, minha menina bonitinha eu te dei.",sim
1202259,"Ó, minha menina bonitinha, eu te dei.",sim
1202540,Um homem bem mais feliz.,sim
1202693,Que eu sou teu homem vil.,sim
1205700,De braços abertos essa mãe ossuda.,sim
1205910,"Nega, menina direita.",sim
1206179,Ele não é viado.,sim
1207491,Se o homem nasceu bom.,sim
1208142,Ele era tão pobre que seu dinheiro.,sim
1208145,Ele era tão cego que só via.,sim
1208148,Ele era tão frágil.,sim
1208152,Ele era tão triste que não podia.,sim
1208158,Ele era tão normal.,sim
1208714,Ela era tão bonita que ensandecia a tropa.,sim
1208726,Ela é a moça certa carregando aquela tocha.,sim
1209798,senhora datilógrafa anota aí na máquina.,sim
1210711,Ele quer ser famoso ele quer ser pop star.,sim
1210832,"O garoto prodígio, perdeste o dom.",sim
1210839,Pra um rapaz tão viril.,sim
1210976,talvez uma garota estranha.,sim
1211215,Pra comprovar que as meninas tem melhor educação.,sim
1212653,Ele está preocupado em dar o dinheiro.,sim
1212909,"Para mim ele é lindo, para outros talvez.",sim
1214289,Ele é o bom é o bom demais.,sim
1214630,Ele é dono de tudo.,sim
1214634,Ele é o dono da festa.,sim
1214636,Ele sempre está certo.,sim
1214638,Ele é o maioral.,sim
1214639,Ele é o bonzão.,sim
1214659,Ele é o campeão.,sim
1215300,O homem branco e o homem negro.,sim
1215499,O Rei está nu.,sim
1216346,Por uma mulher fria.,sim
1217029,"o homem nú estava preso, o homem nú se libertou.",sim
1217030,"o homem nú está aqui, o homem nú te faz tão mal.",sim
1217031,porque tanto desconforto com o homem nú?.,sim
1217035,"o homem nú assaltou um banco, o homem nú perdeu a razão.",sim
1217040,o homem nú subiu ao palco e fez o que você não quis.,sim
1217041,o homem nu não te tocou mas você se sentiu invadido.,sim
1217043,o homem nu rasgou a bíblia mesmo não tendo religião.,sim
1217206,"E ai poderemos sorrir como mulheres negras,.",sim
1218366,Seremos homens melhores.,sim
1219027,"E os seus amigos, eles são patéticos demais pra mim..",sim
1219284,"Eles são caretas, doentes, não sabem ver beleza.",sim
1219691,Elas já estão prontas!.,sim
1221433,Uma mulher gostosa sentou ao meu lado.,sim
1221508,Ela é uma mulher que tem personalidade.,sim
1221516,Ela é sinistra e eu admiro ela demais.,sim
1221545,"Ela é parceira, ela é gostosa.",sim
1221546,"Se garante, é poderosa, ela é mulher, ela é sagaz.",sim
1222841,"Sua trança bonita, ela é badauê.",sim
1222857,Menino baiano tem um jeito de dançar.,sim
1223207,"Cheiro, de uma princesa linda.",sim
1224758,"Eles são legais, além do mais,.",sim
1224886,Ela era a filha mais bela.,sim
1224943,Ele é careta.,sim
1224946,Ela é um capeta.,sim
1224949,Ele é porreta.,sim
1224958,Ela é fumeta.,sim
1224961,Ele é um planeta.,sim
1224987,E ela é um capeta.,sim
1225000,E ela é fumeta.,sim
1225004,Mas ele é um planeta.,sim
1230439,"um estudante, uma mulher sozinha.",sim
1233067,primeiro ele foi sonhado lá no céu.,sim
1233959,Da nossa mãe preta bahia.,sim
1234085,armário de mulher dama.,sim
1234547,Tipo senhorita criticada quando atual.,sim
1234767,Eles são tão complicados.,sim
1234795,"Mulher fatal, menininha indefesa.",sim
1235579,Ele é profundo mano.,sim
1235746,Elas são autoria do sono.,sim
1235794,As mina louca pra tirar a roupa.,sim
1236062,"Ela é linda, ela é diva ela sabe e gosta.",sim
1236192,"Linda, ela incrivel tipo a minha melhor rima.",sim
1236211,"Mas ela era tão linda, então não entendia.",sim
1236298,Eles tão incriveis pra mim.,sim
1236781,Mulher é verdade.,sim
1238669,Moça preta do curuzú.,sim
1239196,"não são fáceis, eles são difíceis.",sim
1239286,Por que tenho a princesa mais linda.,sim
1239439,sua menina loca.,sim
1239457,"Menina linda eu te adoro, aahh.",sim
1239458,"Menina pura como a flor, uououou,ah.",sim
1239464,Menina linda do cateretê.,sim
1239496,Paulo é samba no berço da madrugada.,sim
1239551,Menina bela.,sim
1239887,Em donzelas tímidas.,sim
1240344,"Se ela é dança, se ela é grude.",sim
1240449,"a esperança perdida, de um homem carente.",sim
1241480,Ela canta lindo.,sim
1241724,"Somos deusas, mulheres incríveis.",sim
1241728,Todas deusas são mulheres.,sim
1242105,Que ela já era morta tava livre da ilusão.,sim
1243163,vê gente nova mulheres bonitas.,sim
1243511,Pois ele foi tão covarde levou minha alegria.,sim
1243661,Ele é meu aconchego é minha paixão é meu cobertor.,sim
1244098,Ela é imponente dona da situação.,sim
1244293,"NÓS ""TÁ"" POR CIMA, ELES TÃO POR BAIXO.",sim
1244397,sofrendo por ela chorando por ela louco de paixão.,sim
1244582,sou o homem ideal.,sim
1244607,Pra você serei sempre o homem ideal.,sim
1244744,E mulher bonita.,sim
1246025,Quando eu vi uma mulher tão diferente.,sim
1246210,"E os meus amigos me dizendo, ela está afim..",sim
1247502,Eu sou um pobre menino rico.,sim
1248088,E ela é violenta.,sim
1248246,Ela é a deusa que passa que deixa sem brilho a lua.,sim
1248248,Com essa deusa menina o amor tem que ser com fúria.,sim
1248249,"Essa menina é bandida, é uma deusa é furacão.",sim
1249794,Imagina ela solteira.,sim
1249871,"Todo homem tá cansado, já chifrou, já foi chifrado.",sim
1249878,Vai atrás de menina loucamente apaixonada.,sim
1249990,Sensual é menina mulher.,sim
1249998,Mas no fundo ela é legal.,sim
1250008,Com outra sou um homem infeliz.,sim
1251281,"Glamurosa, top, ela é capa de revista.",sim
1252340,Em ser uma mãe solteira.,sim
1252428,Eu serei a mulher mais feliz deste mundo.,sim
1253110,Fazer de mim a mulher mais feliz do mundo.,sim
1253371,Quero ser com você um homem amoroso.,sim
1253982,Ela esquece que é moça fiel.,sim
1254544,Quem gosta de homem bonito é viado.,sim
1254787,Se tiver mulher bonita.,sim
1254799,Adão não era viado.,sim
1254993,Que a mulher bonita tem.,sim
1255292,Ele sendo homem direito.,sim
1255958,Tem tantas moças bonitas parece um romper da aurora.,sim
1256161,eu sou um homem muito franco.,sim
1256169,Foi um homem fazendeiro.,sim
1256180,Pois um homem boiadeiro.,sim
1256190,Silvério sendo um homem ativo.,sim
1256495,Ela foi bandida e me abandonou.,sim
1256591,A mulher batia mole.,sim
1256603,"Quem tiver moça bonita,.",sim
1256869,Tem mulher bonita e apaixonado eu to.,sim
1257627,O beijo da mulher goiana.,sim
1257647,Tem muito homem esperto que não trabalha.,sim
1257720,Homem criança que vive sonhando mesmo acordado.,sim
1257782,Mulher boa me balança mas a viola muito mais.,sim
1257944,Pois a meu lado ele não era feliz.,sim
1258677,Mulher bandida.,sim
1259831,Tinha um homem grandalhão.,sim
1259965,A ilusão da moça nova.,sim
1260106,A minha esposa sincera.,sim
1260301,Pureza era bela em sua humildade.,sim
1260305,Pureza era pobre e sofria a pobreza.,sim
1260331,As mulher são igual a cachaça.,sim
1260390,eu vou garantir seu nome pois eu sei que ele é homem.,sim
1260429,Mulher seja preta ou seja branca.,sim
1260431,Por elas preto e branco.,sim
1260465,"E a minha mulher, ela é uma coitada.",sim
1260467,Por moda de viola ela é apaixonada.,sim
1260666,Estão na memória de um moço exigente.,sim
1260720,Amado é pepino japonês.,sim
1260856,Surgiu um moço granfino.,sim
1261099,O meu papo foi furado a mina ficou maluca.,sim
1261133,O pensionista tinha uma filha linda.,sim
1261138,E um homem ativo nem não deu satisfação.,sim
1261218,Antônio foi padrinho.,sim
1262302,Quero uma mulher bonita.,sim
1262382,Deus que moça bruta.,sim
1262849,E casar com mulher velha minha mãe não vai gostar.,sim
1262929,Ele é seu irmão.,sim
1263004,Pensa numa mulher ruim.,sim
1263464,"Conheci um moço pobre, honrado e trabalhador.",sim
1263524,De moças bonitas do rosto corado.,sim
1263533,Formaram equipe de homens direito.,sim
1264069,"Que nada meu chapa, é filha única, bicho!.",sim
1264105,Cheguei a turma pra frente quero ver homem valente.,sim
1264261,O marido bravo desce o porrete.,sim
1264328,Ela será mulher casada.,sim
1264438,Casa com mulher ciumenta os seus gosto pouco atura.,sim
1264467,Disse ao velhinho com o gesto de homem mal.,sim
1264515,Essas moça namorista só garrega fantasia.,sim
1264527,As moças namoradeira eu tenho pena das coitada.,sim
1264565,De um rapaz cortês.,sim
1264573,Quando a minha mãe aflita.,sim
1264600,Eu não sou um bom marido mesmo assim ela me ama.,sim
1264615,Eu sou um homem feliz desde quando eu pus aliança.,sim
1264697,Já fui um moço ciumento fiquei velho fiquei pior.,sim
1264814,Menina moça não chores tanto.,sim
1264842,A menina mais bonita.,sim
1264904,"Veio uma moça linda, nunca vi assim.",sim
1265150,Marido vadio tem desculpa gozada.,sim
1265154,Mulher envelhece fica desbeiçada.,sim
1265161,Mulher ciumenta é o que ele detesta.,sim
1265530,Ela foi muito maldosa.,sim
1265798,"Eu cresci e mudei, ela sim sempre linda e bela.",sim
1266127,Cheio de mulher bonita e minhas modas ponteando.,sim
1266171,"Ela é moderna, é patricinha.",sim
1266384,Na minha teoria ela é a prática.,sim
1266900,Deus que mulher bandida.,sim
1267024,Se a filha for bonita.,sim
1267129,Mulher ingrata vai dormir na rua..,sim
1267292,A senhora muito triste.,sim
1268018,A mãe é muito mancinha.,sim
1268019,Mas a filha é muito braba.,sim
1268038,Veja que mulher bonita.,sim
1268309,Com moço pobre eu não caso.,sim
1268610,"Você era uma menina feia, de chinelinhos nos pés.",sim
1268629,"O tempo transformou, aquela menina feia.",sim
1268633,seu marido apaixonado cheio de amor e fé.,sim
1268746,"Ela é pura emoção, aah aah pura emoção.",sim
1269555,Mas o homem estava morto tinha sido castigado.,sim
1269562,Mas ela é verdadeira só o bom caminho ensina.,sim
1269566,Marido bonito e a mulher faceira.,sim
1269592,Ela é grande na beleza.,sim
1269598,Ela não é estrangeira.,sim
1269599,Ela é brasileira pura.,sim
1269640,Por ser uma mulher falsa.,sim
1270041,As moças bonitas na sala saiu.,sim
1270044,"Vendo moça bonita, das feia eu desvio.",sim
1270141,Maneco dois homens aventureiro.,sim
1270557,Eu já vi homem valente.,sim
1270596,Cantando vou defendê menina namoradeira.,sim
1270904,Enquanto eles vivem felizes.,sim
1271667,Até ontem eu era a mina perfeita.,sim
1272539,Ser homem solteiro.,sim
1273037,Isso é forte demais faz um homem sentir-se incapaz.,sim
1273632,Essa vaneira vai pra todas as meninas carinhosas....,sim
1273633,"Essa vaneira é pra menina carinhosa, que dá beijinho quando a gente sai lá fora,.",sim
1273634,"essa vaneira é pra menina carinhosa, que faz denguinho quando a gente vai embora,.",sim
1273725,Mulher feia é ciumenta.,sim
1273953,"Eita mulher difícil, complicada assim não há,.",sim
1273975,"Pra beijar minha mãe velha, minha prenda e os meus piás..",sim
1274714,"Ela é sol a meia noite, ela é luz do horizonte.",sim
1274993,"Sereia é coisa de mar, mulher é coisa de bar.",sim
1275506,Ela é luz do horizonte.,sim
1275964,Tem tanta mulher boa por ai jogada fora.,sim
1275971,Gosto de mulher comum.,sim
1276423,"E se a cerveja está gelada, ela fica mais bonita.",sim
1276829,Ela é inteira e quer alguém.,sim
1276994,Com ela sou feliz.,sim
1278123,Menina morena.,sim
1278188,"Menina linda, tão bela.",sim
1278375,A moça não é nenhuma miss.,sim
1278404,"""Ela é virgem, só que morou no.",sim
1278458,Minha mulher maravilha.,sim
1278519,"Ele é amor, a força e o poder.",sim
1278699,Vou ser um rapaz direito.,sim
1278913,Essa vaneira é pra menina carinhosa.,sim
1279315,"ele é grande, ele é tudo, ele é mais.",sim
1280267,Essa mulher é uma loucura tem olhar fatal.,sim
1281485,Você uma mãe solteira abandonada pelo ex marido.,sim
1282486,E é por isso que ele já foi censurado.,sim
1282914,"Mulher bonita e muita cerveja gelada,.",sim
1283446,Sou homem maduro mas na sua frente nao sou mais que um menino.,sim
1283450,Sou homem maduro mas na sua frente não sou mais que um menino.,sim
1283458,Sou homem maduro mas na sua frente pareço um menino.,sim
1284091,Porque só mulher bonita.,sim
1284111,Porque só mulher bonita é.,sim
1285075,"Você era uma menina feia, de chinelinho nos pés.",sim
1285687,Que ela já tá louca.,sim
1285696,Ela tá pirada.,sim
1285733,Beijar a menina mais linda do lugar.,sim
1286780,Que ele é perfeito pra você.,sim
1287581,E a mulher aguentando quieta.,sim
1287593,E a mulher aguentando quieta dormindo sem ter o treco.,sim
1288085,Que a moça não era minha namorada.,sim
1288181,Essa mulher é minha vida.,sim
1288183,Ela é dona de mim.,sim
1288638,Já não tem mais mulher feia.,sim
1289428,"Deus, tira da minha vida essa mulher bandida.",sim
1289471,Com ela é forte.,sim
1290111,Ele é livre pra voar.,sim
1291201,Cumade ta diferente e você nem desconfia.,sim
1291250,Hoje quem manda é as mulher solteira.,sim
1292052,"Ela é gostosa, só faz isso pra me provocar,.",sim
1292358,Mas que menina indecente.,sim
1292856,"Só porque ela é bonita, uma mulher maravilhosa.",sim
1292888,Duas mulheres é bom.,sim
1293009,Ela é mulher sensual.,sim
1293252,Mas se tem mulher bonita.,sim
1293290,Mulher bonita eu pego no abraço.,sim
1293291,Menina moça a gente namora.,sim
1293559,Ela foi bem criada.,sim
1293578,Ela é a gata do poder.,sim
1294951,Ela é a menina dos meus sonhos.,sim
1295011,"Ela é discreta, ela é legal, minha amiga.",sim
1295157,Ela é toda nervosinha.,sim
1295169,Ela é toda mimada.,sim
1295280,"Ela é uma mina decidida, é inteligente, é minha amiga e sabe o que quer.",sim
1295296,"Mulher independente, ela só quer aproveitar.",sim
1295300,Essa mina é linda.,sim
1295305,"Ah, essa mina é linda.",sim
1295307,Ela é aquela música que eu não sei escrever.,sim
1295626,"Eu sou comprometido, eu sou homem casado....",sim
1295627,"Menina bonita dos zói ingatinhado,.",sim
1295719,Aqui não paga entrada mas moça bonita.,sim
1295728,Passei o fim de semana com uma menina bacana.,sim
1295732,Minha mulher é ciumenta mais brava que pimenta.,sim
1295736,Ela tá virada no peba essa mulher tá com feitiço no coro.,sim
1295771,Aqui não paga pra andar moça bonita.,sim
1296585,"Pra mulher zangada, presente é um calmante.",sim
1297191,"Ela é top, é filé,.",sim
1297195,"Ela envolve, ela é quente.",sim
1297526,"Poxa, como ela tava linda.",sim
1297830,Menina doce.,sim
1297856,Que menina louca.,sim
1297859,"Ela fica louca, quer beijar na boca.",sim
1297945,"Menina faceira, fera no cio.",sim
1297985,"Ela fica louca, louquinha, perde a razão.",sim
1299236,Instagram ela é top da balada.,sim
1299237,Pessoalmente ela é toda instagrada.,sim
1299761,Ela tá louca de uísque.,sim
1299897,Essa mina é esperta.,sim
1299902,Ela é a marreta que te arrebenta.,sim
1300905,Um homem quando tá apaixonado.,sim
1301258,Jeito triste de um menino tão carente.,sim
1301642,Será que ele não é competente.,sim
1301731,E do meu lado eu só quero mulher solteira.,sim
1301884,Tira o olho dessa mina ela é a filha do patrão.,sim
1301896,Se ela é linda demais.,sim
1302706,E uns cabides que ele é espaçoso.,sim
1302819,Pega mulher feia pra fazer o amigo feliz.,sim
1304699,"Ela é imponente, dona da situação.",sim
1305021,Que mulher bandida!.,sim
1305249,"Sua mãe foi mãe, e foi pai.",sim
1306180,E tem mulher bonita esperando quem vencer.,sim
1306213,que mulher bonita.,sim
1306348,Vou procurar uma mulher bonita.,sim
1306375,Mas quero o coração de uma mulher xonada.,sim
1306970,A mulher mais bela que eu tanto amava.,sim
1307002,aconteceu porque perdi minha mulher querida.,sim
1307124,Só a mulher é capaz de me fazer chorar a toa.,sim
1307309,Ela é cara deu pau.,sim
1307704,Pode se ir embora mulher traiçoeira.,sim
1307710,A minha esposa é mulher sincera.,sim
1307768,Seu marido é ruim.,sim
1307774,Ele é mais bonito.,sim
1307776,Seu marido é pão duro.,sim
1307784,Seu homem é mal acabado.,sim
1307789,E larga esse homem frouxo.,sim
1308255,Sou homem independente.,sim
1308455,Eu sou um homem direito pode crer que sou perfeito.,sim
1308528,Eu dei um beijo nela ela é bonitinha.,sim
1308789,"Ela veio sorridente, com uma cara de pu...xa vida, como ela tava linda!.",sim
1308939,quero uma mina porreta.,sim
1308993,"Eles querem jogar bonito, eu só quero é por pra.",sim
1309135,A Eva é possuída.,sim
1309173,"Deus, que filha linda.",sim
1309218,Mulher iguais à elas no mundo.,sim
1309401,que mulher brava igual.,sim
1309493,Tem mulher solteira aí?,sim
1309581,Qualquer homem exigente logo fica apaixonado.,sim
1309766,(A oooooh moçada ele ficou sozinho na estrada numa poeira danada!).,sim
1310422,Dar um cheiro na cumade pra ela não ficar sozinha..,sim
1311029,Mulher é bom concordo plenamente.,sim
1311031,Mulher é igual carro novo na garagem.,sim
1311085,Nois semos lindo nois é herói nois é mocinho nois é.,sim
1311087,Nois semos lindo nois é herói nois é metido nois é.,sim
1311121,"Mulher bonita e gostosa, nóis ganha é de montão,.",sim
1311303,Mulher bonita gosta de dinheiro.,sim
1311307,Mulher bonita tem muito valor.,sim
1311314,Em mulher bonita é o meu investimento.,sim
1311318,Mulher bonita tem no mundo inteiro.,sim
1311609,Senhor verdadeiro.,sim
1311760,És a mulher mais querida.,sim
1311817,Menina bonita não chore assim.,sim
1311829,"(""Ô menina bonita!.",sim
1311913,Esta que é a deusa linda dos meus sonhos.,sim
1312110,Ou serei o homem mais triste da.,sim
1312153,"baile com pouca mulher é fácil de arrumar encrenca,.",sim
1312156,ela veio sorridente com uma cara de....,sim
1312157,"puxa vida com ela tava linda,.",sim
1312355,Goiano é apaixonado e o mineiro não fica pra trás.,sim
1312404,A moça era milionária filha de um fazendeiro.,sim
1312405,O moço era bem pobre mas muito bom violeiro.,sim
1312416,E hoje por ele ser pobre.,sim
1312859,Fico de longe se acho mulher casada.,sim
1313315,Mas eles estão enganados toda noite sou feliz.,sim
1313660,"Ah, ela é brincadeira, é porta bandeira.",sim
1313746,"safada, manhosa, menina faceira.",sim
1314159,"Ela pode, ela é top.",sim
1314164,Essa garota fascina.,sim
1314786,Minha garota manhosa.,sim
1314993,A mulher é coisa boa não existe discussão.,sim
1315004,Homem casado é aquele que leva doce na festa.,sim
1315048,Sou homem comum.,sim
1315715,Ouvi a voz da menina mais carinhosa.,sim
1315764,Sou o homem mais feliz do mundo.,sim
1316038,mulher bonita de olhar esperto.,sim
1316157,Homem manchudado sabe.,sim
1316499,"Em breve o senhor padre, vai selar nossa união.",sim
1316757,"Será essa mulher querida, amante amiga desse meu viver.",sim
1316847,"sorrindo ela veio quase despida, se atirou nos meus braços ofereceu seu amor, sai arrassado daquele lugar, triste.",sim
1317556,Ela é alérgica de vários temperos.,sim
1317580,Eu queria ser um homem pássaro.,sim
1317693,Ela linda no altar.,sim
1317825,Parecia um menino inconsequente sem destino.,sim
1318041,Essa moça tão linda nem sequer imagina.,sim
1318115,Safada manhosa menina faceira.,sim
1319297,Deus ela é igualzinha a você.,sim
1319815,"Ninguém faz amor comigo do jeito que ela fez, ela é a bola da vez, ela é a bola da vez..",sim
1319820,Ela tem o feitiço ela é dona do meu corpo e do meu coração..,sim
1319836,"Ninguém faz amor comigo do jeito que ela fez, ela é a bola da vez, ela é a bola da vez.",sim
1319996,Itaúna tem moça bonita.,sim
1320071,mulher bonita gente boa coisa fina.,sim
1320547,"Minha mulher é feia demais, mas tem dinheiro bisurdo!",sim
1320554,Mas ela é cheia da nota e o meu nome tá crescendo.,sim
1320555,"Ela é tão feia, mas é de família nobre.",sim
1320559,"Minha mulher é feia, mas vamo lá minha gente!",sim
1320562,Ela estava enfuazada querendo me agredir.,sim
1320565,Hoje estou rico e tenho mulher ciumenta.,sim
1320582,O meu chão sagrado de mulher bonita.,sim
1320767,"preciso lutar com a vida para lhe dar, mãe querida.",sim
1320875,Mais barato pra um homem roceiro.,sim
1320963,Um homem apaixonado vai ficando intediado.,sim
1321038,A moça é linda demais.,sim
1321039,Por uma mulher bonita.,sim
1321079,Tenho uma mulher bonita.,sim
1321114,Com a mulher mais linda desta região.,sim
1321201,Ela vive tão distante.,sim
1321415,Cheguei a turma pra frente quero ver o homem valente.,sim
1321469,Mulher é bom de mais eu quero é namora.,sim
1321547,Ela é triste demais.,sim
1321718,"Oh, minha mulher amante.",sim
1322012,Ela era igual a você.,sim
1322112,Maria agora está ficando muito rica.,sim
1322129,Sou italiano minha mãe é espanhola.,sim
1322147,Ela é bonita e diz que me ama.,sim
1322150,Bonita de cima em baixo essa mulher é uma loucura.,sim
1322158,Ela é uma jóia rara não se encontra por ai.,sim
1322962,No verão faz frio e quando é inverno ele fica quente..,sim
1323479,Um monte de menina linda vai cair na minha rede.,sim
1323579,A mulher mais feliz.,sim
1323864,Eu era um homem feliz da vida.,sim
1324400,Ela é a paz que está dentro de mim.,sim
1324402,Ela é a essência desse amor que me domina.,sim
1324405,Ela é a essência da minha felicidade.,sim
1324406,Ela é a saudade.,sim
1324983,Que vem da mina mais bonita que se viu.,sim
1325182,Até as moça granfina.,sim
1325246,Pois uma mulher ingrata fez morada no meu coração.,sim
1325308,Por mais que o homem tenta ser insuperável.,sim
1325477,Homens honestos que lutaram pra vencer.,sim
1325760,O fazendeiro homem rico e caprichoso.,sim
1325834,Pois ele foi operário e hoje é um forte empresário.,sim
1325966,Essa moça caipira uma hora.,sim
1325977,Não tô preocupado ela é minha rainha.,sim
1326240,Ele passava folgado.,sim
1326675,A mulher mais linda que adoro tanto.,sim
1326716,"Onde tem mulher bonita, to chegando pra ficar.",sim
1327422,Ela é jovem bonita é linda demais.,sim
1327428,Sabe de tudo mulher inteligente.,sim
1327493,Eu gosto muito dela ela vai ser minha senhora.,sim
1327700,ela sozinha estava na calçada.,sim
1327994,"Pois era ela, minha esposa amante.",sim
1328323,Ele é um cavalinho equipado.,sim
1329113,"Ela muito assanhadinha, não deu pra segurá.",sim
1329157,De ser um homem feliz em eterna união.,sim
1329357,Ele é honesto é muito honrado.,sim
1329441,"Iraci, uma mulher fiel.",sim
1329625,Ele é presente em qualquer lugar.,sim
1329758,Entre as flores da estrada ela é a rainha.,sim
1329760,Se ela vive sozinha na carreta apaixonada.,sim
1329858,Ela foi minha riqueza.,sim
1329862,Mulher é a felicidade.,sim
1329863,Mulher é a fonte do prazer.,sim
1330650,"Ela dar pra nois que nois é patrao, ela da pra nois que nois é patrão ,ela da pra nois que nois é patrão olha a contravenção (bis).",sim
1330833,"Gosto de mulher bonita, de viola e cantoria.",sim
1330852,Ela tá maluca.,sim
1330861,Ela tá doida pra comprar.,sim
1330917,moça tão bonita bonita chama minha atenção.,sim
1331186,"Ela,ela ela é uma cadela.",sim
1331265,Tome cuidado com a mulher bandida.,sim
1331276,Diz que ela é pura na gastura meu irmão.,sim
1331579,"Ele é completo,.",sim
1331789,"Menina piveta, da natureza divina.",sim
1332035,Com a mãe loura você malha todo dia.,sim
1332042,E com a mãe loura calorias vai perdendo.,sim
1332060,Com a mãe loira.,sim
1332422,vem vem menina tarada.,sim
1332944,"Porque ela é impossível,.",sim
1332950,"Ela é impossível,.",sim
1333109,Mina cheia de marra de bam.,sim
1333627,Ela é surreal quando rebola senta e kika.,sim
1333628,Ela é surreal que delicinha de menina.,sim
1333629,Ela é surreal com esse corpinho me alucina.,sim
1333630,Ela é surreal quando ela para empina assim.,sim
1333631,Ela é top capa de revista.,sim
1333636,Ela é surreal.,sim
1333843,"aí eu falei: 'porra, ela era bonitinha né, de roupa, vamo vê depois que ela fica pelada'.",sim
1334152,"Mina caolha,.",sim
1334157,"As mulher feia,.",sim
1334177,Mulher perneta.,sim
1334181,As mulher feia.,sim
1334275,"Mas, se chegar outro, ela fica bolada.",sim
1334495,"Viu pela foto uma mulher bonita, uma gatinha do corpo.",sim
1334505,"Mais quando tu viu, você gritou: Caraaaaaaaaacaaaaa, ela é feia demais.",sim
1335925,Uma mulher quase nua.,sim
1336038,Se minha mulher descobrir tô perdido..,sim
1337451,Tu quer se tonar mulher novinha?.,sim
1337638,Que só quer homem casado.,sim
1338111,ele é peludinho e gostosinho de apertar.,sim
1338274,"Chic é nada, ela é cachorra na.",sim
1338292,"Na frente da familia, ela é comportadinha,.",sim
1338293,"matem o seu estilo: de garota patricinha,.",sim
1338308,ela é cachorra na.,sim
1339812,"Ela é cínica, mas ela.",sim
1339831,"Ela é quente, ela é carente.",sim
1339832,Ela é a mistura mais potente.,sim
1341675,Ela é muito bonita podes crer que ninguém viu..,sim
1341772,Ela é muito bonita podes crer que ninguém viu.,sim
1341803,quatro paredes ela fico maluquinha e o pau no cinco ela.,sim
1341872,Mais ela é muito feia.,sim
1341965,"Ela é muito engraçada,.",sim
1342746,Ele é o rei do quadradinho.,sim
1342979,No baile ela ta louca.,sim
1343214,Eita que mina maluca..,sim
1343334,"que a fiel fala que ele é meu,.",sim
1343340,"Mas a fiel fala ele é meu,.",sim
1343349,por qualquer mulher imunda.,sim
1343457,Essa mina é uma uva.,sim
1343605,princesa natural.,sim
1343895,"Ele era funkeiro, mas era pai de família..",sim
1343912,Outros o criticavam porque ele era funkeiro..,sim
1344502,Seu menino lindo.,sim
1344506,"Minha menina linda, minha menina linda.",sim
1344507,Minha menina linda.,sim
1344535,"Sou tua mina linda, sou tua mina linda.",sim
1344536,Tua mina linda.,sim
1344630,Eu sou diferente menina chapa-quente.,sim
1345165,Sai garoto chato.,sim
1345500,Senhor cavaleiro da paz.,sim
1345693,Deixa a mãe feliz e a família bem.,sim
1345895,Hoje amanheceu e ela acordou disposta.,sim
1345915,Amanheceu e ela acordou disposta.,sim
1346098,"ela é impossível,.",sim
1346279,Mano é mó beleza o cabelo da morena é lindo de natureza.,sim
1346320,Sua loira é muito feia ela é a loira do banheiro.,sim
1346357,Ela é tão branca que parece o vermelho.,sim
1346369,Deixa eu falar sua mina é muito feia.,sim
1346479,Pra todas namorada maluca do.,sim
1346486,homem casado ja tenho minha pretinha pra fazer.,sim
1346595,ela é cadela.,sim
1346659,lá vem ela é a larguinha da favela.,sim
1346678,lá vem ela é a larguinha da favelaaa.,sim
1346685,lá vem ela é a gatinha da favelaaa.,sim
1346718,Mas essas minas são sinistras e.,sim
1346839,"Insiste que ela é feia, mas gosto não se discute.",sim
1346939,As mulheres safadinhas.,sim
1347055,"Ela é impossível, que novinha terrível.",sim
1347194,nois não é modelo porra so vamo faze um show.,sim
1347454,Ai que homem gostoso.,sim
1347559,"ela tá bolada,tá nervosa,tá querendo aparecer.",sim
1347628,quanta mulher boa...ahahaha.,sim
1347633,Ela chata demais...,sim
1347799,Uma mina tão linda fez eu me apaixonar.,sim
1347923,Nóis tem mulher coroa e já nem sei quantas novinhas.,sim
1349192,Ela é negra.,sim
1349414,"Ela sobe ela desce, ela quica no meu.",sim
1349938,"Oh yes, essa garota é nota 10.",sim
1349946,Eu conheci uma menina muito atraente.,sim
1350279,"bolada, ela tá nervosa, tá querendo aparecer.",sim
1350352,Ela quer descer lindinha.,sim
1350482,"É viciante, ela é feita de açúcar.",sim
1350487,Ela é mais quente que pimenta malagueta.,sim
1350705,Com a mãe loira agacha e levanta..,sim
1350817,E ai mãe loira tá no ponto ?.,sim
1350818,Com a mãe loira você malha todo dia.,sim
1350822,E com a mãe loira calorias vai perdendo.,sim
1351351,Jesus sou enviado.,sim
1351557,Nem toda mulher é vaca.,sim
1351671,"O tatu foi homem pobre,.",sim
1351694,VAI CUIDAR DA TUA MULHER SIRIGAITA ESSA POLACA.,sim
1351849,Ou um lenço de mulher vulgar.,sim
1355078,Há muitos homens importantes.,sim
1355544,Todos as vezes que o homem velho.,sim
1356197,"Veja bem, sou homem maduro.",sim
1356276,Mas o rapaz ficou paralisado e em silêncio.,sim
1356757,Um garoto imbecil a se repetir...,sim
1357290,e elas são tão secas..,sim
1357975,Mulher rendeira.,sim
1358000,os pais da namorada libanesa.,sim
1359341,O Tião é um homem valente.,sim
1359355,Se toda mulher é viúva negra.,sim
1359363,É de homem vaidoso ou metrossexual.,sim
1359371,"De mulher rica, livre e poderosa.",sim
1359372,"Eu, homem objeto; ela mulher incompleta.",sim
1359382,Para seu desejo de mulher fatal.,sim
1359393,"Quis ser feliz, pagou o preço.",sim
1359843,Com a vida de homem casado.,sim
1359934,E você a musa imperadora dessa canção.,sim
1360044,Não sou mais aquele moço afoito.,sim
1360047,Com ela tem que ser moço arrojado.,sim
1360189,Olha pra esses homens sérios e seus futuros perfeitos..,sim
1362786,"Caymmi, a moça prosa.",sim
1362787,E a musa inspiradora.,sim
1363111,Luiz hoje está feliz.,sim
1364048,"ela andava livre pelas ruas,.",sim
1365195,Ela é muito elegante.,sim
1365881,Mas ele foi cruel com você.,sim
1366202,menino genioso e impulsivo..,sim
1371174,Ela é filha dos raios.,sim
1371373,Oh filha mais bela do sangue.,sim
1371666,E as mãos delicadas de esposa carinhosa.,sim
1372092,E às suas coxas de mulher fatal.,sim
1372149,Ou se ela foi fiel.,sim
1372439,Nosso cheiro de homem bruto.,sim
1372472,Que você é mulher moderna.,sim
1372538,Menina moça brincando.,sim
1372837,Ela é sua felicidade impossível.,sim
1372847,Feito um homem estranho ao mundo.,sim
1373501,"""Senão é como amar uma mulher só linda.",sim
1374666,Ela é minha delícia.,sim
1374671,Ela é minha festa.,sim
1374677,Ela é minha sina.,sim
1374685,Ela é minha orgia.,sim
1375003,Toda ela bela.,sim
1375042,Ele é um jogador acima da média fora do normal.,sim
1375044,Mas todos querem ver ele dar show ele é o artista.,sim
1376420,Da garota bonita esnobando a loser.,sim
1377208,"Moça flor, tem a cor do amor.",sim
1377212,"Moça flor, esta lágrima pura.",sim
1377216,"Moça flor, tem a cor do amor...",sim
1377307,"Vai correndo ver como ela está feia,.",sim
1378661,Mas ninguém repara que ele está pelado.,sim
1378939,Tantos homens virtuais.,sim
1379096,Será que ele ainda tá muito zangado comigo.,sim
1380413,Do homem terrível.,sim
1381025,Vai cuidar da tua mulher sirigaita esta polaca.,sim
1381040,"As moças já estão rosadas, também com tanta grossura.",sim
1381338,Com passarinheiro e mulher sardenta é bom se cuidar.,sim
1381595,O CORPO DA PRINCESA NA RAIZ DA MANDIOCA E RÊ.,sim
1381767,Ele é um herói.,sim
1382170,Por trás de um homem triste há sempre uma mulher feliz.,sim
1382171,E atrás dessa mulher mil homens sempre tão gentis.,sim
1383200,Ele é o dono da vitória.,sim
1383208,Senhor é poderoso.,sim
1383492,Feito ela ser macio.,sim
1385529,"ela é surda, ela é muda.",sim
1385540,"ela é cega, ela é burra.",sim
1386836,Grita mulher velha grita:.,sim
1387590,Mãe amorosa.,sim
1388665,Ela é maldade em estado puro.,sim
1388675,Ela é a cidade.,sim
1389167,Da menina feia querendo casar.,sim
1389168,"Da mulher cansada, louça pra lavar.",sim
1389840,Ela é culpada eu eu eu boi.,sim
1391001,Eu sei que na verdade ele é filho do javé.,sim
1391129,A minha filha mais velha.,sim
1391321,E a menina bonita girando o cabelo.,sim
1391335,Liga pro seu amigo e diz que ele é irmão.,sim
1391373,E a menina triste morrendo de rir.,sim
1391619,Que a moça triste ia sorrir.,sim
1391712,Mas não é uma sapa atoa cuida da filha mais bela.,sim
1391733,E já bateu pra ela sou atleta de primeira.,sim
1393580,E quando era moço foi soldado.,sim
1393691,homem decente.,sim
1393734,Sua mulher antiga.,sim
1394445,Vejo homens verdes.,sim
1396041,"Ele é sexy, Ele é sexy, Ele é sexagenário (2X).",sim
1396079,Que ela é dona do chuá.,sim
1396685,Janaína é passageira.,sim
1397498,Bicho feroz é mulher mal amada.,sim
1397661,Homem quando ama fica cego.,sim
1397895,Moça muito nova é chave de cadeia.,sim
1399126,A garota mais linda.,sim
1399969,Minha musa viro escravo teu.,sim
1399978,"Ela é carioca, ela tem tempero.",sim
1399979,Ela é a dona desse rio de janeiro.,sim
1399980,"Ela é carioca, ela é o samba.",sim
1399982,Ela é bamba e ninguém manda.,sim
1399996,"Ela é carnaval, ela tem paixão.",sim
1399997,"Ela é sensual, fora do normal, bate o coração.",sim
1400561,Nois é moço pra casar.,sim
1400978,Tem que ficar esperto e escolher a mina certa.,sim
1401071,Eu acabo bem suado e ela bem despida.,sim
1405358,Ela fica mais bonita.,sim
1406663,E só ver mulher nua na.,sim
1406677,Ele é fingido.,sim
1406750,"Ela é má, pode até te dar um choque..",sim
1406762,Deus do ceu como ela é maldosa.,sim
1407477,Mãe maiamba que comanda o centro.,sim
1407887,Menina tão linda que alucina.,sim
1407949,"Menina muito linda, por favor não se iluda.",sim
1407961,ela desce gostoso.,sim
1409018,Mulher insatisfeita é um perigo.,sim
1410914,Ela é sofisticada.,sim
1410915,"E mesmo em cima da mesa, ela é delicada.",sim
1411171,Veria que ele é o cara errado.,sim
1411208,"Que tava fácil, que ela tava afim.",sim
1411591,Se tem mulher fruta.,sim
1411592,Agora tem mulher muamba.,sim
1412826,Ela é mistério esse jeito sério.,sim
1412830,Ela é tão bonita que até.,sim
1412833,Ela é teimosa ela é toda prosa.,sim
1412840,Pega essa menina segura esse peão.,sim
1412847,Aposto que ela é pura emoção.,sim
1413222,"Ela é atriz, ela faz cena,.",sim
1413318,Ela é deusa do amor.,sim
1413957,Ela é feita de açúcar.,sim
1413958,Ela é pura sedução.,sim
1413960,É a moça mais bonita que eu já vi no.,sim
1414144,Ela tá maravilhosa.,sim
1414148,Ela tá pura malícia.,sim
1414154,Ela tá top de mais.,sim
1414313,Deixou ela sozinha.,sim
1414882,"Ela é linda,.",sim
1414998,"Sou tão comum, ela é diferente.",sim
1415131,O homem é meio misterioso.,sim
1415134,Ter a filha tão bacana pela qual me apaixonei.,sim
1416079,Que mulher diferente.,sim
1416178,"Na moral, essa menina ela 13, ela louca.",sim
1416271,"Ela é linda, mas interesseira.",sim
1416589,Ela é cidade eu sou fazenda.,sim
1416590,Eu sou cachaça ela é nutella.,sim
1417355,Mas ela quis dormir sozinha.,sim
1418218,"Ela é coberta de ouro, a deusa da ostentação.",sim
1418284,Ela é aposentada mãe.,sim
1418319,Tereza é danada demais.,sim
1418758,"Ela é internacional, ela é tipo.",sim
1419036,"Tá top sensual, ela tá deliciosa.",sim
1419277,Um garoto imperfeito não merece seu amor.,sim
1419536,Ela tava certinha a farra já tava marcada.,sim
1420719,"Se acha, ela é uma gata.",sim
1420721,E ela é uó do borogodó.,sim
1420822,Esse homem é cego.,sim
1421102,Minha mulher é só pressão.,sim
1421486,Ela é linda charmosa é uma.,sim
1421628,Ela linda no altar toda de branco.,sim
1421646,Na mesa só mulher gata.,sim
1421666,"Ai danada, que mina maluca!.",sim
1421679,"Ela tá maluca, ela tá doidinha.",sim
1421681,"Ela tá doidona, fora da casinha.",sim
1421755,É o preço do pecado quando o homem é ateu.,sim
1422195,Terra de mulher bonito fiquei lá uma semana.,sim
1422505,"Você é do tipo mulher fatal, desejo animal.",sim
1423777,"As meninas soltinhas, os parceiros pegando.",sim
1424571,Mas ela é muito safada.,sim
1424611,"Ela é bandida, ela é descarada.",sim
1424872,E tá rolando no twitter que eu deixo as meninas loucas.,sim
1424908,"Ela é gostosa demais, a gata é um tesão.",sim
1424911,Pois ele é ciumento e vai fazer confusão.,sim
1426122,Que faz ela feliz.,sim
1426137,Que faz ela feliz!.,sim
1426523,Essa minha namorada não larga do meu pé.,sim
1426605,"Mas ela é safadinha, é sapequinha.",sim
1426610,"Ela é safadinha, é assanhadinha.",sim
1426617,"Mas ela é safadinha, é assanhadinha.",sim
1426622,"Ela é assanhadinha, é patricinha.",sim
1426848,"Bull, quanta mulher boa.",sim
1426852,"A mais top da galaxia, ela é pura tentação.",sim
1426874,cachaça e mulher bonita são a minha perdição..,sim
1427620,Isso não é coisa de mulher casada.,sim
1427977,Um menino sonhador também aprendeu a voar.,sim
1429196,uma mulher perfeita e ainda não achou.,sim
1429375,"Que havia um homem d'água ai, ai.",sim
1429407,Porque o homem d'água.,sim
1430322,Eu vou arrumar outra moça bonita.,sim
1431515,tem muita mulher bonita e muito homem solteiro.,sim
1431669,sem ela estou sozinho.,sim
1432613,Ela era minha vida mandava em meu coração.,sim
1432666,Eu conheço mulher feia.,sim
1432677,Sapateia mulher feia.,sim
1432729,E toda vez que vê uma mulher bonita.,sim
1433136,Ela é sensacional.,sim
1433150,Ela é boa de cama.,sim
1433399,ela fica triste e chora e me pede pra ficar.,sim
1433599,Uma mulher tão bonita e atraente.,sim
1433799,Ao receber a notícia ele ficou desesperado.,sim
1433922,Ela é uma loucura.,sim
1434105,Eu conheci uma menina atraente.,sim
1434200,Não olha em mulher casada.,sim
1434367,"É a mulher brasileira, rainha do carnaval.",sim
1434371,"É a mulher brasileira, é fogo de sedução.",sim
1434549,Ali existia uma moça bonita.,sim
1434557,Ele muito tímido porém satisfeito.,sim
1434576,Quando fica preto ele é mais bonito.,sim
1434977,"Basta só eu dar um toque, ela fica esperta.",sim
1435074,Por eu ser um moço forte.,sim
1435107,Mulher engabela a gente.,sim
1435142,E todas elas são eternas.,sim
1435330,Hoje ela veio quase louca de desejo.,sim
1435593,Eta homem tagarela deixa eu ver a novela....,sim
1435692,"Mau, que menino mau.",sim
1435753,se ele é indefinido.,sim
1436189,"Ela é clichê, é complicada, mas no fundo.",sim
1436190,Ela só quer ser amada.,sim
1436191,"Ela é clichê, e é perfeita.",sim
1436266,Quem tiver mulher bonita cuidado que eu levo embora.,sim
1436670,Que a mulher moderna.,sim
1436673,O homem maduro entrou em ação.,sim
1436734,da menina gostosa que rebola.,sim
1436775,Tem mulher bonita.,sim
1436886,A minha namorada era legal.,sim
1436888,Que ela é cara de pau.,sim
1436921,Tô procurando essa menina sapeca.,sim
1437002,Se me ver com mulher feia.,sim
1437516,Ela está sempre presente.,sim
1437716,Se a moça linda procura paixão.,sim
1437889,Ele é o bão só ele sabe de tudo.,sim
1437900,Mulher bonita quer ficar do seu lado.,sim
1437963,Vem uma cerveja e elas tão loucas.,sim
1438887,Era a garota mais feia da escola.,sim
1438910,Mas ela se tornou garota popular.,sim
1439269,"Aonde tá a galera, tem mulher boa eu vou pra lá.",sim
1439275,"Ó menina linda, vem cá, quero do teu beijo provar.",sim
1439683,Só que ela é frigideira.,sim
1440054,Que ela tá livre como um passarinho.,sim
1441672,De onde é que vem essa garota tão bonita?.,sim
1441816,"Lá só vai mulher bonita, lá é só felicidade,.",sim
1441960,Eu tenho uma filha linda que se chama.,sim
1442596,"Ela é bruxa, mas é linda.",sim
1442856,Nem ela é santa.,sim
1443099,Tudo que ela não gosta ela vai ficar maluca.,sim
1443201,Essa mulher é louca por você.,sim
1444101,Mulher bonita muita grana na parada.,sim
1444108,Se me ver com mulher feia pode separar que é briga.,sim
1444359,Luciana é alegria.,sim
1444380,Essas minas tão armadas.,sim
1444466,Se os trem que ela faz é bão.,sim
1445282,Não sei se ela é pedra noventa.,sim
1446502,com uma mulher tão bela....,sim
1446617,Janaína era menina.,sim
1447389,Maria era linha de frente.,sim
1447392,"Menina carente, veio do.",sim
1447510,"Tudo pra ele é real, para o povo é só fetiche.",sim
1448101,A filha é bacana.,sim
1449095,Pedra sol rei solar.,sim
1449911,São eles velhos malandros maneiros.,sim
1449939,São eles velhos malandros maneiros....,sim
1450279,Senhoras dona de casa.,sim
1450371,Com essa cara de menino cínico.,sim
1451418,E ela é soberana.,sim
1451433,Pois ela é pura prenda.,sim
1451987,"Ele cheio de experiência, conhece a ciência de improvisar com inteligência muita competência, não perde a cadencia ele saber versar..",sim
1452272,"Tião motorista tire, tire ê ê, mãe menininha e seus laôs.",sim
1452524,"Mulher melhor, mulher.",sim
1452532,Salve a mulher brasileira.,sim
1452607,"Vai um rapaz delicado, de olhar espichado, imagine pra quem.",sim
1453156,Se o amor no moço velho.,sim
1456059,Uma mulher brasileira.,sim
1456069,Uma mulher cigana.,sim
1456848,A tua mina é maneirona.,sim
1457128,Os homens maus não tinham compaixão.,sim
1457215,A nossa energia ela é muito maior.,sim
1457250,Meu amor por ela é forte.,sim
1457389,Ele não dá mole.,sim
1457404,Ele é o rei da pista.,sim
1457406,Ele é fundamental.,sim
1457407,Ele é solidário.,sim
1457422,Eu sei que ela é feia mas eu dou valor.,sim
1457430,Caiu na teia de uma mina feia.,sim
1457618,Ele tá junto sempre firme.,sim
1457644,A noite ela é uma estrela.,sim
1457928,Ela é difícil de se convencer.,sim
1457929,Ela é igual a urubu.,sim
1458124,Tem mãe preta na cozinha.,sim
1458511,Ele é o rei do.,sim
1461711,"Ela é campeã, um pedaço de maçã, um arraso no pedaço.",sim
1461721,Â“oh menina gostosa que passa cheirosa.,sim
1461754,Ela é bipolar.,sim
1462189,Inteligente ela é muito sensual.,sim
1462400,Ela é selvagem.,sim
1462519,Ela é amiga da minha mulher.,sim
1462525,Se fosse mulher feia tava tudo certo.,sim
1463745,"Ela chegou bem famosa, toda venenosa pra me seduzir.",sim
1464757,Deixar ela maluca.,sim
1465991,"Mulher ingrata, mulher fingida.",sim
1466478,Que homem é aquele artista.,sim
1467928,Ela é a mulher da minha vida eu sou o seu fã.,sim
1468036,Ela tá cismada que a mulherada tá dando no meu pé.,sim
1468807,Ele é sensacional.,sim
1470118,Ela é uma garota bem interessante.,sim
1471224,Pra fazer amor gostoso e deixar o homem louco.,sim
1471229,O homem fica maluco mas se tem o vucu-vucu.,sim
1472079,"Mas ela vem, rebola minha musa cheirosa.",sim
1472298,Que ela tá afim de namorar.,sim
1473327,Já sei o que fazer com essa mulher bandida.,sim
1473340,Mulher mercenária.,sim
1473341,"Oh, mulher mercenária!.",sim
1473346,Já sei o que fazer com essa mulher bandida....,sim
1473347,Mulher mercenária....,sim
1473739,Uma mulher bandida.,sim
1475418,O locutor agita é só mulher bonita querendo beijar..,sim
1475907,O menina linda vou deixar tudo rolar.,sim
1477267,Pra atender essas mulheres mal amadas.,sim
1477477,"Mas, comigo ele foi covarde e malvado.",sim
1478260,"É Andrezinho é complicado, Mas como somos amigos.",sim
1478300,Se ele era irmão.,sim
1478311,Às vezes ela é dengosa.,sim
1479273,Uma namorada linda e verdadeira.,sim
1479762,Ela é uma tentação.,sim
1480548,tô amando de verdade uma mulher muito louca.,sim
1481444,E ela chega firme.,sim
1481446,"Ela é top, ela cai pra cima.",sim
1481450,"Gracinha, ela tá soltinha.",sim
1481458,Essa mina é uma delicia.,sim
1481473,Ela tá solta igual arroz.,sim
1482939,eu sou o homem dela ela é minha mulher.,sim
1483493,"A garota mais bonita, também era a mais rica.",sim
1483636,"Menina bonita, do centro da cidade.",sim
1483639,Convidar ela prum charme.,sim
1483649,"Que moça bonita, que moça bonita.",sim
1483662,"Moça bonita, brinco de ouro de princesa.",sim
1484079,Vou ser o homem mais feliz.,sim
1484350,(C) Ele era alto?.,sim
1487647,Teu jeito de mulher fatal.,sim
1487681,Minha namorada é nota dez.,sim
1487702,Ela negra negritude que fascina.,sim
1488723,Se ela fosse uma estrela.,sim
1489124,Mas ele é tão gostoso.,sim
1489765,E toda menina baiana que eu via.,sim
1489889,Ela tão empolgada.,sim
1489917,É me cansei de curtir paixão/hojê eu sou o homem mais fiel.,sim
1490036,"Menina linda, coisa louca.",sim
1490373,Menina é gostoso.,sim
1491460,Ela é prima de um amigo que eu trombei num rolê.,sim
1491482,"E vai pensando que ela é fácil, rapaz.",sim
1491932,Pois quando a gente ama eu sou o homem mais feliz.,sim
1493148,Ele lembrou como ela era magrinha e desajeitada.,sim
1493163,"Ele tinha 18, ela novinha 16.",sim
1493199,Que a mulher mais linda do.,sim
1493380,"Ela é linda, é uma delícia.",sim
1493521,Ela é puro excesso.,sim
1494116,Ela é inteligente e sabe se cuidar.,sim
1496069,Mãe pequena me conhece não sou de vacilação.,sim
1496388,De homem forte virei um menino.,sim
1498368,"Ela é maravilhosa, tem um sorriso maroto.",sim
1499506,Quando o homem é camarada.,sim
1499512,Todo homem aventureiro.,sim
1499870,"A minha preta pensa que eu sou um santo e essa fama até que eu banco mas não sou nenhum guri, ela é a preta mais bonita da favela e no desfile da.",sim
1499923,"Fox, tiete era moça fanática,.",sim
1501966,Com esse teu jeito de mulher fatal.,sim
1502343,É triste um garoto pobre.,sim
1504098,"Não se condena, você fez tudo que podia pra fazer essa mina contente..",sim
1504233,Ele é meio atrevido.,sim
1504824,Me contaram que a menina moça é donzela.,sim
1505730,O carinho de pai e de mãe é verdade.,sim
1506859,"E o pior de tudo, é que ele é meu amigo.",sim
1509154,"Menina linda, o seu lindo requebrado.",sim
1509605,"Ela é capaz de me encantar, caramba!.",sim
1509993,Mulher perversa como essa eu nunca vi.,sim
1510976,"Menina linda e tristonha, que não cansa de.",sim
1510979,"Garota bela e fagueira, formosura sem igual,.",sim
1512439,Menina sapequinha mostra aí como é que faz.,sim
1512486,"A mina é top, desfilando é a mais bela.",sim
1512532,Ela é muito safada.,sim
1512559,Ela também é bagaceira.,sim
1512565,Agora ela é bagaceira.,sim
1512566,Mariazinha é uma menina tão danada.,sim
1513026,Hoje ela é empresária.,sim
1513035,Ela é muito bacana.,sim
1513486,"Ela é malandrona, uma tremenda ""171"".",sim
1514087,"Minha musa inspiradora, minha fé, minha paixão.",sim
1514173,Dizem que a mulher é a parte fraca.,sim
1514176,O homem não tendo é bem capaz de roubar.,sim
1514232,"Diz que sua mãe é crente, mais seu pai nunca fez jura.",sim
1514911,Ela é tão cheia de graça.,sim
1516166,"Tião não foi rei sozinho, O seu parceiro pardinho,.",sim
1516238,"Ela é muito importante,.",sim
1516263,"A rainha defensora,.",sim
1516688,Sou menino brincalhão.,sim
1517116,homem menino menina mulher.,sim
1517336,Inez já é morta.,sim
1517364,Era um homem muito forte.,sim
1517372,Pra ele eram vagabundos.,sim
1517373,E as mulheres sem-vergonhas.,sim
1517681,Ela é vacilona deu bola na zona.,sim
1517701,as nuances africanas que mantém vovó em pé é que ela traz como herança orixas do candomblé o seu santo de cabeça faz o bem sem ver a quem ajudando a quem mereça ajuda vovó também ela só não está contente com o preconceito racial ela só quer cozinhar com sua colher de pau.,sim
1517711,Zeca foi sensacional.,sim
1518076,Menino inocente e sozinho.,sim
1518114,Cangote de moça bonita.,sim
1518592,Ela é tão linda me fez tão contente.,sim
1519067,Menina moça quer casar de branco.,sim
1519069,Menina nova nunca perde tempo.,sim
1519310,"Cantores e compositores, temos divas sensacionais.",sim
1519699,Ele é reprodutor.,sim
1519700,Ele é competidor.,sim
1519708,Ele hoje é suvenir.,sim
1519764,marido infiel vai levar rasteira.,sim
1521077,Ela é tão fascinante.,sim
1521078,Ela é minha paixão.,sim
1521079,Ela é amada amante.,sim
1522173,"É só beber, que ela fica animadinha.",sim
1522174,"É só beber, que ela fica perigosa.",sim
1522195,"Vai tequila, vai cerveja, essa mina não é mole não.",sim
1522414,"Vote em mim para presidente ele pede, ele é insistente.",sim
1523609,"Ela é preta na cor,.",sim
1523800,mulher carinhosa é falsa.,sim
1523804,ela preta da cor mas é loira do cabelo.,sim
1524352,Na mina quente do aço.,sim
1524883,Mulher bonita um samba lá no fundo de quintal.,sim
1524933,Minha namorada não é mole não.,sim
1525215,Se veste toda sensual tipo mulher fatal.,sim
1525486,A mina iludida acha que ele é herói.,sim
1525984,Mas ela é sexy é sexy sexy.,sim
1525985,Mas ela é sexy comigo mexe assim.,sim
1525998,Ela é sexy quando passa as mãos nos cabelos.,sim
1526001,Ela é sexy quando faz amor.,sim
1526555,ela é muito gatinha ai meu.,sim
1527150,Mina gostosa sabe como é né.,sim
1527598,"Eu to querendo me dar bem no seu espaço mas a fila é grande é grande pra danado.Ela estasiou todo o salão todos de boca aberta de olho no popozão, ela é preferencia nacional, de ponta a ponta não tem nada igual..",sim
1527599,"Quando ela dança da um show a parte, ela é mais gostosa do que barra de chocolate, agora vem vai pega no joelinho põe a mão na boca e rebola de mansinho..",sim
1528450,menina baiana que desce a ladeira.,sim
1528600,"Amante amigo, teu sol, meu abrigo.",sim
1529067,Mulher brasileira eu quero você pra mim.,sim
1529075,É conseguir bota uma mulher brasileira na minha vida.,sim
1529081,"Mulher brasileira você me faz muito, muito, muito bem.",sim
1529084,"Mulher brasileia, és a melhor do universo.",sim
1529091,"Eu quero mulher, quero mulher brasileira.",sim
1529600,Uma garota tão bonita é um alvo excitante.,sim
1529608,Ela é uma garota espetacular.,sim
1529963,Que uma delas é um homem irresponsável.,sim
1531331,Ele é amigo companheiro.,sim
1531877,Minha princesa rainha.,sim
1532983,Ele está doente.,sim
1534097,"Ela é uma gatinha moreninha e sensual, é o meu prazer.",sim
1534657,Minha eterna namorada dona do meu coração.,sim
1535055,"Quis ser diferente, só que não rolou.",sim
1535361,"Seios de uma deusa grega, sensual.",sim
1535705,"""Tá"" cheio de mulher bonita.",sim
1535863,Hoje em dia ela é madame chique contando.,sim
1536096,Não importa se é gorda ou se ela é magrinha.,sim
1536678,Que as mina são chapa quente.,sim
1536842,Essa mina é feiticeira não tá fe brincadeira.,sim
1536844,Essa mina é feiticeira não tá de bobeira.,sim
1536960,Se ela for sapatão.,sim
1537070,Rio de janeiro tem carnaval tem mulher bonita e futebol.,sim
1537407,Não é a toa que eles fala: - as mina é foda.,sim
1537513,Aquelas menina interesseira.,sim
1537988,Mulheres muito atraentes.,sim
1538233,Ela é top de luxo.,sim
1538243,"Ela é perigosa, mulher do patrão.",sim
1538365,"Agora estou assim, virei um rapaz maroto.",sim
1538415,Ela ficou feliz.,sim
1539557,Acelerando a hornet elas ficam bem doidinha.,sim
1539559,Garota safadinha quer curtir não namora.,sim
1539729,ai que homem gostoso.,sim
1539730,vem que homem gostoso.,sim
1540275,Chuck 22 ele é um caçacheiro.,sim
1540540,"Bagdá, vou mandar um papo reto, não to de sacanagem, um monte de homem bomba no.",sim
1540645,Aquele mundo de gostosa eu só tinha mulher boa.,sim
1541576,As menina fica louca.,sim
1541743,Oh os menino aqui é bruxo e bota a chapa pra esquentar.,sim
1541752,Oi os menino aqui é zika e o jogo é objetivo.,sim
1541951,Bruninho tá ligado e sempre me acompanhou sua.,sim
1542063,OOh menina louca.,sim
1542072,Menina louca.,sim
1542220,Eric está bolado está vindo de.,sim
1542249,Daniel tá resgatado e os detento deu nu pé.,sim
1542674,Ela fica loucona e senta.,sim
1542870,Essa mina é diferente eu não posso perder não.,sim
1542923,Tudo lembra você minha garota linda.,sim
1543251,Ela fica louca beijando na boca.,sim
1543466,Sou garota melancia.,sim
1543510,Muito menos de homem duro.,sim
1543517,Homem bobo eu esculacho.,sim
1543529,"Mulher boa, todo homem gosta,.",sim
1543530,"Mulher boa, todo homem baba,.",sim
1543606,"Que homem maluco, ciumento.",sim
1544000,"Ela dá pra nóis que nois é patrão, ela dá pra nóis que nois é patrão.",sim
1544003,Ela dá pra nóis que nois é patrão.,sim
1544006,"Ela dá pra nóis que nois é patrão, oi, ela dá pra nóis que nois é patrão.",sim
1544011,"Quando a gente ama não vemos defeito, ela é a dona do meu cora....",sim
1544034,"ta que ta que ta que ta ela tá ela tá doidinha pra an, doidinha pra ui, doidinha pra hum.",sim
1544528,"Tu é uma mina braba, faz de tudo e não reclama.",sim
1544861,"Ela é louca, se transforma.",sim
1544890,Ela é louca se transforma.,sim
1545050,O Senhor é meu pastor e nada me faltará.,sim
1545148,Ela mexe bem louca.,sim
1545484,Homem tão bom.,sim
1545491,Meu pai um homem tão bom.,sim
1545562,Não esqueci do amor dos meus pais mas a senhora é minha riqueza...,sim
1545815,Ela é mercenária.,sim
1545912,Pois eu sei que o senhor é fiel.,sim
1546365,mulheres sedutoras gostosas com expressão.,sim
1546564,"Só tem menina bonita, gostosa e de mente aberta.",sim
1546581,Ai ela ficou nervosa.,sim
1546618,Zé tava duro e andava de trem..,sim
1546654,"Ela é top rapaz, empina a bunda pra trás.",sim
1546981,aí eu gostei ela mamo diferente.,sim
1547006,"Ela dá pra nois que nois é patrão,.",sim
1547007,"ela dá pra nois que nois é patrão,.",sim
1547017,ela dá pra nois que nois é patrão...,sim
1547412,"Depois da mulher filé a mulher goiaba,.",sim
1547415,"Mulher cereja, mulher jaca...",sim
1547976,"Ela é inteligente, ela é chapa quente, ela estoura os cofres.",sim
1548076,"Ela tá louca, louca, louca,.",sim
1548081,"Ela tá louca e eu também enlouqueci,.",sim
1548088,"Porque ela é zica, porque ela é bela..",sim
1548094,"Ela tá louca de whisky e energético, e aí fica frenético,.",sim
1548108,"Ela é louca, louca consciente,.",sim
1548111,"Ela tá louca, louca, louca.",sim
1548172,Léo está trancado.,sim
1548239,Ela é cheia do poder.,sim
1548823,"Whisky energético, quanta mulher boa.",sim
1548832,Ela é profissional amigo.,sim
1549031,"agora sou um rapaz sério, muito sério.",sim
1550319,"com a mulher mais linda, quente ,claro é você !.",sim
1550707,"O ""blá-blá-blá"" do homem mau querendo pegar geral.",sim
1550769,Menina mais linda eu sei que não tem.,sim
1551861,Laurant sou preto perfumado.,sim
1551979,Ela é pura explosão.,sim
1551981,essa mina é chapa quente.,sim
1552250,Que eu sou uma mulher foguenta.,sim
1552255,Eu sou uma mulher gostosa.,sim
1552256,Eu sou uma mulher foguenta.,sim
1552900,"Chego a mulher melão,.",sim
1552910,"Ela já foi consagrada,.",sim
1553214,Com a mulher mais linda que de cara é você.,sim
1553924,"Essas mina é baladeira, elas dançam a noite inteira.",sim
1553927,"Olha pro lado, se liga moleque, que mina gostosa ""tum"".",sim
1553928,"Olha pro lado, dj marcelinho, que mina gostosa ""tum"".",sim
1553930,"Olha pro lado, se liga moleque, que mina gostosa.",sim
1554713,Se tem mulher solteira por favor levanta a mão..,sim
1554749,Byano é foda.,sim
1554832,Ele fica parado.,sim
1555324,"As mulher são nacional, mas a bebida é importada.",sim
1555336,"Várias mulher gostosa, muito dinheiro e poder..",sim
1555747,Ele é parceiro antigo.,sim
1556853,Treva a mais negra sobre homens tristes.,sim
1557061,"Que senta ela quica, não pode parar.",sim
1560144,Do que ela é capaz.,sim
1560145,Ela é cheia de malícia.,sim
1560555,Dadá é linda e uma beleza de garota.,sim
1562177,"Ah, meu garoto querido.",sim
1562196,E minha esposa querida.,sim
1562246,Várias mulheres lindas rebolando até o chão.,sim
1562661,O rei tá bolado.,sim
1563213,"A musa mais bonita,linda noiva no veu..",sim
1563277,Ela tá doidona ahn.,sim
1563278,Ela tá doidona e não disfarça.,sim
1563343,Ela tá loucona ahn.,sim
1563740,Olha a mina louca tá dançando.,sim
1563745,A mina louca tá dançando.,sim
1564001,"Ela é gata, delicia de fazer pirar.",sim
1564010,Onde ela passa faz geral babar.,sim
1564015,Ela é tão vaidosa.,sim
1564018,Menina mulher.,sim
1564020,Ela é muito atrevida.,sim
1564389,"Delícia, menina perfeita.",sim
1564491,"Eu fico ""very crazy"", quase que passando mal, só tem mulher gostosa no país do carnaval!.",sim
1564691,"Adoro provocar, fingir que to na tua, mulher fatal, menina indefesa, objeto sexual, aha coitados ..",sim
1564845,Essa mina é louca.,sim
1565033,Toda mulher sexy (Ai...).,sim
1565659,Esse é o funck de uma mulher sofredora.,sim
1566231,"essa mina é safada se liga o que eu tô dizendo,.",sim
1566237,Pra toda mulher solteira.,sim
1566243,Se tiver mulher solteira.,sim
1566246,Se tiver mulher tarada.,sim
1566297,ela tá cansada de dar o cu.,sim
1566421,"Ai cheguei na hora h, deixei ela maluquinha.",sim
1566470,Dançando tá sem limite que menina perigosa.,sim
1566508,Isso é um absurdo o juíz vai apitar ele não pode ser expulso..,sim
1566509,Gosto quando ele faz gool.,sim
1566819,Aqui só tem mulher bandida.,sim
1566847,A mulher quando é certinha nunca é valorizada.,sim
1566880,Mulheres fiquei rico.,sim
1567507,"pra todas as mulheres solteiras aí,.",sim
1567518,"Pra todas as mulheres solteiras aí,.",sim
1567527,"Elas são braba, essas mina esculacha.",sim
1567550,"elas ficou cheia de marra,.",sim
1567664,Ela quica e trava.,sim
1569109,Algumas moças rezadeiras que vieram.,sim
1570082,Um rapaz muito diferente.,sim
1570095,Lessa era goleiro do.,sim
1570126,Reparei que o rapaz era muito inteligente.,sim
1570313,Esse homem medicante.,sim
1571049,"Que ela é minha vida, a musa dos meus sonhos.",sim
1571082,"Bem, não vai deixar a sua mãe aflita,.",sim
1571091,"E veja como sofre um homem infeliz,.",sim
1571910,"Pois ele é rei, rei, rei.",sim
1572228,Na voz de uma mulher sagrada.,sim
1572585,Ele é um tuareg.,sim
1572593,Pois ele é sentimental.,sim
1572844,Chega mais perto moço bonito.,sim
1573198,Eu sou um rapaz considerado simpático.,sim
1573476,Ela é médica.,sim
1573888,Ou apenas senhores feudais.,sim
1573924,No seu peito de homem direito.,sim
1575669,Quem sabe se ela é donzela.,sim
1575820,"ELA VEM TODA DE BRANCO,MEIGA E MUITO TÍMIDA.",sim
1576682,E todos eles ficaram cheios de espírito santo e principiaram a falar em línguas diferentes..,sim
1576887,Ele ficou bom.,sim
1577642,Os homens são mortais.,sim
1578243,minha mãe menininha.,sim
1578871,Ele mesmo quis.,sim
1579338,Pena que ela ache tão estranha minha maneira de ser.,sim
1579344,Mas tudo é só porque ela está sozinha.,sim
1580412,Bom rapaz direitinho.,sim
1580592,Quatro homens dependentes e carentes.,sim
1580951,"Que ele não seja branco, não tenha cultura.",sim
1581338,"Deus, a mãe é a voz.",sim
1581437,Eu sou um homem tão sozinho.,sim
1581467,Ela é a lua.,sim
1581615,"De nada importar, se para o homem mortal.",sim
1582257,Via com seus olhos de menino esperto.,sim
1583469,A menina muito contente.,sim
1584803,Sou um homem tão comun.,sim
1585677,Menina direita.,sim
1585678,Menina suspeita.,sim
1585680,Menina barata.,sim
1585988,Essa é pra moça dengosa.,sim
1586049,Todas elas detentoras.,sim
1586198,Ele vive calmo.,sim
1586228,"Musa única, mulher.",sim
1587455,Sofisticada dama infeliz.,sim
1587828,Velhas senhoras mineiras.,sim
1588799,Eu canto aos homens sós.,sim
1588812,lembranças de esposas sombrias.,sim
1592081,Esse negócio da mãe preta ser leiteira.,sim
1592087,Do menino infeliz não se nos ilumina.,sim
1592603,Nem ligar pro rei guerreiro.,sim
1592608,Porque o povo é o rei primeiro.,sim
1592618,Mas o que o mal do rei é o bem.,sim
1592624,E era a voz do rei guerreiro.,sim
1592988,Vi toda beleza e ela andava nua..,sim
1593011,os reis magros do carnaval.,sim
1593181,Um menino diferente.,sim
1594630,Aquele moço fulano de tal.,sim
1595538,É uma deusa louca.,sim
1596525,"sua mãe é ranheta, seu pai é careta.",sim
1596526,e você é uma garota certa.,sim
1597053,O homem predador não pensa no que faz.,sim
1597403,um homem benevolente e bendito.,sim
1598509,Do menino infeliz se nos ilumina.,sim
1598617,Dorival é ím-par.,sim
1598619,Dorival é par.,sim
1598623,Dorival é mar.,sim
1598635,Dorival é bom.,sim
1598688,Dorival é limão.,sim
1598692,Dorival é pai.,sim
1598723,Dorival é ín-dio.,sim
1599165,Diabliu de menino internetinho.,sim
1600747,"Ela é perfeita, é perfeita, meu bem.",sim
1600755,Dessa mulher tão irritante.,sim
1600792,Ela é poderosa!.,sim
1601353,Aquele homem groover.,sim
1601782,"Neo-asiática, ela é supralusitana.",sim
1601861,Aurora agora é bela.,sim
1602259,Joana é mulher.,sim
1603753,Mamãe falou que eu era um menino muito feliz.,sim
1604949,"Moça bonita, seu corpo cheira.",sim
1604956,"Moça bonita, seu olho brilha.",sim
1604963,"Moça bonita, seu beijo pode.",sim
1605346,"E toda paixão recomeça ela é bonita, é demais.",sim
1605349,Eu digo e ela não acredita ela é bonita demais.,sim
1605350,"Eu digo e ela não acredita ela é bonita, é bonita.",sim
1606763,"Que os homens sisudos,.",sim
1607447,tudo para ela é muito especial.,sim
1607449,Ela é muito especial.,sim
1608107,onde as mulheres são lindas e tardam a envelhecer.,sim
1609690,Thereza é presa da fome!.,sim
1609741,O que beleza também é a cor da mulher brasileira.,sim
1609894,E por isso ele hoje é ex-amor.,sim
1610694,Que elas foram tão felizes para sempre.,sim
1611975,Que esta menina hoje é uma mulher.,sim
1611976,E que esta mulher é uma menina.,sim
1612134,"No ""ponto"" e volto pra casa com ele cansado com.",sim
1612474,Suas mulheres guerreiras fazem a vida lá longe do coração da cidade.,sim
1612635,Por ser homem bem disciplinado.,sim
1612968,ela é louca.,sim
1613960,Essa menina biônica.,sim
1614663,o menino brilhante e precoce que eles viam em mim.,sim
1614880,Ela é a garota.,sim
1615104,"Ela fica piradinha, dinha, dinha, dinha, dinha.",sim
1615882,"Luau, mina bonita, social na costa do farol.",sim
1616160,Quando trombo com a mina mais linda da madrugada.,sim
1617740,"hoje é mulher bonita, whisky e cerveja.",sim
1617916,Ela é muito louca muito louca bem legar.,sim
1618818,Ah garota esperta.,sim
1618830,Garota esperta safada.,sim
1620503,Ela é muito linda.,sim
1620673,Quando ela passa sorridente na avenida.,sim
1622656,Hermeto já era livre.,sim
1623038,Mestiço não é mulato.,sim
1623446,Mas de meninos sonhadores em serem jogadores.,sim
1623570,"Menina tão linda, que traz sempre um sorriso.",sim
1624118,"Ninguém sabe se ele é branco,.",sim
1626166,Ele sempre foi menino.,sim
1626472,Agora ele é um pássaro sonhador.,sim
1627566,Ele fica perdido no dia a dia.,sim
1627702,Ela é tão interessante e eu aqui pichando muro.,sim
1627704,Ela é tão diferente.,sim
1627735,Pra essa menina linda vou escrever um som.,sim
1627737,"Ela continua linda, ela continua bela!.",sim
1627761,ela é a menina mais incrível desse mundo!.,sim
1627899,Homens criminal mentes criminal.,sim
1628067,homens criminal mentes criminal.,sim
1628262,"Ela é gata, eu vou.",sim
1628263,Mulher bonita e vagabundo sempre combinou.,sim
1628454,"O MANO FOI EMBORA ELE SUMIU MANDOU SUA FAMILIA PRA PUTA QUE PARIU, FALOU MUITA BESTEIRA FOLGOU FOI ABUSADO E EU ESTOU LIGADO QUE ELE ESTAVA DROGADO, AGIU DE FORMA ERRADA AGIU DE FORMA BRUTA XINGOU ATE A MAE, E DAÍ O FILHA DA PUTA FUGIU DA ÁREA NEM PAGOU O MEU DINHEIRO TOMA VERGONHA NESTA CARA CALOTEIRO TA QUENTE QUE ABAFA QUE ESTA FAMOSO SEU SONHO E SER DOUTOR OU SENAO UM MAFIOSO COM CARRO,DINHEIRO,REVOLVER,MULHER E PO SEM MISERIA SENDO O MANO OUTRO DIA FOI PRO SACO ELE ACHOU ENGRAÇADO ELE TIROU UM BARATO ELE RI ELE TIRA TODO MUNDO DE CUSAO FALOU VACILAO ELE PASSOU AQUI NA AREA OUTRO DIA VEJA EM UM ESCORTE CONVERSIVEL PRATEADO COM UMA VAGABUNDA DO LADO A MINA ME TIRANDO O OLHO FEIO SORRIU MANDA ESTA VACA PRA PUTA QUE PARIU.",sim
1628479,Brown não deve ser consumido por pessoas simpáticas.,sim
1628663,"Menina linda eu quero morar na sua rua,.",sim
1629146,"Estúpido ele fica, assim ela é linda,.",sim
1629147,"ela vem, ela abala, ela é má!.",sim
1629394,"Pimp eu sou, ela é gata, eu vou.",sim
1630438,Além de tudo tem mulheres muito lindas.,sim
1631036,Um namorado muito louco.,sim
1631246,Que ele é louco e vagabundo.,sim
1631828,"Dos filhos deste solo és mãe gentil,.",sim
1633305,Ela estava ali sozinha querendo atenção.,sim
1633566,Dizem que ele é bom.,sim
1636413,"ilumina mina escura e funda,.",sim
1636428,"ilumina a mina escura e funda,.",sim
1636609,Onde as pessoas pudessem escrever o quanto elas são felizes ou não.,sim
1636715,Ela é pra ele tão perfeita.,sim
1636734,Ele é um peixe suicida.,sim
1636959,Sou homem maduro mas na sua frente.,sim
1637270,Puta mulher bacana.,sim
1637281,Ela é resolvida.,sim
1638458,Ele é meu lado de dentro.,sim
1639196,"Ela é mais do que eu possa dizer, ela é a menina mais.",sim
1639440,Hoje eu sou um homem mais justo.,sim
1639443,Hoje eu sou um homem mais justo e.,sim
1639936,O homem imoral trabalha o mês inteiro e revoltado.,sim
1640312,"Menininha da família, pai promíscuo e mãe otária se apaixona pelo mundo que.",sim
1640320,Mas ela é forte e sincera.,sim
1640920,"Vem que eu te quero também, menina linda.",sim
1640923,"Vem que eu te quero também, menina linda, vem.",sim
1640993,"Chorão não é fraco não, pesa várias toneladas.",sim
1643016,Ela é uma pessoa.,sim
1643038,Ela é uma rainha.,sim
1644911,Eu sei se uma mulher não é sincera.,sim
1645728,"ninguém sabe se ele é branco, é mulato ou negro.",sim
1647144,"Pra essa menina linda, eu vou fazer um som.",sim
1647157,Ela é a menina mais special desse mundo.,sim
1647267,"Nós somos tudo maloqueiro, eles são tudo cuzão.",sim
1647440,Ele está mais bonito e afiou o seu novo tridente.,sim
1649154,Eu quero a garota mais linda do bar.,sim
1650918,Menino caramanchão.,sim
1650919,Menino fui sapateiro.,sim
1650921,Menino fui cangaceiro.,sim
1651246,Pois as mulheres são tão iguais.,sim
1651762,Moça branca como a neve.,sim
1651766,Menina branca de neve.,sim
1651798,Ele é mesmo veiaco.,sim
1651799,Ele é o rei dos veneno.,sim
1651900,Martelo de homem simples só pega.,sim
1653530,Esses moços pobres moços.,sim
1653634,A princesa mais bonita.,sim
1653802,"Nós somos assim, ela é parte de mim, meu motivo maior pra voltar.",sim
1654945,Se ele foi tão ruim.,sim
1654948,Ele foi capaz.,sim
1656096,Pensam que a pobreza é lixo e que rapaz pobre.,sim
1656487,por ser homem bem disciplinado.,sim
1656879,Inês já é morta do lado de cá.,sim
1657800,sou um homem feliz.,sim
1657817,um homem feliz.,sim
1657973,Que ilumina os meninos risonhos.,sim
1657999,Doce ilusão moça bela.,sim
1661162,"Ela é bonita, é demais.",sim
1661168,"Ela é bonita, demais.",sim
1661170,"Ela é bonita, é bonita.",sim
1661187,"Ela é bonita, é bonita, demais.",sim
1661232,"Só o senhor tá disconforme, então vai ser logo encanado.",sim
1661748,que ela vai ser sempre apaixonada..,sim
1662151,"Teu marido é bom, muié.",sim
1662230,Mulher gato.,sim
1662517,"e não para não, Que mulher furacão.",sim
1662591,Ela é a mãe dos seres vivos.,sim
1662979,É um menino nú.,sim
1663767,A mulher homem bacante.,sim
1663814,É você menina mais linda.,sim
1663837,Ela é tão inteligente.,sim
1663852,Ela é incrível em tudo que faz.,sim
1665115,"Moto loca, lota o carro, entope só de mina top.",sim
1666030,"""Cuide bem dessa rosa, trate ela melhor do que tratou a mim"".",sim
1666528,Por ser uma menina má.,sim
1666836,"Menina ousada, menina abusada.",sim
1666922,Ela é dengosa e sabe o jeito.,sim
1666928,Ela é mulher da vida.,sim
1667894,Ele não saber ser mais viril.,sim
1668406,Pois não há ponto virgem nessa garota virgem.,sim
1668734,Ela é formada em contabilidade.,sim
1668756,"Ela é linda e cruel, é viciante.",sim
1669917,Ele é mais leve que o ar.,sim
1670497,Os meninos satisfeitos.,sim
1670895,Mina linda eu quero morar na sua rua.,sim
1671744,É bem fácil pois ele é mais fraco.,sim
1671840,"Demorou, mas finalmente ela voltou cansada.",sim
1672027,Eles fizeram pior.,sim
1672500,E bem mais facíl pois ele é mais fraco.,sim
1673080,Quem acha que eles andam preocupados com você.,sim
1674200,Ele é muito mais familiar do que eu gostaria de admitir.,sim
1674331,Já falei: Essa garota é maluca.,sim
1674341,Já falei: Essa que essa garota é lesada.,sim
1675134,Se fez de sobremesa pra esposa japonesa.,sim
1675165,ele era independente.,sim
1675169,ele era diferente.,sim
1675298,E acha os homens chatos.,sim
1676289,"""Miguel era um ladrão de banco, ele andava injuriado.",sim
1676580,"""Homem forte todos diziam, o seu poder todos sabiam.",sim
1676581,"Ele não é vulnerável, nada pode lhe machucar.",sim
1676582,"Homem forte, homem forte, homem forte.",sim
1676592,"Homem forte, homem forte, homem forte"".",sim
1676826,Ser como eles banais.,sim
1677155,Pra ser um homem feliz.,sim
1677195,"O garoto morreu, ele foi massacrado, a camisa que ele usava era do time errado.",sim
1677224,E as garotas são iguais.,sim
1677614,Ela foi tão gentil.,sim
1677808,"Garotas bonitas,fugas espetaculares.",sim
1677810,"Garotas bonitas,amores impossiveis.",sim
1678049,"Judy é uma garota punk, Suzy gosta de metal.",sim
1678106,Não é que ela fosse pobre.,sim
1678125,Até aqui ela era tida como louca por conversar com planetas.,sim
1678273,Ainda faz dela uma garota forte.,sim
1679640,E um homem solitário no cais.,sim
1679740,Minh’alma me tornava um homem rico.,sim
1679901,Garotas sinceras de sorriso bem pequeno.,sim
1680016,"Ela é loira, galega, é infame.",sim
1680315,"Me abraça qual filha pequena,.",sim
1680385,"Ela é branca como a neve, paraíso andino.",sim
1680624,Numa outra encarnação ela era a deusa da verdade.,sim
1680630,Essa mulher é uma fogueta.,sim
1680635,Essa garota é uma fogueta e aconteça o que aconteça.,sim
1680637,Essa garota é uma fogueta.,sim
1680909,Ela é a garota mais bonita do colégio.,sim
1680937,garota espetacular..,sim
1682298,Será que ele está perdido.,sim
1682317,Será que ele não está errado.,sim
1682395,Me abraça qual filha pequena.,sim
1682466,Daquela garota tão cheia de solidão que era há anos atrás.,sim
1682686,Ás vezes vejo o homem velho.,sim
1682705,Às vezes vejo o homem velho.,sim
1682785,E ela é ignorada.,sim
1682911,Porém ele era o cantor de jazz.,sim
1682917,Pois ele era o cantor de jazz.,sim
1683448,Tão miserável como um homem rico.,sim
1683462,"A mim bastava o teu calor, só isso eu seria um homem rico mesmo sem grana”.",sim
1683803,"Era aquela, toda tarde ele ia ver tão bela.",sim
1683874,Rainha falsa sem rei.,sim
1683916,A mãe da minha garota é uma tentação.,sim
1687167,João não é brinquedo.,sim
1687258,Ele é o mito desse sertão.,sim
1688604,Foi quando conheci uma garota especial.,sim
1688614,Não continuo com a garota especial.,sim
1688885,"Eu já cansei de zóio gordo, talarico e mina zica.",sim
1689444,Zumbi é santo sim que eu sei.,sim
1689604,Mulher boa é todo dia.,sim
1691619,E diziam que aos 8 ele iria ser cantor.,sim
1691631,Ou ele foi egoísta?.,sim
1692144,Ela anda calada.,sim
1692269,"disponha, ele é tão descompensado.",sim
1693544,"Mara, ô mulher maravilhosa.",sim
1697400,Que mina loka.,sim
1698621,Garota excitante vem ser minha amante.,sim
1699162,"Ele é fazendeiro, eu não quero dinheiro.",sim
1699739,Menina linda eu vou te levar.,sim
1702455,Hoje sou mulher não sou mais menina (2x).,sim
1702554,Sei que essa ariranha gosta de homem casado.,sim
1702573,Eu sei que essa ariranha gosta de homem casado.,sim
1702796,Menina tão louca eu quero te beijar.,sim
1702991,Mexendo ela não é brincadeira.,sim
1703547,Mulher bonita o ano inteiro.,sim
1703571,Ela sorridente e eu quase louco.,sim
1703602,Tem sempre homens diferentes.,sim
1705199,Abraçar moça bonita.,sim
1705211,As garotas carinhosas.,sim
1705737,Ela é triste de mais e lembra você.,sim
1705953,Que menina elegante.,sim
1706764,Me fazendo com que eu sinta o homem mais feliz do mundo isso é real pra mim.,sim
1707047,Mas o homem preguiçoso só sabe ficar na cama.,sim
1707216,"Veja que felicidade, a mulher já tá gordinha.",sim
1707770,O homem era valente.,sim
1707994,A família dessa moça é uma gente cretina.,sim
1708062,Fiquei um moço ladino..,sim
1708092,Eu sou um moço ladino.,sim
1708321,Eu sempre fui um rapaz decente.,sim
1708362,a garota era muito bacana.,sim
1708470,Tem uma mulher bonita.,sim
1708525,Mas meu argumento ele é tão pequeno.,sim
1708630,a mulher quando é mal criada.,sim
1709191,Ele é capaz de mover montanhas.,sim
1709628,"Minha musa inspiradora, minha miss.",sim
1709718,Sou um homem infeliz.,sim
1710093,Certa fez me perguntaram porque sou um homem triste.,sim
1710181,Apesar de homem rude.,sim
1710554,No jogo desta vida mulher é loteria.,sim
1710854,Muitas mulheres bonitas de distantes paradeiros.,sim
1710928,Fiquei um homem descrente.,sim
1710948,Se vejo mulher bonita.,sim
1711089,Uma joia de menina mais bonita que uma flor.,sim
1711382,"É fascinante, muito bonita a mulher carioca.",sim
1711387,É muito culta e trabalhadora a mulher paulista.,sim
1711391,Pode ser linda qual uma jóia a mulher goiana.,sim
1711415,Brasil a mulher gentil do.,sim
1711639,Conheço a sensível mulher brasileira de tranças compridas.,sim
1711657,Meu senhor onipotente.,sim
1712014,A menina é linda e o seu pai é uma fera.,sim
1712107,Minha linda mulher maravilha.,sim
1712328,"Ela é a rainha, eu sou um coitado.",sim
1712365,A mulher mais bonita do mundo.,sim
1712482,Será que ela está feliz.,sim
1712491,O homem mais triste do mundo.,sim
1712516,Da mulher mais bonita do mundo!).,sim
1712517,O homem mais feliz do mundo.,sim
1712519,"Ela é a mulher mais divina,.",sim
1712560,e ela inteira lambuzada.,sim
1712608,O menina bonitinha.,sim
1712627,O menina danadinha.,sim
1712763,Se ela der mole.,sim
1712792,como ela é covarde ela manchou.,sim
1713239,Sou o seu marido não sou objeto.,sim
1713261,ela é muito gostosa e safada demais.,sim
1713265,ela é sensual e adora andar na rua se mostrando.,sim
1713350,Mulher mal amada sofre mais não perde a posição.,sim
1713453,Mulher loira ou morena.,sim
1713972,Menina mulher já sabe bem o que quer.,sim
1714189,"Ô mulher perigosa,.",sim
1714570,"E ela, é uma menina linda.",sim
1715052,Era a moça mais bonita.,sim
1715126,O mundo habitado por homens leais.,sim
1715583,De um certo tempo pra cá me tornei um homem chato.,sim
1715622,Se mandou pra outras bandas ninguém sabe onde ele anda e a filha tá abandonada.,sim
1715636,Ela é tão bonita parece uma flor.,sim
1716367,se transformou em mulher moderna.,sim
1716476,"Minha mãe é a lavoura de milho, arroz e feijão.",sim
1716542,"Mulher maravilha, modelo do mundo,.",sim
1716549,"Pra colar no corpo, da mulher mais linda,.",sim
1716622,E você não vê que ela é mulher não é só na cama.,sim
1716625,Mulher é a beleza do mundo.,sim
1716896,que mulher divina tão cheia de glória.,sim
1716898,que mulher divina cheia de graça.,sim
1717307,dar uma surra na mulher mais bela.,sim
1717310,Desta vez a menina bonita vai apanhar no fim da novela.,sim
1717346,Olhei para ela vi tão diferente.,sim
1717461,A moça mais linda que eu conheci.,sim
1717565,ela estava tão divina seu corpinho de menina.,sim
1717569,ela é tão atraente seu jeitinho.,sim
1717601,Uma mulher bem bonita e atraente.,sim
1717617,"É amiga e senhora, é uma deusa é uma dama.",sim
1717618,Ela é muito sincera.,sim
1717624,É mulher perfeita.,sim
1718028,"Musa perfeita, olhos de luar.",sim
1718303,Ela é gostosa e vai pra balada toda cheirosa.,sim
1718304,"Ela é metida, e chama atenção ela tá carente.",sim
1718646,De namorado agora é seu ex.,sim
1719202,Mulher bonita e gostosa que não pára de chegar.,sim
1719219,Se me vê com mulher feia pode crer que eu tô doente.,sim
1719520,"Oi, menina cheirosa, corpinho enxuto, coisa gostosa.",sim
1719812,De repente eu vi uma deusa real.,sim
1719975,enquanto ela está feliz em outros braços.,sim
1720007,Ela estava tão carente e tão aflita.,sim
1720220,"Ele é boiola, um boi boiola.",sim
1720222,"Ele é boiola, ele é boiola.",sim
1720236,"Ele é boiola, é o boi boiola.",sim
1720304,"É a mulher mais linda do mundo, sempre a vejo no mesmo lugar.",sim
1720851,"Esposa boa e direita,.",sim
1722561,Mas ele é bem mais forte.,sim
1722636,"Eu encontrei, queridas, um homem diferente.",sim
1722782,Mas hoje ela é vilã.,sim
1722783,"Ela é vilã, ela é vilã.",sim
1723145,Sou um moço pobre porém muito honesto.,sim
1723167,Sou um moço pobre.,sim
1723701,Ele é boa pinta mais tem muita vergonha.,sim
1723730,Quer me enlouquecer nesse close de mulher fatal.,sim
1723734,Fonte de prazer que mulher gostosa.,sim
1723904,Se ela continuar nervosa.,sim
1725102,Sou um rei vagabundo.,sim
1725642,Não era um homem comum.,sim
1725754,O homem já foi roubado.,sim
1726005,Mesmo que ela seja infiel.,sim
1726501,Ela não é uma equação.,sim
1726632,Pois de fato minha gente ele é muito original.,sim
1727445,Ela não é flor pro seu jardim.,sim
1727544,"nem faz idéia do que ela é capaz,.",sim
1727691,E um homem velho se acercou e assim falou.,sim
1728291,Se o pai dessa moça é gringo.,sim
1728533,"Com perfume da mulher amada fica embriagado, dominado.",sim
1728655,"Ela é muito atraente,.",sim
1728683,Ela é a deusa que todo homem quer.,sim
1728684,Ela é musa do meu coração.,sim
1728815,sou o homem mais feliz do mundo.,sim
1728833,QUE SÓ DÁ MULHER SOLTEIRA.,sim
1729132,"UMA MULHER LINDA, BOA E DIREITA.",sim
1729285,Ela é muito desbocada.,sim
1731151,"Ela é negra, negritude que fascina.",sim
1731152,"Senhora menina, menina senhora.",sim
1731224,Não sei se ela é pagodeira.,sim
1731378,A mulher é a mulher.,sim
1731423,MULHER brasileira!!!.,sim
1731467,É que o homem é peixe graúdo.,sim
1731524,Nasceu um menino pobre.,sim
1731541,"Anísio é samba, amor e amizade.",sim
1731545,Sou menino pobre da favela.,sim
1731549,Olha seu moço sou um rapaz decente.,sim
1732226,Ela é negra negritude que fascina.,sim
1732227,Senhora menina menina senhora me descontrolou.,sim
1732494,"Se tem mulher bonita,.",sim
1732716,Mulher motorista é charme na direção.,sim
1732721,Pra mulher bonita não existe homem bravo.,sim
1732722,Foi uma mulher charmosa que libertou os escravos.,sim
1733043,Ela é musa!,sim
1733044,Ela é gata!,sim
1733190,Deixa a gente sem destino faz o homem ser menino.,sim
1734116,Eu sou seu velho namorado novo.,sim
1734268,Ela fica grilada se eu vou pra balada.,sim
1734487,Ela é minha amiga eu não posso falhar.,sim
1734780,Agora ela ficou louca.,sim
1734896,Mulher bonita é fruta no pé madura.,sim
1734911,Amigo mulher bonita é perigosa.,sim
1734922,em casa ela é a rainha.,sim
1735229,menina linda.,sim
1735388,se o pai dessa moça é gringo.,sim
1735558,"ai, ai, ai tem muita mulher bonita.",sim
1735560,"ai, ai, ai mas como tem homem feio.",sim
1736016,Sou um menino sou sonhador.,sim
1736875,"Se o homem nasceu bom, e bom não se conservou,.",sim
1737549,Ele é fiel e verdadeiro..,sim
1737571,Ele é fácil resolver.,sim
1737764,ele é o caminho serto para voçê seguir.,sim
1738127,Pra salvar o homem vil.,sim
1738450,E esse homem é o filho que com ele vai morar.,sim
1738544,ele é justo e é fiel e jamais esquece os seus.,sim
1738552,Ele é o consolador que enchuga o planto seu.,sim
1738598,Tereza era uma menina linda.,sim
1738665,Tereza era uma menina linda que vivia na.,sim
1738939,Pra mim elas são iguais.,sim
1739184,Atendia a qualquer um: doutores ou homens comuns.,sim
1739805,Maria era muito legal.,sim
1740163,"Ou um homem pequenino, que tem medo de mulhé,.",sim
1740164,"Ou um homem pequenino, que tem medo de mulhé....",sim
1740874,Ela é boa demais..,sim
1740899,"para ela ficar mais bonita,.",sim
1741601,Deus quanta mulher bonita.,sim
1741830,E a mulher namoradeira eu passo o coro e.,sim
1742211,Deus que filha linda...,sim
1742215,a filha morena clara a mãe é cor de canela.,sim
1742223,Mulheres iguais a elas no mundo...,sim
1742238,Deus que filha linda..,sim
1742253,Mulheres iguais à elas no mundo...,sim
1743248,"de uma mulher urbana, e.",sim
1743725,Tem até mulher bonita.,sim
1743823,"Só quer prazer, mulher ruim, fantoche sexual..",sim
1744175,Ele tá desesperado liga todo dia.,sim
1744554,Ela não tem noção do quanto ela é linda.,sim
1745103,Me dá pena pensar nessas mulheres lindas amanhã de ressaca.,sim
1745326,Ele é o vencedor da cruz.,sim
1745917,"Ele era um rapaz humilhado, calado e sofrido.",sim
1745951,Ele agora é amigo e servo do.,sim
1746020,"Um certo homem fazendeiro, cheio do dinheiro, irreverente ateu.",sim
1746023,"Mas ele tinha um agregado, um homem honrado servo do.",sim
1746143,Aquele homem caprichoso e dedicado.,sim
1746145,Em quanto ele trabalhava ali contente.,sim
1746151,"Seu filho não escutou, ele ficou desnorteado.",sim
1746231,Ele é professor.,sim
1746302,O homem mal será jugado.,sim
1746455,Quando ele aqui viveu foi um homem destemido.,sim
1746554,cinco pães e dois peixinhos para ele sozinho estavam bom.,sim
1746736,Ela é veterana da guerra da itália.,sim
1746786,"Fox, tiete era moça fanática.",sim
1747070,Filó não era mole não.,sim
1747565,Desses que já não tem mais (E ele era ainda bem rapaz!).,sim
1748579,Esse homem tão direito.,sim
1749011,que ela é maravilhosa e que eu tô afim.,sim
1749031,"ela é charmosa, um tremendo avião.",sim
1749196,Sou um homem maduro e estou mais do que pronto.,sim
1749788,"ela ainda é virgem, não tem hora pra voltar,.",sim
1749791,"Essa garota é top, ela é rock roll,.",sim
1749793,"Essa garota é top, ela é rock star,.",sim
1750135,Nossa ela é doce de mais.,sim
1750139,Ela é doce de mais.,sim
1750332,Ela ta feliz agora.,sim
1751535,Elas tão loucas!.,sim
1751536,"É só chegar e beijar, elas tão loucas.",sim
1751540,E as meninas estão loucas na balada.,sim
1751947,"Ela é maravilhosa, olha que sorriso lindo.",sim
1752163,Essa mulher é tentação.,sim
1752177,Essa mulher é meio louca.,sim
1752183,tá sempre sorridente ela tá sempre bela.,sim
1752251,Nazaré porque ele é fiel.,sim
1752327,Ele é meu equilíbrio.,sim
1752332,Com ele sou valente.,sim
1752367,Um dia você vai pagar por tudo que fez sendo um homem cruel.,sim
1752726,Ele foi fiel em seus ensinamentos.,sim
1752795,Ele é vencedor sem comparação.,sim
1752815,Ele é justo e é fiel e jamais esquece os seus.,sim
1752822,Ele é o consolador que enxuga o planto seu.,sim
1752979,"Ele aqui viveu foi um homem destemido, demonstrou fé e coragem..",sim
1753025,"Chico é forte, vai passar no teste.",sim
1753192,Ele é caminho o resto é vereda.,sim
1753412,Da mulher mais bonita do mundo!.,sim
1753415,Ela é a mulher mais divina.,sim
1753534,"Ele é amigo, ele é justo é fiel.",sim
1753946,porque sou um homem casado e arrumei outra mulher.,sim
1753957,minha mulher é bonita e é faceira.,sim
1754099,Há uma menina frágil e angelical...,sim
1754179,"Mulher maravilha, modelo do mundo.",sim
1754192,"Mulher bonita, festa e cerveja gelada.",sim
1754242,E ela é uma artista coberta de fama.,sim
1754243,Ela é a deusa divina do mundo.,sim
1754248,Da mulher mais linda que droga de vida.,sim
1755054,Sem ela sou bom dia de ressaca em dia de segunda-feira.,sim
1755135,"Garota adolescente, senhorita minha jovem senhora, dona.",sim
1755650,As vezes eu acho que ela é miragem.,sim
1755651,Ela é covardia.,sim
1755653,Ela é uma viagem.,sim
1755655,Ela é uma deusa e eu sou submisso.,sim
1756001,Sou menino maluquinho caidinho por você.,sim
1756243,"Domingo lá vem ela caminhando sempre bela, me consolar..",sim
1756362,Do pecado todo homem pecador.,sim
1756478,Confesso pra você ele é o cara perfeito.,sim
1756596,E no meio da balada ela chega atrapalhada.,sim
1756676,Ele somos bons amigos.,sim
1756678,"Eu sou o menino, Ele é o colo pra eu deitar..",sim
1756679,"Eu sou a ovelha, Ele é o pastor jamais vai me deixar..",sim
1756909,Ele é capaz de entrar..,sim
1757006,Ele está presente.,sim
1757315,"Ele é soberano, se importa com os humanos.",sim
1757420,Sabe que ele é dono do.,sim
1757439,"Eu sirvo a ele, adoro ele, dependo dele, ele é meu rei.",sim
1757556,"Porque ele é dono de tudo, dono da vida que eu levo;.",sim
1757642,Sabe que ele é o dono do poder.,sim
1757663,"Dependo dele, Ele é meu rei.",sim
1757758,Nosso rei é muito forte.,sim
1757908,O quanto ele é grande e fiel.,sim
1757929,"Deus é cem por cento, adore e glorifique, ele é o rei da glória.",sim
1757953,"Elias homem forte, servo do.",sim
1757993,Ele é poderoso eu provo pra vocês.,sim
1758315,Essa mulher não pesta.,sim
1759506,Esposa boa e direita.,sim
1759957,"Ela é jovem, tão bonita.",sim
1760200,Se a mulher é boa eu vou firme com o meu papo.,sim
1760204,Estou sempre aceso onde tem mulher bonita.,sim
1760214,Isso tá tirando o sono de um homem simples como eu.,sim
1760954,Mas ela é dona do pedaço.,sim
1761591,Ela é cheia de axé.,sim
1761622,"Ela é alegria,.",sim
1761626,Alo mulher brasileira.,sim
1761822,"Na mão de moça bonita, mais uma jóia ele tem.",sim
1761894,Porque ele é o mentor do que há.,sim
1762094,Ele agora é guerreiro do universo e tem fogo em suas.,sim
1762102,E Deus sempre esta por perto porque ele é fiel.,sim
1762154,"Jesus que te ama, se você olhar de lado vai notar, sua presença sem falência, ele é o amigo mais preciso, se você olhar pra frente vai caminhar mais contente pois na frente te espera um paraíso..",sim
1762796,Ele está pronto pra sempre ficar do seu lado.,sim
1762921,Nosso rei é vencedor.,sim
1763692,E a minha namorada é sua amiga.,sim
1763953,Se ela é doida eu sou mais.,sim
1764099,"Vovó disse, quando eu nascer esse menino vai ser rei.",sim
1764173,"Arranjei uma gata, ela é bonita, é um avião.",sim
1764190,Corro de mulher briguenta.,sim
1764226,Eu faço ela ficar louca só na base do retoço.,sim
1764388,Pra você homem chorando deve ser muito engraçado.,sim
1764419,"Ela é malcriada, só fica provocando.",sim
1764694,ELES BEBEM PRA CARAI.,sim
1765545,O Homem preto e pobre é uma espécie em extinção.,sim
1766658,Descobriu que eu sou o homem certo pra viver.,sim
1767218,"Eu sou o homem mais feliz, eu sou feliz.",sim
1769266,Ela é comprometida ela já tem namorado.,sim
1769344,"Se ela é ciumenta, muito chato isso é normal.",sim
1769345,"Se ela foi escolhida, é porque é especial e não.",sim
1769763,Gonzaga era preto e era o rei do baião.,sim
1769796,Negra mulher preta.,sim
1770652,A mulher escolheria o homem certo.,sim
1771210,Pequena princesa és a primavera.,sim
1771223,pequena princesa és a primavera.,sim
1773201,Com seu marido nobre ela não se deu bem.,sim
1773874,A moça linda vive a pensar.,sim
1774197,Sou filho de mãe preta.,sim
1774484,Eu sou um menino bem bamba.,sim
1774485,Eu sou um garoto bem bamba.,sim
1774656,Trocou seu amor ardente por um moço requintado.,sim
1774760,"Mulher preguiçosa, mulher tão dengosa, mulher.",sim
1774762,"Mulher tão bacana e cheia de grana, mulher.",sim
1774766,"Olha que moça bonita,.",sim
1774767,"Olhando pra moça mimosa e faceira,.",sim
1774775,"Olha a moça inteligente,.",sim
1775003,||: O homem não é um animal.,sim
1775140,Ele é o líder da comunidade.,sim
1775718,Deixa ele ser moleque dessa mulher.,sim
1775937,Mulher brasileira que vai ao mercado e pechincha na feira.,sim
1775939,Mulher brasileira.......mulher brasileira.,sim
1775947,Mulher brasileira.......cidadã brasileira.,sim
1775950,"Ela é delegada, ela é deputada, prefeita e juíza.",sim
1776828,Pensando em você menina dona do meu coração.,sim
1777059,Existem homens maus.,sim
1777076,Que vira homem bom.,sim
1777258,que ele é sinistro não deixa passar.,sim
1777388,Bündchen é preta.,sim
1777551,"Ela é breve, ela linda é comovente.",sim
1778121,Do coração de um homem bom.,sim
1780805,Minha deusa é uma mulher.,sim
1780912,MENINA MOÇA É QUEM MANDA NA ALDEIA.,sim
1781108,Eu que fui menino pobre.,sim
1781511,Mulher boa é aqui.,sim
1781514,Mulher boa dá em qualquer lugar....,sim
1781523,E mulher feia?.,sim
1781524,Não existe mulher feia gente boa.,sim
1781531,"Mulher brasileira, cidadã brasileira.",sim
1781532,E mulher burra?.,sim
1781534,Não me fale em mulher burra.,sim
1781552,Que vamos descolar umas mulheres inteligentes....,sim
1781893,Essa mina era jóia.,sim
1781894,Essa mina era bela.,sim
1781899,Ela era gordinha.,sim
1782143,Ela ficou tão feliz.,sim
1784372,Torno um homem mais forte com destreza coragem o os.,sim
1784577,Garoto suburbano tipo como: Rio de.,sim
1785168,"Ele é rei, coroado pela gente...",sim
1786101,Ela estava errada e eu também.,sim
1786686,Ela é uma luz que chega de repente.,sim
1786734,Ela é a terra virgem.,sim
1786787,Que nem mulher traiçoeira.,sim
1787089,Garota prodígio.,sim
1787091,Menina legal.,sim
1788348,que o homem que matou o homem mau era mau também..,sim
1788437,"Ele é um sujeito distraído demais,.",sim
1789541,Um sagaz homem fumaça.,sim
1790025,Mané é mané.,sim
1790591,"Molambo,bendita, princesa bonita, formosa que me conquistou.",sim
1791864,"Poderosa, empoderada, Ela é livre.",sim
1791871,Ela forte igual.,sim
1791878,"Que ela zika memo, muita chuva pra sua garoa.",sim
1792177,Eu não sou senhor feudal mas te prometo um reinado.,sim
1792921,"Lisboa menina moça, menina.",sim
1793310,"Zukuta, menino zukuta.",sim
1793610,ele é filho de.,sim
1793657,que ele é rei da floresta.,sim
1793663,que ele é rei na floresta.,sim
1793974,"Ela é de bahia, ela é feiticeira.",sim
1794238,Êta mulher traiçoeira.,sim
1794348,Maninha é rainha ginga.,sim
1794374,Lara é fruta rara.,sim
1795458,"Menina lavadeira, da beira, beira da estrada.",sim
1795568,"Moça morena, vizinha das águas também.",sim
1796045,Se tu é homem mané.,sim
1796356,Menino vadio.,sim
1796799,"Ela é a fulana de tal,.",sim
1796804,"Ela é gente bem,.",sim
1797172,Num tem mulher nova comadre.,sim
1798312,Ela é mãe solteira não tem tempo pra zoeira não.,sim
1798695,Ela tá sendo mal comida então que se intrometer.,sim
1798984,Namorada sinhazinha.,sim
1799205,Quando o rei mais confiante.,sim
1799265,Moça bonita e sapeca.,sim
1799471,Só queria moço rico.,sim
1799479,Tinha que ser moço louro.,sim
1799806,Muitas querem um homem casado pra curtir.,sim
1800006,"Estranhamente, o homem branco chegou.",sim
1800602,Quando moça foi bonita.,sim
1800621,Mulher feia e sem vintém.,sim
1800796,Sou mamãe e ele é papai.,sim
1800997,De madrugada uma dama fuleira fez um tempo quente.,sim
1801688,MENINA MOÇA.,sim
1801697,"Você, menina moça,.",sim
1801886,"Vai dizer que ela é a razão dos meus ais,.",sim
1802167,"Aquela bonita, nega!) (Coitado está azarado!).",sim
1802492,essa mulher ao seu lado é uma mina mais forte que o.,sim
1802600,o homem estava abilolado.,sim
1802708,Ela anda arrependida de tudo o que fez.,sim
1802946,Com seu decote italiano ela é tão bela.,sim
1803102,No meio de homens fortes - eu estava jogando com a sorte.,sim
1803182,Porque ela é tão boa.,sim
1803313,E eu sou um homem feliz.,sim
1803605,"Sou nordestino, um homem fino, com diploma de doutor –.",sim
1803674,Procuro para minha companheira uma deusa faceira.,sim
1803768,Você mulher é uma chave de cadeia.,sim
1804538,"Bahia, ela é feiticeira.",sim
1806861,Menina tanajura jura que nasceu pra mim.,sim
1806909,UM MENINO FORTE E BONITÃO.,sim
1807216,Não há mulher mais bonita.,sim
1807449,As mina ficam doida no estilo do negão.,sim
1808331,Moça bonita segura a saia pra eu não pensar besteira.,sim
1812762,Ela é ótima.,sim
1812930,Que menina cheia de saúde.,sim
1813560,Sou honesto sim senhor traição me dá vertigem.,sim
1814704,No estado civil ser homem casado.,sim
1814771,Mistura de menina inocente com malicia no olhar.,sim
1815255,"Ela é linda, é novidade.",sim
1819566,Me descrever um homem ruim.,sim
1819643,"Você pode sofrer, esquece essa mulher casada!",sim
1819837,Garota sexy vem me dar um beijo.,sim
1820099,"Se ele é teu herói, eu sou mais corajoso.",sim
1820101,"Se ele é o ator, eu sou realidade.",sim
1820106,"Ele foi traído, eu fui o traidor.",sim
1821382,Uma deusa sedenta de amor.,sim
1821677,A minha mina tá desconfiada que é você.,sim
1822922,Cerveja gelada e mulher bonita.,sim
1824247,Ê menina linda que eu vejo todo dia.,sim
1824263,Ê menina linda que eu vejo todo dia....,sim
1825506,Menina criança linda.,sim
1825511,Menina rara beleza.,sim
1825853,"Está é uma história, de uma garota nova.",sim
1826333,Ele foi doutor.,sim
1826345,Rapaz tão feio assim.,sim
1826357,Ele é comprido e até parece.,sim
1826379,"É, elas dizem que ele é feio, mas tem molho.",sim
1826990,A mulher mais feliz do mundo.,sim
1827777,Todo homem é iludido.,sim
1828506,"Feito um menino inocente,.",sim
1829501,essa mina é uma pressão mas não posso me aventurar.,sim
1829513,Lembro a menina feia.,sim
1830229,Deixa a mulher sensual.,sim
1830970,princesa bela.,sim
1830983,"Ela é maravilhosa, de enlouquecer.",sim
1831401,E a minha mãe como ela é chata.,sim
1831413,Um homem culto e educado....,sim
1831494,"Segura coração ela linda demais mais eu, eu não quero mais.",sim
1831526,Ela é doce e meiga perto de mim.,sim
1831579,mulher amante.,sim
1831930,É muito linda é muito gata ( ela é minha flor...).,sim
1831937,"Louca, louca, louca, louca, louca, louca que menina louca.",sim
1833244,"Aí, Deus foi tão bom, me apresentou você.",sim
1835938,Ta na cara que ele ta apaixonado.,sim
1836105,Voltar a ser teu namorado doido apaixonado.,sim
1838431,Vou te mostrar do que um homem é capaz.,sim
1840891,Menino apressadinho não me esperou.,sim
1841227,Uma moça tão bonita fez acelerar.,sim
1841230,O que uma moça linda queria comigo.,sim
1841234,Já sei que ela está sózinha.,sim
1841249,Uma deusa linda não me avisou da profissão.,sim
1842219,Ela é a mulher da minha vida (ô ô ô ô).,sim
1842347,A dama mais bonita.,sim
1844119,"Que moço igual não há pela cidade,.",sim
1844136,Eu farei dela a mulher mais feliz desse mundo.,sim
1844896,"Provocante, insinuante ela é poderosa.",sim
1846293,Com toda a ingenuidade de um menino sonhador.,sim
1847167,No requebrado da menina sensual.,sim
1847194,Deus te fez assim menina linda pra me encantar.,sim
1847368,Se toca um samba ela rebola bonitinho.,sim
1847518,Vicentina.....ela não é dar mole não.,sim
1847708,"Me inspiro nela pois ela é a luz que me ilumina, à noite.",sim
1847804,Deusa menina ou mulher.,sim
1849143,Mais eu to sabendo que essa mina é perigosa e mandigueira.,sim
1849251,Na vida seria um homem mais feliz.,sim
1849257,"Menina linda, quero te namorar.",sim
1849523,"Ela é minha princesa, diz que é minha cinderela.",sim
1849526,"Deve ser inveja porque ela é tão cheirosa, barriga saradinha ela sabe que é gostosa.",sim
1849540,"Todos lá na rua sabem que ela é piriguete,.",sim
1849541,dizem as más linguas que ela é boa...(de chiclete).,sim
1849627,Esta é uma história de uma garota nova.,sim
1849637,Eu sou a tal (menina louca).,sim
1849640,A turma logo responde ela fica empolgada.,sim
1849837,E na hora do almoço ela é carne de pescoço.,sim
1849901,Mas com ele é diferente.,sim
1850242,Ela é a mulher que eu sempre quiz.,sim
1850247,Mas é que ela é estrangeira.,sim
1850509,Ah ah ah ah ah ah essa mulher é bipolar.,sim
1850591,Um homem apaixonado fica cego e louco de paixão (paixão).,sim
1850595,Um homem apaixonado fica cego e louco de paixão.,sim
1850644,"Na comunidade ela é estrela, gata de elite.",sim
1852009,Eu arranjei uma menina tão faceira tão felina.,sim
1853182,e agora ele é conhecido como o famoso pé rapado.,sim
1853868,Ao invés de você procurar pelo homem perfeito.,sim
1854550,"Ela é parceira, é fechamento.",sim
1854561,Ela é barreira que anda.,sim
1854570,Ela é provocante.,sim
1854572,Ela é fatal quando chega é um furacão.,sim
1854797,Sou mulher capaz de tudo.,sim
1855261,essa garota é nota 10.,sim
1855269,eu conheci uma menina muito atraente.,sim
1855635,Ela fica tarada e bota a bebida na boca.,sim
1855713,E elas tão cheia de tesão..,sim
1856063,"Ela é danada é sem vergonha gosta muito de dançar,.",sim
1856168,"Porque nóis é coletividade nóis só não dá moral pra falsidade estora o champangne amor é só de mãe paz, justiça e liberdade..",sim
1856175,"Se liga só nessa comparação se eles é peixe nóis é tubarão, se eles é cú nóis é sangue bom nóis só não se compara a papai do céu é ele lá e nóis aqui no chão..",sim
1856246,As mulheres são atriz.,sim
1856247,E os homens são ator ator ator.,sim
1856576,Cabral tá favoravel.,sim
1856770,É por isso que hoje ele é o protagonista dessa nova minha letra.,sim
1857204,"Deixar os homens malucos, essa é sua marca.",sim
1857205,"Ela é original, quem não é, paga um pau.",sim
1857211,"No tamborzão ela rebola, de whisk ela tá dahora.",sim
1857551,"Deus que ele é justo e tudo tem seu porém, ir além, ir além, ir além.",sim
1857604,"Deixa elas malucona,.",sim
1857659,"Ele tem dinheiro, ele é ligeiro,.",sim
1858093,Meu shortinho amarelo deixa os meninos doidão.,sim
1858199,Essa menina linda muito princesinha.,sim
1858333,Eu sei que ela não é mina pra colar.,sim
1859884,Mulher ouro e poder já falei que é lutando.,sim
1860193,"Se ela é linda, simples, simpática.",sim
1860195,se ela é simples e satisfaz!.,sim
1860452,Dj vou te falar: ela é muito sensual.,sim
1860457,Ela tá doidona de tequila.,sim
1860709,R.L fé em deus que ele é justo.,sim
1861169,Dedicada a todas as mulheres ciumentas....,sim
1861181,Ela fica louca para me localizar....,sim
1861292,"Eu vi a minha mãe chorando, minha mulher aflita.",sim
1861621,No falto-as ela já tá conhecida.,sim
1861769,Elas querem ficar sexy na noite e no dia....,sim
1861793,"Querendo um homem forte, do rico e do mal.",sim
1861850,"Vendo ela chora quando você saia,caia na gandaia e deichava ela sozinha..",sim
1861912,ela ela tão bela!.,sim
1861916,"tigrinha o seu jeito de princesa tão bela,tão linda.",sim
1861921,"Essa mina é tão perigosa,ela chega de saia de boné.",sim
1862014,"há novinha tá gostando, ela é uma delicia.",sim
1862273,Ela é toda princesa.,sim
1862454,Mulheres lindas.,sim
1862476,Uma mãe sozinha.,sim
1862493,Mulher guerreira.,sim
1862573,"Ela é chique no verão, seu biquini é um arraso.",sim
1862585,"Ela não é alta, não é baixinha.",sim
1863178,Ela é novinha treinada ela novinha insana.,sim
1863227,Onde chega ela é notada.,sim
1863246,Ela ta suave bright.,sim
1863269,Ela ta maior gata.,sim
1863279,Ela é a dama de vermelho.,sim
1863438,"Se tem mulher bonita no meio do salão,.",sim
1863547,"Olha que menina linda, linda.",sim
1863954,Ela é gostosa bonita e sensual.,sim
1863970,O que ela é novinha louca.,sim
1864038,Ela é charmosa.,sim
1864085,Verde é os olhos daquela menina morena.,sim
1864091,Luigi é verde!.,sim
1864155,Ela tá insaciável.,sim
1864288,"""Malandro é malandro e mané é mané"".",sim
1864399,Muleke era bom a vera cantava de mais.,sim
1864415,A garota mais linda do baile.,sim
1864652,"As minas são chapa quente, só mexe quem é maluca.",sim
1864778,Eu sou aquela mina muito atrevida.,sim
1864892,Quero ver mexer comigo meu marido é revoltado.,sim
1864909,Ele é chifrudo?.,sim
1864983,O bonde da pocahontas só tem mina braba.,sim
1865001,se tem coisa que eu não gosto é homem borracha fraca.,sim
1865039,A mulher quando é muito sincera ela olha pro homem e manda a real.,sim
1865077,Calma garoto só muito novinha.,sim
1865130,Ele é gostoso e tem um olhar periculoso.,sim
1865131,Mas com a nega aqui ele fica dengoso.,sim
1865138,Ele é o brabo dos brabos.,sim
1865143,Ele é o brabo.,sim
1865261,Deixar qualquer homem louco.,sim
1865521,refrão : Sou uma menina super.,sim
1865526,Sou uma menina super.,sim
1865573,Menina atrevida marra de pop star.,sim
1865582,A Princesa tá sozinha vou me oferecer.,sim
1865756,"Essa garota é poderosa, é gostosa.",sim
1865759,"Mas ela é tão maravilhosa, venenosa no seu jeito de.",sim
1865764,Com esse jeitinho de menino inocente.,sim
1865790,Ela é maravilhosa não se acha formosa.,sim
1865803,"Ela é gostosa, um diamante.",sim
1865862,Ela é minha princesa.,sim
1866314,"SÓ DI BLINDÃO,SÓ DI BLINDÃO,TODOS IRMÃOS NA CONTENSÃO É QUE ESTÃO AQUI NO MUNDÃO I FAVELA VAI REAGIR QUANDO OS BOTA PRETA QUIZER INTERFERIR I MULEQUE VAI REAGIR DE 357 NA CINTURA ELE VEM AI.(REFRÃO).",sim
1866860,Malícia uma garota esperta.,sim
1866862,Ela diz não ela é cheia de intenção.,sim
1866874,Como ninguém tivesse notado ela é interesseira.,sim
1866878,Ela é esperta e traiçoeira.,sim
1866879,Uma garota baladeira.,sim
1866887,Mas ela é linda de mais.,sim
1867026,Mulher moça menina ainda por cima é minha sina.,sim
1867034,Ela é diferente me ganhou só no olhar.,sim
1867286,Ela é apaixonada no fuzil.,sim
1867341,OLA SÓ COMO ELA VEM.....,sim
1867441,"Ela é sapeca, tá com fogo nessa festa.",sim
1867442,"Ela é sapeca, deixa a mina dançar.",sim
1867444,"Ela é sapeca, hoje vamos nos amar.",sim
1867511,essa menina é muito linda tá querendo aparecer.,sim
1867568,É a garota furacão.,sim
1867672,"Minha mãe é legal, minha é 1000 grau.",sim
1868032,Inventaram arma de fogo não existe homem forte.,sim
1868542,"Vou aproveitar, que ele também tá louco.",sim
1868591,"Mas mulher igual eu, haha.",sim
1868593,"Mas mulher igual eu, haha deus só fez uma(2x).",sim
1868677,"Não pode entrar mulher feia, nem homem barrigudo.",sim
1868683,Vai ter vários patrão e as minas vai ser patroa.,sim
1869430,moleque tá treinado.,sim
1869725,"Na pracinha noite e dia, nois tá boladão cantando,.",sim
1869974,Chama as meninas bem trajadas.,sim
1870036,Vem cá menina linda.,sim
1870238,"E com as mulheres nois é sempre atraente,.",sim
1870357,Marcelly tá maluquinha.,sim
1870371,"Deixando as menina louca,.",sim
1870532,Eu não sei se ela foi cagada.,sim
1871294,"Minha mãe tá muito triste , porque eu não sou mas virgem.",sim
1871322,Ela é malandra.,sim
1871344,Já era namorado novo.,sim
1871615,E ele cheio de maldade.,sim
1871762,E vou passando tipo diva total elegância.,sim
1871826,As mina aqui são zica e gosta de chamar atenção.,sim
1871959,Quando ela tá chapada é pior do que careta amiga é o.,sim
1872067,Trombei o dj bala ele aperto na purehemp.,sim
1872649,Achei ela muito especial.,sim
1872702,Que elas rebola quica e vai até o chão.,sim
1872705,so mina gata so top de linha.,sim
1872847,E os mlk é zika e ta que e nois tá desposto.,sim
1873486,Ela vem formosa.,sim
1873664,Só que o foda é que ela é gata demais.,sim
1873674,O foda é que ela é gata demais.,sim
1873798,Os mano que já folgo e as minas folgo também.,sim
1874078,"agora é bem falado e dado que ele é o gerente ,.",sim
1874148,Essas meninas ficam louca.,sim
1874170,Só menino bom tá com a gente ensandecidamente.,sim
1874522,"Menina extrovertida,.",sim
1874543,"Ela é bandida,.",sim
1874906,As mulheres lindas que tem no brasil.,sim
1875727,Ela é saliente.,sim
1875730,ela é vaidosa.,sim
1875741,Porque quando meu funk toca as mulheres ficam louca.,sim
1875846,Que ela é mulher gambiarra e ela saiu na favela.,sim
1875853,Minha esposa é dedicada e a tua é gaia de sabão.,sim
1875987,Mas eu já fiquei ligado que ela é danadinha.,sim
1877142,"Uma menina ainda muito adolescente,.",sim
1877152,pra piorar ela tá grávida de um vacilão.,sim
1877317,Os menino chique bem trajado.,sim
1877381,Menina inocente chora de repente.,sim
1877384,Menina inocente chora por ilusão.,sim
1877426,"Ela é prima da piriguete, sai com as amigas, sexy,.",sim
1877428,"Ela não é fiel nem substituta, ela é a cachorrete,.",sim
1877443,"Joy já me falo que ela é gata cachorrete, tira onda de.",sim
1877728,Ele é considerado um dos 43 ladrões.,sim
1877754,"Mas na favela ele é famoso, é melhor ficar ligado.",sim
1877834,Ela quer ficar louca soltinha.,sim
1877842,"Ela quer ficar louca, solta, louca.",sim
1878229,"Vem a mulher mais sensual, linda da cor da noite.",sim
1878283,Ela é bonita demais.,sim
1878319,O motor envenenado ela é pouco amostra.,sim
1878737,Leonardo é maior satisfação.,sim
1878758,marcelinho era guerreiro.,sim
1879040,Ela é cheia de vergonha menina do bem.,sim
1879158,"Ela é espetacular, é a mulher kama sutra.",sim
1879159,Em cima do palco ela mantém boa conduta.,sim
1879237,"Jogando a bunda, olha só que mina louca.",sim
1879497,Pra ver se essa mina é selvagem.,sim
1879517,"Ei, hey, mulher profissional?.",sim
1879723,"Eita, caralho, que mina esquisita.",sim
1879763,Noite de balada ela é a sensação.,sim
1880367,Minha mulher é chapa quente.,sim
1880412,Porque na porrada ela é foda e na cama ela é cruel.,sim
1880424,Mulher barraqueira.,sim
1880434,Oh mulher barraqueira.,sim
1880443,Porque tu é mulher muito saliente.,sim
1880629,"Ela não é minha namorada,.",sim
1880649,Ela vem cheia de graça.,sim
1880695,"Amizade especial, ela é sinistra piranha profissional.",sim
1880935,Ela já tá embrasada (4x).,sim
1881918,Moreninha mina top sempre a mais requisitada.,sim
1882021,Cheio de mulher gostosa.,sim
1882201,Elas são gostosa.,sim
1882219,E ela tá estressada.,sim
1882249,Eu sou mina top tipo que eles adoram na boca das.,sim
1882268,As minas top da zl vai mostrando com é que se faz.,sim
1882270,A familia tá crescendo do jeito que eu tô gostando no embalo da percusão as minas top vai esculachando.,sim
1882275,Mp de lap top piriguete aumenta o volume e ve se aprende com a mina top.,sim
1882287,embalo da percusão as minas top vai esculachando.,sim
1882323,"Papai sempre falou, luan seja inteligente.",sim
1882327,"Elas tão perdendo a linha, elas tão doidona, doidona, doidona.",sim
1882329,"Levei ela pra festa, elas foram a atração.",sim
1882352,As meninas joga piada.,sim
1882357,Minha mulher é braba hein.,sim
1882413,fala sou um homem fuleiro.,sim
1882414,eu sou um homem barato.,sim
1882727,Eu tô rindo atoa e ela tá estressada.,sim
1883331,"Vem menina gostosa, esse seu jeito de olhar.",sim
1883392,"Ela é uma gracinha, é toda lindinha.",sim
1884185,E quando ela é bonita.,sim
1884660,Mulher igual a você não tem.,sim
1884860,Quando eu danço ela fica istigada.,sim
1884924,Mulher profissional.,sim
1885027,Nosso bonde na balada eles ficam maluquinho.,sim
1885029,Eles estão descontrolados e todo mundo viu.,sim
1885158,Garota estou perdido.,sim
1885236,Você me escolheu pra ser seu homem eterno.,sim
1885522,"Mulheres lindas e o bolso sempre cheio,.",sim
1885617,menina bonitinha.,sim
1885623,Ela já tá embrasada..,sim
1885899,No acampamento ele era genial.,sim
1886010,Escute minha deusa eu te amo de verdade.,sim
1886372,nossa que mina difícil.,sim
1886888,Pra minha princesa tá escrtio assim ooo minha princesa tá escrito assim.,sim
1886921,Ela está ficando louca.,sim
1886967,Ela está ficando louca!.,sim
1887046,"Menina selvagem da areia, menina selvagem da areia....",sim
1887446,Agora sou um rapaz sério.,sim
1887836,mulher interesante (x2).,sim
1888002,Ela é linda mas é mentirosa.,sim
1888090,O menino solitario que quer ter o que não pode.,sim
1888143,A mina ta chapada de whisky e.,sim
1888491,Ela é a rainha do baile ela é a mulher que eu sempre.,sim
1888586,Ela ta sensacional.,sim
1888591,ela quica pra valer.,sim
1888671,Porque ela é braba.,sim
1888674,Ela é malvada.,sim
1888725,Ela quica assim não para.,sim
1888948,"Essa mina é relíquia, cobiçada na favela, ela joga o meu jogo e eu patrocino ela..",sim
1889087,Se fica na água ela é uma santa.,sim
1889090,Ela é gostosa de mais.,sim
1889108,Mais no bagulho ela é atrevida.,sim
1889173,Só mulher gostosa da alta e da cinco boca.,sim
1889265,Essa mina é louca na balada.,sim
1889367,Essa vai especialmente para toda mulher fiel que ta no baile presente.,sim
1889408,"se tem mulher casada, neurose eu to correndo.",sim
1890076,"O desejo dessa mina é sua humilhação, dá valor pra.",sim
1890253,Ela é top e sabe que é.,sim
1890316,Ela é dama de elite.,sim
1890318,"Mais fica a vontade, no funk de luxo ela é celebridade.",sim
1890325,E na balada ela é sempre elegante.,sim
1890326,"Essa mina é tão impressionante, a todo instante.",sim
1890343,Na boate ela quica causando.,sim
1890460,"Essa mina é chapa quente, é bandida experiente.",sim
1890824,Se tiver mulher gostosa.,sim
1890838,Ela tá rebelde.,sim
1890877,As mina fica loca.,sim
1890908,"Mas ela parece ser diferente,.",sim
1890935,Mas ela parece ser diferente (não se iluda não).,sim
1890949,"Ela é top, ela é braba.",sim
1890978,"Ela é top, ela é diva.",sim
1891089,Ela tá sempre chique e elegante.,sim
1891095,"Ela é gata, ela é linda.",sim
1891558,Nois é os pica por isso que elas imbica trazendo varias amigas no piko.,sim
1891569,"Até mais, nois é louco mais louco de mente serena.",sim
1891960,e você mulher guerreira.,sim
1892257,"Eu sei, eu sei, ela é bonita.",sim
1892408,"Se eles forga, somos fodas, gostamos de andar na moda.",sim
1892789,"Vive intensamente, mina caliente.",sim
1892861,E se ela for digna do seu amor ela vai voltar.,sim
1892946,Enquanto ele era alcool puta cocaina.,sim
1893146,Tá bom se ela for solteira.,sim
1893147,Melhor se ela for baladeira.,sim
1893423,"Fazendo por merecer, não deixando elas carente.",sim
1893768,Em casa ela é santinha.,sim
1893769,"Mas na rua, ela é piranha.",sim
1893771,E na escola ela é piranha.,sim
1893775,Que você achou que ela era princesinha.,sim
1894006,Ela é musa brasileira.,sim
1894013,Menina aventureira.,sim
1894022,Menina interessante.,sim
1894040,Ela é original.,sim
1894045,Mas ela é muito esperta.,sim
1894121,Só tinha mulher gostosa.,sim
1894210,Eita mina louca.,sim
1895337,Ele amanhece tubarão e vai dormir sardinha.,sim
1895364,"Ela é grande, mas os.",sim
1895552,"(É tem uns menino bom novo hoje ai na rua,.",sim
1895606,Ele é tão clarinho.,sim
1895615,O avó é lindo.,sim
1895649,"E cantar rap nunca foi pra homem fraco,.",sim
1895650,Saber a hora de parar é pra homem sábio..,sim
1895687,"Rap nunca foi pra homem fraco,.",sim
1896165,Vejo as mães alegres com seus filhos!.,sim
1896552,Cascão é rei do morro e a chapa esquenta fácil..,sim
1896857,Ela é filha do manéco.,sim
1896876,"Que logo meu respondeu, ela é filha do.",sim
1897144,O Criolo aqui é doido e não aceita mancada..,sim
1897970,"Mulher inteligente, sabe se valorizá.",sim
1898224,O homem é um animal que está sempre em conflito com a mente.,sim
1898257,Há preconceito com o homem negro.,sim
1898550,Elas só estão perdidas.,sim
1898962,Mas ela é justa também.,sim
1900014,Porém não se tocou que homem não é leão.,sim
1901518,coitada da mãe é tão novinha.,sim
1903049,"Ela é minha morena,.",sim
1903055,"Pois ela é minha menina, ela é minha fulô, ela é minha.",sim
1903875,Ele é mais que um rei poderoso.,sim
1903878,Ele é alfa e ômega.,sim
1903890,Ele é o maioral!.,sim
1904138,"Papagaio, mães cocotas.",sim
1904254,No olhar inquieto da moça triste.,sim
1904537,Juro que um dia eu vi um homem ser feliz.,sim
1904549,"Ah, juro que um dia eu vi o homem ser feliz!.",sim
1904583,Eu tenho uma namorada viva no interior.,sim
1906066,"Ela é a rainha, eu o rei.",sim
1906083,Ela é a rainha eu o rei.,sim
1908545,Ela é tão linda é sensacional.,sim
1908548,Ela é tão linda a todo instante.,sim
1908601,Que gosta de chegar mas ela ligeira se liga na hora.,sim
1908613,Mas ela ligeira se liga na hora.,sim
1909628,"acompanha bom vinho, musa grega chama.",sim
1910069,"E ele nengro, doente.",sim
1910074,Ele cresceu sendo amado.,sim
1910623,Ela é chegada.,sim
1911779,"Ai, como essa moça é descuidada.",sim
1911793,"Ai, como essa moça é distraída.",sim
1911827,"A moça bonita, onde anda você.",sim
1912406,Namorada mais amada.,sim
1912853,Mulher nova homem velho ou sabido.,sim
1913912,Ela é bem mais rica que uma posse pessoal.,sim
1914553,Mulher não quero ser mais certo.,sim
1915880,ela é a campeã.,sim
1917916,Só as mães são felizes...,sim
1918182,Homens pobres das cidades.,sim
1918986,"(marido velho, filhos adultos ).",sim
1922475,Richard já era cantor.,sim
1923006,"Embora, ele seja prenúncio do mal.",sim
1923543,na boca vermelha de uma dama louca.,sim
1924868,Na natureza onde ele é rei.,sim
1925108,Só as mães são felizes.,sim
1925185,(Só as mães são felizes).,sim
1925518,Que ele é um sonho bom.,sim
1925937,"o homem antigo, o homem aflito e o homem amargo.",sim
1925998,disse o velho louco pro menino bobo cheio de ilusão.,sim
1926100,"Ela é carioca, de.",sim
1926106,"Ela é carioca, garota demais, e não sabe ter um dia de romance com o mesmo rapaz.",sim
1927057,Vou ter um dia uma mulher valente.,sim
1927249,E o menino triste.,sim
1927798,E o homem bom pratica o ato heróico.,sim
1928244,E aprendi como eles são engraçados.,sim
1928545,a menina nua.,sim
1929442,"Ele é irônico, é só irônico.",sim
1929591,E você sabe muito bem que eu sou filha única.,sim
1929640,E ela é alérgica.,sim
1930672,Tantas mulheres febris.,sim
1931827,"Rosa, menina rosa.",sim
1931846,"Me disseram que você menina rosa, samba demais.",sim
1932251,"A mãe, que ela é maluca.",sim
1932548,Ele é um homem e eu sou apenas uma mulher.,sim
1932977,Todo homem será rei na terra.,sim
1933373,E ela estava viva.,sim
1933545,Repare o crime senhor juiz.,sim
1934025,Esse homem nu sou eu.,sim
1935408,Menina faceira.,sim
1935469,Pois ela é mãe das flores.,sim
1936158,Faz do homem pleno e vazio.,sim
1936200,Aonde foi aquele moço bom da.,sim
1936542,Eu sou plebeu e ela é nobre.,sim
1936551,"Menino bonito, menino bonito, ai.",sim
1936552,"ai menino bonito, menino bonito ai.",sim
1938854,Moça tão bonita posso ir no seu quarto conhecer.,sim
1939196,A moça mais bela que ultimamente eu conheci.,sim
1939524,a minha mãe é mãe solteira.,sim
1939704,"João é rei, nunca foi réu.",sim
1939712,Todo homem nasce livre.,sim
1940262,Dança a moça triste do.,sim
1940375,"Qual o clã deste menino clandestino, qual o clã?",sim
1940415,Menina bela vai me carregando.,sim
1940610,Ela é tão bela e determinada.,sim
1940905,Querubins são engraxates aos seus pés.,sim
1941575,"Só come alface, é uma garota suicida.",sim
1943146,"Ela está suada, pronta pra se derreter!.",sim
1943147,"Ela é puro êxtase, êxtase..",sim
1944314,"Freud é tão simples, odeio-te meu amor!.",sim
1945202,Uma menina linda.,sim
1945414,HOMEM NÃO CHORA.,sim
1945430,QUE HOMEM NÃO CHORA.,sim
1945486,"Como ela especiais, no seu jeito de se entregar.",sim
1945561,Mulheres motores.,sim
1945970,"Pai presente, mãe presente.",sim
1947817,como ela não tinha igual.,sim
1948146,mas no final o gigante por ele foi derrotado.,sim
1948308,Não tenha medo ele já é derrotado irmão.,sim
1948736,Minha avó fica preocupada.,sim
1949262,Ele dirige todas aquelas meninas louco..,sim
1949588,Mas ela não é fácil e não bebe nada.,sim
1951922,Mas com essa menina não adianta ser gostoso.,sim
1952256,sabendo que ela é burra.,sim
1955963,Ele é um cara 100%.,sim
1956093,Era um menino prodígio.,sim
1956151,Ela é uma fera.,sim
1957302,"Ela é princesa,malícia quando passa por mim, sorriso de quem sabe seduzir.",sim
1957681,"Ela é diferente, bagunçou a minha mente.",sim
1958055,Que eu sou um homem bem mais feliz.,sim
1959494,E ela mesma se encontrou.,sim
1959599,Sou uma garota idiota.,sim
1959770,"Mas na verdade, ele ta muito ruim.",sim
1960970,"Ela é preto e branco, eu verde e amarelo.",sim
1960972,Ela é cult e eu sou clichê.,sim
1960974,Ela é bossa nova e eu sou baião.,sim
1961700,E hoje sou um homem infeliz.,sim
1962075,A moça mais linda que tanto amei.,sim
1962321,Desse violeiro ela é a paixão.,sim
1963464,Hoje sou um homem triste.,sim
1963648,De homem fraco vacilante e fraco.,sim
1965576,Serviço e mulher feia.,sim
1966258,Mulher bonita passa por mim.,sim
1966399,Tem que ter mulher bonita.,sim
1966546,Eu sempre me achei um rapaz normal.,sim
1966624,Da mulher sou dependente.,sim
1968029,Sou o homem mais triste do mundo.,sim
1968482,Ela é difícil de amar.,sim
1968485,Ela é favo de mel.,sim
1968747,Ela é teimosa.,sim
1968748,Ela é toda prosa.,sim
1968920,Mulher seja preta ou branca grande prestigio disputa.,sim
1969419,Eu sendo um garoto estudioso.,sim
1969437,Senhor foi menino brasileiro.,sim
1972035,"Essa menina é uma loucura que me leva nas alturas e me faz cair no chão,.",sim
1972036,Essa menina é uma loucura que me leva nas alturas e me faz cair no chão..,sim
1973043,"“Êta” mulher boa, essa tá na minha pegada.",sim
1973077,"“Êta” mulher boa, essa tá na nossa pegada.",sim
1973742,"A casar com um homem rico, a contra gosto ela casou.",sim
1973860,Pro menino guarani.,sim
1974097,No amor ela é linha de frente.,sim
1974102,"Ela sabe se dar, ela é diferente.",sim
1974106,"É a mulher ideal, amante, amada, amiga.",sim
1974827,Deus faça de mim um homem forte.,sim
1974840,"Sou um homem casado, coberto carinho.",sim
1975076,Se a menina é ligeira eu grudo ela nos braços.,sim
1975110,Homens fortes valentes.,sim
1975309,E a mulher namoradeira eu passo.,sim
1975788,"Esse juiz é uma fera, um homem sério e de tutano.",sim
1976031,Ela é minha paz.,sim
1976357,entrega seu corpo a homens estranhos.,sim
1976825,Vou fazer de você a mulher mais feliz do mundo..,sim
1977781,E o astro rei majestoso.,sim
1978065,Pra todo sempre ele é o senhor.,sim
1978066,Ele é o dono desta casa.,sim
1978558,Sua mulher é linda você tá de parabéns.,sim
1978610,Moça linda por favor guarde todo esse amor.,sim
1979283,"Ela tá beba doida,.",sim
1979285,Ela tá beba doida.,sim
1979297,Ela tá beba doida..,sim
1979310,"Balada proibida, só mulher bonita.",sim
1980514,Manda pro inferno a mulher mais querida.,sim
1980991,Aldo de um homem valente.,sim
1981001,Ela já foi minha dona.,sim
1981327,"Vem amante, eu sou aquele homem certo.",sim
1981504,"Antes levava moça linda na garupa,.",sim
1981538,Comigo ela é esposa.,sim
1982712,Porque ela é tua irmã....,sim
1983599,Já não sei o que faço pra ser um homem feliz.,sim
1983897,"sou um moço pobre, porém muito honesto.",sim
1983901,se para o senhor ser pobre é defeito.,sim
1984052,Eu sou apenas um homem comum.,sim
1984071,Sou apenas um homem comum.,sim
1985129,"Eu sou carne e ela é unha, é paixão que não tem fim....",sim
1985132,"Para escrever esses versos, ela foi a inspiração,.",sim
1986982,Mulheres valentes elas são prudentes.,sim
1987072,Trás a cura por que ele é doutor.,sim
1987299,Ele é valente na batalha.,sim
1987314,Vai sumir pois pra você ele é doutor.,sim
1987316,Ele é o juiz e também o advogado.,sim
1987407,Guerreiro do céu os anjos cantam que ele é fiel.,sim
1987409,Ele é vencedor ele é campeão.,sim
1987525,Enche o crente de um jeito e deixa ele perfeito.,sim
1987621,"Ele forte, poderoso é tremendo e milagroso.",sim
1987940,Ele é mesmo assim ele é tudo pra mim.,sim
1988302,Senhorita dama da noite.,sim
1988701,O Juca era bobo.,sim
1988702,O Juca era tonto.,sim
1988739,Juca é bobo.,sim
1988740,Ou se ele é sabido demais.,sim
1988877,Um homem triste vai seguindo a caminhada.,sim
1989068,Ele é o bom da boca é um porra loca.,sim
1989069,ele é mesmo assim.,sim
1989291,Basta ter uma viola e mulher boa na festança.,sim
1989313,Mulher bonita prende fogo no salão.,sim
1990601,"Chega a doer na vista, ela é maravilhosa.",sim
1991629,Que mulher igual à ela.,sim
1991838,"A menina é boa, boa demais.",sim
1991839,É filha única é fazendeira em.,sim
1992021,Eu seria o homem mais feliz do mundo.,sim
1992204,Sentindo o drama de um homem sozinho.,sim
1992428,Bebo por uma dama meiga e bela.,sim
1992431,Ela é a razão do meu sofrer.,sim
1992460,"Arrume tudo, mãe querida, o seu filho vai voltar.",sim
1993064,Aquela garota vaidosa.,sim
1993815,"Não quer saber de malhação, ela tá linda.",sim
1993817,"Ela é gordinha mas é minha, eu não troco por nada.",sim
1993819,"Ela é gordinha mas é minha, tem gente querendo.",sim
1994824,A mulher mais linda que pisou no solo do meu coração.,sim
1995155,não deixo mulher bonita.,sim
1995498,Mulher bonita é o que não falta no rodeio.,sim
1996639,Olha que mulher charmosa.,sim
1997300,"Ela foi atriz, eu fui infeliz.",sim
1997311,Mulher bonita não se joga fora.,sim
1997317,"Ela é doida, eu sou mais.",sim
1997717,Ela é mulher perfeita.,sim
1997952,Não sei por que ela adora a vida rude de um homem xucro.,sim
1997957,Parece ser incrível uma moça delicada.,sim
1997963,Vivo sozinho sempre fui um homem livre.,sim
1997971,Festa de moça bonita.,sim
2000230,"Chiquinha, menina nova,.",sim
2000463,Ela sempre sorridente a seus pretendentes não diz sim.,sim
2002061,Você é a moça mais bela.,sim
2003293,Requebra que requebra menina faceira.,sim
2003456,Mulher bonita é o que não falta no bailão.,sim
2003469,"Não existe mulher feia, é vocês que bebem pouco.",sim
2005068,"Nas águas sou protegido, rainha mãe.",sim
2005299,Quem tem mulher bonita sofre igual burro de carga.,sim
2005307,"Mulher bonita é sempre mais cobiçada, dependendo da cantada ela cai em tentação.",sim
2005319,"Mulher bonita é bom mas é perigoso, se o peão for nervoso acaba ficando lelé.",sim
2005359,"Um homem ereto, preso a uma asa de pano.",sim
2005606,Viola é meu instrumento e a moça é minha viola.,sim
2005908,Nóis só quer mulher bonita mas as feias nos persegue.,sim
2006479,A mina chique numa calça santropê.,sim
2006878,Beijo de mulher bonita.,sim
2007175,"Ele é grande é cabeçudo, ele é bravo, é nervoso..",sim
2007315,Quanto mais mulher bonita a gente bebe e acha “bão”..,sim
2007316,"Mulher bonita, judia com o coração,.",sim
2007565,Ela é toda malícia.,sim
2009230,Ele é livre como o vento.,sim
2009231,Ele é grande como o mar.,sim
2009745,"e vamos nessa peleia,potro homem,homem potro..",sim
2010932,Ela é bem diferente.,sim
2011132,Ela fica mais certeira.,sim
2011530,Mulher livre não comprometida.,sim
2011937,Deus eu não sei como ela foi capaz.,sim
2013005,sou o homem mais triste desta cidade.,sim
2013400,Maria é bom viver.,sim
2013749,Ela é a preferida.,sim
2013750,Ela é a flor da noite.,sim
2013772,Ela é uma flor da noite.,sim
2013875,PELA MULHER NA MESMA CAMA.,sim
2014838,a mulher mais linda que adoro tanto.,sim
2014980,Dizendo que ela estava nervosa.,sim
2014984,Diz que sou o homem melhor deste mundo.,sim
2015211,Salvo na terra moça boiadeira.,sim
2015927,Aquele homem selvagem.,sim
2016689,Ela prefere ser careta.,sim
2017042,Odeia homem frouxo.,sim
2018544,E a garota mais bonita que encontrei.,sim
2019233,Bendita és porque hoje eu sou um homem mais feliz.,sim
2019242,"Bendita és, porque hoje eu sou um homem mais feliz.",sim
2022055,Sua esposa é uma roseira e cada filho é um botão..,sim
2022329,"Corro de mulher casada pra minha vida não complicar,.",sim
2022390,"E mulher namoradeira, quando quer trocar de macho..",sim
2022408,"E mulher namoradeira, quando quer trocar de macho.(2X).",sim
2022826,O coração da mulher é uma caixa de segredos.,sim
2023184,(se largarmos da mulher interesseira é porque encontramos.,sim
2023185,"a mulher verdadeira, mas lembrem-se meus amigos que mulhe.",sim
2024289,A mulher verdadeira.,sim
2024657,Que ela é top.,sim
2025068,mãe querida.,sim
2025637,"Mulher bonita, hoje aqui tá cheio.",sim
2025939,Fazer o que se ela é moderna?.,sim
2026003,Eu sou mesmo um homem santo.,sim
2026021,"Ela é top, é filé.",sim
2026182,Ela é cheia de jeitinho pra falar comigo.,sim
2027072,"Eu arrumei um enguiço, com uma mulher ciumenta,.",sim
2027083,"Se ela continuar nervosa não sei se vou agüentar,.",sim
2027127,"Só ataca mulher boa, e quando enjoa , sai comentando.",sim
2027270,Essa mulher é bandida.,sim
2027391,"Marido quis me matar, mas ela foi camarada..",sim
2027429,Você é um rapaz tão pobre.,sim
2027706,Por essa mulher bonita.,sim
2028222,Homem que tem mulher brava.,sim
2028935,"Sua menina linda, olha, eu tô do seu lado.",sim
2028977,Ela mora sozinha.,sim
2030273,Das coisas que essa mulher é capaz.,sim
2030287,Essa mulher é uma arma fatal.,sim
2030290,Ela tá prontinha pra te conquistar.,sim
2030803,Se me vê com mulher feia pode crer que eu to doente.,sim
2031671,"Ela é maluca, é linda e sabe que é gostosa.",sim
2031680,Ela é tipo de mulher independente.,sim
2031687,Se ela sozinha já é um perigo.,sim
2031690,Se ela solteira já é um perigo.,sim
2031839,"Todo homem tá cansado, já chifrou já foi chifrado.",sim
2031846,vai atrás de menina loucamente apaixonada.,sim
2031912,"Ela é princesa, é poderosa.",sim
2031915,Ela é estrela.,sim
2031916,Ela é divina.,sim
2032030,Ela sabe ser sexy sem ser vulgar.,sim
2032037,E na balada ela é a sensação.,sim
2033521,A mulher linda por quem sou apaixonado.,sim
2033537,"Uma moça muito linda, bem na flor da mocidade.",sim
2034127,Seu jeito maluquinha ela disfarça é tão particular.,sim
2034475,O meu irmão zé tá louco por uma menina.,sim
2034478,De fato ela é uma graça.,sim
2036185,E ele que era um homem sozinho.,sim
2036219,O rapaz namorador.,sim
2036726,"Já me avisaram, que ela não é mulher de casar.",sim
2037712,olhe pro alto minha menina nova vida vai chegar.,sim
2038801,Somente ela é minha flor.,sim
2038836,Junto a mim ela estava tão linda.,sim
2039161,"Ela é um encanto, ela é uma flor.",sim
2039290,Se eu fosse um homem fraco.,sim
2039583,Ela é a luz que domina meu ser.,sim
2039699,Mãe pensando nisso vivo a lamentar-me.,sim
2039972,Ele tava acostumado com mulher cheio de frescura.,sim
2039997,Mas ela é poderosa po po po poderosa.,sim
2039998,Ela é perigosa pi pi pi pirigosa.,sim
2039999,Ela é poderosa po po po poderosa.,sim
2040000,Mas ela é perigosa pi pi pi pirigosa.,sim
2040498,Ela chega chegando pronta pra detonar.,sim
2040499,Ela sabe ser gostosa sabe me conquistar.,sim
2040502,"Ela é musa ela e top, gata sensual.",sim
2041105,"Ela sabe ser gostosa, sabe me conquistar.",sim
2041108,"Ela é musa, ela é top gata sensual.",sim
2042350,Porque os meninos maiores que eu.,sim
2042396,Ela é fiel a verdade dela.,sim
2043561,Sinto a minha alma triste e vazia sem a senhora mãezinha querida.,sim
2043598,A moça era milionária.,sim
2043600,O moço era bem pobre.,sim
2043621,e hoje por ele ser pobre.,sim
2043781,"Minha mãe estava muito doente, pra mim foi um golpe dolorido.",sim
2044168,E lhe digo mulher querida.,sim
2045522,a mulher mais linda do mundo me olhando.,sim
2046464,Para um menino tão maluco.,sim
2046992,A menina pensativa.,sim
2047290,"Essa mina tá doidona vai descendo até o chão,.",sim
2047559,"Nois é foda, nois é fera, nóis não copia nóis cria.",sim
2047837,Uma mulher braba em casa doidinha pra me matar.,sim
2048415,Só que ela tão modesta.,sim
2048437,Por que ele muito esperto.,sim
2048782,Por viver em companhia de uma mulher traidora.,sim
2048870,"Afaste dele, ele é casado.",sim
2049095,E hoje menina moça.,sim
2049598,Quem me vê com mulher feia pode crer que eu tô doente.,sim
2049757,Foi brilhante um moço advogado.,sim
2049855,Se a mina for meia louco pra encarar.,sim
2049960,Deus que mulher divina.,sim
2049961,Ela tem maior idade.,sim
2049978,Ela é uma máquina é um avião.,sim
2050079,ela é bonita e eu sou bonitão.,sim
2050080,Mulher bonita é comigo mesmo.,sim
2050101,O homem muito valente.,sim
2050110,Eu tolero mulher feia mas não me passa pra trás.,sim
2050113,Dez meninos pequeninos começaram a chorar.,sim
2050127,"Preciso dos teus abraços, minha dama preferida.",sim
2050188,Que mulher bonita que aparece.,sim
2050313,"Essa mina é bela, da balada e do bar.",sim
2050464,E acha ela tão linda.,sim
2050475,De um garoto esperto e uma pobre menina.,sim
2050899,Hoje eu to no grau e não existe mulher feia.,sim
2051094,"Se ela é bonita,.",sim
2051097,Se ela é querida.,sim
2051099,Se ela é famosa eu sou respeitado..,sim
2052271,eu sou a sua musa preferida.,sim
2052371,Não falta mulher gostosa no meu carro turbinado.,sim
2052377,Mulher raparigueira que na hora da zoeira agente passa a noite inteira pra matar meu tesão.,sim
2053430,"Ele foi o verão, foi a chuva e foi o nome.",sim
2053436,Ele foi o calor das morenas faceiras.,sim
2053453,Menina nova quando entra num torrado.,sim
2053468,Nem aprender o que é um torrado de moça nova.,sim
2053984,Eu vou fazer de você a mulher mais feliz do mundo.,sim
2054128,"Ela é linda,faz questão de esconder sua beleza.",sim
2054135,Mas sempre segura um homem maduro na vida ela quer se dá bem.,sim
2054719,A dança que remexe garota safada.,sim
2054782,Quando a mulher vê que o homem ta apaixonado.,sim
2054784,E o homem é insistente só fica todo contente.,sim
2054872,"Ele é muito quente, é bacana e pode crer.",sim
2055088,"Aqui tem mulher bonita, aqui tem moço educado, isso sim que é.",sim
2055238,João é alegre pra xuxu.,sim
2055384,O homem aqui feliz sou eu.,sim
2055497,Ela é agigantada parece uma tanajura.,sim
2056760,Pense numa mulher arrumada doida para ser amada.,sim
2056762,"Mas também pense numa mulher traiçoeira, vagabunda e desordeira.",sim
2056764,Pense numa mulher objeto que não tem um canto certo.,sim
2056766,Também pense numa mulher leviana que só quer a sua cama.,sim
2056860,Zumbi é senhor das guerras.,sim
2057155,Ele é um zagueiro.,sim
2057196,Menina bonita é um céu azul.,sim
2057199,Ela é alegria de minha tristeza.,sim
2057639,Pois ela é toda colorida.,sim
2057640,Ela é a coisa mais meiga.,sim
2057713,Pois ele é muito bom também.,sim
2058491,Menina rosa.,sim
2058540,"Pelo seu amigo mais querido ele foi apunhalado,.",sim
2059011,Um dia um menino cego.,sim
2059274,"Menina moça gavião, aluvião, anunciando anunciação.",sim
2060174,"Minha menina felina, meu mel , arranhão.",sim
2060192,"Mulher perversa,.",sim
2060336,Moça direita e bonita.,sim
2060343,Que era a moça mais bonita.,sim
2060666,O sanfoneiro quando vê moça bonita.,sim
2060798,que a filha é falada em toda região.,sim
2060804,A Zefa é moça bonita.,sim
2060808,Os homens ficam quase doidos.,sim
2060956,Tem menina assanhadinha.,sim
2061047,Quem nasce em minas é mineiro.,sim
2061224,É triste seu moço é triste.,sim
2062120,Essa mina é chapa quente é bandida experiente.,sim
2062349,Ela anda sexy toda guapetona.,sim
2062350,"Ela não é amante, não é prostituta, ela é fiel, ela é.",sim
2063186,E ELA VEM CHEGANDO DE BRANCO MEIGA PURA LINDA E MUITO TÍMIDA.,sim
2063249,Mas cavalos lentos e mulheres ligeiras salientes.,sim
2063843,De menino contente.,sim
2063854,Mulher carinhosa.,sim
2064077,Eles são discretos e silenciosos.,sim
2064172,Todo homem deve ter uma esposa bonita.,sim
2064202,Ela é a paz da minha guerra.,sim
2064223,Há seis mil anos que o homem vive feliz.,sim
2064229,Eu sou um homem sincero.,sim
2064231,Homem sincero quero morrer nascer.,sim
2064481,Que ele seja o portador da paz.,sim
2064505,Ela é a razão prá eu ficar.,sim
2064508,Ela é a razão pra eu ficar.,sim
2064894,Menino bom em sua lingua natal.,sim
2064895,Menino bom que se tornou imortal.,sim
2065078,O filho do seu menino ficou rapaz.,sim
2065888,Mulher bonita é vitrine de avenida.,sim
2065893,Agora eu vivo com ela contente.,sim
2065904,Viver pra ela é melhor.,sim
2066640,as moças chiques.,sim
2066898,Ela era estrela.,sim
2066904,Mas ela era nova.,sim
2067282,Aqui meu irmão ela é coisa rara de ver.,sim
2067661,Mas ela é maior e vacinada (2x).,sim
2068052,Se prende no rebolado de uma mulher bonita.,sim
2068064,Um homem rico gente fina de destaque.,sim
2068130,"Tem sanfona, tem ganzá, e tem mulher boa.",sim
2068358,O Homem casado não agüenta.,sim
2068359,menino chorão e mulher ciumenta.,sim
2068362,namorei uma garota muito bonitinha.,sim
2068379,é menino chorão e mulher ciumenta.,sim
2068414,Veja só moça boba o que é que faz.,sim
2068591,Francisco que é um menino calma.,sim
2068671,Meu pai é um homem bom.,sim
2068716,Você é menina moça.,sim
2068720,"Menina moça, tão bela.",sim
2068740,"É coco menina, menina mulher.",sim
2068864,Essa menina é uma brasa.,sim
2068867,E ela é apimentada.,sim
2069186,"Senhora rainha, Quelé.",sim
2071237,Minha princesa cinderela.,sim
2072017,Ele é fodão.,sim
2072046,E as meninas ficam loucas.,sim
2072339,"Lá vem o homem, que matou o homem que matou o homem mau.",sim
2072342,Pois o homem que matou o homem mau.,sim
2072356,Um homem bom e corajoso e ligeiro no gatilho apareceu.,sim
2072359,A preferida do homem bom.,sim
2072364,No chão o homem mau ficou.,sim
2072366,E o homem bom com a recompensa que ganhou.,sim
2072369,"Lá vai o homem, que matou o homem que matou o homem mau.",sim
2072388,Tem o homem foguete.,sim
2072434,Nos dias que ela fica minguada.,sim
2072461,De um homem simpático e feliz.,sim
2072464,"Qualquer homem feio, qualquer homem feio.",sim
2072827,"Ai ai ai, moça bonita.",sim
2072831,Moça bonita.,sim
2072836,"Moça bonita, ai ai ai.",sim
2072837,"Moça bonita, bonita fêmea.",sim
2072854,"Ai ai ai moça bonita, moça bonita.",sim
2072858,"Moça bonita, moça bonita.",sim
2072904,Mulher brasileira eu quero você prá mim.,sim
2072922,Mulher brasileira...,sim
2072923,mulher brasileira.,sim
2072959,"Mulher graciosa, alcança a honra.",sim
2073030,Todo homem deve ter uma mulher bonita.,sim
2073174,Menina menininha.,sim
2073223,Pois menina bonita não chora.,sim
2073606,Ela é a liberdade.,sim
2073607,Ela é a rima e o amor.,sim
2073608,Ela é a mulher.,sim
2073609,Ela é a sensualidade.,sim
2073619,E tem mais ela é linda demais.,sim
2073652,Por que ele é um herói.,sim
2073966,Pois ele é o padrinho de sinhá.,sim
2074016,Moça simpática prendada ano ginasial completo.,sim
2074033,Pois um moço simpático.,sim
2074498,"Eu quero mais é a moça bonita que passa,.",sim
2074514,"Ele vem saliente, alegre, contente,.",sim
2074716,"Cantador é cantador,.",sim
2074984,Da burguesia e dos homens ilustres da.,sim
2075203,"Claudionor era um rapaz inteligente,.",sim
2075719,Que em todo lugar mulher sempre é mulher..,sim
2076622,Tu es a filha pródiga que volta.,sim
2076751,"Ah, eu vivo entre mulheres levianas.",sim
2078052,"Menina rosa, botão e flor.",sim
2078060,"Boneca linda, menina morena.",sim
2078365,Eu sou um menino grande iaia.,sim
2079044,Ta cheio de mulher bonita não podia ser melhor.,sim
2079045,"Tem mulher casada, tem mulher solteira.",sim
2079046,"Tem viúva nova, e moça namoradeira.",sim
2079489,Sempre disseram que ele é um caso sério.,sim
2079941,"Soares é japonesa ou não, Banzai!",sim
2080953,Mulher valente é minha mãe..,sim
2081764,"Tu é dark, ele rip, ela é punk, todos dançam funk lá.",sim
2083178,"Todo homem rude, todo homem sábio.",sim
2083227,"Gostosa, ela é gostosa.",sim
2083270,O homem é um espírito eterno.,sim
2083271,O homem é um arquetipal eterno..,sim
2083459,Há 10.000 anos o homem vive feliz.,sim
2083540,Uma dama milhonária e perigosa.,sim
2083553,Passam-se os anos o homem vive feliz.,sim
2083590,Pelas moças bonitas.,sim
2083597,"Pelas moças bonitas eu vou torcer, eu vou.",sim
2083626,Ela quer ser testada rigorosamente.,sim
2084059,Por duas mulheres sorridentes.,sim
2084380,Mulher bonita e elegante.,sim
2084392,Uma linda dama negra.,sim
2086462,Ele foi meu camarada.,sim
2087139,Ela fica contente.,sim
2087242,"Onde tem mulher bonita, homem não quer ficar só.",sim
2088054,"Ele é movimento, se move com o tempo.",sim
2088782,Mulher é flor que sabe ao mundo perfumar.,sim
2089003,Do lugar moça mais bela.,sim
2089263,"Arlindo é pai d'égua, foi passando a régua, eu fiquei logo bão.",sim
2089392,"Acredite, ela é chic radical.",sim
2089405,Besterol ela acha genial.,sim
2089513,"Tem retrato falado, ele é o bão.",sim
2089515,"Mas não pegou prisão, ele é o cão.",sim
2089853,Que ele é o espelho do espelho que sou eu.,sim
2090066,nosso amor não tem mais jeito ele quase perfeito é dificil ter fim.,sim
2090228,Dia de festa menina namoradeira.,sim
2090346,Que esse amor me fez um homem sofredor.,sim
2090387,Ela é boazinha eu meter lhe o pau.,sim
2090393,Querendo pegar ela por ela ser sozinha.,sim
2090513,Posso dizer que ela é boa de cama.,sim
2090662,"Ela não achou muito bom, mais eu peguei;.",sim
2091131,"Eu tô bem na fita, só mulher bonita.",sim
2091570,Ei ele é rei ele é cor.,sim
2091632,"Ela quica, ela para.",sim
2091760,O homem carinhoso fiel que te amava.,sim
2091817,Niguém sabe se ele é branco.,sim
2092291,ele é todinho seu.,sim
2092565,Ele é leão do império.,sim
2093494,Ela é magnética!,sim
2093495,Ela é magnética!.,sim
2093544,Ela é minha dor.,sim
2093766,ela será eternamente gloriosa!.,sim
2095533,Moço cansado de remar contra a maré.,sim
2096559,Eu sou um menino passarinho.,sim
2096738,"Ela é falsa tá na cara, seu semblante já mostrou.",sim
2097109,Quando passa uma mina manhosa.,sim
2097263,"Mulher dengosa, quero.",sim
2097334,ache ela bem má ....,sim
2097455,Uma mulher decente.,sim
2097471,Ele é meu neto e eu sou cunhado dele.,sim
2097602,"Ele é tão palpitoso, tão fofinho e bonitinho.",sim
2097751,Todo homem é sonhador.,sim
2097784,"Chamego de motorista, é menina é menina.",sim
2097931,"Mãe menininha rezando, pra gente no cantua..",sim
2098887,Mas no forró se tiver mulher bonita.,sim
2099974,Ela não tem mais celular;.,sim
2100134,"Quanta alegria das meninas dançadeiras,.",sim
2100149,"Ela é a dona,.",sim
2100296,Faz o homem menino viver mais feliz.,sim
2101507,Ele é famoso.,sim
2101673,Tem tanta menina bonita.,sim
2101959,que não gostava de festas / e tinha três filhas solteiras /.,sim
2102038,Com a filha mais nova do patrão.,sim
2102057,Cachaça e mulher bonita foi a minha perdição.,sim
2102179,Homem casado quando tá cheio no dinheiro.,sim
2102208,quando chega no samba ela mostra que é bamba ela é nota dez.,sim
2102470,sei que essa menina tá apaixonada.,sim
2102488,sou um homem diferente.,sim
2103280,"Moça donzela, mulher dama ilusão.",sim
2103485,"Moça linda, por favor,.",sim
2103631,No meu tempo de criança eu era menino chato.,sim
2103646,Uma moça bonita.,sim
2103654,Mas uma moça bonita.,sim
2104249,Nesse jeitinho de moça brejeira.,sim
2104412,Porque ele é um pedaço de mim.,sim
2105011,Ela é cheirosinha.,sim
2105243,No norte ele era querido.,sim
2105502,Eu sou o fogo ela é a lenha da fogueira.,sim
2105668,Moça bonita bota água de cheiro.,sim
2105826,Ele é um artista.,sim
2105913,Mulher bonita na sala a gritar.,sim
2106056,Dança cabra muito feio e muita menina bunita.,sim
2106674,"Que mulher doida,doida,doida,doida.",sim
2106725,Essa mulher tão boa de cama.,sim
2107011,E a mulher nao é chegada em homem nao.,sim
2107160,Eu arrochei uma menina tão linda.,sim
2107164,essa mulher tão boa de cama.,sim
2107166,eita mulher tão boa de cama.,sim
2107267,"Mas ela é feia, é feia, é feia, é feia que doi.",sim
2107394,"que mulher doida,doida,doida doida,doida doida doida.",sim
2107481,O homem quando é forte.,sim
2107502,Vc é fogosa demais.,sim
2108064,Nem homem bonito.,sim
2108799,Alagoas é mulher é boa (bebe e beija).,sim
2109250,"hoje em dia elas estão bebendo igual papai"".",sim
2109597,As meninas gingam gigam sem parar.,sim
2111432,Nessa história ela é a dama.,sim
2111767,Sou rapaz honesto.,sim
2111812,Uma mulher bonitinha.,sim
2111949,"Você é um homem casado,.",sim
2112749,O homem é bicho feroz.,sim
2112769,você é um homem casado.,sim
2113761,Mulher bonita pra admirar.,sim
2113905,"Virou homem forte, não teve receio.",sim
2114045,ele é dono do império.,sim
2114093,Ele tá apaixonado.,sim
2114323,Pra filha mais velha comprou um.,sim
2114408,"""Que garoto esperto.",sim
2114893,Sertanejo homem forte.,sim
2115015,"Ela é top, e eu do samba quente.",sim
2115249,"Enquanto ela deu duro, não deram valor..",sim
2116746,Nesta pátria mãe querida.,sim
2116956,Menina dona do meu amor.,sim
2117106,Mulheres guerreiras.,sim
2117482,Essa mulher é pura beleza.,sim
2117597,Teresa era bem forte.,sim
2118621,"Tu és ,a filha pródiga que volta,.",sim
2118925,Benedito não foi encontrado.,sim
2119831,Mas ele é o rei da prosa.,sim
2119855,Ele é hors concours.,sim
2120046,Não acredito em homem valente.,sim
2120149,Ela fica chateada.,sim
2120945,Que ela é feliz.,sim
2121598,Minha moça bonita!.,sim
2122730,E também assim é a mulher peituda.,sim
2125744,A mina é sensação.,sim
2128008,Tem homem que não abre mão de uma mulher gordinha.,sim
2128012,Tem homem que se apaixona por mulher carente.,sim
2128035,Uma mina bonita.,sim
2128351,"Essa mulher já ta cheia de magoa,.",sim
2128358,Ela é uma dama que honra a fidelidade.,sim
2128369,Essa mulher ta cheia de lamentos.,sim
2128709,"Ela é linda, é divinal, é produto da favela.",sim
2129036,"É pimenta malagueta, mulher esporreta, vai te complicar.",sim
2129052,"Ela já tá serelepe, dizendo a todos no samba.",sim
2129056,"Ela tá cheia de graça, falou que pega de tapa.",sim
2130351,Um cavalheiro sonhador.,sim
2130395,Ela rouba a cena ela é turbinada.,sim
2130396,Ela é saliente toda marombada.,sim
2130397,Ela é atraente toda desenhada.,sim
2130398,Ela é gata de elite só curte área vip.,sim
2130502,Mas ele estava indecente.,sim
2130957,Mulher foi feita para o tanque.,sim
2133158,"Eu sei, minha namorada é linda.",sim
2133332,Me faço um namorado tão perfeito.,sim
2133485,"Olha só mas que loucura, essa menina é uma doçura.",sim
2134415,Que eu sou o homem mais feliz.,sim
2134429,Hoje sou um homem feliz.,sim
2135506,Ela é boa companheira.,sim
2136295,Menina bonita me temperou.,sim
2136614,"Um homem feliz, amor.",sim
2137156,"E ela é tão perfeita, só que não pra mim.",sim
2137568,Achou que eu não encontraria uma mina melhor.,sim
2137638,Ele é apaixonado.,sim
2137699,"Homem comum e até infiel, meu deus do céu.",sim
2138671,Ela é dona dos desejos..,sim
2138694,Minha princesa bandida....,sim
2139655,Esse teu jeitinho de mulher difícil me pegou.,sim
2140580,"essa mulher menina, cativante.",sim
2140875,Cheio de mulheres lindas.,sim
2140925,Ela é a namorada do meu melhor amigo.,sim
2140994,Me sentia o homem mais importante.,sim
2141975,Ela é incrível.,sim
2142008,Ela é tão vistosa.,sim
2142017,"Com um senhor cego e tão velho, eu pego um prego....",sim
2142092,"Casar com mulher feia, mulher feia não convém.",sim
2142094,"Não me convém, mulher feia não convém.",sim
2142100,"Casar com mulher linda, mulher linda não convém.",sim
2142102,"Não me convém, mulher linda não convém.",sim
2142108,"Casar com mulher baixa, mulher baixa não convém.",sim
2142110,"Não me convém, mulher baixa não convém.",sim
2142116,"Casar com mulher alta, mulher alta não convém.",sim
2142124,"Casar com mulher nova, mulher nova não convém.",sim
2142134,"Não me convém, mulher velha não convém.",sim
2142140,"Casar com mulher virgem, mulher virgem não convém.",sim
2142142,"Não me convém, mulher virgem não convém.",sim
2142156,"Casar com mulher fácil, mulher fácil não vai dar.",sim
2142194,"Casar com mulher loira, mulher loira não convém.",sim
2142196,"Não me convém, mulher loira não convém.",sim
2142204,"Não me convém, mulher pobre não convém.",sim
2142210,"Casar com mulher rica, mulher rica me convém.",sim
2142287,"Ela é descolada,.",sim
2142919,"Ele é baixinho, musculoso.",sim
2143131,sou um homem tão fiel.,sim
2144007,"Ela é minha cinderela, eu posso ser da favela.",sim
2144194,"Ela é cheirosa, sabe que é gostosa.",sim
2144198,Essa mina é diferente.,sim
2144240,Mas pra variar ele já tava enrolado.,sim
2144583,A minha namorada anda desconfiada.,sim
2144605,"A minha namorada é linda, vale ouro.",sim
2144943,Detalhes da mulher perfeita que é pra mim.,sim
2144948,Era uma mina diferente em cada esquina..,sim
2144956,"Ela é pagodeira, vai pro samba a semana inteira,.",sim
2145611,"Eu quis te olhar, a mulher nua.",sim
2146062,Pois a mulher é uma coisa bem singela.,sim
2147345,(Agora o seguinte: tem mulher virgem aqui?,sim
2147801,"Moça bonita, pescoço alto, aveludado, olhar de fada, voce é foda....",sim
2147979,Ela vem toda maneira menina ligeira.,sim
2147991,"Ela é funk, ela é rock, ela é bamba.",sim
2148410,Ela é a dona da parada.,sim
2148904,Você que lê livros de mulher nua.,sim
2148933,"Ela é diferente,.",sim
2148934,Ela é engraçada.,sim
2148950,Ela trabalha independente.,sim
2148951,Sempre disposta ela sempre tá contente.,sim
2149554,Alma de menina doce de viver.,sim
2149865,Eita mulher ciumenta.,sim
2152303,Eu hoje sou um homem mais feliz.,sim
2152805,Ela não é tão santa como você acha.,sim
2153725,Alma de menina boa de viver.,sim
2153839,Menina linda cor doce e singela.,sim
2153855,Contido nesse favo sedutor vem minha rainha dona do dom de seduzir.,sim
2154273,Cuidado ele é o cara!.,sim
2154281,Porque ele é o cara do momento.,sim
2155065,ele é teu amigo.,sim
2155827,Mulheres elegantes vestidas de prata.,sim
2155934,Ela canta bem alto que é pra vagabundo chorar.,sim
2157157,Essa garota é linda ..,sim
2157178,Essa mina faz geral perder a linha.,sim
2157195,Balança bem gostoso mina top da balada.,sim
2157383,Se a mina for responsa não pode vacilar.,sim
2157693,Ela é coisa rara de ver.,sim
2159993,Batucada boa cerveja gelada e mulher bonita quem é que.,sim
2160787,"Ela fica louca com água na boca, quando chega perto de mim.",sim
2163741,Invés de você procurar pelo homem perfeito.,sim
2164524,Tem uma novinha que ela é muito especial.,sim
2164579,Mas que menina poderosa o bonde já parou pra ver.,sim
2164929,Homem é burro até pra falar.,sim
2164947,As minas são profissionais.,sim
2165026,Homem é burro até pra fala.,sim
2165037,"fingir que tá gostando as minas são profissionais, a.",sim
2165962,Mulheres diferentes lindas com um belo corpo.,sim
2166151,Million os menino ta docinho.,sim
2166346,É que as donzela já ficou maluca.,sim
2166362,Só que as donzela já ficou maluca.,sim
2166755,Eu riqueza e os menino virou repetente.,sim
2166760,Desconfio que até sua mãe já esteja apaixonada.,sim
2166763,"Tem mulher quietinha, tem mulher cachorra.",sim
2167233,Se torca de marido mano.,sim
2167282,Namorado é meuuuuuuuuu.,sim
2167559,E pro meu marido sou absoluta..,sim
2167722,Que ela tá facinho facinho..,sim
2167724,Sabaozinho...que ela tá facinho facinho!,sim
2167733,que ela tá facinho facinho (2x).,sim
2167737,"facinho facinho, ela tá se sentindo, ela tá facinho.",sim
2167766,ele é um lixo.,sim
2167891,"Ela desce, ela quica, ela sobe, ela empina.",sim
2168030,"Gosta de ""bebe"", mais que mina bacana.",sim
2168135,Quando ela bebe ela fica maluca.,sim
2168357,K9 ela rebola gostoso.,sim
2168494,"Ela é safada, vem piranha,.",sim
2168785,"Ela é meu pente certo, é minha dama exclusiva (x2).",sim
2168860,Pras mulheres caôzeiras do baile.,sim
2168992,Gosta de beber mas que mina bacana.,sim
2169392,Elas fica louca.,sim
2169428,Ela é alegre e curte só balada boa.,sim
2169493,Mulher interessante.,sim
2169555,como sempre ela tava linda.,sim
2169571,"como sempre ela tava linda,.",sim
2169732,Garota interessante....,sim
2169758,"Baladeira de plantão na pista, ela é top vey..",sim
2169760,"Baladeira de plantão na pista, ela é top vey.",sim
2169771,"Baladeira de plantão na pista, ela é top vey...",sim
2170174,O senhor é meu pastor e nada me faltará sabe por quê.,sim
2170190,O senhor é meu pastor e nada me faltará sabe porquê.,sim
2170936,Eles são figurantes.,sim
2171463,Os meninos ficou rico.,sim
2171631,Garoto insano.,sim
2171835,Os garoto saliente.,sim
2171854,Com os garotos salientes.,sim
2171984,"Tu viu quem passou, os garoto maroto,.",sim
2171987,"Tu viu quem passou, os garoto maroto.",sim
2171989,"Os garoto maroto, os garoto maroto..",sim
2172062,"Se for pra forgar, nois somos mais forgados.",sim
2172328,Meu irmão um homem tão bom.,sim
2172538,"Que mina foda, não olhar é impossível.",sim
2172544,Se tá no love ela é sensação ...,sim
2172831,é a garota especial que dominou o meu planeta.,sim
2172864,"garota especial,eu quero você.",sim
2173593,"Que ela é linda, ela é gata.",sim
2174007,Só se via mina gata e os.,sim
2174085,Ela é linda dos pés a cabeça.,sim
2174090,De fofoca ela tá odiada.,sim
2174287,É um grande problema mais ele é mais forte.,sim
2174475,"Arlequina é mó chavona, é o terror das patricinha..",sim
2174967,As princesas maravilhosas.,sim
2175010,As menina é chapa quente e quer se divertir.,sim
2175439,Oi deixa o homem mais feliz.,sim
2175465,é tudo que eu sempre quiz putaria e baile funk deixa o homem mais feliz.,sim
2175549,"é só menina top que nunca fica em choque,.",sim
2176139,"Ela não é amante, não é prostituta.",sim
2176140,"Ela é fiel, ela é substituta.",sim
2176515,cheio de mulher bonita.,sim
2176705,Menino liso!.,sim
2176746,E os menino é bom!.,sim
2177278,Acende aquele verde pra deixa elas louca maluquinha.,sim
2177376,Menina linda!.,sim
2177606,Segura na minha mãe gatinha com firmeza.,sim
2177851,Ela já ta suadinha.,sim
2178105,O homem tá doido!.,sim
2179090,ele é duro demais.,sim
2179096,a mulher é carioca e conheçe o pancadão.,sim
2179457,"Haha, ai caramba essa mina tá maluca.",sim
2179596,Porque essa mulher é sensacional.,sim
2179849,Alta ele sempre foi querido.,sim
2180025,"Ela é quente, envolvente, mexe com a mente da gente.",sim
2180040,"Que mina louca, dedo na boca, eu tô pronto pra convocar.",sim
2180148,Enquanto eu não encontro a mulher certa.,sim
2180292,G3 ele era meu chara.,sim
2180380,Ela é gostosa roba a cena é fiel e não amante.,sim
2180469,"você, um garoto diferente muito apaixonado dexa eu te.",sim
2180581,Se eu acho ela gostosa?,sim
2180838,"Aqui no baile funk ela é a sensação,.",sim
2181088,"Essas mina é foda, elas são tudo sem limite.",sim
2181164,"Então ela se revoltou e começou a gritar que viro, que virou, que virou menina má.",sim
2181165,"A menina má só quer sentar, sentar, sentar, sentar, sentar.",sim
2181167,A menina má só quer aquele que com certeza vai bancar.,sim
2181170,"A menina má só quer sentar,sentar,sentar,sentar, sentar.",sim
2181271,"Garota mais linda, eu quero você.",sim
2181601,"Ela é neurótica, não curte ice na balada.",sim
2181603,"Ela é romântica, selfie na night pra geral curtir oh.",sim
2181604,"Ela é galática, sua beleza natural.",sim
2181606,"É tão frenética, ela é gostosa e sabe seduzir.",sim
2181637,Ela é galática.,sim
2182017,Durante a semana ela fica quietinha.,sim
2182070,Ela é provocante na hora de me olhar.,sim
2182266,Ele é dono de favela.,sim
2183033,"Com seu jeito de gatinha, menina mulher.",sim
2184064,sociedade que não é culpado...ele é inocente.,sim
2184287,Só os menino bom preparado para vibe.,sim
2184531,elas fica louca de bala.,sim
2184535,Elas fica louca de bala.,sim
2184994,João é colombiano....,sim
2185172,"E o moleque tá no morro, ele é procurado.",sim
2185220,Claudia tá fechada com o.,sim
2185700,Coloquei minas terrestres envolta do meu coração.,sim
2186137,"E pra completar a salada, chegou a mulher melão,.",sim
2186468,Aqui só tem mulher gostosa mano eu vou enlouquecer.,sim
2186814,Todas mulher experiente.,sim
2186834,É que ela é louca de bala.,sim
2187242,o bonde de homem bomba no estilo osama binladem.,sim
2187473,Ela é profissional.,sim
2187548,Ela fica impressionada com o relógio da.,sim
2187619,"Deixa, deixa os homens maluco.",sim
2188005,Ela não é mais criança.,sim
2188144,O ataque com a mente como um homem não covarde.,sim
2188255,E ela é gata...,sim
2188442,Vem minha princesa seria tão bela.,sim
2188799,elas são a sensação.,sim
2189336,"Se tua mina é vagabunda, o problema é só teu.",sim
2189666,"Carlos é pique de guerra,.",sim
2189849,Porque o senhor é meu pastor e nada me faltará.,sim
2190107,Que elas fica louca.,sim
2190257,O passado te condenava mais ele era mais forte.,sim
2190570,Mas o bonde tá ligado que ela é uma galinha.,sim
2190579,E essa mina é chapa quente me liga pra dizer.,sim
2190878,"Pediram pra deixar passa, ela é top.",sim
2190885,Lá na minha quebrada ela é conhecida.,sim
2190991,"Pra essa moça linda, meu coração.",sim
2191282,Ela é top !,sim
2191446,"senhor deus, teu filho.",sim
2191521,O senhor é meu pastor....,sim
2191765,Senhor é meu pastor e nada me faltará.,sim
2191827,Ela é má.,sim
2191961,Ela é minha onda do mar.,sim
2192016,"Essa mina é mó tentação,.",sim
2192133,Ela fica mais linda.,sim
2192196,"Meu mano ceará quem me avisou, moleque é sinistro, o moleque é maluco.",sim
2192224,Ela é aquela virgem que não tem fim.,sim
2192301,Tremenda moça bonita merece palmas.,sim
2192454,Que ela tá cheia de marra.,sim
2192608,pra subir as minas top.,sim
2192627,as meninas ficam louca.,sim
2192702,Ela é livre e beleza é isso.,sim
2192732,Só pras menina sacana.,sim
2192847,"Ela é rainha do baile, só quer curtição.",sim
2192849,"Ela é rainha do funk, é pura ostentação.",sim
2192854,Ela é a gata certa que ganhou meu coração.,sim
2192998,"Vale mais que um diamante, essa mina é uma riqueza!.",sim
2193362,Porque ela é tão perfeita.,sim
2193376,Ela é tranquila.,sim
2193379,Ela é feliz acompanhada ou sozinha.,sim
2193440,Quando ela dança geral que ver.,sim
2193539,Porque ela é zika memo.,sim
2193603,(Vai mulher doida em ).,sim
2194119,As meninas dançarinas.,sim
2194299,Clarice era morena como as manhãs são morenas.,sim
2194398,"Se enfeita, na mata, a menina preta.",sim
2198052,"É lindo vê-lo bailando ele é tão pierrô, pierrô,.",sim
2198344,"oh, virgem mãe puríssima.",sim
2198655,"Com alguns homens foi feliz, com outros foi mulher.",sim
2198795,"Gil existir, por ele ser preto, por ele ser ele, e por minha mãe saudar tudo isso de forma tão direta e tão transcendente.",sim
2199676,O que é que pode fazer o homem comum.,sim
2199973,A musa urbana me fez.,sim
2199981,"Menina moça, fina massa, porcelana.",sim
2200160,"Só o homem feito, o homem forte,.",sim
2200254,"E ao pôr fé nessa deusa gorda da tecnologia, gelei de pura emoção..",sim
2200262,"Virou superstar, a mulher ideal, mais que mãe, mais que a outra...",sim
2200319,Tesão de deusa pagã.,sim
2200429,"O homem comum inda nem levantou,.",sim
2200431,Eu sou apenas um rapaz latino-americano sem dinheiro no banco.,sim
2200451,"Eu sou apenas um rapaz latino-americano, sem dinheiro no banco.",sim
2200553,Os rapazes latino-americanos?.,sim
2200860,Essa menina bonita botou amor em mim.,sim
2200865,"Viva a princesa menina, uma estrela.",sim
2201270,Conheço um moço lindo que é salva-vida.,sim
2201286,Que profissão bonita pra um homem jovem.,sim
2201918,Que uma menina loira.,sim
2202023,"Nora, ""menino grande"".",sim
2202328,Sou um homem comum.,sim
2202332,Como um homem comum.,sim
2202354,"O menino bonito, Peter.",sim
2203215,"Eu sou um homem sincero por que nasci, cresci e vivo livre.",sim
2203216,"Eu sou um homem sincero que quero morrer, nascer e viver livre.",sim
2203510,Ela é t'tudo de bom.,sim
2203566,O homem velho deixa a vida e morte para trás.,sim
2203569,O homem velho é o rei dos animais.,sim
2203619,eu sou o homem cordial.,sim
2203885,Charles é cego.,sim
2203889,Wonder é cego.,sim
2203919,E uma menina ainda adolescente e muito linda.,sim
2203964,Mas eu desperto porque tudo cala frente ao fato de que o rei é mais bonito nú.,sim
2204232,A essa mulher potente e iluminada.,sim
2204383,Ela é modal.,sim
2204385,Gol que ela mesma comprou.,sim
2204397,"Preta sã, ela é filha de.",sim
2204399,Ela é muito cidadã.,sim
2204401,"Elegante, ela é muito elegante.",sim
2204402,Ela é superelegante.,sim
2204660,musa híbrida.,sim
2205450,Hermeto é mito!,sim
2206405,"Rapazes maus, moças nuas.",sim
2206753,Como ele vem faceiro.,sim
2206911,Que menina bonita mordendo a polpa da maçã:.,sim
2207660,Moça donzela mulher dama ilusão.,sim
2208102,Criar um homem tão diferente.,sim
2208636,Minha mãe calma e serena.,sim
2209941,Esse rapaz gostoso.,sim
2210237,Beijo de uma deusa morta.,sim
2210506,Lá vem o homem bomba.,sim
2211088,Ou só a moça simples que canta uma canção.,sim
2211369,Toda mulher é uma lua de claridade e mistério.,sim
2211713,Mulher indigesta você só merece mesmo o céu.,sim
2212154,Na cara da moça bonita.,sim
2212172,E ela é a lei.,sim
2212329,Mas via outras coisas: via o moço forte.,sim
2213249,Ela é tão jovem.,sim
2213931,"menina deusa urbana, neta do sol.",sim
2215505,Os pivetes ainda pensam que eles eram americanos.,sim
2215545,São velhos homens humanos.,sim
2215587,Eu digo que ela é gostosa.,sim
2215596,"Eu digo que ela é gostosa, eu digo que ela é gostosa.",sim
2217039,Mas muito cedo ele se revelou um menino extraordinário:.,sim
2217784,Uma menina preta.,sim
2217901,Homem cruel.,sim
2218009,Dorme menino grande..,sim
2218018,(Dorme menino grande...).,sim
2218021,"Ela não é romântica, mas quer ganhar flores.",sim
2218024,"Ela é delicada, mas sai quebrando portas.",sim
2218025,"Ela é decidida, mas não sabe se quer chá ou café.",sim
2218028,"Ela é bem liberal, mas gosta de parecer recatada.",sim
2218029,"Ela é bem legal, mas acaba ficando chata.",sim
2218034,"Ela quer ser espontânea, mas é bu-ro-crá-ti-ca.",sim
2218041,"Ela é segura de si, mas se olha no espelho.",sim
2219167,menina bela que o circo chegou.,sim
2219347,Ô senhora dona.,sim
2219348,Senhora dona dos meus mares e navios.,sim
2219388,"Já que homem é o lobo do homem, o homem cordeiro.",sim
2220184,Uma princesa tão linda.,sim
2220199,E ele é o pirata chamado.,sim
2220702,"Ela é melhor que tudo, é só nela que eu me agrego.",sim
2221312,"Não chore, menina bonita.",sim
2221561,Ele é feito de barro.,sim
2221974,Descobri que a menina era mineira.,sim
2223745,Ela é simpática seduz com.,sim
2223749,Ela é melancólica.,sim
2224165,Ela é doidinha forró por forró.,sim
2224169,Ela é doidinha por forró.,sim
2224290,Ela é dona de 7 colinas.,sim
2224546,Minha princesa senhora.,sim
2224692,Uma moça bonita de olhar agateado.,sim
2224696,Mas uma moça bonita de olhar agateado.,sim
2224910,"Passaram moças lindas, ruas sem fim.",sim
2225995,Menina insana.,sim
2228462,É com essa menina bonita.,sim
2228741,Ela é uma borboleta.,sim
2228949,Três moças solteiras.,sim
2229167,"Moça bonita, novilha tão rara.",sim
2230949,O coração do menino verde-amarelo..,sim
2231106,Garota esperta.,sim
2231143,Toda mulher é livre.,sim
2231145,Toda mulher é louca.,sim
2231164,Toda mulher é deusa.,sim
2231374,Nós é assim mina maravilhosa.,sim
2232652,Era uma moça linda.,sim
2233106,Maria é poesia.,sim
2233117,Maria é poesia..,sim
2233204,Maria é mulher do mundo.,sim
2233549,Homem valente.,sim
2234121,"E, eu que era uma garota tão normal.",sim
2234241,Ela é uma estrela.,sim
2234439,Minha garota perfeita não precisa ser igual a mim.,sim
2234647,Mulher guerreira: amazona tem vigor.,sim
2234660,Uma garota engraçada com um charme total.,sim
2235074,Menina esperta.,sim
2235105,"Mulher divina, que me faz feliz.",sim
2237035,A tia louca do ouvidor.,sim
2237155,Uma menina tão linda.,sim
2237967,"Ela é surpresa, ela é suspense.",sim
2237971,"(uma mina leal, no mundo real ela é surreal, desejo letal).",sim
2237985,"Quando eu sou louco ela é insana e tudo encaixa, mina.",sim
2239975,E ela parecia tão nova.,sim
2240313,Elas estão prontas pra guerra vestidas pra matar.,sim
2246426,Se todos eles são tão cegos.,sim
2249379,Ela é viagem infinita do momento.,sim
2249395,E ela tão feliz.,sim
2249414,"Ela indiferente, sorrindo explicou....",sim
2253698,Lá onde eu moro tem muita mulher bonita.,sim
2254362,A mulher quando é moça e bonita.,sim
2254614,Tu és a filha pródiga que volta.,sim
2255440,"Era uma vez, uma garota simples.",sim
2255619,Ele não é brinquedo nas suas mãos.,sim
2255657,Linda menina mandona.,sim
2255662,Bandida mulher menina.,sim
2255885,O corpo da mulher nua..,sim
2255994,onde cada homem é sozinho.,sim
2256360,Que é todas elas juntas num só ser..,sim
2256865,Carmem sou bereguendéns.,sim
2257017,"Ela não é amante, não é prostituta, ela é fiel, ela é substituta.",sim
2257117,O corpo da mulher nua.,sim
2258149,"Bamba, ela é bamba, ela é bamba, ela é bamba.",sim
2258175,"Ela é pop, ela é rap, ela é blues e jazz.",sim
2259252,"Para cuidar de uma casa, de um homem triste cansado de chorar..",sim
2259333,Você é a minha dama é a voz que clama dentro de mim.,sim
2259447,Homem velho e mulher nova já disseram que não rola.,sim
2259522,Ela tava tão apavorada.,sim
2259613,Que ela é a mulher que eu amo.,sim
2259685,mulher bonita e rica é muito dificil de se encontrar.,sim
2259943,Mesmo que s um homem muito lindo.,sim
2259970,"Que remelexo, que corpão menina linda.",sim
2260005,"Eu gosto é de mulher gostosa,.",sim
2260006,"De mulher cheirosa, rabo de saia..",sim
2260475,Mulher transgênica.,sim
2260481,"Ela já fez plástica, ela faz ginástica, ela faz dieta é gostosa àbeça, ela ficou fantástica,.",sim
2260482,"Ela é transgênica, ela é transgênica, ela é turbinada, foi modificada ela ficou fantástica..",sim
2260493,E ela mais doidinha por mim.,sim
2260559,Ele é seu pesadelo.,sim
2260642,"Essa menina doce, meiga e carinhosa,.",sim
2260956,Gabriela é bonita.,sim
2260962,Gabriela como é linda.,sim
2261005,E jogo ela pros gavião.,sim
2261007,Que hoje ela ficou sozinha.,sim
2261048,"Onde tem mulher bonita, pode crê, eu to na roda.",sim
2261049,"Mulher bonita é um perigo, mulher bonita é um veneno.",sim
2261050,"Mulher bonita é ""fooora"" de série.",sim
2261051,"Mulher linda e carinhosa, é essa aí que eu quero.",sim
2261053,Mulher é bonita do jeitinho que eu sonhei.,sim
2261054,Com ela eu sou feliz e ela é feliz também.,sim
2261066,Ela é uma fofoqueira.,sim
2261085,Falam que ela é feia de cara.,sim
2261128,Ele não é seu amigo.,sim
2261218,ela tá distante e não pode me ver.,sim
2261311,"SE ELA É DOMÉSTICA,.",sim
2261394,Agoro sim sou feliz.,sim
2262422,"Desculpe o linguajar, mas ela foi uma safada.",sim
2262435,Nois é caipira mesmo.,sim
2262825,Por fora ela é santinha.,sim
2263582,Papai o senhor é o culpado.,sim
2263902,Mulher carinhosa bonita e charmosa.,sim
2263949,Eu preferia ver ela morta.,sim
2264140,Tornou-se um homem muito honrado.,sim
2264147,Um homem estranho sentiu emoção..,sim
2264224,O amor de uma princesa é uma coisa que me dobra.,sim
2264228,"Ela é a dama do shopping, todo mundo já conhece.",sim
2264252,ele é meu pai poderoso.,sim
2264373,O homem forte que eu fui outrora.,sim
2264375,Fui me cansando e ela jovem sempre mais bela.,sim
2264432,que não era uma mulher errante.,sim
2264444,diante daquela mulher infeliz.,sim
2264505,Enquanto ela vive contente feliz nos braços de outro.,sim
2264548,Qual uma deusa bela e despida.,sim
2264650,Estou dançando com a mulher mais bela.,sim
2264732,Ela sempre está presente.,sim
2264788,A minha mãe é enfermeira no hospital.,sim
2264925,Gabriela é muito cheia da grana.,sim
2264972,Que acolhe e dá conforto a este homem cansado.,sim
2265242,Ela é minha voz afinada.,sim
2265285,Ele é puro demais é profundo.,sim
2265633,menina boa era aquela.,sim
2266348,(Balada louca só mulher boa.,sim
2267295,Pra cada dia da semana é uma moça nova.,sim
2267304,"Pra cada dia da semana, é uma moça nova.",sim
2267542,Se tem mulher sozinha.,sim
2267627,Mas que ela é minha rainha isso pode apostar que é.,sim
2267637,Mas que ela é minha rainha isso pode apostar que é [x2].,sim
2267646,"Se a mulher é uma princesa, viola é minha rainha.",sim
2267659,Ela é louca mais eu sou mais louco estou apaixonado.,sim
2267662,Ela é louca mais eu nunca vi uma louca tão linda.,sim
2268371,Sorriso de mulher é bom.,sim
2268386,O homem precisa de uma mulher bem apaixonada.,sim
2268831,"Minas sou mineiro, sim senhor.",sim
2269448,Doce anjo menina mulher.,sim
2269598,Mulher bonita de longe.,sim
2270655,Eu sei que sou um moço pobre.,sim
2271253,Mulher boa era a.,sim
2271379,"Moda, bebida e mulher bandida, ninguém dá jeito.",sim
2272595,Ela é sensual.,sim
2272739,Meu negócio é mulher sou latino.,sim
2273420,Enquanto não acho a mulher certa.,sim
2274576,Hoje sou um homem triste sem o seu amor.,sim
2274940,Existem só alma de mulher pecadora.,sim
2275084,"Você mulher amor, mulher amiga.",sim
2275964,Delicada e atrevida coisa de mulher gostosa.,sim
2275967,Ela é bonita demais bonita que eu não aguento.,sim
2275973,Mulher bonita demais sempre causa sofrimento.,sim
2276701,Menina nova.,sim
2276913,"Mulher bonita e gostosa, nóis ganha é de montão.",sim
2276981,Parecia um menino inconseqüente sem destino.,sim
2277523,Olha como ela ta linda.,sim
2277537,Ela é princesa o seu mundo é encantado.,sim
2278260,"Ela quica, ela quica, ela quica.",sim
2278265,Ela é diferentona.,sim
2279555,Quem tem sua mãe distante dos olhos.,sim
2279568,Maria é mãe e mãe é amor.,sim
2279587,"Maria é mãe, mãe de nosso senhor.",sim
2279930,"Nóis só quer mulher bonita, mas as feia nos persegue.",sim
2280187,Que casou com mulher feia.,sim
2280191,Quem tem a mulher bonita.,sim
2280487,"Um menino frágil, tão inconsequente.",sim
2280702,De ser somente o marido apresentável.,sim
2281476,Ela estranha e semitona.,sim
2282015,"Noite, mãe sigilosa.",sim
2282135,Ela era engraçadinha.,sim
2283152,"É uma mulher envolvente,.",sim
2284609,Eu encontrei você moça mais linda da cidade.,sim
2284892,As moças bonitas.,sim
2284941,de um rapaz caipira.,sim
2285211,"Senhora dona da casa, bandeira passou.",sim
2285296,Esta moça é janeleira.,sim
2285299,Quando a moça é janeleira.,sim
2285523,Ele é meu protetor.,sim
2286724,Por ser uma mulher tão linda sozinha não ficava.,sim
2287384,"Alô,alô,alô mulher loira ou morena..",sim
2288180,E assanha essa tal moça bonita.,sim
2290439,"Ela só ta magrela,.",sim
2290472,"Ah, é flor de acucena, deusa morena, beleza plena.",sim
2290735,Deus essa mulher é minha vida.,sim
2290788,E namorar mulher bonita.,sim
2291144,Garota bandida.,sim
2291717,Ele tá descontrolada.,sim
2291946,"Alô,alô,alô mulher loira ou morena eu não faço muita.",sim
2292676,"Arrasta pé, mulher bonita.",sim
2292739,Que ela é maravilhosa e que eu tô afim.,sim
2292749,"Ela é charmosa, um tremendo avião.",sim
2293579,Ele é puro demais.,sim
2293696,Mulher direita o cara não quer.,sim
2293953,Mulher bonita é um perigo.,sim
2293955,Mulher bonita é fora de sério.,sim
2293956,Mulher linda e carinhosa.,sim
2293958,Minha mulher é bonita.,sim
2293961,E ela é feliz também.,sim
2294069,Sou comprometido sou um homem casado.,sim
2294136,E ter a mulher mais linda pra viver junto de mim.,sim
2294265,"Encaixou certinho, ela é minha cinderela.",sim
2294820,De forró de cachaça de uma mulher bonequeira.,sim
2294842,Quero uma mulher bonita que saiba dançar forró.,sim
2295101,Vai dizer consigo mesmo ele é vencedor.,sim
2295323,tô na curtição com as amigas só mulher bonita a farra.,sim
2295637,Mulher boa é minha mãe.,sim
2295639,Pense numa mulher galinha.,sim
2296155,As minas muito doida.,sim
2296296,Sou taxista procurando uma mulher querida.,sim
2296363,"Ela é gostosa, ela é uma coisa louca.",sim
2296768,Ela é uma pimenta na cama ela inventa.,sim
2296931,essa sebosa mulher feia.,sim
2297941,"MENINA LINDA,OLHOS RELUZENTES.",sim
2297991,É de um homem aflito.,sim
2298483,"Sou tua mulher gato, venha venha me pegar...",sim
2298489,"Sou a mulher gato,eu te arranho por inteiro !.",sim
2298695,"A mulher boa é minha mãe,.",sim
2298696,"gostosa é minha vizinha,pense numa mulher galinha,.",sim
2298697,"todos querem lhe traçar, todo dia é um macho, é um cabra diferente, pense numa mulher doente, e quero ir mas tenho medo e nós temos um segredo,.",sim
2298828,Ele era vagabundo ele só pensava de se apaixonar.,sim
2298969,Moça menina.,sim
2298989,Menina moça.,sim
2298998,Como te amei moça menina.,sim
2299034,Dessa vez não moça menina.,sim
2299035,Outra vez não moça menina.,sim
2299055,E lá eu conheci uma mulher tão linda.,sim
2299079,"Corinha é bonita,.",sim
2299570,Ele é muito legal.,sim
2299691,Cerveja gela e mulher bonita.,sim
2299916,"Pense numa mina linda, a danada enlouqueceu.",sim
2300304,"Garota esperta sabe onde pisa,.",sim
2301975,"Uma mulher traída é pior que um vulcão, em plena.",sim
2302155,Ele é fazendeiro.,sim
2302417,Mostra teu gingado mulher brasileira.,sim
2302583,"Eu digo e ela não acredita ela eh bonita, eh bonita (2x).",sim
2302640,Você não está vendo que a mãe é uma loirinha.,sim
2303108,Mexer com mulher casada.,sim
2303265,"Eu não sabia, que ela era tão veloz.",sim
2303409,Ele era vagabundo.,sim
2303920,mãe generosa.,sim
2303959,Ela estava tão carente.,sim
2304203,Minha mãe ficou zangada.,sim
2304397,Ela era miudinha.,sim
2304647,"É a moça bonita, aliança no dedo.",sim
2304718,É que ele é bem fofinho e bem bonitinho primo.,sim
2305189,Só gosta mesmo é de mulher tranqueira..,sim
2306671,Faço ela feliz e eu fico também.,sim
2306745,Minha esposa amante.,sim
2306833,E a menina é muito bela.,sim
2307111,Garoto livre menino de fato.,sim
2307562,Fui menino meia noite.,sim
2307894,"Ele ficou apaixonado, arriado encabulado, era amor que não tinha fim..",sim
2308107,"Menina linda, vem cá.",sim
2308140,Feito menino amarelo.,sim
2309177,"Gado bom, moça bonita.",sim
2309259,Moça bailarina.,sim
2309863,"Menino sexy, sexy, sexy.",sim
2309864,"Menino lindo, lindo, lindo.",sim
2309883,Menino sexy.,sim
2309884,Menino lindo.,sim
2310538,"Você é minha vida, ele é meu mundo,.",sim
2310631,Que homem vulgar.,sim
2311358,Quando vê a moça bonita.,sim
2311877,Sou mais um menino triste que não sabe.,sim
2311964,sou menino louco.,sim
2312309,"Cidade grande, moça bela.",sim
2313064,Mas se ve mulher gostosa garanhão logo conquista.,sim
2313328,Ela é minha paixão mora no meu coração.,sim
2313339,"Ela é gostosa, só faz isso pra me provocar.",sim
2313362,Ela faz pobre beber.,sim
2314442,"Mulher bunita troca de batom para ver o vaqueiro fazer tirar sua senha,sou vaqueiro classificado,ei ô mulher de gado venha dançar comigo venha..",sim
2314587,A MULHER MAIS LINDA.,sim
2314670,O baile tá animado tem mulher rapaz e moça.,sim
2314840,Peguei uma menina nova.,sim
2315435,As mina tão chapada e eu já tô falando grego.,sim
2316040,Ela é muito massa.,sim
2316249,Dei um abraço por trás e ela ficou bem doida.,sim
2316766,"No sertão, mãe preta me ensinou.",sim
2316964,Ta com menino no colo é uma mulher exemplar.,sim
2316999,garoto raparigueiro esforço olha aí.,sim
2317438,Terra de homem machão.,sim
2317459,Esse moço é diferente.,sim
2317473,Os homens ficaram bravo.,sim
2317513,Os homens ficaram espertos.,sim
2319156,"Ela é a sensação, é a gata do paredão.",sim
2319363,Esse garoto é metido a playboy.,sim
2319374,Ele é pura sedução.,sim
2319854,Pra atender essas mulheres mal amadas....,sim
2320135,"Elas estão fascinadas fazem tudo que eu pesso,.",sim
2320788,depois de uma mulher feia é mulherão.,sim
2320823,Ele é o rei das coroas.,sim
2321977,"rap da mulher pequena,.",sim
2321983,"Quando a mulher é pequena,.",sim
2321985,"Se ela nao é grande,.",sim
2321986,é porque ela é pequena.,sim
2321987,"Se ela é pequena,.",sim
2321995,"Se ela é anã,.",sim
2321998,ou da sua mãe baixinha.,sim
2322494,"Ele é corno, mas é meu amigo.",sim
2322495,"Ele é viado, mas é meu amigo.",sim
2322496,"Ele é baitola, mas é meu amigo.",sim
2322512,"Ele é briguento, mas é meu amigo.",sim
2322517,"Ele pode ser briguento, mas é meu amigo.",sim
2322531,"Ele é ladrão, mas é meu amigo.",sim
2322539,O importante é que ele é meu amigo.,sim
2322552,"Ela é magrela, mas eu gosto dela.",sim
2322561,Ainda por cima ela é louca.,sim
2322566,Ela é toda aleijada mas ela tem um negocinho tão legal...,sim
2322588,Se você pegou uma mulher querida.,sim
2323523,Por detrás da moita tem mulher casada.,sim
2323657,Essa menina na minha frente ela é perigosa.,sim
2324000,É homem forte.,sim
2324006,Coroné tava danado.,sim
2324027,Um homem forte.,sim
2324368,Com mulher moça.,sim
2324596,"Ninguém sabe se ele é branco, se é mulato ou ""nego"".",sim
2324716,ele ta vivo padre não ta morto.,sim
2325009,"Coco que tem mulher bonita,.",sim
2325478,"Quando sair quero ter limpo o meu nome, falo grosso sou um homem brasileiro pra valer..",sim
2325706,E desse jeito com tanta moça bonita.,sim
2325721,Com tanta moça bonita.,sim
2326490,Aquele moço ta rico.,sim
2326922,"- Ah, se é menino homem, olha se é?",sim
2327629,E o homem fica azuado } bis.,sim
2327863,"O Homem é bom, o homem é espetacular!.",sim
2327940,Mulher bonita da porr...,sim
2329247,Do marido verdadero assim mesmo ninguém vê.,sim
2329249,Pois ou ela sai casada ou muita gente vai morrer.,sim
2329724,Pois sua mãe não é direita.,sim
2329912,Na minha terra tem menino barrigudo.,sim
2330040,"Trabalhando a terra, ele está feliz.",sim
2330101,Ele é nordestino e não foge sem lutar.,sim
2330111,Ele é o lamento da alma do meu.,sim
2330143,Pra ele é mais troféu.,sim
2330794,Mas ela é cobiçada.,sim
2330863,Ele é direito porque não é torto.,sim
2330964,A mulher era mulher.,sim
2330972,Mulher era assim muito sensata.,sim
2330977,Marido era marido e patrão.,sim
2330979,É mulher muito danada.,sim
2331521,Os zoinho do menino marejô.,sim
2331535,E os zoinho do menino marejô.,sim
2332102,E o olhar de moça rica.,sim
2332499,Onde esta o homem bom?.,sim
2332502,Não tem um homem perfeito } bis.,sim
2332584,Lampião era valente.,sim
2332647,"Ah, mulher bagunceira da mulesta...",sim
2332648,Mulher cangaceira...,sim
2332652,"Mulher bonita, morena trigueira...",sim
2332687,"Joguei ela pra direita, ela veio; joguei ela pra esquerda, ela tava aí -- a mulher era adivinhona...",sim
2332839,Que faz um homem forte gemer.,sim
2334009,"Se o homem ta zangado, um agradinho é bom.",sim
2334014,"Quando o homem é ciumento, um agradinho é bom.",sim
2334015,"Quando o homem ta doente, um agradinho é bom.",sim
2334021,"E quando o homem ta danado, um agradinho é bom.",sim
2334092,O marcado do homem tá gostoso pra danar.,sim
2334100,Eu vou escolher a mulher mais bonitinha.,sim
2334242,Menina bela que me faz feliz.,sim
2334455,João é animado até amanhecer o dia.,sim
2334729,O homem batalhador.,sim
2335154,Zé é organizado.,sim
2335562,"Chorando, gemendo, menina bonita pra gente dançar (bis).",sim
2335676,José nunca foi mole.,sim
2335933,"Fui sua menina, princesa mais bela.",sim
2336245,Eu fiquei impressionado como ele era valente.,sim
2337105,Ó mulher boa.,sim
2337440,Descanso feito um menino inocente.,sim
2337955,Fico tonto de tanta mulher quase nua.,sim
2337958,Mais elas andam quase nua.,sim
2338845,"Hoje é um homem lindo por quem me apaixonei,.",sim
2338870,"É um rapaz respeitador, pronto pra qualquer parada.",sim
2339230,Ela é muito pesada pra você....,sim
2339232,Ela é jeitosa...,sim
2339393,Porque forró moça bonita (bis).,sim
2339553,Homem direito.,sim
2340752,Ele é o brilho da lua.,sim
2342207,O homem é civilizado.,sim
2342583,E hoje aqui ela é rainha.,sim
2342648,Ela é vovó losa.,sim
2342746,COMO ELE VEM FACEIRO.,sim
2342931,Da moça bonita que quer namorar.,sim
2343172,"Mais fácil que nem osso, porque ela é mulher.",sim
2343173,"Ela é mulher, muito mulher, mais que mulher.",sim
2343179,Ela é mulher com um.,sim
2343299,"Menina maravilha, é minha namorada.",sim
2343303,Menina preguiçosa.,sim
2343419,Ô Menina linda eu te quero.,sim
2343455,A moça estava tremula batendo o coração.,sim
2343583,"Ela é a criana, tem corpo bacana.",sim
2343616,Se existe no mundo um homem mais feliz que eu.,sim
2344193,"Eu fiquei impressionado, como ele era valente,.",sim
2344222,"Ela veio sorridente, em minha direção,.",sim
2345032,Menina linda me dê um abraço.,sim
2345821,Desde menino sempre foi danado.,sim
2345846,"Moça bonita, jóia prometida.",sim
2346281,"Vigário, esse homem é casado.",sim
2346516,Moça faceira.,sim
2347191,Ela é bangula..,sim
2349096,Eu sou o homem mais iluminado.,sim
2349112,Eu sou um homem tão iluminado.,sim
2349300,Ela é muito jeitoza.,sim
2349310,Não sou mais aquele homem sofredor.,sim
2349311,Que menina linda cheia de beleza me apareceu.,sim
2349453,Prefiro moça bonita.,sim
2349736,O sanfoneiro quando vê mulher bonita.,sim
2349914,Zé é forrozeiro e é só.,sim
2349957,eu era menino chato.,sim
2350025,Da moça mais desejada.,sim
2350083,Homem casado pra entrar nesse forró.,sim
2350344,Eu sou um rapaz direito.,sim
2350830,Ela é danada.,sim
2350832,ela é danada.,sim
2350834,Eu conheci uma menina muito louca.,sim
2350837,"ela é doidinha, ela é muito safadinha.",sim
2350840,"Ela é rampeira, é da bagaceira.",sim
2350841,que mulher doideira só pensa em transar.,sim
2350842,"ela é maluca, é lélé da cuca.",sim
2351246,"Eu sou a rainha, menina sou sua parceira no forró.",sim
2351733,De uma mulher bonequeira!.,sim
2352027,Só namoro mulher boa.,sim
2352042,Jesus tava inspirado.,sim
2352046,Mulher madura.,sim
2352245,Mesmo assim a mulher não disamina.,sim
2353005,Eu fui menino tão mimado e manhoso.,sim
2353709,O jumento é sagrado...O homem é mau..,sim
2353747,"Foi ali que o menino santo fez um ""pipizinho"".",sim
2353750,Ele é cheio de presepada sim senhor.,sim
2353777,Porque ele é servidorzinho que é danado.,sim
2353921,"Como vai seu filho, tipo do rapaz perfeito.",sim
2355626,"Cachaça e mulher bonita, é a minha perdição.",sim
2355719,"Namorei mariazinha, depois namorei lucinha no fim namorei lurdinha moça linda e educada.",sim
2355720,Que maltratou deu risada se tornou mulher mundana.,sim
2356768,mim chamam homem solitário e sei que eles tem razão..,sim
2356774,mim chamam homem solitário e sei que eles tem razão.,sim
2357881,Diz o senhor capelão.,sim
2357955,Eu sou a rainha fiel do xaxado.,sim
2357977,"Olé mulher rendeira, cantiga de lampião.",sim
2358077,Vitalino hoje é imortal também.,sim
2358512,Sem cantar mulher rendeira.,sim
2358770,Uma mulher feliz.,sim
2359241,Tem mulher saliente que adora um caquiado.,sim
2360018,Ele é meu ex-namorado.,sim
2360489,Um marido exemplar.,sim
2361253,Ela é tão linda é tão bela.,sim
2362004,Moça feia e marmajão.,sim
2362300,"MOÇA LINE E RAPAZ, FICARÁ SUSTADO EM PÉ.",sim
2362578,Pois ela é muito bonita e eu não posso abandonar.,sim
2362966,Mais que menina indecente.,sim
2363039,É festa de vaquejada mulher bonita e forró.,sim
2363155,Mas ela mexe gostoso.,sim
2363159,E ela desce gostoso.,sim
2363222,"Falando em mulher nova, que anda se rebolando,.",sim
2363285,mulher ruim.,sim
2363894,"Quem quiser moça bonita, vai mandar encher de birita.",sim
2364027,Sertanejo é caboclo forte e foste trabalhador.,sim
2364110,Nem se ela é casada.,sim
2364255,"Macaco, que só era homem fraco quando olhava o céu....",sim
2364946,Ela é a filha do velho.,sim
2365192,Que não caia na esparrela que ele é casado.,sim
2365813,Menina bonitinha me dê mais o seu carinho.,sim
2365900,Menina estou pirado.,sim
2365957,Era um homem meio bicho.,sim
2365985,Ele é bicho homem.,sim
2365986,Ele é lobisomem.,sim
2366055,"Ela não é virgem, não é virgem não.",sim
2366175,se for moça educada.,sim
2366728,"Abre a roda, as moças namoradeiras.",sim
2366752,Menina linda acabou meu coração.,sim
2367978,Menina linda por favor.,sim
2368898,é a filha mais nova do patrão..,sim
2369353,Mulher boba no colchão.,sim
2369563,Penso que ela é casada.,sim
2369735,Ela é independente.,sim
2369842,Menina linda vou agradecer a.,sim
2370893,Ele é o pai do meu filho.,sim
2370894,Ele é meu matulão.,sim
2371010,Moça velha que ainda tem.,sim
2371020,Beijo de menina nova.,sim
2371024,Beijo de mulher viúva.,sim
2371026,Beijo de mulher casada.,sim
2371036,Já falei das moças velhas.,sim
2371037,De mulher namoradeira.,sim
2371151,"É homem casado enxerido, Marinheiro samba.",sim
2371173,Ela faz igual a cobra.,sim
2371203,"Rosa, moça bela.",sim
2371303,Mais vejo sempre menina sapeca.,sim
2371938,Me casei com um homem velho e ciumento.,sim
2372849,Agora que viu que ela tá feliz.,sim
2373143,Homem forte pra valer.,sim
2373144,Na vaquejada ele é o rei.,sim
2373156,A menina passa faceira.,sim
2374582,O cheiro do cangote de uma mulher cheirosa.,sim
2374617,A mulher quando é boa de chamego.,sim
2374816,João é infeliz.,sim
2374851,Ele é sabiá cantando numa laranjeira em flor.,sim
2374936,"Todo homem é chachorro, mas quem late mais gostoso sou eu.",sim
2375009,Ela já tá virada na quinta.,sim
2376672,Eu sei que ela é dona do seu coração.,sim
2377235,Maria moça bonita.,sim
2377414,Ela dançava bonito o ritmo quente do meu carimbó.,sim
2377902,Ele é tal igual maré..,sim
2378111,Mulher só gosta do homem galinha.,sim
2378383,Só gosta mesmo é de mulher tranqueira.,sim
2378636,Rapaz novo se encanta.,sim
2378771,Tem menina beijoqueira.,sim
2378821,Menina quente do chilique danado.,sim
2378825,É fogo de moça nova.,sim
2378891,Mulher bonita desfilando a noite inteira.,sim
2379482,Pode beijar na boca da mulher namoradeira.,sim
2379676,Hoje ela tá virada pela madrugada.,sim
2379796,A mina tá danada.,sim
2382182,"Dulce, Mãe menininha,.",sim
2382401,"Mulher rendeira,.",sim
2382788,Senhor é pai que ama.,sim
2382866,O homem tornou-se fraco.,sim
2383055,"Menino magro doente,.",sim
2383056,E a mãe impaciente.,sim
2383294,CACHAÇA E MULHER BONITA.,sim
2383328,"VOCÊ MULHER DIVINA, PURA E VERDADEIRA.",sim
2383645,Ela tá contente.,sim
2383656,Ela é outra pessoa.,sim
2383917,Sou o homem mais feliz.,sim
2383918,O homem mais feliz um novo amor.,sim
2383921,O homem mais feliz é bom demais.,sim
2383926,Com você eu sou o homem mais feliz.,sim
2384065,Elas começa esnoba.,sim
2384184,Moça bonita do olhar apaixonado.,sim
2384505,Tem menina prostituta.,sim
2384848,"Mulher gostosa aqui tem demais,.",sim
2384981,Ela é rampeira.,sim
2385202,"Ela é um luxo, ela é sensual, ela é uma deusa qualquer.",sim
2385204,"Faz serviço completo, o esquema é legal, ela é dona do.",sim
2385247,Ele será o capitão da seleção.,sim
2386902,Ele é grande.,sim
2386903,Ele é peludo.,sim
2388647,"Ela é tão grande, tão grande, olha a mamãe como é tão grande!.",sim
2388655,"Ele é tão grande, tão grande, olha o papai como é tão, grande!.",sim
2388814,Ele é o rei da praia.,sim
2389597,Rosa é poesia.,sim
2390285,Quero olhar ele de perto só pra ver se ele é real.,sim
2390891,Vai ver que ela tá meio boboca.,sim
2391993,Vai ver que ela tá meio boboca..,sim
2392302,"Ele é sempre companheiro,.",sim
2393085,Ele é o pão e o vinho.,sim
2393086,Ele é o princípio e o fim.,sim
2393107,Ele é o pai e o filho.,sim
2393108,Ele é maior do que a morte.,sim
2393110,Ele é carinho mais doce.,sim
2393114,Ele é o sol e o luar.,sim
2393116,Ele é o mestre dos sábios.,sim
2393907,"Dá um close nele, ele feio que dá dó.",sim
2393945,E ele é tão bonitinho!.,sim
2394414,Já foi moça bem formosa.,sim
2395556,por isso é que se diz como ela é sentimental.,sim
2396524,porque agora ele já é um homem.,sim
2397228,"Para mim, para mim ele é um campeão.",sim
2397844,Mãe é a felicidade.,sim
2398845,Que ele é muito lindo.,sim
2399546,Super-homem e mulher maravilha.,sim
2399732,"Ele é o cara, ele é o bom.",sim
2399741,Eu sou o cara - ele é o bom.,sim
2400865,Balança a menina faceira da.,sim
2402216,Ele era um garoto só.,sim
2402302,Comanda a massa no salão ele é rei.,sim
2402592,Mãe preta de lá mandou chamar.,sim
2404047,Sou a mulher ideal.,sim
2404340,Ô saravá menina mineira que é filha de.,sim
2404593,Bater em mulher é onda de otário.,sim
2405137,Ele era tão glorioso e eu tremia sem parar.,sim
2405172,"Foi então que um grande anjo eu pude a vista, ele era tão glorioso e eu tremia sem parar.",sim
2405195,Ele é o pastor de quem ouvimos a voz.,sim
2405305,Senhor altíssimo é tremendo.,sim
2405492,"Pastor, homem semelhante a nós;.",sim
2406205,ele tá vivo padre não tá morto.,sim
2407379,Ó senhora rezadeira.,sim
2407605,"Pra te dizer, mulher formosa.",sim
2407624,Que moço impertinente.,sim
2407777,Mexe até moça solteira.,sim
2407890,"Nêgo era moço, e a vida, um brinquedo prá mim.",sim
2408364,Ela foi bem contemplada.,sim
2408875,Céu - Homenagem à mulher bandeirante ].,sim
2410345,"Madruga é boa gente, e assim vive contente.",sim
2410612,"Quando acaricio, ele fica bem feliz!.",sim
2410613,"E quando acaricio, ele fica bem feliz!.",sim
2410860,Como ela é engraçada.,sim
2411808,E o homem é bicho mau.,sim
2412307,O seu andar tem jeito de moça criança.,sim
2412800,Rainha mãe do poderoso rei de.,sim
2412818,Senhora soberana.,sim
2413073,"Garoto maroto, travesso no jeito de amar.",sim
2413902,Ninguém pense que ela é bahiana.,sim
2414004,E Ele é encantador.,sim
2414067,"Ele é fiel, prometeu e vai cumprir.Pra sempre cantarei ao meu.",sim
2414153,Mãe tão virtuosa assim.,sim
2414232,Jesus é bom.,sim
2414241,Jesus é bom demais..,sim
2414253,Jesus é bom..,sim
2414264,Jesus é bom demais.,sim
2414553,Tem homens perigosos que não compaixão..,sim
2414827,"Jesus é bom,bom,bom..",sim
2414904,Ele é maravilhoso.,sim
2414979,"Ele é meu amigo me conduz pelo caminho,.",sim
2415384,Mas veja que menina maluca eu encontrei.,sim
2415407,"Não posso acreditar, que menina confusa!.",sim
2415540,"Ele foi um rei, e brincou com a sorte.",sim
2415550,"Só sei que esse trapo, esse homem foi um rei.",sim
2415553,"Só sei que este trapo, esse homem foi um rei.",sim
2415810,Venha a menina tão mulher.,sim
2416392,Ele é verde-amarelo.,sim
2416715,"Ela é padrão de beleza, é mulher brasileira.",sim
2417276,Toda mulher é uma flor.,sim
2417284,Pra dar pra moça bonita.,sim
2417292,pois ela é a flor dos amantes.,sim
2417569,Ela também é linda você vai gosta a..,sim
2418106,ela é alegria ou lamento?.,sim
2418785,Menina tostadinha ao sol da praia.,sim
2420297,As meninas caramelo.,sim
2420938,Bumbum como é bom ser lelé.,sim
2422420,Mulheres guerreiras..,sim
2422763,Luiza é bamba.,sim
2423528,Ela é a dona do vento.,sim
2424183,Prá quem o choro da mulher é coisa a toa.,sim
2426334,Mulher brasileira em primeiro lugar.,sim
2426355,Mulher dona do meu compromisso.,sim
2426812,Ela era dona.,sim
2427157,"Nosso chão, nossa vida, nossa pátria mãe gentil.",sim
2427274,E a mãe preta amamentou.,sim
2428453,A senhora era louca.,sim
2429054,A mãe preta chorou.,sim
2429140,Viu duas filhas donzelas.,sim
2430852,Joana é safada.,sim
2431569,Ó doce musa felina da minha paixão.,sim
2431669,Sou garoto sapeca.,sim
2432442,Cheiro de menina moça.,sim
2433175,"Mulher brasileira, dengosa e faceira, (Bis).",sim
2434290,Sou mulher capaz de tudo pra te ver feliz.,sim
2435118,Eu fui menino sonhador } BIS / REFRÃO.,sim
2436021,Vá dizer que ela é a razão dos meus “ais”.,sim
2436235,Ele é um cabra muito feio.,sim
2436243,"Ele é alto, magro e feio, é desdentado.",sim
2436345,Eu era menino livre.,sim
2439096,A moça era bamba dos.,sim
2439571,Eu sou o rei floresta.,sim
2440085,Coco que tem mulher bonita.,sim
2440089,"entrou na roda ficou preso, tudo que é homem aceso.",sim
2440297,Há longos anos ele arqueja.,sim
2440550,Ele é sangue real.,sim
2440688,Um moço êveio:.,sim
2441230,Ela é folgada quando eu peço pra buscar um copo d´água.,sim
2441484,"Eu tenho um novo namorado, moço sério e mesmo de juízo.",sim
2441492,"Lá em casa ele anda sempre acanhado, ao meu braço (imaginem) ele fica envergonhado.",sim
2441670,(ah como ela é boa!).,sim
2441877,Ele está cansado de amar você.,sim
2442257,Maria é lindo.,sim
2443555,Mãe ingrata indiferente e fria.,sim
2443985,Já não sou aquele homem sofredor.,sim
2444207,Esta mulher é teimosa.,sim
2444239,Esta mulher já foi bela.,sim
2444245,Ela é dose pra leão.,sim
2444307,Esta mulher tão fingida.,sim
2445573,"Ele é branco, ele é negro.",sim
2445576,"Ele é valente, é coisa da gente.",sim
2445831,ele andava mal nutrido de carinho e de calor.,sim
2446256,"O homem é civilizado, a sociedade é que fz sua imagem..",sim
2446274,"O homem civilizado,a sociedade é que faz sua imagem..",sim
2447613,É ele escravo sem ser.,sim
2447833,Deus fêz eles branco.,sim
2448409,Ela é da bossa e o marido é um boçal.,sim
2448835,moço sério e mesmo de juízo.,sim
2449067,Pois ele é um cavalheiro.,sim
2449715,Mulher ingrata foi a minha frustração.,sim
2449725,Não se amarre nessa nega que ela é mulher confusão.,sim
2449731,Não se amarre nessa nega que ela é mulher macumbeira.,sim
2450175,Menino velho.,sim
2450867,"De uma moça tão bonita, de um violão.",sim
2451121,minha mãe gentil.,sim
2452465,ela passiva e fria notei.,sim
2452684,Ele é danado p'rá morder.,sim
2453183,E o homem sozinho devia morrer.,sim
2453578,Ela é comandante-chefe do batalhão do amor.,sim
2454058,E esse andar de moça prosa.,sim
2454154,Dizem que a mulher é parte fraca.,sim
2454590,"Mas se ele é honesto,.",sim
2454649,"Disse que ele foi escravo, mas não se entregou a escravidão.",sim
2455415,Menino caçador.,sim
2456299,Ele era muito esperto.,sim
2456786,Ele é movido pelo sacrifico de amor.,sim
2457321,"Você é meu namorado punk do rock,.",sim
2457451,Pra subir numa árvore ele é bem veloz..,sim
2457517,Eu sou doidão mas ele é um anjo..,sim
2457691,mas se ele fica nervoso vira um furacão.,sim
2458022,Anda a roda o tatu da roça moça bonita da perna grossa.,sim
2458102,"Cantor: Ele é um mamífero aquático, e também bota ovos!.",sim
2458157,Ela é uma ruivinha com um cérebro de ornitorrinco.,sim
2458513,Já sei que quando ele surgi é bom sinal!.,sim
2459523,Esse menino é meu vizinho.,sim
2459548,Esse menino é meu vizinho!.,sim
2459883,Ele é branco e amarelo.,sim
2459925,Olha a menina moleca láááááá.,sim
2459926,Mas que menina moleca.,sim
2459929,Ela é uma lelé da cuca.,sim
2460311,Sua mãe era uma batedeira.,sim
2460408,É a velha história de um garoto mal e uma garota má.,sim
2460466,Que ele é um mamífero móvel!.,sim
2460505,"E gritou pra aquele bando: ""Esse rapaz é comerciante!"".",sim
2460509,Se aquela moça esperta não tivesse ali passado.,sim
2460632,O que é ruim pra ele é bom pra mim.,sim
2460895,"E ela é rainha, comanda e desmanda.",sim
2461059,Saboroso é ser criança.,sim
2461498,Encantadora a donzela pequenina.,sim
2461504,Ela é a luz do sol.,sim
2461536,Um menino sonhador.,sim
2461846,Para a moça dona do seu coração.,sim
2461858,Por você ele é apaixonado.,sim
2461871,por você ele é apaixonado.,sim
2462486,Ele era naturalista porque gostava da natureza.,sim
2462523,"Chii, agora ele estava envenenado!.",sim
2462830,Qualquer cor que pinte pela frente ele acha bom.,sim
2463063,Ele é um senhor muito sério que não gosta de gracinha..,sim
2463142,Antigamente ela era minha mãe.,sim
2463143,Antigamente eu era a filha mais querida.,sim
2463259,Ele é puro e verdadeiro.,sim
2463487,Ela é muito feia!.,sim
2463507,Como se ela fosse muito bonita!.,sim
2463515,Como se ele não fosse um comilão também.,sim
2463990,Fred tá ligado no lance.,sim
2464032,Ele sempre anda descalço pra pisar você..,sim
2465367,Ela é tão pequena quase não tem nenhum dente.,sim
2465368,"Dei um nome pra ela, ela é tão fofinha.",sim
2465378,Ela é tão danadinha.,sim
2465829,Mas a tia é gente fina.,sim
2466083,Felipe é dorminhoco e sabidão.,sim
2466850,E por ela estou gamado!.,sim
2467131,Que ele é semi aquático.,sim
2467284,Ele é um irmão amolado.,sim
2467524,Ele é um traidor.,sim
2467632,"ele é um porco (sou,sou,sou!).",sim
2467698,Ele é um porco ( sou sou sou ).,sim
2468925,"No fundo, ele é fanfarrão.",sim
2469193,Ele é bicho.,sim
2469248,É o menino mais esperto que existe por aqui.,sim
2469249,Pedrinho é amigo do.,sim
2469454,ela mesma acha importante.,sim
2469832,Fui vassalo do rei ramse.,sim
2470230,"Menina menina você me ligou,to parado na sua.",sim
2470499,"Garoto, garoto bonito.",sim
2470515,Parece que ela fica louca.,sim
2470578,Ele é trabalhador.,sim
2471426,Ele não é famoso.,sim
2471677,"Na tempestade, ele é o abrigo.",sim
2471686,Esse menino é iluminado.,sim
2471697,Na tempestade ele é o abrigo.,sim
2471949,Paulo está mais contente.,sim
2472164,"Mas que menina sapeca, levada da breca.",sim
2472327,Senti que ele estava apaixonado.,sim
2472553,"ELA ENGORDA, ELA EMAGRECE.",sim
2473314,QUE ELE SEJA ALTO E FORTE.,sim
2473559,"Ele é o colosso, eu não largo o osso.",sim
2473593,Ele é um colosso.,sim
2474142,Ela é nossa amiga.,sim
2474145,Ela é tão mimosa.,sim
2474429,"Ele é um ratinho, ele é muto feliz.",sim
2474801,O Cebolinha é muito esperto.,sim
2475536,Felisberto é muito esperto!.,sim
2475547,A Cuca é malvada.,sim
2475747,"Ele é pretinho, com uma faixa branca.",sim
2475834,Ele é gaucho e tá sempre de bombacha.,sim
2476179,Veja como ele é bonitinho.,sim
2476215,"Ele é muito lindo, ele é tão fofinho.",sim
2476885,Dinheiro na caixinha ela é charmosa e.,sim
2476966,Ele é o amor.,sim
2477561,"Miau, miau, ele é bonitinho.",sim
2477746,Que menina boazinha é.,sim
2477764,o homem branco tem consciência.,sim
2477882,Ela é durona[durona].,sim
2477930,Ela é durona.,sim
2478472,Cebolinha é muito esperto.,sim
2479794,Sabe ele está apaixonado.,sim
2480139,Todas elas eram muito bonitinhas.,sim
2480597,No fundo ele é um amigão (Bis).,sim
2480647,Xuxa é tão bom te ver.,sim
2481427,O menino mais lindo da escola.,sim
2481573,Manoel é português.,sim
2481687,Ele fazia careta e palhaçada também.,sim
2481799,Acha ele muito legal.,sim
2481876,Ele fala engraçado.,sim
2482360,Até que um dia eu descobri que ele não era assim tão mau.,sim
2483226,"Gozma vamos juntos reagir, nosso planeta terra ninguém pode invadir, avante.",sim
2483429,"Jandira, Jandira, menina bovina.",sim
2483516,São garotas sapecas.,sim
2483601,"Na hora de uma briga, ele é ruim que dói.",sim
2483603,"Ele é tão engraçado, eu sempre morro de rir.",sim
2483796,Ele é meu campeão.,sim
2483804,Ele é valente.,sim
2483805,Ele é muito corajoso.,sim
2484162,Minha avó assanhadinha bate o pé.,sim
2484327,Senhor capitão é tão bom sonhar.,sim
2485504,Porque ele é bom.,sim
2485518,porque ele é bom.,sim
2486039,Ele é vencedor.,sim
2486056,Mesmo assim ele é humilde e faz conta de você.,sim
2486074,Pega o homem sujo e mal e faz dele um cidadão.,sim
2486200,E ela estava cheia de peixes a transbordar.,sim
2486315,Jesus foi aprovado por.,sim
2486362,Jesus foi vencedor.,sim
2486516,Cristo em minha rede social ele é o provedor.,sim
2487247,Ela estava triste e muito machucada.,sim
2488750,Ela havia sido escolhida.,sim
2488777,Jesus era obediente.,sim
2489218,Noé era um homem justo e bom.,sim
2489221,"Um homem legal, muito especial.",sim
2489243,"Noé,homem justo e bom.",sim
2489247,Um homem muito especial.,sim
2491270,Rei tão santo?.,sim
2491385,Só o senhor é deus.,sim
2491539,Senhor soberano.,sim
2492406,O Senhor forte e valente.,sim
2492407,O Senhor valente nas guerras (2x).,sim
2492796,"São homens bonitos, vem ver.",sim
2493160,Mulher fervorosa.,sim
2493161,"Mulher virtuosa, maravilhosa.",sim
2493761,Ele é digno (Só.,sim
2495523,Davi foi preparado.,sim
2495529,Davi foi grande harpista.,sim
2495536,Davi foi paciente.,sim
2495552,Davi foi corajoso.,sim
2496744,Ele fui chamado e santificado.,sim
2496853,Ele é digno de glória.,sim
2496984,"Mulheres virtuosas, mais do que jóias preciosas.",sim
2496991,Eu sou mulher batalhadora e de oração.,sim
2497112,"Ver feliz a mãe gentil,.",sim
2497209,"[bia]-ah,jesus é lindo mesmo.",sim
2497228,Aquela mulher doente!.,sim
2497497,é que ele nunca está igual.,sim
2497758,"Ele é fiel, Ele é fiel (x2).",sim
2497973,Só ele é digno (só ele é digno).,sim
2500461,Mas senhora tão bendita.,sim
2500579,"Ele é meu tesouro, meu.",sim
2500757,Senhor digno de ser louvado (repete).,sim
2500790,"Ele foi transpassado, moído pelas nossas iniqüidades.",sim
2501177,E o colocou em um jardim e deu a ele uma esposa querida!.,sim
2501626,Eu sou um homem justo e bom.,sim
2502520,Ele é fiel e cumpre o que diz.,sim
2502564,"Ele é fiel, Sim, Ele é fiel,.",sim
2503694,E ele sozinho a se lamentar.,sim
2504354,Ela é linda e é pequena.,sim
2504705,ele é tão fofinho e muito brincalhão.,sim
2505126,Popeye vai ser papai.,sim
2505662,Ela era a amada do.,sim
2506175,Está escrito: Cristo é vivo!.,sim
2506854,"Mesmo assim, Deus foi fiel a mim.",sim
2506858,"Ele tem sido fiel, fiel a mim.",sim
2506862,"Ele foi fiel, fiel a mim.",sim
2507479,Ele é o céu e deves vê-lo.,sim
2507601,Herói é artista que tem como profissão.,sim
2507646,Ele é bravo!.,sim
2507667,Ele é o herói das multidões - Brilhou no céu.,sim
2507679,garoto bom tá aí.,sim
2507685,ele é o herói das multidões - Brilhou no céu.,sim
2507984,(Ela tá noiva de outra pessoa ouviram?).,sim
2508250,Porque ele é amor.,sim
2508907,Ele é tão fofinho.,sim
2509104,Pois ele é meu campeão.,sim
2509882,Ela é uma amiga muito especial!.,sim
2511693,"Não é fácil não, eles são diferentes demais.",sim
2511712,Ela é toda patricinha empinando o nariz.,sim
2511713,Ele é lunático mais é feliz.,sim
2511728,Anão: e ele era forte e bonito?.,sim
2511848,Ele é carinhoso e tranquilo.,sim
2511853,Ele é feliz.,sim
2512968,Ela é a alegria de viver emoção.,sim
2513671,Homens orgulhosos não querem paz.,sim
2513909,Só ele é digno de glória.,sim
2514800,"Ele é um robô, agora é só brincar..",sim
2515895,A mulher sunamita seu filho perdeu.,sim
2516521,- Ele é bom amigo!.,sim
2516824,Elas são tão engraçadinhas.,sim
2517290,Ela é teimosa e desobediente.,sim
2517583,Ele é fofinho.,sim
2517588,Ele é sortudo.,sim
2517596,Ele é teimoso e gosta de zombar de mim.,sim
2517598,"Ele é levado, carinhoso e inocente.",sim
2518345,Mulher virtuosa.,sim
2518353,Jesus é digno.,sim
2518563,O Senhor valente nas guerras.,sim
2520028,Galileu ele é muito legal.,sim
2520726,Ele é digno de louvor..,sim
2520759,"Ele é digno, digno de todo louvor..",sim
2522000,Ele é muito excitante....,sim
2522209,Seu pai era um homem bom.,sim
2522336,Ela parece mais feliz..,sim
2522732,"Garota caladinha, ele adora.",sim
2522742,A garota retraída.,sim
2523191,Ele estou liberto do perigo e do mal.,sim
2523296,e a criança quando canta ela é feliz.,sim
2523395,Papai do céu ele é muito legal.,sim
2523720,Jesus é vivo.,sim
2523893,Ele é real.,sim
2525092,"Ele é imperador,.",sim
2525110,Ele é legal.,sim
2525511,Que ele é fenomenal!.,sim
2525588,"Ele é forte, ele é tão musculoso.",sim
2525742,"Ele foi bom e delicado, mas era mal e era tão mal-educado..",sim
2525748,Como ele está mudado.,sim
2525800,Temos aqui uma garota estranha.,sim
2525861,Esta garota é muito esquisita.,sim
2525880,ela é muito fechada.,sim
2525881,Ela é metida a inteligente....,sim
2525956,Nós nunca vimos moça tão estranha.,sim
2526772,Sou uma menina super poderosa.,sim
2526955,Olha aqui garoto to cansada de esperar.,sim
2527523,Ele é o autor da minha fé..,sim
2527650,Jesus é fiel.,sim
2527920,Jesus é bom à beça.,sim
2528037,Ele mostra novos horizontes.,sim
2530664,Ele é escuro sim.,sim
2530752,"A minha filha está solteira, doutor.",sim
2531076,"Menino bonito,brejeiro.",sim
2531115,"Jesus é doce, doce, doce como o mel.",sim
2531406,A méia-noite o senhor grilo.,sim
2531413,que ele é burro porque é cavalo.,sim
2531862,Que ele seja bonito e gostoso.,sim
2532133,Ele é incrível a todo instante.,sim
2532145,Sua mina é uma gata que nunca se viu.,sim
2533892,Ele é justo e não falha.,sim
2534490,Bum bum ele é o príncipe é o maioral de.,sim
2535285,(Garoto lindo vem me beijar).,sim
2535289,Garoto lindo o seu olhar.,sim
2535292,Garoto lindo.,sim
2535300,(Garoto lindo vem me amar).,sim
2535366,Se ele é azul como azul do mar.,sim
2535463,"Eles podem ser feios, mas são importantes.",sim
2536844,Toda mãe é feita de rosas.,sim
2536847,Toda mãe é feita de um doce bem doce.,sim
2537000,"Ele é branco e amarelo, olará.",sim
2537056,e eles felizes.,sim
2537988,MÃE querida tenha compaixão..,sim
2538008,MÃE querida tenha compaixão.,sim
2538598,"Ele é cheio de fantasia,.",sim
2538913,Na rede social ela é muito bem vista.,sim
2538923,"Invejada por todas, ela é sensacional.",sim
2538925,Mas quando dança e canta essa garota é uma gracinha.,sim
2538937,"Ela é poderosa, tá de batom rosa.",sim
2538938,"Todos se inspiram, ela é toda pomposa.",sim
2540155,"No partido alto, roda de samba, mulher bonita não pode faltar.",sim
2540226,Uma mulher bonita está em minha companhia.,sim
2540912,"*Ele é sempre motivo...é causa, é efeito e quadro e giz.",sim
2540922,"Mulher mal amada, palpite infeliz.",sim
2540924,Ele é doutor que não precisa anél.,sim
2540934,Ele é o bamba igual jamais se viu.,sim
2541418,Essa mina é uma coisa que eu vou dizer.,sim
2541423,"Me liguei que ela é difícil deu pra perceber,.",sim
2541425,"Olha como ela é sexy, ela só quer jogar.",sim
2541566,Ela é envolvente.,sim
2542306,Vem menina moça.,sim
2542851,Pois ele estava tristonho.,sim
2542875,"Só pra contrariar, ela ainda é donzela.",sim
2542890,ela ainda é donzela.,sim
2542903,"Só pra contrariar, ela ainda é donzela..",sim
2542909,Só pra contrariar ela ainda é donzela.,sim
2543215,"Vem menina moça , vem menina moça , vem menina moça.",sim
2543729,Ela era a sobremesa.,sim
2544277,"Ela é bonitona, bem feita de corpo.",sim
2544288,Ela é errada demais.,sim
2544474,Vagabundo da noitada e a dama cheia de argumento.,sim
2544494,Acorda tia a sua filha é a preferida.,sim
2544958,Rosalina é maneira.,sim
2544987,No pagode da mulher solteira.,sim
2545268,Vem moça bonita nesse fogo de xaxado.,sim
2545555,Nonô que era um homem valente sambou.,sim
2546163,"que garota bela, me faz um favor.",sim
2546341,Feito um menino inocente.,sim
2546580,Ela é minha ilha da fantasia.,sim
2546583,Ela é minha pista alucinada.,sim
2546724,"E Maria, menina tão doce, tão calma.",sim
2547016,Deusa linda do amor.,sim
2548051,Ele deve achar estranho porque você é casada.,sim
2549064,"Ele é esperto, e bem calmo.",sim
2549299,Ela não é brincadeira.,sim
2549304,No meio da roda ela é atração.,sim
2550675,"E mulher gostosa,isso é bom demais..",sim
2551686,Se tem mulher boa na area eu vou me jogar (pra quebrar).,sim
2552039,Ô mina louca.,sim
2552089,Eu sou o homem dela e ela é minha mulher.,sim
2552590,Ela vai ser a patroa.,sim
2552596,Me desloco do asfalto só pra ver a menina faceira.,sim
2552974,A mãe virou feminista.,sim
2554356,"musa verdadeira, deusa, do meu samba.",sim
2554764,A massa dos homens normais.,sim
2555512,"Ela é toda sarada, ela é muito faceira.",sim
2555532,Essa menina não é brincadeira.,sim
2555618,Uma mulher cheirosa tão linda como uma flor.,sim
2555771,Que ele já ta doidinho.,sim
2556163,Ela é forte demais.,sim
2556423,Os homens guerreiros filhos de oxum..,sim
2556951,Maria é coisa nova..,sim
2557030,"Seu menino lindo, seu menino lindo, seu menino lindo.",sim
2557033,"Minha menina linda, minha menina linda, minha menina linda.",sim
2557051,"Sou tua mina linda, tua mina linda.",sim
2557718,"Mulher não gosta de homem bombado, na hora.",sim
2558468,Pois ela é uma dama cheia de história.,sim
2559219,Menina baiana que desce a ladeira.,sim
2560675,"Essa mina é uma delicia, alem de linda, ela é sagaz.",sim
2560901,Quis ser malandro demais.,sim
2560963,"A menina vestiu o vestido e quis me fazer um desfile privê, a menina era linda, mas eu só olhei pro vestido e embrulhei pra trazer.",sim
2561667,Ele é sempre motivo.,sim
2561673,Mulher mal amada palpite infeliz.,sim
2561674,Ele é doutor que não precisa.,sim
2562508,Pra menina cheia de marra.,sim
2562613,Malandro é malandro e.,sim
2562712,"Dizem que ele é bolo doido, ferro doido, bicho solto.",sim
2562806,Da mina bacana.,sim
2562812,Ele é bonito e carinhoso.,sim
2563238,Timmy é um garoto bom.,sim
2563405,É porque não tem uma mulher igual a minha.,sim
2563590,Um garoto especial.,sim
2563686,ele é bonitinho.,sim
2564468,Ele é o vilão!.,sim
2564485,Mas ele é o vilão!.,sim
2564528,Agora tem poderes e com eles faz bonito.,sim
2565258,Ela é top.,sim
2565301,E as minas loucas.,sim
2566349,E ela pensando que ele era bom.,sim
2566541,Dizendo que ela é pura e honesta.,sim
2566580,Que cara tão magro com moça tão gorda.,sim
2566581,Que gordo mais feio com moça tão bela.,sim
2566659,ela é viúva de seis e com você será a sétima vez.,sim
2566660,Olha que ela é viúva de um grande açougueiro.,sim
2566662,ela é viúva de um general.,sim
2566664,Olha que ela é viúva do dono da funerária.,sim
2566849,você sabe ela é minha patroa.,sim
2566932,Eu só sei que a mulher é igual a cobra.,sim
2566961,depois de tudo pronto ele abençõou satisfeito e sorrindo.,sim
2567441,E o famoso carteado ele é patrocinado pela supervia.,sim
2567694,"E na gira do povo da rua, ele diz sorridente a hora da gandaia.",sim
2568648,Ele é campeão.,sim
2568894,Ele segue sozinho.,sim
2569505,Sou um homem decente sou trabalhador.,sim
2569850,"Ricardão está aposentado ele é gavião,.",sim
2570033,"Ela mesma fabrica o bandido,.",sim
2570131,Ele ainda anda trepado.,sim
2570964,"Essa sua mulher não é flor que se cheire, malandro.",sim
2570974,Porque ela é pior do que eu.,sim
2571631,Todo homem é perfeito.,sim
2571636,Mulher quando é fogosa é bonita de se ver.,sim
2571892,"Você mina direita, e eu safado.",sim
2572159,MULHER DAS ESTRELAS.,sim
2573283,Ele foi o herói!.,sim
2573724,O troféu de a menina mais chatinha.,sim
2575145,"Princesa é a beleza desse amor, que faz meu corpo te amar.",sim
2575463,Neném tá fominha.,sim
2576159,"Enfiaram o cacete, deixaram ele nu!.",sim
2576673,ele foi doloroso e cruel.,sim
2576840,Se ele é delator.,sim
2576841,Ele não é malandro.,sim
2577078,Olha aqui o federal onde chega ele é bem chegado.,sim
2577173,somente ele estava são e salvo porque na igreja ele é bom pastor.,sim
2577264,Ele é filho de preta.,sim
2577570,"Ele não é preto, é bem branco.",sim
2577651,Porque elas são madeira.,sim
2577735,Ela é rainha da beleza.,sim
2577836,Ela é tão bonitinha.,sim
2577856,Ela é toda amarrada.,sim
2577857,Ela é cheia de nó.,sim
2581470,A mulher mais feliz desse mundo.,sim
2581540,Olha que garoto estudioso responsável demais.,sim
2581548,"Ele foi carpinteiro, e também jornaleiro (E na.",sim
2581805,Ela é minha marrom e a sua também.,sim
2581810,"Cantando sufoco, garoto maroto.",sim
2582459,Mas que mulher indigesta!(Indigesta!).,sim
2582467,Ela é mais indigesta do que prato.,sim
2582469,Essa mulher é ladina.,sim
2582612,Nunca vi mulher tão atraente.,sim
2583235,"Oyá, Oyá, ela é dona do mundo.",sim
2583239,"(Oyá, Oyá, ela é dona do mundo).",sim
2583721,"Beth foi nobre e soltou todo mundo, cheia de moral.",sim
2583894,"ele é rei, coroado pela gente...",sim
2583921,Ele é rei de.,sim
2584404,Sou um homem decente.,sim
2584977,"Doutor, este homem é inocente,.",sim
2585302,Mas ele era chamado: o gente fina.,sim
2585322,Mas agora ele é chamado de maluco.,sim
2585394,Só porque grampeei um rapaz boa pinta.,sim
2585868,"E, certo de ser um homem feliz.",sim
2586270,Hoje eu vou casar de qualquer jeito só mulher bonita.,sim
2586273,ela é muito linda ela é verdadeira.,sim
2586274,"essa mina é loka, passa geral.",sim
2586278,essa mina é loka passa geral.,sim
2586288,"tem mulher bonita, hoje eu casar.",sim
2586907,"Que garota tímida, ela é santinha.",sim
2587193,Ela é sua amiga e veio só cumprimentar.,sim
2587302,"Ore,moça bonita não chore.",sim
2588383,Vem menina linda minha cinderela.,sim
2588568,"Essa menina é bonita, é gostosa de mais eu parei foi na dela.",sim
2589180,"Ela já foi solteira, já foi casada, já foi patricinha.",sim
2589181,"Essa mulher é freteêra, essa mulher é gamada na minha.",sim
2589184,"Ela sabe que eu sou é gostoso, essa mulher é parada na.",sim
2589190,"Ela já foi casada, já foi solteira, já foi patricinha.",sim
2589191,"Essa mulher é freteêra, essa mulher é parada na minha.",sim
2589194,"Ela sabe que ele é gostoso mais ela é parada na minha,.",sim
2589351,"brother tá feliz, estas negativo assim por favor sai.",sim
2589979,Ele é parceiro é amigo.,sim
2589982,Ele é igual a todo mundo.,sim
2589987,Ele não é bandido.,sim
2590001,Ele não é dono da verdade.,sim
2591117,És a musa brasileira.,sim
2591224,"Ele é meu andor, minha fé.",sim
2591467,"Que não é sonho meu, pois ela é real.",sim
2591491,Sonha nossa terna mãe baiana.,sim
2592350,Ela é ruim de sair.,sim
2592353,Ela é pedra no sapato.,sim
2592357,Ela é coisa do além.,sim
2593112,"Doutor, este homem é inocente.",sim
2593797,"Mulher gorda, burra e feia,.",sim
2593978,Só quero garota nova não conheço meu lugar.,sim
2594093,Mulher feia e um homem disposto.,sim
2594132,Disse que ele foi escravo mas não se entregou à escravidão.,sim
2594147,ELE É O CAMINHO DA GLÓRIA.,sim
2595318,Ele é fogo na lenha.,sim
2595535,"Ê ê tem moça bonita querendo casar, na zueira.",sim
2596017,um homem vencedor.,sim
2597143,E ela ainda é uma princesa.,sim
2599864,Essa menina cheia de encantos que chegou por aqui.,sim
2600420,"Ela é uma pancada na canela, uma espinha na garganta, ela é carne de pescoço.",sim
2600434,"Ela é uma pancada na canela, uma espinha na garganta.",sim
2600435,ela é carne de pescoço.,sim
2600834,Homem é homem e boi é boi.,sim
2602499,e o moço esperto gritava.,sim
2602613,porque ela é a cultura do povo.,sim
2603505,E ele ainda bate forte por você.,sim
2603920,"Jane, deixa eu ser seu homem aranha.",sim
2605084,"sou homem maduro mas na sua frente,.",sim
2605287,A garota mais bonita.,sim
2605291,Deixe eu ficar do seu lado menina faceira.,sim
2605588,[Refrão]E...Na comunidade ele é considerado.,sim
2606252,E ela fica mais dengosa quando sente esse poder.,sim
2606944,"Ela não é mole, não.",sim
2608070,"Oba, que mulher boa, acho que é da favela, pois ela tem samba no pé (2x).",sim
2608548,Ela é negra do cabelo loiro.,sim
2608549,Ela é branca do cabelo black.,sim
2608550,Se ela é índia ela pode usar dread.,sim
2610543,Deus homens ingratos.,sim
2610729,"O melado escorreu, juntou gente, e aí no meio as mulheres nervosas ""ai, meu.",sim
2610799,e da menina mais bonita.,sim
2611026,E a moça tão bonita à sombra se deitou no guarda-sol multicor.,sim
2612293,Kiki mulher sensacional.,sim
2612359,Lampião era poeta.,sim
2612482,nunca foi homem valente.,sim
2614052,E o senhor é meu pastor.,sim
2614646,Mas o homem bom que tem o cântico não cessa.,sim
2614667,Mas um homem sábio não age na emoção.,sim
2614954,Quando eu saio na rua eu deixo as menina louca.,sim
2615270,Ele é brabo de lá tcheca.,sim
2615282,"Beija, beija, beija ai que novinho maluco.",sim
2615643,Essa mina é braba.,sim
2615663,Porque ela é top e não pode parar.,sim
2615698,porque ela é top e não pode parar..,sim
2615747,"esculacha, essa menina é treinada.",sim
2616593,Piranhao é moleque piranha.,sim
2616613,Piranhao é muleque piranha.,sim
2616788,Elas ficam loucas e o baile fica maluco (vai).,sim
2617145,Leandro é ator.,sim
2617309,"essa mina é bombada, olha só mais que pernão.",sim
2617423,Esse é desacreditado e ele ramelão.,sim
2617638,As mina aqui presente vão quica e vão senta.,sim
2617868,Essa mina é garota atrevida.,sim
2617872,Ela é foda com seu rebolado.,sim
2617902,"Ta pensando que eu vou aturar,um marido galinha?.",sim
2617903,"Vai tomar no c*,vou criar a minha filha sozinha.",sim
2618053,As meninas solteiras dançando pros mais mais.,sim
2618073,Um dia ele chegou tão diferente do seu jeito de sempre chegar..,sim
2618355,É um homem perfeito.,sim
2618525,As meninas estão loucas.,sim
2618556,Vai procurar mulher bandida..,sim
2618647,Procurei não encontrei só tinha homem galinha.,sim
2619170,Do homem chileno e do homem brasileiro.,sim
2620264,"Porque a poesia foi para mim uma mulher cruel em cujos braços me abandonei sem remissão, sem sequer pedir perdão a todas as mulheres que por ela abandonei..",sim
2622262,Loucura do louco homem louco ice redbull com tudo.,sim
2623501,Garota impossivél do sorriso incrível.,sim
2623778,"Moleque é zika, é treta..",sim
2623865,Vem garota linda.,sim
2624125,Ó o naipe do mano que tá no piloto e fala que ele é foda.,sim
2624146,Aí se o homem é prostituto.,sim
2624148,Mas a mulher prostituta.,sim
2624150,ela é atriz de filme pornô.,sim
2624412,Will é puro se andar na linha ganha condição.,sim
2624510,"Mulher é igual cachaça, toda esquina acha.",sim
2624533,"Altas minas gatas, corpo de modelo.",sim
2624602,Nós pensa que ela é toda gostosa.,sim
2624771,Ela tá descontrolada.,sim
2625132,ganha 10mil ele é o cara..,sim
2625387,"Essa mina é muito loca,.",sim
2625571,"Nando, Clodo é aliado.",sim
2625704,"Eu penso que ela é toda gostosa,.",sim
2626061,Ela é muito mais bonita.,sim
2626113,Meu namorado é maior otário.,sim
2626127,"Ai caralho, que mina maluca.",sim
2626131,"Novinho interesseiro, eu vou te deixar forte.",sim
2626416,Essa garota é chapada e ta euforica.,sim
2626655,"Hoje é baile de favela, ela já tá doidona.",sim
2626660,Até mulher casada tá perdendo a linha.,sim
2626664,Ela quica no.,sim
2626718,"Levar, essa menina faceira,.",sim
2626719,"Garota namoradeira,.",sim
2626727,"Ela é sapeca, yá, yá...",sim
2626732,"Ela é sapeca yá, yá...",sim
2626751,"E vou levar, essa menina faceira,.",sim
2626775,Que é só menino bom.,sim
2626820,Essa menina é cheia de marra.,sim
2626823,Essa mulher é uma danada.,sim
2626827,Ela é muito novinha.,sim
2626840,Ela é funkeira.,sim
2626959,Sou mulher destemida.,sim
2627009,Os meninos são treinado e vão ganhar seu coração.,sim
2627083,"Uma menina linda, toda delicada.",sim
2627085,"Sei que ela é difícil, mas não é impossível.",sim
2627134,Essas mina é foda.,sim
2627167,Essas mina é foda mané!.,sim
2627408,Não tá nem ai se você é homem casado.,sim
2627471,"Ela é muito braba,ela é muito braba..",sim
2628259,Oxum era rainha.,sim
2628576,"Que o homem molesta – que o homem não presta, não presta, meu.",sim
2628623,"Dos meninos velhos, dos homens humilhados – sede enfim.",sim
2629349,"Que o homem molesta — que o homem não presta, não presta, meu.",sim
2629396,"Dos meninos velhos, dos homens humilhados — sede enfim.",sim
2630660,Ela é burguesinha eu sou pobre loco.,sim
2630698,Garota envolvente.,sim
2630907,"Lembro como se fosse agora, um menino pequeno,.",sim
2631480,"Nois é quebrada, nois é zul, norte e oeste, kelvinho e daleste,.",sim
2631770,ele é suficiente.,sim
2632333,"Daleste: Ahh mano tô daquele jeito né mano,aqui dentro nem pude da o último adeus pra minha filha tá ligado pra.",sim
2632543,Que mina maluca.,sim
2632689,"Ela é mala, ela é.",sim
2633641,Essa menina cheia de amigos.,sim
2633763,"Chavinho guerreiro bolado, colado é nois tá ligado.",sim
2634047,"nois malha, nois dança, nois é sensual.",sim
2634052,ele quase ficando doido.,sim
2634137,Todas meninas top do momento.,sim
2634180,Meninas solteiras o baile é de vocês.,sim
2634433,"Ela quebra, ela quica, ela desce até o chão.",sim
2634454,Que garota louca crazy.,sim
2634605,Ela é piriguete mas tem a postura.,sim
2634660,"Os garoto são foda, as mina são zika (2x).",sim
2635042,Mas ela ja sabe que ela é top instiga..,sim
2635053,"Sou mulek envolvente ,canto funk conciente ,sou menino adolescente da cidade , de tiradentes ,da cidade de tiradentes..",sim
2635114,Os menino bom.,sim
2635588,"Essa mina é uma loucura, sabe porque?.",sim
2635907,repletos de homens vazios.,sim
2636392,"Sim, seria extremamente preferível se mantivesse ela reclusa em andar térreo e intramuros num ambiente azul de paz e música..",sim
2636883,"Cegai os olhos da mulher morena,.",sim
2636884,"Que os olhos da mulher morena estão me envolvendo,.",sim
2636887,"Cortai os lábios da mulher morena,.",sim
2636892,"Cortai os peitos da mulher morena,.",sim
2636893,Que os peitos da mulher morena sufocam meu sono.,sim
2636897,"Salva-me dos braços da mulher morena,.",sim
2636902,Compra o meu corpo da mulher morena.,sim
2636906,Reza pra ir embora a mulher morena.,sim
2636909,Que a mulher morena está encurvando meus ombros.,sim
2636913,Daí morte cruel a mulher morena.,sim
2637276,"Sorrirá: — Rei morto, rei posto....",sim
2638819,Elas ficam loucas.,sim
2639238,Ela tá tarada.,sim
2639510,Ela rebola eu fico louco ela mexe bem gostoso a danada.,sim
2639525,"Ela é uma delícia, sensualiza quando senta.",sim
2639583,Cola com os menino bom.,sim
2639774,"O Dedé tá maluco, o.",sim
2639775,Dedé tá maluco.,sim
2641430,Cristo foi ressuscitado.,sim
2642042,"Que mina sinistra, que mina sapeca.",sim
2642140,pode ter certeza que esses menino é foda.,sim
2642265,"Essa mulher é maravilhosa, é bonita.",sim
2642470,Ela é tinhosa e gulosa dá de frente de costas de olho grande pede mais bitoca.,sim
2642471,Melhor que isso só dois disso antes de sentar rolou aquele buchicho ela é tinhosa e manhosa.,sim
2642503,Ela é minha metade.,sim
2643008,Mulher esperta é assim.,sim
2643118,Tenho uma amiga que ela é muito estranha.,sim
2643120,Tenho outra amiga ela é muito engraçadinha.,sim
2643122,Eu tenho um amigo que ele é muito engraçado.,sim
2643188,"Beyonce é apertada então me trata com carinho,.",sim
2643383,Sai da frente que ela é fita.,sim
2643476,Pode avisar ela que ela tá acabada 2x.,sim
2644569,"Sei que ele é vagabundo, depois que tem o que quer.",sim
2644956,Essa mulher é maravilhosa e ta me dando bola.,sim
2645033,Mas ele foi grosso e te fez sofrer demais.,sim
2645063,Ela veio louca pra abalar meu coração.,sim
2645179,E que fiz ela infeliz.,sim
2645226,Ela é empolgante ela sabe fascinar.,sim
2645228,Se tomar umas beritas ela fica doidinha.,sim
2645265,Ela é doce ela é pura ela é uma tentação.,sim
2645277,Ai que coisa louca essa mina é top sim.,sim
2645355,"Ela é loka, loka muito loka.",sim
2645362,Ela é loka.,sim
2645363,Ela é muito loka.,sim
2645453,Essa mina já tá crazy.,sim
2645460,Ela já tá louquinha e tá descendo até o chão.,sim
2645808,"Mulher bonita, praia, samba e futebol.",sim
2645860,Toda saliente menina envolvente.,sim
2646269,Dedinho na boca ela tá louca e joga o cabelo.,sim
2646272,Essa mulher maravilhosa quer me provocar.,sim
2646276,Pra confirmar que ela é garota tentação!,sim
2646380,Ela é tão linda seu corpo me atrai.,sim
2646562,E todo mundo tá de olho ela é fenomenal.,sim
2646585,Esta garota é bagunceira.,sim
2646760,Garota estudiosa menina boa de vida.,sim
2646820,Olha que menina louca.,sim
2647439,por que ela é terrível.,sim
2647505,Mas em casa ela é diferente a novinha quer pagar de.,sim
2647510,caia ela é piriguete.,sim
2647653,ELA É GAROTA DE ESTILO.,sim
2647668,Ela é garota de estilo.,sim
2647747,Ela fica louca ao som do tamborzão.,sim
2647751,Ela é made in.,sim
2648228,Chama as meninas deixa elas loucas.,sim
2648235,Elas já fica louca pra ser mulher do patrão.,sim
2648289,Se sua garota é santinha manda ela ir rezar.,sim
2648307,Se sua garota é santinha bota ela no altar.,sim
2648831,E que rapaz pobre não tem coração..,sim
2648856,E que rapaz pobre não tem coração.,sim
2649173,"Ela é negra, negra, negra, como a noite.",sim
2649177,"Ela é quente, quente, quente, como um dia de verão.",sim
2649793,Ele é mesmo bom de samba e de bola.,sim
2649959,Sei que ele está faminto.,sim
2651082,Sou o homem certo (e você bem sabe).,sim
2651180,Mulher bonita a gente sempre vê no jornal.,sim
2652433,"Se ele é preto, branco ou amarelo.",sim
2653627,Como mulher fatal.,sim
2654221,Odoratas com defeitos e homens perfeitos.,sim
2654233,Barracudas deprimentes e homens inteligentes.,sim
2654574,E com fé aprendi mãe querida.,sim
2654670,Vou pro quarto e eis que em minha cama ela sorri tão bela.,sim
2654975,Eu sou um moço velho.,sim
2655404,Uma mulher pensativa andando na solidão.,sim
2656630,"Ela é uma mulher, que sabe o que quer, e no amor acredita.",sim
2656634,Se ela vive feliz ou espera de novo encontrar outro alguém.,sim
2656637,"Retoca a maquiagem, cheia de coragem, essa mulher bonita.",sim
2656669,Sei que garota igual a você na lua não tem.,sim
2656709,Quando uma mulher pequena.,sim
2656731,Coisa de mulher gostosa.,sim
2656736,Coisa de mulher pequena.,sim
2656740,Por você mulher pequena.,sim
2656880,De um rapaz novo e encantado.,sim
2659236,mas dizem que nem toda mulher é santa.,sim
2659239,Nas mulheres santas que amei....,sim
2659244,A mulher é uma santa nuclear.,sim
2659283,O seu homem mulher.,sim
2659297,Sou seu homem mulher.,sim
2659481,Só porque ele é casado.,sim
2659482,E porque ele é casado.,sim
2659747,E homens perfeitos.,sim
2659767,E homens inteligentes.,sim
2659910,Quando a mulher ciente da beleza.,sim
2660286,E faz garota desmaiar.,sim
2660436,"Nesse dia, porém, o homem mau tremeu.",sim
2660448,Essa é a história de um homem mau !.,sim
2664240,De tudo ele é capaz pra não sofrer jamais a dor da despedida.,sim
2664856,ela é uma mulher e precisa ser amada.,sim
2664862,ela é uma mulher precisa ser amada.,sim
2664899,E o povo gritando que ele era o maioral..,sim
2664924,Falta pouco para ele ser o maioral.,sim
2664991,Ele estava apaixonado.,sim
2666253,"Uma garota linda, como eu sempre sonhei.",sim
2666567,"Que ele é tão maravilhoso, por que.",sim
2666774,"Meu afeto, meu amor, fizeram de você uma mulher feliz.",sim
2666996,Ele é o caminho que leva ao.,sim
2667271,Ela é igualzinha ao meu grande amor.,sim
2669215,Quando ele é bom pra dois.,sim
2671868,"""Senhor juíz, eu sei que o senhor é bonzinho.",sim
2671917,Ela foi encantada.,sim
2672951,Ele é meu amor ele é tudo para mim.,sim
2673373,"Com ele sou feliz,.",sim
2674397,E no trem que eu viajei conheci um moço triste que a.,sim
2674688,Se ele é sincero eu não sei.,sim
2674691,Se ele é estudante eu não sei.,sim
2674692,Se ele é flamengo eu não sewi.,sim
2674693,Se ele é poeta eu não sei.,sim
2674704,Se ele é baiano eu não sei.,sim
2674717,"Ele é o meu amor, e meu amor por ele é forte.",sim
2675484,Se ele é feliz.,sim
2675888,O rei momo é sempre gordo.,sim
2676258,A ganância do homem branco.,sim
2676262,Na cidade do homem branco.,sim
2676274,"Mulheres tagarelas,.",sim
2676289,Nem mesmo o homem branco.,sim
2676852,Ela agora está sozinha.,sim
2677949,"Marias, moças sombrias.",sim
2678504,Vai refazer sua cerviz ele é fiel.,sim
2678620,"Pegue esta estrada, ele é o caminho.",sim
2678980,Deixando a roda moça menina.,sim
2679081,"Vem cá menina triste, vem, vem me contar.",sim
2679323,Um menino normal que vivia muito bem.,sim
2679331,O menino normal que vivia muito tem.,sim
2679349,O menino normal está vivendo muito melhor.,sim
2679444,"Ele não é um astronauta, não.",sim
2679833,mas um homem bem comum.,sim
2680718,"Nesse dia, sei que então, cada homem é um irmão.",sim
2680776,ganha a menina mais linda do reino.,sim
2680830,Pois ele é bobo é bobo demais.,sim
2681843,"Por um rapaz rico e famoso, famoso.",sim
2682262,ouvidos e ele veio então muito zangado.,sim
2682301,Mas no fundo eu sei que ele tem bom coração.,sim
2683867,Com ar de moço bom.,sim
2685097,Menina feia que mora.,sim
2685101,"menina feia,.",sim
2685108,menina feia um dia.,sim
2685113,menina feia.,sim
2685302,Menina linda eu lhe adoro.,sim
2685980,"Gostou de mim e percebe, emfim, que ele fora um homem mau.",sim
2688875,Você canta pra menino triste.,sim
2689600,Veja como ele é bonitinho..,sim
2690384,"Virgem, menina morena,.",sim
2690577,"Ela é minha vida, Ela é o meu amor.",sim
2691122,Mas ela é tão linda.,sim
2691123,"Mas ela é tão linda, ah ah, ah ah.",sim
2691132,Mas ela é tão linda...,sim
2691142,Que só ela é dona do meu coração.,sim
2691305,"Ele fica contente, e sai do centro de sua casa.",sim
2691540,Uma mulher perigosa.,sim
2691984,Pois ele sozinho.,sim
2693094,Um homem pobre vira.,sim
2693172,"Ele é tenaz, não tem paz.",sim
2693388,As moças mineiras tem riso nos olhos.,sim
2694722,Quebrar as vidraças para ele era normal.,sim
2694775,"Menina linda eu lhe adoro, ah,.",sim
2694776,"Menina pura como a flor, oh, oh, oh,.",sim
2697024,Sou homem maduro mais na sua frente.,sim
2697245,Minha musa louca.,sim
2697739,"Que só ela é a dona do meu coração, coração.",sim
2698503,Quando ele é feliz.,sim
2700253,Só mulheres sensuais.,sim
2700284,Ela vem dançando louca.,sim
2700670,"Que mulher gostosa, ela é do bonde do bumbum.",sim
2700925,Mulher não é bagunça.,sim
2700971,ele diz que ela é larguinha.,sim
2701962,Mulher briguenta e ciumenta igual a você.,sim
2702642,"No teu colo, mãe serena.",sim
2703157,Nêgo era moço.,sim
2705090,Ela era rainha da beleza.,sim
2705345,Sou menino passarinho.,sim
2705667,"Ah, eu tenho o marido pobre.",sim
2707600,Dessas mulheres gentis.,sim
2707858,"Mas, cuidado amigo ela é bonita.",sim
2707859,Ela é mulher.,sim
2707932,"É ela, moça branca da favela.",sim
2708183,E um homem velho se acercou.,sim
2708838,Minha mãe é mais bonita.,sim
2708984,Senhor bom.,sim
2709318,Ô que garota boa.,sim
2709385,"Ela é a dona de tudo,.",sim
2709386,"Ela é a rainha do lar,.",sim
2709389,"Ela é a palavra mais linda,.",sim
2709901,Ela é feita de aroeira.,sim
2710226,Ela é canção que faz feliz.,sim
2710250,Ela é a razão e é motivo.,sim
2710253,Ela é a flor e o espinho.,sim
2710254,Ela é a pedra e o caminho.,sim
2710599,"Bendita és, porque hoje eu sou o homem mais feliz.",sim
2711903,Viver sem ela é tão triste.,sim
2712323,Ela era toda feita de carinho.,sim
2712324,Ela era a inconsciência do pecado.,sim
2712476,Tu sabes bem que ela era minha vida.,sim
2713417,Minha princesa real.,sim
2713930,Passou-se o tempo e aquele moço jovem.,sim
2713945,Pois este homem é meu paizinho adorado.,sim
2714245,Mas ela é comprometida.,sim
2714414,Na santa fé religiosa à ninguém ela foi infiel.,sim
2714457,Ela era tão arisca.,sim
2714584,Minha mãe é lavadeira.,sim
2714587,Ela é muito pobrezinha.,sim
2714898,"Titio é mineiro, titia é baiana.",sim
2715201,São moças bonitas merecem coroa.,sim
2715203,Dama brasileira.,sim
2715310,Nos braços de moça rica eu sempre fui o galã.,sim
2717984,Ela é feliz.,sim
2718624,Garota bonita que anda a procura da felicidade.,sim
2718627,Garota bonita muito cuidado com o seu coração.,sim
2718866,Onde sou o rei vagabundo.,sim
2719245,Pobre mulher indefesa deitava de luz acesa.,sim
2719451,Aquele homem ateu.,sim
2719483,Ele era competente.,sim
2719485,Que ele era delinquente.,sim
2719489,Margarida moça rica.,sim
2719553,A sua esposa está sozinha em seu lar.,sim
2719619,Certo dia o marido muito bem intencionado.,sim
2719671,Nunca vi mulher baixinha.,sim
2720047,Pra ser filho de uma mãe tão boa.,sim
2720242,Que o senhor foi eleito.,sim
2720278,Que menina ingrata que me faz sofrer.,sim
2720355,Deixei a esposa mais independente.,sim
2720380,Vi um menino boiadeiro e conheci certos sinais.,sim
2720444,"Para levar meu afeto à você, mãe brasileira"".",sim
2720517,A moça ficou doente do grande susto levado.,sim
2720689,Pobre mulher indefesa.,sim
2720920,Isso em mulher é comum.,sim
2721386,Contigo eu sou um homem completo.,sim
2721423,Marta vão teus olhos divinos.,sim
2721610,Porque margarida é bela.,sim
2721612,Margarida é tão sincera.,sim
2721991,Ele é um homem.,sim
2722539,Do cavalheiro espanhol.,sim
2723616,Maria era esperta..,sim
2723962,És a mulher mais ingrata.,sim
2724305,Oh senhora viúva.,sim
2724877,Minha mãe era viúva.,sim
2724994,Com ele foi sepultado seu amigo violão.,sim
2725544,A moça inocente leu.,sim
2725660,A uma mulher muito trabalhadeira.,sim
2725842,Mas existe uma inocente que é nossa filha legitima.,sim
2725843,Ela não deve ser vitima da nossa desunião..,sim
2725881,Sem saber que daquela união ele foi culpado inocente.,sim
2726011,Essa mulher é uma coisa mandada.,sim
2728169,"Menina moça, coração à palpitar.",sim
2728697,Minha musa inspiradora.,sim
2729522,"Que esta mulher é vulgar,.",sim
2729767,"Como deusa, ela surgia divinal.",sim
2729849,"Mulher estranha,.",sim
2729920,Na minha imaginação / Uma mulher diferente.,sim
2729924,Essa mulher fantasia / Dei-lhe a voz de.,sim
2730130,"Ela hoje é diferente, da santa que eu vi rezar..",sim
2730252,"Ela é uma estrela,.",sim
2731301,Uma menina ceguinha que uma esmola pedia.,sim
2731331,Mas de quem ele tanto amava ele foi abandonado.,sim
2731391,"Minha mulher é bonita, eu sou amado por ela.",sim
2731392,Ela é dona da beleza e eu sou o dono dela..,sim
2731400,Logo chegou uma garota delicada.,sim
2731519,"Oi menina bonita, oi, não me trate assim.",sim
2731536,Ele disse pra esposa querida.,sim
2731706,"Uma mulher pobrezinha vivia no povoado,.",sim
2732053,De um menino muito humilde e pobrezinho.,sim
2732323,Ouça mulher querida.,sim
2732332,E é a mulher mais bonita que existe.,sim
2732335,Se alguém conhecesse a mulher bonita.,sim
2732340,Era pra ele a mulher mais linda.,sim
2732348,Ela é a mulher mais bonita do mundo.,sim
2732383,Ela é uma boneca.,sim
2732390,Se eu ganhar essa garota sou feliz como ninguém.,sim
2732402,"A garota é fascinante, é mesmo uma tentação.",sim
2733732,"Mulheres bem vestidas, alegravam o visual,.",sim
2733844,E ela é nobre.,sim
2735061,Mas o homem criminoso e pecador.,sim
2737882,"Ai, mulher estrela a refulgir.",sim
2738344,"Eu sou plebeu,ela é nobre.",sim
2738820,"E o homem forte,.",sim
2738847,Se ela é uma jóia bem feita.,sim
2740640,"Se ela é falsa, deixa a tristeza comigo.",sim
2742033,Porque hoje sou um homem mais feliz.,sim
2743046,Mulher casada.,sim
2743053,Homem casado sozinho.,sim
2743432,Sinhá moça chorá.,sim
2743657,E ele vaga solitário nas calçadas.,sim
2743847,Caim era lavrador tinha o coração cruel.,sim
2744051,Eles dizem moça prosa.,sim
2744360,Mora uma moça bonita.,sim
2744708,Sei que ela é brasileirinha.,sim
2744710,Moça pobre mas tem linha.,sim
2744712,Ela ser minha rainha.,sim
2744766,Mulher séria não enxerga.,sim
2746305,Por que ele vive assim tão triste a suspirar...a palpitar...desesperação.,sim
2747315,O rapaz é meu amigo.,sim
2747607,ela também estava perdida.,sim
2748134,Ela é santa e eu pecador.,sim
2749362,Quando ela está sozinha.,sim
2749991,E ela sendo mulher acreditou.,sim
2750985,Ela era linda um primor de amor.,sim
2752318,Ela é boa mas é minha.,sim
2752321,Eu já sei que ela é boa.,sim
2752327,Você disse que ela é boa.,sim
2752359,"O homem é produto,.",sim
2752449,Que ela é minha patroa.,sim
2752538,"Quando um homem está perdido,.",sim
2752592,Todas meninas são colombinas.,sim
2752802,Que ela fosse má assim.,sim
2753208,Na roleta ele é um pente fino.,sim
2753399,"Rapaz casado com dez filhos, sem tostão,.",sim
2753588,Com as qualidades de moça formosa.,sim
2754681,E ele fica impertinente.,sim
2755495,"Senhor delegado,.",sim
2755505,"Uma mulher doente,.",sim
2755726,Por te querer se torna o homem passional.,sim
2755897,E em casa a filha assim pequena.,sim
2756217,E ela mimosa.,sim
2756492,Uma mulher volúvel infernal.,sim
2756539,"Nas garras de um vizinho, de um homem bestial!.",sim
2757126,cujas glórias hão de colher os homens grandes.,sim
2757442,Se ele é fraco de idéia.,sim
2757532,Que mulher engraçada e adorada.,sim
2757784,Mulher igual para a gente é uma beleza.,sim
2758162,Reparei que ela era uma mulher.,sim
2758417,Boneca de louça é menina moça.,sim
2759541,Onde a cor das mulheres morenas.,sim
2759982,Ela tava tão bonita.,sim
2760285,"""Muito em breve, mãe querida,.",sim
2760385,Mas não quer saber de fita nem com mulher bonita..,sim
2760661,Essa moça era querida.,sim
2760859,Foge das meninas boas.,sim
2761662,de moças bonitas.,sim
2762425,"de que por ti, garota linda, fui amado.",sim
2762669,Mulher mimosa flor.,sim
2762894,Onde as mulheres são mimosas flores.,sim
2763666,"Vá dizer que ela é a razão dos meus ""ais"".",sim
2764037,Que no samba ele é rei.,sim
2764123,Eu quero uma mulher bem nua.).,sim
2764187,Se eu homem branco.,sim
2764272,Rapaz bonitinho.,sim
2764939,O Lourival sempre foi abobalhado..,sim
2766131,"No teu beijo, mulher fantasia.",sim
2766433,"Um moço rico, aventureiro.",sim
2766913,Mas que garoto tão perverso e tão malvado.,sim
2766918,Eu nunca vi um garoto tão judeu.,sim
2767827,De rapaz solteiro.,sim
2767957,Eu sou um rapaz bem-educado.,sim
2768961,"Se ela é falsa, deixa que seja comigo.",sim
2769316,"Ela é minha mania, destino, caminho, meu luar.",sim
2770436,Ela estava tão bonita.,sim
2770495,Quando ele está solitário na dor.,sim
2770603,"Para a musa sonhadora,.",sim
2770711,Sou um homem triste perdi minha paz.,sim
2771461,"Ela é a luz que ilumina meu ser, sem seu amor não sou nada.",sim
2772787,Foi só para que ela fosse feliz.,sim
2773077,Meyer é brinquedo.,sim
2774773,"Da querida normalista, e da operaria gentil,.",sim
2775038,"Ana maria, mulher mistério,.",sim
2775106,"Ela é tão rica, e eu tão pobre,.",sim
2775107,"Eu sou plebeu, e ela é nobre.",sim
2776428,Menina saculejadeira você hoje esta pra mim.,sim
2776431,"Menina saculejadeira, sacolejo com você a noite inteira.",sim
2776535,"Ó, menina bonita não dorme na cama.",sim
2776539,"Ó, menina bonita, formosa, brejeira.",sim
2776720,Garota boa vamos farrear.,sim
2776797,"Eu quero uma garota assanhadinha, com a ""carça"" apertadinha.",sim
2776812,"Twist, dança, que moço bonito.",sim
2776865,Homem velho e solteiro é piada.,sim
2777050,Surubim que é homem destemido.,sim
2777185,Que ela é muito boa.,sim
2777665,Ele bonitinho e todo pretinho.,sim
2778084,Ele ficou curado.,sim
2778367,Ele é o marido dela e ela é sua mulher.,sim
2778417,"Mulher bonita, perna grossa e corpulenta.",sim
2778420,"Mais mulher magra, perna fina é desaforo.",sim
2778460,Ele é muito conhecido na princesa do sertão.,sim
2778467,Izael foi convidado pra fazenda.,sim
2778534,Rita caxeado que mulher afoita.,sim
2778707,Mulher bonita da dor de cabeça.,sim
2778709,Por isso eu prefiro uma mulher feia.,sim
2778713,Não estou falando da mulher bonita.,sim
2778831,Muito homem valente desmaiou.,sim
2779212,Ele é o protetor do povo.,sim
2779213,Ele é o dono do lugar.,sim
2779225,É porque ele é o protetor do povo.,sim
2779372,Porque ela é mulher muito exigente.,sim
2779413,São os homens lavradores.,sim
2779568,Um homem bravo nunca deu e nunca apanhou.,sim
2779685,Essa mulher é uma loucura em minha vida.,sim
2780536,Até o homem aranha não acreditou.,sim
2780711,Casar com mulher alta não me convém.,sim
2780719,Casar com mulher gorda não me convém.,sim
2780720,"Não me convém, mulher gorda não convém.",sim
2780723,Casar com mulher magra não me convém.,sim
2780724,"Não me convém, mulher magra não convém.",sim
2780731,Casar com mulher velha não me convém.,sim
2780816,Minha menina sapeca.,sim
2781093,Ele já tá decadente e ela só tem dezesseis.,sim
2781096,Ela é muito boa e inteligente.,sim
2781200,"Ele é bonito, ele é cheiroso.",sim
2781220,Eu vi menina fêmea se expremendo.,sim
2781452,A moça tão direita.,sim
2781892,Paulo sou corintiano.,sim
2782150,"Menina bonita, meu bem.",sim
2782626,"Muito confete, mulher cheirosa.",sim
2782707,"É doloroso, seu moço, a vida da mãe solteira.",sim
2782710,"Ai, ai, ai, como sofre a mãe solteira.",sim
2782725,Pois a mãe solteira também é mulher.,sim
2782767,Ela é costureira e faz crochê.,sim
2784118,Hoje ele vive amarrado pelo meio.,sim
2784121,Ele hoje é bastante educado.,sim
2784188,Homem bom e respeitado.,sim
2784199,Eu vou comprar uma mulher inflável.,sim
2784306,Minha avó é africana.,sim
2784308,E a minha mãe baiana.,sim
2784434,Só casa com homem loiro.,sim
2784462,Ô menina linda.,sim
2784686,Ela tá muito doente.,sim
2784779,Me chamam de homem durão.,sim
2784797,Eu não sou um homem mal.,sim
2784858,Zeca é preto que só carvão e.,sim
2784859,"Zefa é preta que só quixaba,.",sim
2784918,Mulher namoradeira.,sim
2784924,Ninguém segura mulher namoradeira.,sim
2784954,Tem mulher boa do bairro de.,sim
2785618,Meu coração feito menino pequeno.,sim
2785983,Menina linda não sei viver.,sim
2785995,Um menino bagunceiro que agora busca o sossego.,sim
2786007,Sou animal menino bicho.,sim
2786014,Menino bicho acostumado.,sim
2786215,Menina moça e rapaz.,sim
2786238,Ele é parente da rumba e do mambo.,sim
2786374,"Prende mulher arruaceira,.",sim
2786621,Eu fiquei iludido pensando que ela fosse a patroa...,sim
2786674,Lá ele é doutor.,sim
2786723,"Este home é danado, ele é quente demais.",sim
2786724,No samba de roda ele é o satanás.,sim
2787195,Descobrir se ela estar feliz.,sim
2787690,As mulheres são falsas.,sim
2788128,Maria é muito cabeçuda.,sim
2788188,"Olhe seu padeiro, parece que ela é louca.",sim
2788554,Tocando pro rei leão.,sim
2788681,Não tem mãe preta pra fazer feitiço.,sim
2788749,"Até logo é ciao, rapaz é boy.",sim
2788830,Eu to achando essa menina diferente.,sim
2788905,Eu sou um homem decente.,sim
2789128,Que o homem feliz não usava camisa.,sim
2789206,Com o gabriel lenner ela linda com meu bem.,sim
2789443,"Você é minha rainha menina, minha parceira no forró.",sim
2790207,Ela é americana da.,sim
2790211,"Ela é bacana, linda pra chuchu.",sim
2790688,E quem diz que hoje ele é descartável.,sim
2790872,"Quando o homem é cachorro e galinha, aí ela trai.",sim
2790915,Que nem a sua tia chata que irritava a gente.,sim
2790983,Sou um homem novo.,sim
2791174,Com um balde de cerveja pas minas ficar maluca.,sim
2791628,Isso é que é ser um homem bom!.,sim
2791719,Ela bate mais forte que eu.,sim
2791724,Ele é bem redondinho.,sim
2791906,Triste da moça solteira.,sim
2791944,"Ele é pernambucano, do canavial.",sim
2791963,O almirante diz: ele é nacional.,sim
2792239,"Mas a moça muito viva, gritou no mesmo momento.",sim
2792509,"Essa gatinha é louca, que menina safadinha.",sim
2792517,"Essa gatinha é louca, que menina assanhadinha.",sim
2792663,"Ele é o gostosão, ele é o.",sim
2792988,Mulher só presta boa.,sim
2793014,Ele é o cara.,sim
2793022,"É serio, mais na cama ele é rei.",sim
2794074,"- Escuta, tem tanto cavalheiro bom ai na sala dançando.",sim
2794108,"Ela é babá, ela é babá de gente bacana.",sim
2794124,A menina é azarolha.,sim
2794234,Com sua esposa querida.,sim
2794395,De moça nova ter mais de dez namorados?,sim
2794968,Ele é ingrato!.,sim
2794997,Ela não tá sozinha é melhor se preparar.,sim
2795753,Querem te destruir seja firme e acredite que jesus está contigo você pode.,sim
2796278,O homem é o rei dos animais.,sim
2796688,"Quero esta loira, que ela é safadinha.",sim
2796989,"Senhor seja o centro de tudo que sou,.",sim
2797017,"Ele é fiel,.",sim
2797438,De menina boba e cedo à paixão.,sim
2797487,Ele é fiel e toda tua lágrima enxugará.,sim
2797618,Ele é mesmo protegido.,sim
2797755,Ele está presente..,sim
2798955,"para ter uma estátua na praça ""ele era tão bom"",.",sim
2799265,"Eu sou um homem sério e aventura, amor, comigo não.",sim
2799327,Cozinhou pela metade ela queria era inteira.,sim
2799932,Cachaça e mulher bonita são a minha perdição..,sim
2800604,Que ele é o tatu bala.,sim
2801436,"Jesus está contigo nesta luta, não desista.",sim
2801743,A mulher cheia de medo.,sim
2803335,E este homem era o anjo do.,sim
2803540,"Cristo reina em minha vida, Ele é senhor!.",sim
2804238,"Jesus é digno de receber."".",sim
2804791,Ele é simples demais.,sim
2804822,Agora ele está feliz.,sim
2805981,Ele é o tesouro que encontrei.,sim
2806012,"Ela é tão linda, amorosa e carinhosa,.",sim
2806735,o senhor foi fiel.,sim
2807972,Elas têm maior valor.,sim
2808188,Jesus é muito bom.,sim
2808647,"Ele é fiel, e só esperar pelo futuro..",sim
2808655,Ele é fiel é só esperar no futuro tudo novo então será..,sim
2809440,E descobrir que ela é só ilusão.,sim
2810050,Eu sou a mina certa.,sim
2810209,"A sua filha é uma menina danada,.",sim
2811291,E ele foi governador porque.,sim
2811386,Ele é restaurador de corações.,sim
2812529,Onde tiver mulher bonita eu vou correndo buscar”.,sim
2812533,Onde tiver mulher bonita eu vou correndo buscar....,sim
2812553,"Sou o homem certo pra te dar amor,.",sim
2812883,No samba ele é maneiro.,sim
2812885,Mas ele é louco por forró.,sim
2812891,Ele é todo educadinho.,sim
2812934,"Ela é toda metida, meu.",sim
2812939,Caprichosa menina mulher.,sim
2813088,Mas ele louco por forró.,sim
2813092,"Ele é todo educadinho, educado que só ele.",sim
2813097,Ele louco por forró.,sim
2813107,Ele é louco por forró.,sim
2813255,Esse homem tá muito doido quando chega sexta-feira ele.,sim
2813630,O homem rebelde longe de.,sim
2813825,"Noé era um homem justo e bom,.",sim
2813853,"Que legal, Noé um homem justo e bom.",sim
2813856,"Que legal, um homem muito especial.",sim
2814146,"Ele é adorado, Ele é o.",sim
2814152,"Ele é maravilhoso, tremendo e justo.",sim
2814165,"O seu nome é tremendo, Ele é forte.",sim
2814194,"Ele é adorado, Ele é exaltado,.",sim
2814197,"Santo, Ele é justo, Ele é.",sim
2814199,"Ele é maravilhoso, Ele é poderoso, Ele é.",sim
2814201,"Ele é justo, Ele é adorado.",sim
2814304,Pois sei que ele é fiel.,sim
2814315,"Deus é fiel, Deus é fiel.",sim
2814332,Ele é o fim.,sim
2814359,Ele é invencível nosso.,sim
2815501,"Jesus é precioso, ale, ale, aleluia..",sim
2816436,"era uma vez um rei meio biruta,quando resolvia se casar.",sim
2816446,"casou com o rei biruta e na primeira noite,.",sim
2816466,"2 anos e meio,levando o rei biruta no gogó.",sim
2816765,"Uma rainha moderna,.",sim
2817168,Ele é muito grande você vai gostar.,sim
2817177,Ele é muito grande.,sim
2817178,Ele é maravilhoso vai te transformar.,sim
2817679,Homem certo pra te dar amor.,sim
2817788,"Toda mulher é linda coisa de cinema, todo cuidado com a beleza.",sim
2817805,O que elas querem é ficar maravilhosas.,sim
2817812,"Toda mulher é linda coisa de cinema, todo cuidado com a.",sim
2817954,De menino carente.,sim
2818165,E tô achando que esse homem tá danado.,sim
2818494,"ô mulher querida amada,.",sim
2818536,"mulher querida amada,.",sim
2818738,Noé está seguro na arca.,sim
2819006,"Ele faz com que a mulher estéril dê à luz filhos!"".",sim
2819255,"[Bia]-Ah,Jesus é lindo mesmo.",sim
2819278,aquela mulher doente!.,sim
2819282,"[Bolota]-Pura verdade, até aquela mulher cheia de pecados recebeu o perdão..",sim
2819373,Jesus é amigo melhor....,sim
2819379,Jesus é amigo melhor...,sim
2819675,Pois ele é fiel e cumpre o que diz.,sim
2820136,"Princesa linda demais,.",sim
2820397,Vem ser meu homem lindo.,sim
2820471,Ele era casado com.,sim
2820730,Ele é digno...,sim
2820732,Ele é digno ).,sim
2820740,Sou um marido fulero sou caba safado.,sim
2821837,Ele é meu pai e é dele a canção.,sim
2822164,Ela é muito útil para o nosso solo.,sim
2823390,"O homem mais feliz, o seu preferido..",sim
2824065,Ele é um cocô!.,sim
2825259,E uma mulher carente a te esperar.,sim
2825449,"toda mulher é louca por uma balada,.",sim
2825630,Pensa numa menina linda.,sim
2827672,Mas tem uma menina gostosinha que eu quero.,sim
2827900,Ele anda solto por aí.,sim
2829025,Não existe homem bonito.,sim
2829660,"Mais tem mulher gordinha, tem baixinha, tem magrinha.",sim
2829710,Ela é top de luxo rainha da vaquejada.,sim
2829843,Ela é suada e gostosa.,sim
2829931,As meninas top tão toda aqui do meu lado.,sim
2830121,Mulher é nacional e a bebida é importada.,sim
2830193,Garota nacional.,sim
2832198,Genivaldo era servente de pedreiro.,sim
2832288,Ai menina linda quero um beijo.,sim
2833364,só tem mulher bonita me chamam de boyzim.,sim
2834121,Quem faz isso prova que a mulher é amada.,sim
2834181,"Eu não vou mudar, não existe homem perfeito.",sim
2834359,do cenário do forró brasileiro: GAROTA SAFADA!.,sim
2834854,"Ela é gostosa demais, a ""mina"" é um tesão.",sim
2835181,Ela fica maluca quando toca a pisadinha.,sim
2835449,"Não é a piriguete, nem a mulher rampeira.",sim
2835450,Estou falando é da mulher biscateira..,sim
2835453,Se faz de santa de menina boazinha.,sim
2835460,Tenha cuidado com a mulher biscateira..,sim
2836695,"Ele é tão louco e nunca, nunca senti.",sim
2836892,ninguém segura ela que mulher doidona.,sim
2836896,"Essa mulher é pistoleira, é pistoleira.",sim
2836897,"é pistoleira, ela é bandolera (2x).",sim
2837695,Ser o lobo mau e ela é chapeuzinho.,sim
2837938,Ela é mais experiente.,sim
2837951,Se ela já foi casada.,sim
2837953,"Ela é quente, ela é fogosa.",sim
2837957,da mulher madura..,sim
2837959,"Mulher nova é muito boa, mas a madura é melhor.",sim
2837965,"Vem pra cá mulher madura, vem pra cá mulher fogosa.",sim
2837968,mulher madura é o bicho.,sim
2837996,Deixe isso pra depois que estou liso e quebrado trabalhei a noite inteira não recebi um cruzado a garota estava lisa e o frete ficou fiado.(BIS).,sim
2837999,Já cantei mulher madura.,sim
2838000,Pitéuzinho e mulher loura.,sim
2838410,"Menina linda, inquieta e deslumbrante.",sim
2838428,Menina linda inquieta e deslumbrante ..,sim
2839941,Ela mexe gostoso ela só quer dançar quem é ela.,sim
2840754,Mulher bandida não tenho pena.,sim
2840759,Agora me livrei de você mulher bandida.,sim
2841067,mostre seu gingado mulher brasileira.,sim
2841242,"Ela é sensual, ela é poderosa.",sim
2841386,Homem mentiroso;.,sim
2841775,Eita menina dengosa que cheira igualmente rosa.,sim
2841825,Mulher bonita é que nem melancia grande.,sim
2841827,Cabra de sorte é quem casa com mulher feia.,sim
2842008,Que eu era homem casado.,sim
2842406,Com uma mulher muito bela.,sim
2842663,"Mulher boa quando passa, os zói logo estica.",sim
2842670,"Mulher nova e bonequeira, qualquer uma satisfaz.",sim
2842682,Nosso rei salvador.,sim
2843029,Se quer uma mulher perfeita.,sim
2843107,"Todo homem é galinha, mas só quero o seu amor.",sim
2843534,Sei que ele é seu namorado mais o que é que vou fazer?.,sim
2843986,Tem uma mulher gostosa.,sim
2844055,Se ela não for boa vai ficar a toa e ainda vai te perder..,sim
2844094,Na sua casa todos pensam que ela é normal....,sim
2844955,"Naamã era muito teimoso bichinho, mais fica.",sim
2844983,Naamã foi obediente.,sim
2847627,Bem justiceira mãe majestosa.,sim
2848517,É a garota suburbana.,sim
2849190,Ele anda sempre atento.,sim
2849201,Ele é amigo mais caladão.,sim
2849307,Pablo estou sempre atento.,sim
2849490,ele é meu arlequim..,sim
2849627,Ele é flamengo e faz muito bem.,sim
2850001,Ele é implicante.,sim
2850002,Ele é um gigante.,sim
2850008,Aposto que ele é bobo.,sim
2850084,Porque ela é muito mais natural.,sim
2850227,O menino ficou tão feliz com o presente.,sim
2850329,O menino não era bobo não.,sim
2850477,Menina moça que deixou tonto.,sim
2851659,Argentina no tango ela é verdadeira/.,sim
2852671,Ele é verde-abacate-limão.,sim
2852690,Ele é verde e seu cabelo também.,sim
2852704,Ele é verde e tem o pé grandão.,sim
2852711,"Ele é verde, verde sim.",sim
2852998,Eu sei que ele não é real.,sim
2854487,Menino engraçado esse....,sim
2854860,O menino ficou contentíssimo; subiu com a viola numa árvore e pôs-se a cantar:.,sim
2856434,E de princesa posso ser rainha.,sim
2856806,Ele é lindo                            .,sim
2856827,Porque ele é meu sonho real.,sim
2857147,"Ele é meu herói, príncipe encantado.",sim
2857148,"Ele é meu cowboy, meu namorado.",sim
2857167,Ela é a inspiração de qualquer cantor.,sim
2857341,"Elas são alegres, são demais.",sim
2857346,No fundo todas elas são iguais.,sim
2857350,Elas são a graça desse país.,sim
2857363,A Patrícia é divertida.,sim
2857461,Musa sou tua musa.,sim
2857723,"Meu herói, ele é cupido.",sim
2858113,Eu sei que ele é um tipo.,sim
2859243,"Ela é bem sinistra, mas eu não me assustei.",sim
2859263,"Inteligente (mente aberta, ela é tão esperta).",sim
2859510,Será ele capaz de um verdadeiro amor?.,sim
2859532,E ela é invisível.,sim
2859705,ela é uma estrela que sabe brilhar.,sim
2859838,Zé gaguinho é menino estudioso.,sim
2859839,Na ciência ele é sabido.,sim
2859841,"Tudo ele sabe, na turminha ele é o bom.",sim
2859934,Mexe com a menina quieta.,sim
2859987,Mas um dia um homem mau.,sim
2860127,Do menino azul.,sim
2860140,O menino azul.,sim
2860876,A minha mãe é uma flor.,sim
2860897,O menino foi gigante.,sim
2861539,Ele era um anjo vagabundo.,sim
2863506,"Ela não é incrível ,ela é sensacional, eu nunca vi.",sim
2863507,garota igual.,sim
2864020,Ela é uma princesa de verdade.,sim
2864023,Ela é encantadora quando fala.,sim
2864027,Ela é deslumbrante.,sim
2864028,Ela é encantadora.,sim
2864039,"Ela é uma princesa real (Yeah, yeah).",sim
2864047,Ela é uma princesa real (E um vestido chamativo).,sim
2864051,Blair (Ela é encantadora quando fala).,sim
2864121,Ela é uma princesa(elegância tem também!).,sim
2864498,Nick: Mas ela é a rainha ela tem uma coroa.,sim
2864709,"Ele é amigo,.",sim
2864786,Ele é companheiro e a todo instante os meus olhos guarda bem.,sim
2865455,Querida preciosa.,sim
2865882,Ele foi tão querido quando me encontrou.,sim
2865902,Eles são o par ideal.,sim
2866934,Porque elas ficam mais lindas.,sim
2866938,"Sou uma dama atraente,.",sim
2867220,Um menino é tão direito.,sim
2868029,Ela nunca está contente.,sim
2868202,"Ele era grande, gordo, marrom, pescoço preto.",sim
2868287,Morgana é anagrom!.,sim
2870366,Ele é genial.,sim
2870367,Ele é meu amigo querido.,sim
2871577,que ele é preguiçoso e não planta nada.,sim
2871918,É filho de mãe solteira.,sim
2872022,Que ele é preguiçoso.,sim
2872199,É como a mulher mais querida.,sim
2872615,"Se ela é franca, mas é pouca.",sim
2879652,Menina bonita com céu azul.,sim
2879654,"Menina bonita, você é demais.",sim
2880470,Não tenha medo meu menino povo.,sim
2883217,"Princesa, olhos d’água, menina linda.",sim
2884071,Senhor é comigo.,sim
2885448,Tem mulher maluca que atura pancada.,sim
2886219,Abandono a mulher virgem no altar.,sim
2886330,ele é um fracasso.,sim
2886685,Ela é pura e pequenina.,sim
2886872,porque ele é feito somente de paz e de amor.,sim
2888244,Ele é o fim e até o fim.,sim
2888259,"Ele é tolo, mas um tolo.",sim
2890570,Os rapazes ficam ricos.,sim
2893168,Ele é um barato e é da pesada.,sim
2895035,Uma menina igual a mil.,sim
2895042,Pra uma menina distraída.,sim
2895416,Ficou o homem feroz.,sim
2895690,Que o homem quando é homem.,sim
2895902,Acho que ela é bonita.,sim
2898341,Uma mulher alheia.,sim
2901820,Parábola do homem comum.,sim
2901943,Ele é o empregado discreto.,sim
2901953,Ele é o funcionário completo.,sim
2902152,Olha elas sempre aflitas.,sim
2903379,Ó Deus das moças solteiras.,sim
2903730,"Tereza é branca na cor,.",sim
2906602,Com meninas porretas.,sim
2906927,"Rei, pois eles são timbaleiros.",sim
2907013,Mulher é minha cara.,sim
2907015,Mulher é minha tara.,sim
2907016,Mulher é pedra mó.,sim
2907018,Mulher é sedutor.,sim
2907019,Mulher é bicho homem.,sim
2907025,Mulher é minha sala.,sim
2907027,Mulher é minha laia.,sim
2907268,"Por um garoto bem mais velho,.",sim
2907303,Oh rainha linda.,sim
2907577,Eu sou mulher rendeira.,sim
2907669,Que ele foi criado mimado.,sim
2912148,E a deitar com homem tão nobre.,sim
2913027,Essa moça tá diferente.,sim
2913055,Essa moça tá diferente etc...,sim
2913283,Menina bacana me enrola na cama me namora.,sim
2914311,ele é o cacique de são salvador..,sim
2914343,Ela é livre.,sim
2914344,Ela é free.,sim
2915352,Qualquer mulher feliz.,sim
2915366,Ele é um perigo.,sim
2916015,"Cadê a menina faceira, tá no samba geral.",sim
2916431,Cadê a menina faceira.,sim
2916711,Musa linda tão bela.,sim
2917533,"Menino bom na sua língua natal, menino bom que se tornou imortal.",sim
2917711,E da menina mais bonita.,sim
2918175,"Joca, só um homem cocoroca.",sim
2920053,"Moça flor, essa lágrima pura.",sim
2920057,"Moça flor vai chorar,.",sim
2920309,Ele está ficando velho.,sim
2921310,"Ela quica, envolve devagar.",sim
2921313,Ela desce novinha.,sim
2921365,Ela vem tão suave.,sim
2921372,Essa mina é mó tesão.,sim
2921742,Ela é dançarina.,sim
2921914,E vendo mulher nua.,sim
2922351,- Ela já foi aposentada.,sim
2924029,Ela é irresistível bumbum avantajado.,sim
2924054,"Ih mané, ela tá muito louca, vai descer de novo!.",sim
2925108,agora é mulher fiel.,sim
2926311,ela é bossa nova do sertão.,sim
2926322,ela é mudança social.,sim
2926337,ela é cabeleireira do zezé.,sim
2928341,"Do menino grapiúna, pai cidadão do mundo.",sim
2929392,E quando eles voltam sedentos querem arrancar violentos.,sim
2929767,É que ele é meio ermo.,sim
2930187,"Afirmação do homem normal,.",sim
2937016,Ela é a virgem no presépio de.,sim
2938534,Meninos mulatos enrolam nos trapos.,sim
2938546,"Subiu ladeira, moleque sabido, menino feliz.",sim
2939138,Ele tá doido pra montar na minha lambreta.,sim
2939140,Ela tá doida pra montar na minha lambreta.,sim
2942062,Hastear bandeiras e eu que sou menino muito obediente.,sim
2944023,Homens velhos com raça.,sim
2944029,Somos homens bons demais.,sim
2944075,"Foice velha, mulher nova.",sim
2945319,De menina leve solta guerreira amiga louca.,sim
2946343,Solicito homem jovem e bonito.,sim
2947584,Vem comigo menina bonita.,sim
2948391,"Se a lua aparecer, diga que ela é linda.",sim
2948829,"Ele é nosso rei, Ele é nosso.",sim
2949037,Menina bonita mexendo o esqueleto.,sim
2949642,Uma mulher muito linda.,sim
2952300,Ele fica nú.,sim
2953375,Menina linda deixa de besteira.,sim
2955071,"Pele bronzeada mulher brasileira a coisa mais linda,.",sim
2955080,Mulher brasileira é toda boa!.,sim
2955089,Mulher brasileira ....,sim
2955122,Xandy não é otário ele está sempre atras!.,sim
2956439,"Exemplo de beleza, mulher brasileira.",sim
2956994,"Moço pobre, ou moço rico.",sim
2958512,"Minas são tão bonitas, tão especiais.",sim
2959561,COM A BUNDINHA IMPINADINHA ELA É DEMAIS.,sim
2960010,Com a bundinha empinadinha ela é demaaaaaaais.,sim
2960016,"Mas ela não está sozinha, ele está sempre atrás.",sim
2960253,"Cuidado ela é muito perigosa, viu?.",sim
2960327,"Não é nota 10, ela é nota 100.",sim
2960471,Vejo menina bonita.,sim
2963489,Menina bonitinha.,sim
2963696,E ele estava agoniado.,sim
2963987,"E toda ela é tão bela, tudo nela é tão bonito.",sim
2964346,Olha o menino sapeca e a menina de trança.,sim
2964792,"Meio cabocla, menina indecente.",sim
2965401,"Oh, minha deusa nua.",sim
2965953,"Eu sou o homem dela, ela é minha mulher.",sim
2966493,Casar com mulher feia pensando na cunhada.,sim
2966508,"Tamba, tajá, macuxi, menina mulher.",sim
2966930,As mulheres ficaram estéreis.,sim
2967659,"Meio maluco mas um homem bom (um rasta man, rasta).",sim
2967665,Meio maluco mas um homem bom.,sim
2967846,Menina linda levitando de tesão.,sim
2967944,Ele é tão grande.,sim
2967945,Ele é maior.,sim
2967999,Dizem que ela é louca.,sim
2968055,"dizem que ela é loka,que nada,.",sim
2968073,"Chega aí, é no chão, swingão é bala negão (2x).",sim
2968173,Maria é desbocada.,sim
2968182,A Fabiana é brincadeira.,sim
2968183,A Daniele é brincadeira.,sim
2968760,"MOÇA METIDA A BESTA, METIDA A BESTA, METIDA A BESTA.",sim
2969588,Não me deixe só minha princesa dona de uma beleza.,sim
2969604,Mostra pro mundo que é mulher brasileira êira.,sim
2971330,Moça linda por favor.,sim
2972577,a massa dos homens normais.,sim
2972624,"Mulher bonita, nem fale.",sim
2972892,"Baila como se fosse uma deusa negra,.",sim
2973527,Lembro menina feia.,sim
2973559,"menina linda, tão bela.",sim
2973691,"Caetano é mano, é mano.",sim
2974305,Jour era a moça mais linda.,sim
2974841,princesa é a favela.,sim
2975574,Ele é sonho e poesia.,sim
2975958,"Homem, menino, menina mulher.",sim
2977040,"essa voz, essa moça bonita.",sim
2977273,Mamãe é símbolo de paz.,sim
2978305,Ela é fenomenal.,sim
2978493,"Tem mulher boa, gente à toa coisa linda no salão.",sim
2979154,Quem será essa mina exuberante.,sim
2979265,ES uma menina bonita.,sim
2979324,"Ela é maravilhosa,tem um corpo sensual.",sim
2979325,"Ela é gostosa,ela me deu uma moral.",sim
2979327,"Olha meu amigo,ela é loira bem linda.",sim
2979331,"Ela não é piranha,mais ela quer me dar de novo.",sim
2979755,E homem casado.,sim
2979839,Atrás de cachaça e homem casado..,sim
2979901,Mulher bacana nem fale.,sim
2980257,Garota colorida tão cheia de vida.,sim
2981550,Ela é danada...Não!.,sim
2981551,Ela é danada?,sim
2981563,Ele é danado...Não!.,sim
2983484,"Mulher maldosa, Madalena, macumbeba,.",sim
2983552,O menino é chorão.,sim
2985399,"Nao existe garota danada,.",sim
2986024,homenagem a todas as mulheres gostosas...,sim
2986044,Pele bronzeada mulher brasileira a coisa mais.,sim
2986055,Mulher brasileira é.,sim
2986079,Mulher brasileira?.,sim
2986165,"Menina moleca, levada da breca.",sim
2986188,A mina é parceira e o boy é fechamento.,sim
2986439,Mulher bonita ou feia pode ser uma ilusão.,sim
2986652,E ele é garanhão.,sim
2986673,Disse que eu era o cara que ela estava afim.,sim
2987252,"Menina mulher lavadeira,.",sim
2987367,"Oh, musa sedutora, oh, minha paixão.",sim
2987887,Mulher gostosa pra danar.,sim
2988185,Sua mina está carente por falta de atenção.,sim
2988234,Se tem mulher boa na área eu vou me jogar (Pra quebrar!).,sim
2988359,Vem cá menina bonita.,sim
2988389,"MEU BANQUETE TÁ PRONTO, ELA É A REFEIÇÃO.",sim
2988551,"Se tem mulher boa na área eu vou jogar,(pra quebra) escute o que eu digo nao faça o q eu faço pra nao se enrolar, meu bem você sabe q tu que.",sim
2988559,"Se tem mulher boa na área eu vou jogar,(pra quebra) escute o que eu tenho nao.",sim
2988808,Menina bonitinha que não para de quebrar.,sim
2988921,E ela é problemática (ela é problemática) (2X).,sim
2988932,ela é problemática (ela é problemática) (2X).,sim
2988934,"Thundera, tá ligada em tudo, Tem maldade nas coisas do mundo, Essa menina não é brincadeira.",sim
2989230,ela ginga ela ginga ela ginga ela ginga dale pé no chão.,sim
2989283,Menina moleca levada da breca quieta sossega vê se se intera e vem pr’oz bambaz balançar (2x).,sim
2991860,"Tá no estrangeiro, mas ele é brasileiro.",sim
2992644,De uma deusa negra.,sim
2993252,"- Ele passou 8 meses namorando com ela e eu chamando:Rpz, essa mulher vai te dar um pe na bunda,ela nao eh flor q se cheire.E ele:Q nada, q nada!.",sim
2993265,quem gosta de homem eh gay.,sim
2993463,Pele bronzeada mulher brasileira a coisa mais linda.,sim
2993471,Mulher brasileira é toda boa.,sim
2993488,Mulher brasileira é toda boa...,sim
2993544,"Oh menina bonitinha do cabelo duro,.",sim
2993574,da mulher é elevada a alto-estima.,sim
2993585,"Ivete é gostosa,.",sim
2994151,"E ele é feliz , ele é feliz.",sim
2994152,"E ela é feliz , ela,ela.",sim
2994446,Essa mulher tá acabada.,sim
2995832,"Meu banquete está pronto, ela é a refeição.",sim
2995958,"Tem mulher bonita,.",sim
2997323,Mulher bonita se adoçando de sobremesa.,sim
2997374,ela é problematica.,sim
2997380,essa menina não é brincadeira.,sim
2997386,"ela é problematica,eu falei.",sim
2997387,ela é problematica eu falei problema.,sim
2997394,"que..ela é problematica,eu falei.",sim
2997404,e..ela é problematica.,sim
2998078,A menina mais linda eu comecei a paquerar.,sim
2999493,menino violento pra danar.,sim
3001594,Essa mulher ta acabada.,sim
3002273,Ela é muito gostosa.,sim
3002402,Por onde passa ela é tentação.,sim
3002646,Que homem sério é piada.,sim
3002964,Eu sei que não sou nenhum homem perfeito.,sim
3003126,Ela é cheia de graça.,sim
3003512,"Neguinha maravilhosa, mulher bonita mostra esse.",sim
3003703,Essa mina é abusada.,sim
3003841,Elas estão descontrolada.,sim
3003886,Mulher com mulher é bom de beijar.,sim
3004253,O corpo da mulher é sagrado.,sim
3006292,só namora mulher feia.,sim
3006501,Mas por traz dessa santinha tem uma menina fogosa.,sim
3006503,Mas por trás dessa santinha tem uma menina fogosa.,sim
3006511,Sou menina baladeira.,sim
3006598,As minas aqui são braba.,sim
3006623,Ele era funkeiro mas era pai de família.,sim
3006644,Outros o criticavam porque ele era funkeiro.,sim
3007075,Ela tá doidona?.,sim
3007116,Só tem mina braba e facão afiado.,sim
3007121,Só tem mina braba.,sim
3008269,O Caboclo era soldado.,sim
3008370,sou a rainha má háha.,sim
3008614,Na percussão do menino argentino.,sim
3008874,"A mina é mano, ô, ô, ô.",sim
3009386,A mãe original do mundo.,sim
3009407,Filho caboclo de mãe baiana.,sim
3009735,"Menino danado, habilidoso e veloz com a bola no pé.",sim
3009759,Ele se lembra da mãe orgulhosa do filho que é vencedor.,sim
3009800,"O menino brasileiro, brasileiro.",sim
3010061,"Minha mãe gentil, meu brasil.",sim
3010077,Minha mãe gentil.,sim
3010259,se a mina for boa.,sim
3010559,"Ah, ah, que isso, elas estão descontroladas!?.",sim
3010570,"Vai, vai, elas estão descontroladas.",sim
3010819,"Agora sou um rapaz sério, mto sério.",sim
3010843,"Agora sou um rapaz sério, muito sério...pretendo me casar.",sim
3011343,Eu quero homem gostoso só para me fazer mulher.,sim
3011346,Eu quero homem gostoso só para me fazer mulher!.,sim
3011351,Eu quero homem gostoso só para me fazer mulher..,sim
3011488,a mulher dele sai com outro e ele não tá nen aí.,sim
3011514,samba e mulher gostosa.,sim
3011544,Mulher burra fica pobre.,sim
3011648,Sai mulher marmita!!!.,sim
3011651,Saia saia saia sai mulher marmita.,sim
3011665,Gaiola das popozudas acha essa mina esquisita.,sim
3011667,Mas ela é mulher marmita.,sim
3011670,Mas ela é mulher marmita!.,sim
3011896,Quanta mulher gostosa.,sim
3011954,Homem gostoso só.,sim
3011970,eu quero homem gostoso só pra me.,sim
3012301,Ela tá louca e não tá entendendo.,sim
3012312,CUIDADO COM ESSE CARA POIS ELE É ABUSADO.,sim
3012324,ELE É MUITO BEM FALADO.,sim
3012488,As meninas super poderosas.,sim
3012758,"Menina faceira, toda linda, meus olhos passeiam na sua beleza..",sim
3012759,"Tô todo arrepiado, tô de calafrio, mulher maravilhosa, mais que perfeição..",sim
3012770,Ela é maneira e dedicada.,sim
3013319,Segunda a sexta ela é uma faxineira.,sim
3013327,Companhia) ela quebra gostosinho.,sim
3013363,"Menina linda,não te aborreças.",sim
3013384,Menina linda não te aborressas.,sim
3013394,Até homem sério.,sim
3013800,Se tem tanta mulher gostosa querendo me namorar!.,sim
3013899,"Bebendo a noite toda, ela fica loca!.",sim
3015320,Ela é dona do jogo.,sim
3015321,Ela é dona da banca.,sim
3016403,Eu vi mulheres comuns.,sim
3017288,Na minha natureza mesmo ela sendo má.,sim
3017356,"Ele é poderoso, tão maravilhoso.",sim
3017548,Essa mina já é mídia.,sim
3017569,Ela tá soltinha.,sim
3018378,Menina bonitinha do corpinho agraciado.,sim
3018386,"Menina bonitinha, do corpinho rebolado.",sim
3018689,"Menina bela, eu tô na dela.",sim
3019139,Se ele é ouro.,sim
3019142,Ela é pimenta.,sim
3019163,"Menina linda, não vá embora.",sim
3019212,Essa menina não é capaz.,sim
3020389,Ele era bonitinho.,sim
3020391,Ele era maravilhado.,sim
3020392,E ele era gostosim.,sim
3020393,Ele era formoze.,sim
3020696,Ele é um amigo é um velho companheiro.,sim
3020737,Gugah é mestre.,sim
3021089,Essa menina é brasileira.,sim
3021095,Essa menina é a bola.,sim
3021118,"Quando ela samba, ela é clássica.",sim
3021119,Quando ela dança parece criança.,sim
3022587,"Rapunzel é sinfônica, sinfônica.",sim
3022627,"A rainha má, má, má.",sim
3023243,Cheiro de mulher menina.,sim
3023745,Quero ver a mulher gato.,sim
3024107,A menina bonita que samba.,sim
3024865,essa garota é poderosa.,sim
3025002,Só fecho com mulher louca..,sim
3025491,E as mulheres lindas de todo o.,sim
3025842,Ela tá molhadinha.,sim
3026094,para eu ja conheço e essa cara entao arruma essa mala e rala ta malu ta doida tamaluca pirou e falo que vai nada na ilha de litero ate alinha de gorvenado e vai dexe de aviao na ilha literou ai vai vamos dança entao tira minha brusa enato tira minha sainha eu gahei mentira mentira oioi ....,sim
3026411,Mulher é bom.,sim
3026412,Mulher é muito bom.,sim
3026585,"O refrão já tá feito ela já foi minha minah, hoje eu.",sim
3026762,ela ta acanhada.,sim
3026788,"Elas são maravilhosas, claro.",sim
3027449,Princesa funkeira.,sim
3027950,Princesa natural.,sim
3028198,"ela é gostosa, sabe disso e abusa.",sim
3029162,"Cor sim, cor não tua mina tá bolada.",sim
3029222,A mina é uma princesa (princesa).,sim
3029316,Norte só namora mulher feia!.,sim
3029534,"DJ a galera agita, garota sarada, se contagia.",sim
3029703,Menina bonita só usa gillete azul.,sim
3029705,Menina bonita não gosta de garotão.,sim
3030804,Mulher feia não tem cura.,sim
3030834,"Essa mina é bacana, mais ela não me engana conheço.",sim
3030924,"Essa aí, é o melô da mulher feia pra danar em?.",sim
3030926,Uma mulher feia cheira mal como urubu.,sim
3030929,Mulher feia cheira mal como urubu.,sim
3030965,Ela estava aflita e no meu braço segurou.,sim
3031345,Ele está tão satisfeito.,sim
3031586,E as mulheres lindas de todo brasil.,sim
3031611,Mulher feia tudo bem neguinho.,sim
3032174,"Nós pensa que ela é toda gostosa, mais quando ela tira.",sim
3032210,"Ai homem feio ainda vai agora homem feio, mentiroso, e boiola, ai eu vou ter que tirar uma onda.",sim
3032216,"Eu não fico triste não, por que sei que ele é boiola, homem que é macho mesmo não dispensa uma gostosa.",sim
3032486,esposa atuante é negócio de bandido.,sim
3032564,E Jesus tá boladão!.,sim
3032690,"Sarita não é mulher barata, não é mulher biscate.",sim
3032863,Esposa atuante é negócio de bandido.,sim
3033153,A Matilde é tão selvagem.,sim
3033229,Ela tá contaminada.,sim
3033234,Essa mina tá cagada.,sim
3033284,Esse menino americano do jeito gringo.,sim
3034287,quanta mulher gostosa.,sim
3034317,ô mulher independente.,sim
3034326,Ela tá engraçada.,sim
3034333,Ô mulher independente.,sim
3034499,fiel namorada é uma filha da puta.,sim
3034504,ela é complicada.,sim
3034505,ela é perfeitinha.,sim
3034508,mulher ruim....,sim
3034542,mulher ruim...,sim
3034742,"Mas essa mina, ela é gostosa,.",sim
3034746,"Essa mina, ela é gostosa,.",sim
3035153,Essa mina é magrinha.,sim
3035277,"você é a mina certa, vou seguir em frente sem fraquejar.",sim
3035289,"Os bons rolaram com uma garota incomparável, foi pouco.",sim
3035793,Mulher casada mata mais que revolver.,sim
3036684,Muita mulher bonita mascarados da geral.,sim
3036975,Você é a diva mais linda.,sim
3037530,Ele é o resultado da mistura.,sim
3038490,"Ela é gostosa, sabe disso e abusa.",sim
3038749,Deusa negra me domina predomina o teu olhar.,sim
3038815,Quis tirar do palco a mulher mais excitante.,sim
3039309,"Tantas damas lindas, que maneiro,.",sim
3039317,a fonte das mulheres mais bonitas..,sim
3039906,Aquele que anda cheio de mulheres maravilhosas.,sim
3040031,Mina tá louca.,sim
3040459,"Ela desce ,ela quica.",sim
3040507,Fica fica de 4 menina novinha (David).,sim
3040509,Fica d fica de 4 menina novinha (David).,sim
3041720,A minha mãe ficou zangada.,sim
3042033,Ve que a vida não demora que na verdade ela é uma escola.,sim
3042352,Deixei minha mãe maluca.,sim
3042703,Tem mulher bonita pra gente se divertir.,sim
3044380,Ela chorona já partiu para o abraço.,sim
3044852,"Pele bronzeada, mulher brasileira é a coisa mais linda.",sim
3044859,Ela é água que mata a minha sede.,sim
3044863,Ela é totalmente boa é muito boa.,sim
3048288,Mas mulher gosta de dinheiro quem gosta de homem é viado.,sim
3049051,"Ela é linda, charmosa, gostosa demais,.",sim
3049062,"Ele é lindo, charmoso, gostoso demais,.",sim
3049982,Eu gosto da mulher ruiva.,sim
3049984,Eu gosto da mulher grande.,sim
3049986,Gosto da mulher magrinha.,sim
3050522,"Não me ignore, por favor, minha querida é muito triste a minha vida sem você..",sim
3050853,Cheiro de mulher bonita.,sim
3051304,Ele é considerado.,sim
3052753,Pras garotas mal amadas.,sim
3052938,"Ela é tão linda que não que mais um castigo, mais ela fica comigo, por que eu sou como ela!.",sim
3052977,"uma mulher traída é pior que um vulcão, em plena erupção.",sim
3053185,"As catirobas viram avião, depois de uma mulher feia mulherão.",sim
3054899,Pois ele é sincero.,sim
3055205,Quando eu a vi pensei ela é roqueira.,sim
3055207,Quando a vi ouvindo rap disse: ela é funkeira.,sim
3055212,"Ela é maravilhosa, ela é demais.",sim
3055214,Ela é maravilhosa....,sim
3055217,"Ela é coisa de louco, não é brincadeira.",sim
3055228,"Que mulher maravilhosa, que bixa faceira.",sim
3056345,Eles ficam animado.,sim
3057165,E as mulheres ficam loucas.,sim
3057435,Ele não vale nada a senhora foi mãe e.,sim
3057778,Menina bonitinha eu quero te namorar.,sim
3057795,Na história ela é julieta e eu sou o seu romeu.,sim
3057840,Mas meu deus ele é fiel e cai por terra a maldição.,sim
3058177,"Elas são brabas, elas são foda, eles tão passando mal.",sim
3058329,ele é fiel e cai por terra a maldição.,sim
3058392,Thalia tá maravilha.,sim
3058454,Em casa ela é renata na rua é renatinha.,sim
3058845,Francisco é abençoado.,sim
3059178,Outo homem igual a este aqui na não mais não.,sim
3059333,Você é a minha vida ele é meu mundo.,sim
3060538,Essa mulher é chata e eu não vou mais suportar.,sim
3061028,"Stop, é só mulher bandida,.",sim
3061538,"Vai, vai eu e meu fusquinha, ele ta bebim e ficou cheio de graça.",sim
3061719,Mulher boa de lambada no meio do salão.,sim
3061721,"Mulher boa de lambada, o salão é um perigo.",sim
3062495,Que ela seja rica e pague uma empregada.,sim
3062498,Menina linda e gente boa.,sim
3062545,Que você ela rica e pague uma empregada.,sim
3062708,ta vendo essa novinha olha como ela é louca.,sim
3062727,não liga mais pra nada essa mina é doideira.,sim
3063096,falaram que ela era delicinha.,sim
3063118,Se for olhar ela não é tão bonita.,sim
3063139,ela muito bonita.,sim
3063161,Ela tá bonitinha.,sim
3063180,Ela é mulher..,sim
3063230,Quem achava ela feia.,sim
3063237,Ela tá arrumadinha.,sim
3063430,Qcara é valente guerreiro.,sim
3063512,Pois ela é passado historia antiga.,sim
3063592,Vem cá mulher bonita que eu quero compromisso.,sim
3064153,Olha como ela tá gostosa.,sim
3064496,Ele é bronzeado.,sim
3064575,Essa é pras mina atrevida (vem!).,sim
3064605,"O estilo da mina é top, deixa a rapaziada em choque.",sim
3064753,Ele é bonito dá até pra entender.,sim
3065546,A mulher sensacional.,sim
3065595,Agora eu vou me vingar: menina má.,sim
3065600,Sou uma menina má.,sim
3065816,Ela é cheio de esquema.,sim
3065855,Garota linda.,sim
3065898,Garota linda que eu me apaixonei.,sim
3065944,Mulher muito difícil de encontrar.,sim
3066035,De papete e um mini short ela é maravilhosa.,sim
3066042,Ele é sempre sorridente garota inteligente.,sim
3066080,De manha quando acorda ela é linda e muito bela.,sim
3066314,Garota bonita mais não se deu bem comigo.,sim
3066403,Ela é a bola da vez.,sim
3066406,Quando ela malha ela diz fitness.,sim
3066408,Mais que aprovada ela é a bola dá vez.,sim
3066409,Ela é tão intensa naquilo que faz.,sim
3066411,Ela é muito séria quando tem que ser.,sim
3066412,Ela é brincalhona sem querer aparecer.,sim
3066417,Ela é alegre sorridente gente boa.,sim
3066428,Mais que aprovada ela é a bola da vez.,sim
3066631,Diferente envolvente essa mina é nota dez.,sim
3066632,Ela é vip ela é top ninguém chega aos seus pés.,sim
3066633,"Ela ta maluca ta ""chapada"".",sim
3066636,É tudo e mais um pouco ela foi a escolhida.,sim
3066718,"Trabalhada, ela é formosa.",sim
3066719,"Caprichada, ela é gostosa.",sim
3067020,"Louca, essa mina é louca.",sim
3067030,"Ela é encantada, ela é minha cinderela.",sim
3067099,"Falei, que pra mim ele não é rei.",sim
3067145,Ela é linda de verdade.,sim
3067156,Tão bela ela é a rainha da cidade.,sim
3067792,Cheio de mulher bonita.,sim
3069300,"Vem fazer a posição e vem fazer a posição e vem fazer a posição, vem mulher cheia de manha.",sim
3070456,"Tadinho, ela cai bonitinho.",sim
3070889,com uma mulher braba não bater.,sim
3070898,ela não reconhece é tão fingida.,sim
3071901,"E bebe ela quente é, é.",sim
3072261,"Você tão linda, menina bonita, faceira canção.",sim
3072535,Menino feliz.,sim
3072680,Um menino grande eu sou.,sim
3073188,é o homem sofredor.,sim
3075110,Porque sei que ela seria fiel.,sim
3075987,eu finjo nem notar como ela é sincera.,sim
3076025,Eu arranjei uma mulher eletricista.,sim
3076153,Mulher totalmente certa.,sim
3076724,mexe mexe menina forrozeira.,sim
3077451,Homem liso não dá rock.,sim
3078262,Crianças moças morenas.,sim
3078517,Lucena ele meio triste assim me falou.,sim
3079245,Que ela é boa de forró.,sim
3079297,"Que eu mexi com uma donzela, moça bela do lugar.",sim
3079306,Decidi pedir a mão da donzela inocente.,sim
3079307,O pai dela homem descente resolveu me dar perdão.,sim
3079801,Quem é a mulher mais linda desse universo?.,sim
3080542,Ele pensa que ele é bonito.,sim
3081101,Ele já tá chato.,sim
3082537,"Mulher quando se vinga, ela sabe fazer perfeito.",sim
3082790,"o perfume é do bom, ela é cheirosa pra danar.",sim
3083252,A mulher mais amada.,sim
3083586,Alucinado explodindo de tesão é o maximo ela é fera só gosto de fazer amor com ela.,sim
3083737,Homem quando é safado.,sim
3083757,Mas o homem é safado.,sim
3083907,eu fiquei impressionado como ele era valente.,sim
3083933,ela veio sorridente em minha direção.,sim
3085450,E ele é chorão de você.,sim
3087492,O homem sempre é querido até depois dos quarenta.,sim
3087494,Um homem feliz sorrindo nos braços de outra mulher.,sim
3087622,Escolha a mulher sincera para a sua companhia.,sim
3087662,Pra ele não embrabecer.,sim
3087837,"O homem mais feliz do mundo,.",sim
3088053,De homem cabra danado.,sim
3088869,Veja quanta moça bonita.,sim
3089294,"Que deixa o coração de um homem cego por amor,.",sim
3089843,Esta mulher é uma bandida.,sim
3089848,Ela é bandida eu sei que é.,sim
3092478,"Toda menina nova usa trança,.",sim
3092680,E a menina forrozeira que é tão bela.,sim
3092924,Ela é genial.,sim
3093041,te ama mais que a ele mesmo.,sim
3093259,Ele é duro de pedra mas dessa vez se entregou.,sim
3093561,mulher querida amada.,sim
3093872,Pra garotas mal amadas carentes por uma paixão..,sim
3095237,Fui perguntar a ela se ela era uma princesa?,sim
3095387,"No meu tempo de criança, eu era menino chato.",sim
3095529,Deixa essa mulher forrorea.,sim
3098490,Gonzaga era só coração.,sim
3098523,Que mulheres muito invejosas fazem de tudo para tira-lo de mim.,sim
3098524,"Mas sei que ele é forte e resiste assim como tem resistido a dor,.",sim
3099016,Tem mulher loirinha de uma cinturinha fina tão fininha.,sim
3099627,Eita que moça bonita.,sim
3100213,"Prepare tudo mãe querida, o seu filho vai voltar.",sim
3101463,Mulher mulher mulher eu te adoro.,sim
3101464,Mulher mulher mulher da minha vida.,sim
3104350,Espiando mulher nua.,sim
3104639,Ô mulher ruim.,sim
3104851,Feito um menino chorão.,sim
3104923,Tá cheio de mulher bonita.,sim
3105442,Ela é americana.,sim
3105451,Ela é bacana.,sim
3106419,"A mulher mais linda, que adoro tanto.",sim
3106781,"Sou abelha, ela é a flor.",sim
3108027,- senhora dona da casa.,sim
3108076,"Ela é bonita, bonita....",sim
3108080,"Ela é bonita, é bonita....",sim
3108090,Ela é bonita demais....,sim
3108113,"Ela é bonita , é bonita...",sim
3108474,É com esse menino bonito que eu vou.,sim
3108897,Um homem branco como eu.,sim
3108898,Um homem preto como tu.,sim
3108911,"Menina flor, quem terá sua paixão?.",sim
3108939,Essa mina está toda faceira.,sim
3109392,Que homem gostoso.,sim
3109393,Ele é tão gostoso.,sim
3109833,Eu quero uma menina dengosa e feminina.,sim
3110160,Gosto de mulher bonita daquelas bem perfumadas.,sim
3111200,"Eu nunca vi nada igual, ela é minha rainha, a musa do meu carnaval..",sim
3111203,"Eu nunca vi nada igual, ela é minha rainha, ela é sensacional!.",sim
3111204,"Ela é maravilhosa, cheirosa, dengosa, é muito gostosa, é tudo de bom!",sim
3111205,"Ela é meu bem, é meu mau, é o mel é o sal, ela é especial, ela é minha paixão..",sim
3111213,"ela é maravilhosa, cheirosa, dengosa, é muito gostosa, é tudo de bom!",sim
3112007,Paulo sempre foi um homem forte.,sim
3112261,Ela não é mulher de um homem só.,sim
3112288,"Ela é menina, ela é a flor.",sim
3112289,"Ela é minha morena, minha rosa vermelha meu amor.",sim
3112292,"Ela é minha menina, ela é a minha flor,.",sim
3112293,"Ela é minha morena, minha rosa vermelha, meu amor.",sim
3112311,"Rírírí, ele é muito legal.",sim
3112386,Vi que és um homem lindo.,sim
3112388,Do menino infeliz.,sim
3113605,Protegei-nos mãe bondosa das agruras dessa vida.,sim
3113606,"Mãe caridosa, olhai pelos filhos seus.",sim
3113762,"Esculpe, modela e castiga a massa dos homens normais.",sim
3113910,"Ninguém sabe se ele é branco, se é mulato ou ""nego""(repete a última linha).",sim
3114188,Ela é tentaçao de levar pro forró.,sim
3114189,Ela é tentaçao de tirar a atenção.,sim
3114191,Ela é tentaçao palpita o coração.,sim
3115326,No meu barco só anda mulher bonita.,sim
3115964,Sera que ela é amada e tem dono.,sim
3116027,Ele é bonito demaMAIS.,sim
3116116,"Apaixonados por rodeio, mulher bonita eu assumo.",sim
3116881,Ôôôôôô menina bonita.,sim
3117461,Ele é o cara que merece ser o vencedor (vencedor).,sim
3117462,"Ele é o cara que faz tudo sempre com amor (ou, ô, ô).",sim
3117466,"E eu tô com ele, não abro, Ele é compente.",sim
3119218,Zazuê tá danada.,sim
3119369,Minha mãe iemanjá.,sim
3121520,Quem gosta de mulher levante a mão.,sim
3121539,Numa boate eu quero ver só mulher nua.,sim
3123113,Ela é linda como a rosa.,sim
3124409,"Êta mulher doideira, ela é boa demais.",sim
3125634,Só gosto de mulher quente.,sim
3125746,Sô uma menina séria.,sim
3126101,Ele foi feito pra bater não pra apanhar.,sim
3126295,A mulher tá sempre doente.,sim
3127387,"Ela não é baiana, não é americana.",sim
3127571,A menina dengosa.,sim
3129182,"Menino bonito, esse teu gingado tão balanceado me faz endoidar.",sim
3129184,"Menino lindo, esse teu jeitinho de falar baixinho e nos olhos me olhar.",sim
3129227,BASTA ELA SER CHEIROSA E AINDA BEM ARRUMADA.,sim
3129295,"Seja ele alto ou baixo, modelo, bonito ou feio.",sim
3129567,Um homem muito galinha não consegue entender.,sim
3129995,"Ela perde o controle ela fica logo animadinha,.",sim
3130093,"Ele é o chefe, ele é o chefe do puteiro.",sim
3130095,"Sua mãe é uma pu, sua mãe é uma pu.",sim
3130171,Se tem mulher bonita o velho já tá de lado..,sim
3130455,Ela é a garota mais bonita lá da minha escola.,sim
3130813,Ela é bonita ela é aeromoça a mais gatinha que tem nesse avião.,sim
3130842,Vai pra igreja menina patricinha.,sim
3130912,Eu disse: vai pra igreja menina patricinha.,sim
3131009,"Menina bem faceira, eu sou o seu tigrão,.",sim
3131229,"E ela fica louca, ela perde a linha.",sim
3131993,Aí caramba que mina maluca.,sim
3132178,"Uma mulher cheirosa é tão linda como uma flor,.",sim
3132219,Ele era muito mole.,sim
3132365,Ele é tão louco.,sim
3132545,"""Ele è corno"".",sim
3132550,"""Ele é corno"".",sim
3133708,"Eu era uma menina linda, linda.",sim
3134171,Zé ta doente.,sim
3134216,Minha mãe era matuta.,sim
3134340,Que ele era estuprador.,sim
3135156,Mulher magrela é difícil de arranjar um marido.,sim
3135169,Se vê a mulher bunduda diz o minha tanajura.,sim
3135188,Um rapaz muito guloso gostou e casou com ela.,sim
3135195,Mulher magrela faz tudo para atrair o amante.,sim
3135225,A mãe dele diz meu filho moça magra na convém.,sim
3135250,Uma rainha perfeita não tendo bunda bem feita.,sim
3135280,Pra trair as pessoas tem até mulheres boas.,sim
3135316,Tem homem desempregado que trabalha muito bem.,sim
3135318,Se tem mulher boa traga aqui pra mulher tem vaga.,sim
3135356,E a filha volta tão linda que parece uma princesa.,sim
3135377,O filho do homem rico tem uma vida bacana.,sim
3135381,O filho do homem pobre vai passear de jumento.,sim
3135389,A mulher do homem rico.,sim
3135393,A mulher do homem pobre.,sim
3135425,O filho do homem rico só toma banho no chuveiro.,sim
3135658,"Menina nova, malhada e sarada..",sim
3135771,"bolso de grana e, é um homem popular..",sim
3135882,E a polícia pega ele bêbado na mesa de um bar.,sim
3135930,Se a caso ele for preso leva vinte advogados.,sim
3135934,O ladrão de colarinho quando ele cai doente.,sim
3135951,tem gente que diz que elas são torta como um anzol.,sim
3136118,Se você vê o ladrão besta ele é pior do que otário.,sim
3136227,Não é um homem moderno.,sim
3136285,Eu sei que o senhor é crente.,sim
3136801,A mãe é xingada de vaca e a mulher de piranha.,sim
3136837,a menina está beleza pura.,sim
3136841,a menina tá beleza pura.,sim
3136940,Chamam ele picareta.,sim
3137691,As mina fica louca.,sim
3138034,João tentando ser campeão.,sim
3138298,Têm mulher bonita eu não fico só.,sim
3138344,Ele é cincero é sempre vou.,sim
3139983,Da época da mulher tradicional.,sim
3139986,Da época mulher tradicional.,sim
3140318,Mas ele está contigo em qualquer lugar....,sim
3142025,agora o rei é índio.,sim
3142848,O menino doce que eu sempre quis.,sim
3143035,É tem homem muito gostoso.,sim
3143036,É muita mulher gostosa.,sim
3143766,A moça era tão bacana.,sim
3143770,Ele ficou bêbado num bar.,sim
3144200,"Ela é linda, ela é bela.",sim
3144235,E mulher namoradeira a gente chama de galinha.,sim
3144261,Ele é o homem mais mole do arraiá.,sim
3144421,Ela fica bem mais quente.,sim
3144628,Jorge é glórioso para nós só faiz o bem.,sim
3145034,"Torcer pra um time honrado, sendo ele bem melhor...",sim
3145259,"quando entra no gramado ele sempre é vencedor,.",sim
3145280,"Brasil tá pensando que ele é o bom de bola,.",sim
3145372,Homem bonito a maioria é delicado.,sim
3145834,cante pra mulher bonita que eu canto pra mulher feia.,sim
3145835,Dizem que a mulher bonita é quem mais chama a atenção..,sim
3145841,Dizem que a mulher bonita é quem mais leva cantada.,sim
3145844,Dizem que a mulher feia quando leva uma cantada.,sim
3145851,Dizem que a mulher feia difícil é arrumar emprego.,sim
3145857,Dizem que a mulher feia faz mau ao coração.,sim
3145858,E quem casa com mulher feia sempre vê assombração.,sim
3145860,Dizem que a mulher bonita faz qualquer homem gemer.,sim
3145866,Dizem que a mulher bonita é quem anima uma festa.,sim
3145867,"Mulher bonita aonde passa é limpo, rasto e arresta.",sim
3145868,Mas se tive mulher feia é sinal de que a festa não presta.,sim
3145872,Dizem que a mulher bonita tem um olhar atraente.,sim
3145875,Dizem que a mulher feia tem medo de abandono.,sim
3145877,Que mulher feia e jumenta só quem procura é o dono.,sim
3145878,Dizem que a mulher bonita faz o homem vira brasa.,sim
3145881,Dizem que a mulher feia.,sim
3145885,Dizem que a mulher bonita quando arruma um namorado.,sim
3145888,Dizem que a mulher feia se dana pra gafieira.,sim
3145891,Ela era preferida.,sim
3146013,"Antes do meu casamento, eu fui um homem fiel.",sim
3146254,Posso falar mal da minha que ela é encrenqueira e ruim.,sim
3146284,Posso falar mal da minha que ela é encrenqueira e ruim!.,sim
3146496,"Mulher ingrata e fingida,.",sim
3146719,"ser nordestino ele é homem do povo, armaram uma arapuca.",sim
3146726,"homem é metalúrgico, pobre e trabalhador, conhece meu.",sim
3146744,"vem, de novo ele é enganado, a mulher dele falando tu.",sim
3146825,Mulher bonita wiski cheio de cerveja.,sim
3146984,É lá vem ela maravilhosa.,sim
3147430,Adoro mulher bonita forró.,sim
3148363,A filha do homem rico.,sim
3148795,Sou um homem romântico.,sim
3149417,Ele é som e poesia.,sim
3149424,Menina bonita baiana.,sim
3149727,Mulher boa e gente à toa.,sim
3149760,Mulher gostosa de lambar.,sim
3150941,e no meu posso de petroleo só jorravão princesas lindas.,sim
3151260,Ela é boa demais.,sim
3151265,Ela é total flex.,sim
3151549,Foi sem querer que eu beijei na sua boca menina tão louca eu quero te beijar beijo na boca com o corpo suado tem sabor de pecado com gosto de bem me quer..,sim
3151551,"Foi sem querer que eu beijei a sua boca menina tão louca eu quero te beijar, beijo na boca com o corpo suado tem sabor de pecado com gosto de bem me quer..",sim
3151776,"Já estou prontinha aqui, grupo de mulher solteira.",sim
3151798,Linda mulher cheia de carinho.,sim
3151861,"Essa mina bonitinha, com cara de patricinha.",sim
3151865,"Onde chega ela causa, essa mulher é danada.",sim
3151894,Jogando charme ela é fenomenal.,sim
3151986,"Ela é forte e guerreira, linda mulher lutadora.",sim
3151987,Da juventude ela é incentivadora.,sim
3151992,"Ela é potente,cheia de energia.",sim
3152046,É a mulher brasileira.,sim
3152197,A minha amiga é uma mulher muito bela.,sim
3152203,"Sabe bem assar o pão, pra ela ela é só alegria.",sim
3152204,"Ela é feliz, ela é potencial.",sim
3152214,Ele está decepcionado muito frágil e cansado.,sim
3152439,Querida menina bonita quero te amar.,sim
3153702,ME FEZ UMA MULHER REALIZADA E ME TIROU TODAS AS DÚVIDAS DO AMOR.,sim
3153844,Bem vestido e perfumado as meninas ficam loucas.,sim
3154935,"Mulher safada, diga que negócio é esse.",sim
3155152,A garota file.,sim
3155191,Menina bom polegá.,sim
3156485,Princesa linda e bela ainda bem que te encontrei.,sim
3157702,Ela é glamourosa e está com tudo em cima.,sim
3157841,Menina bonita com cheiro de rosa.,sim
3157876,Ele é pequenininho mas ocupa a imensidão.,sim
3159009,Essa mulher perigosa.,sim
3159073,Esse coroa tá melhor que rapaz novo.,sim
3159384,Quero ver moça bonita no meu forrozão.,sim
3159478,Minha mulher tá ficando injuriada.,sim
3159837,Ela é filhinha de papai.,sim
3159843,Ela é insana.,sim
3159850,Ela é safadinha..,sim
3159852,Minha princesa é safadinha.,sim
3160099,Menina cheia de mistério.,sim
3160116,Ela chegou correndo demais imprudente bateu arrebentou meu peito.,sim
3160788,Um homem apaixonado é perigoso um leão faminto.,sim
3160791,Um homem apaixonado é perigoso perde as estribeiras.,sim
3160971,E ele é o amor.,sim
3161991,pelo menos uma mulher foi estuprada.,sim
3162001,"Essa é a historia de toda mulher brasileira"".",sim
3162070,"E onde tem mulher boa, gosto de andar todo dia.",sim
3163347,"Essa mulher é uma loucura em minha vida,.",sim
3164015,Que uma mulher carente há de esperar.,sim
3165163,Um homem sério para me levar pra cama.,sim
3165238,"Ela é boa, ai que tesão.",sim
3166482,mulher sozinha e carente por ae.,sim
3167078,Quer fazer o homem feliz (Vaquejada) – Aviões.,sim
3167100,"Quer fazer o homem feliz, caia por cima de mim..",sim
3167110,"Quer fazer o homem feliz, caia por cima de mim.",sim
3167295,"Que avião, que avião eita que mina gostosa.",sim
3167963,Porteiro ingrato nao vivo sem ela sou doido por ela.,sim
3168274,Se for ruim ele é um santo.,sim
3168367,Homens assim são tão fáceis de encontrar (2x).,sim
3168606,Quanta mulher bonita.,sim
3169224,uma mulher carente a te esperar.,sim
3169746,Deixa que ele tá bem melhor do que eu.,sim
3170315,"Whisky do bom,e mulher bonita.",sim
3170323,Quando a vi ouvindo rap disse ela é funkeira..,sim
3170327,"É linda, se garante no que faz, ela é maravilhosa, ela.",sim
3170329,"É linda e se garante no que faz, ela é maravilhosa,.",sim
3170333,Ela é coisa de louco não é brincadeira.,sim
3170336,Mas o que a deixa mais gostosa é que ela é forrozeira.,sim
3170345,"Tal mulher maravilhosa, que mulher faceira.",sim
3170360,"É linda e se garante no que faz, ela é maravilhosa.",sim
3170371,"Mas ela é linda, linda, linda,se garante no que faz, é.",sim
3170420,Mulher sensual.,sim
3170766,que ela anda quase nua.,sim
3170771,Olha essa menina é uma loucura.,sim
3170773,essa menina é perdição.,sim
3171069,"Mamãe tá dodoi, papai dá beijinho que passa [x3].",sim
3171255,"Porque ela é top, ela é massa.",sim
3172857,"Menino tão lindo, não se preocupe.",sim
3173429,"O homem sério para me levar pra cama,fazer amor,ser sua dona, o homem que entenda o coração de uma mulher, que não me usa e não nem troque por uma qualquer.",sim
3173730,Vem fazendo carinha de menino inocente.,sim
3175268,Uma mulher cheirosa tão linda como a flor.,sim
3176057,Menina moça linda.,sim
3177056,Atenção senhores responsáveis.,sim
3177114,Moça menina......,sim
3177144,Como te amei moça menina......,sim
3177186,Moça menina....,sim
3177816,Ela é menina ela é senhora.,sim
3177883,Pra mim ele é maior.,sim
3178203,"AMELINHA, disco ""Mulher nova bonita e carinhosa.",sim
3178702,Ele é o número um.,sim
3178722,"E aonde tem mulher boa, gasto grana todo dia.",sim
3178930,Mas não criei moça nobre pra pé rapado de vaqueiro.,sim
3179057,"Teu abraço me esquenta, seu cheiro me alimenta ô mulher querida amada..",sim
3179110,Que ela é prima de maria gasolina.,sim
3179556,Uma menina já mulher.,sim
3179565,Ele sabe que ela ta afim.,sim
3179618,Que essa mina é preparada.,sim
3180047,Ela é linda de cara.,sim
3180060,Se a mulher é uma fera.,sim
3180304,Beleza moça bonita.,sim
3180427,um dia uma mulher feliz.,sim
3180948,Eu tento ser uma mulher forte.,sim
3181284,Ele é bandido desobedeçe.,sim
3181908,Sou donzela sou mulher.,sim
3182653,Que pedaço de menina bela.,sim
3182677,Quantos homens eram inverno outros verão?.,sim
3182733,"Ele chegou enfurecido, ele é demais.",sim
3184310,Dizendo que ela é casada.,sim
3184336,Mas como ela é casada.,sim
3184371,"Menina nova e sensata, desses corpinhos de viola.",sim
3184381,"Perguntando aonde foi, aquela mulher ingrata.",sim
3184532,"Ela é rameira, mas me dá de tudo,.",sim
3184534,"Ela é rameira, de sexta à domingo,.",sim
3184561,A mulher famosa e bela.,sim
3184566,A mulher linda coxuda.,sim
3184984,"Mulher bonita foi, é e será a minha perdição.",sim
3185064,Essa menina é filha de fazendeiro.,sim
3185221,Moça bonita da saia rodada.,sim
3185226,"Dama perfeita, se move de um jeito.",sim
3185239,"Moça pequena, cheirando açucena.",sim
3185488,"Ela não é sua dona, eu amo você.",sim
3185581,Xandinho é doido por você.,sim
3185778,"Esse garoto é um avião,.",sim
3185995,Uma mulher sozinha e carente por aí é perigoso demais.,sim
3187075,Sei que ele ainda bate forte por nós dois.,sim
3187309,Uma mulher feliz mas quando certa vez.,sim
3187332,Sou menino sonhador.,sim
3187902,Eu sou uma garota cega.,sim
3187973,"Mulher bonita, cerveja e festa de peão.",sim
3188335,Ela é comprometida e ninguém vai entender.,sim
3189437,No calor de uma menina é impossível ficar só.,sim
3190235,Ela é a parte mais bonita da cidade.,sim
3190722,Só com você eu sou uma mulher feliz.,sim
3191735,De apaixonada fui pra mãe solteira.,sim
3191807,Ela pode estar solteira.,sim
3191945,Que eu sou a sua musa preferida.,sim
3192064,É ele é o amor.,sim
3192418,Tô querendo encontrar um homem romântico.,sim
3192432,"O homem ideal, aquele fatal.",sim
3192485,"Menina bacana que rola na cama,.",sim
3192573,se estiver com ela seja natural.,sim
3193902,Pois homem incompetente burro não sabe o que faz.,sim
3194730,Ele é metido a ser galã.,sim
3196094,"Homem é feito lata, é feito lata.",sim
3196135,Homem é biscoito.,sim
3197137,Bebe ela quente.,sim
3197845,"Adoro mulher bonita, forró e festa de gado.",sim
3197860,Forró com mulher bonita vaqueiro não fica só.,sim
3197877,Você lambendo meu corpo é meu homem animal.,sim
3197890,"Voê é meu fila brasileiro, meu homem animal.",sim
3198669,Ela é diarista.,sim
3200249,E ele tão inquocequente.,sim
3200265,E ele tão inconsequente.,sim
3200671,Menino é bom demais.,sim
3201148,E todo homem fica doido.,sim
3201150,Essas damas tão bonitas.,sim
3201151,São damas maravilhosas.,sim
3202560,"Eu digo e ela não acredita, ela é bonita demais.",sim
3202563,"Eu digo e ela não acredita, ela é bonita, é bonita
.",sim
3202573,"Eu digo e ela não acredita, ela é bonita, bonita.",sim
3202575,"Eu digo e ela não acredita, ela é bonita, bonita
.",sim
3202587,"Eu digo e ela não acredita, ela é bonita, é bonita.",sim
3203867,"Somos deusas, mulheres incríveis
.",sim
3204173,Rainha poderosa.,sim
3204178,Essa mulher é espetacular!.,sim
3204944,Olha ela solteira saindo a primeira vez.,sim
3204956,Essa mulher maravilhosa.,sim
3205079,E se ele fosse esse negão.,sim
3206006,Tá pensando que ela vai ficar quietinha.,sim
3206108,Sem beber ela é santinha.,sim
3207005,"Cuidado ela é muito perigosa, viu?
.",sim
3207184,Ela é flex.,sim
3207309,"Mas, ela é mandona.",sim
3207310,"Eh, ela é mandona
.",sim
3207315,Ela é mandona.,sim
3207316,"Eh, ela é mandona.",sim
3208025,mulher forte.,sim
3208060,Ela ela ela ela ela ela é onda do mar.,sim
3208061,Ela é a sereia.,sim
3208091,Ela ela ela ela ela ela é a onda do mar.,sim
3208245,"Rainha fica doce quando chega fevereiro
.",sim
3208787,"O homem sério que contava dinheiro, parou.",sim
3209882,"Mulher é pedra mó
.",sim
3210097,"Ela fica mais brasileira
.",sim
3210153,Só sou mais um homem preto.,sim
3211686,Ela cheia de pressa e ele descansando.,sim
3211817,João é bom igual a.,sim
3211844,João é amor e tradição.,sim
3212057,"Gil é genial, Gilberto é doutor.",sim
3212058,"Gil é jovial, Gilberto é senhor.",sim
3212059,"Gil é carnaval, Gilberto é rigor.",sim
3212060,"Gil é contralto, Gilberto é tenor
.",sim
3212063,"Gil é excelência, Gilberto é visor.",sim
3212064,"Gil é tropicalia, Gilberto é precursor
.",sim
3212069,"Gil é paz, Gilberto é lutador.",sim
3212070,"Gil é orquestra, Gilberto é condutor.",sim
3212071,"Gil é poesia, Gilberto é autor.",sim
3212072,"Gil é mundial, Gilberto é valor
.",sim
3212073,"Gil é violão, Gilberto é tambor.",sim
3212074,"Gil é união, Gilberto é tutor.",sim
3212078,"Gil é alegria, Gilberto é fulgor
.",sim
3212176,Ele é fruto de outras vidas.,sim
3212527,Olha que mulher faceira.,sim
3212529,Ela é flor que se cheira.,sim
3212531,Ela é minha sexta-feira.,sim
3213042,Porque ela é diferenciada.,sim
3213345,A Deusa gostosa.,sim
3213346,Rainha maravilhosa.,sim
3213363,Deusa cavalona.,sim
3213419,Vem cá meu menino gostoso.,sim
3213513,Osama já está cá livre e inabalar.,sim
3213579,"A massa dos homens normais
.",sim
3214102,"Este menino é um capitão de areia!
.",sim
3214219,"Cotovelo, segura cotovelo, menina cotovelo
.",sim
3214628,Se ele é feito fogo.,sim
3215022,Menina negra de rara beleza é nobreza.,sim
3215032,"Digue, digue, oi menina flor.",sim
3215888,A mãe preta do meu pensamento.,sim
3216040,Claudia é paixão.,sim
3218523,Ele larga a swingueira.,sim
3218622,Essa menina é graça.,sim
3218681,"Obra-prima, ela é rima.",sim
3218896,Brown aí é cheio de querer ser.,sim
3219000,"?Filho meu, não inveje o homem violento.",sim
3219166,O derlei era só mais um rapaz comum!.,sim
3219690,Eu sou apenas um rapaz latino americano.,sim
3219727,uma mina grávida.,sim
3219898,"Dos mano e das mina fraca,
.",sim
3219911,"Que ele não é neutro,.",sim
3219965,"Mãe solteira,.",sim
3220047,"Homem duro,.",sim
3220091,"Ana, sem palavra, a senhora é uma rainha, rainha.",sim
3220175,"A mulher mais linda, sensual e atraente,.",sim
3220303,"Homem é homem, mulher é mulher..",sim
3220396,A mina era virgem e ainda era menor..,sim
3220553,Juro pra senhora mãe que eu vou parar.,sim
3220839,Vê que ele é firmão igual um prego na areia.,sim
3220872,"E ela diz que é feliz, que ele é cabuloso.",sim
3221083,"Homem morto, cagueta, sem ser..",sim
3221178,"vagabundo o rei dos reis foi traído na terra "".",sim
3221179,""" morrer como o homem é o prêmio da guerra.",sim
3221565,"Acharam uma mina morta e estuprada,.",sim
3221598,Mas bem antes da ressaca ele foi julgado..,sim
3221601,"Ele ficou bem feio, não tiveram dó..",sim
3221689,Homem mulato aparentando entre vinte.,sim
3221865,Mãe angustiada filho problemático.,sim
3222062,"Ela era princesa eu era o plebeu,.",sim
3222078,"A mais bonita da escola rainha passista,.",sim
3222092,Que mina cabulosa olha só que conversa..,sim
3222158,"Ele é safado,.",sim
3222461,"agora a mina grávida, o que se vai fazer?.",sim
3222843,E ele tava friozão.,sim
3223208,vi um homem chorar/.,sim
3223273,"Vi uma mina bonita, discreta/.",sim
3223278,Vi uma tia crente em pé cansada/.,sim
3223385,"Homem bom, homem bomba, sou mal, não faco jus.",sim
3223997,"Mulher alheia é sagrada, e é isso aí.",sim
3224127,I da licença se da licença ó que mina cabulosa desligou.,sim
3224378,Ele é feliz e tem o que sempre quis.,sim
3224433,Ele está diferente não é mais como antes.,sim
3224612,"Mil faces de um homem leal (2x)
.",sim
3224855,"Ela é preta da cor loira no cabelo, Ela é 1 hora e meia.",sim
3224877,Ela é frenética hipinotizou.,sim
3224888,"Ela é manta, é nagô, é ioruba, Ela é vingativa, Ela é de matar !!!.",sim
3224900,"Ela é zica na cena, Ela é glamour,.",sim
3224928,"vendo muleque, Ela foi capaz.",sim
3225011,"Mulheres vulgares, uma noite e nada mais..",sim
3225065,"Mulheres vulgares, (o quê) uma noite e nada mais!.",sim
3225264,Mas um menino confuso..,sim
3225618,Acabar com delinquentes eles acham ótimo.,sim
3226197,Rapaz comum..,sim
3226408,E a quanto tempo o homem já não era violento.,sim
3226442,Poderia ser melhor mas ele é tão ruim..,sim
3226853,"Aí você vai vê nego, qual é que é se ela é a guerreira.",sim
3227998,Ela está farta de tudo que anda ocorrendo.,sim
3228330,Não tem diferença do homem moderno.,sim
3228369,"Não tem diferença do homem moderno
.",sim
3228416,Ela não é piriguete.,sim
3228490,"Habilidosa, mina habilidosa.",sim
3228789,"Muleque é noix 7, caboclo é noix 8
.",sim
3229124,Ela é zero-bala.,sim
3229126,"Ela é calmaria, depois da tormenta.",sim
3229127,"Ela é mistura, piracema
.",sim
3229738,Maria é mãe e pai e é filha também.,sim
3230572,Olha o menino está perdido por inteiro.,sim
3230574,"E o menino tá perdido, tá perdido na ilusão.",sim
3231506,"Eliane, você é para mim uma mina importante.",sim
3232786,Ela é linda e como eu fico bem..,sim
3232791,"Ela é linda...




.",sim
3232919,Ela é linda...,sim
3233305,"Que ela é avó
.",sim
3234382,"Mulheres lindas esperando só
.",sim
3234405,"Mulheres linda
.",sim
3235082,"Homem é o coração e não seu o diploma
.",sim
3235226,Sei que sou capaz um homem fugaz e sem capataz aqui em.,sim
3235354,Por isso não me iludo ela é a base de tudo.,sim
3236439,"Não é minha metade, ela já é completa.",sim
3236440,"E de maturidade, pensa na mina esperta.",sim
3236503,"Pra mim ele é o ar, (o ar) que asfixia a dor.",sim
3236842,ELE é presente.,sim
3237687,"Neste universo falso, comandado por homens falsos.",sim
3237748,Quero ser diferente de outro homem comum.,sim
3237798,Vem menina linda vem dançar.,sim
3238584,Agora ela é ruim.,sim
3238903,nois tá rico varios pente preparado.,sim
3238906,"Da melhor forma os menino tá bolado
.",sim
3239389,"Ela age igual dama, mente que me ama.",sim
3239578,"Ela é capaz, faz e não se intimida.",sim
3239788,"esta donzela cristã !)
.",sim
3239838,"Falo de mulher bonita, caboclinha lá da roça.",sim
3239839,"Não gosto de valentia, pois todo homem valente.",sim
3239844,"Homem sozinho não presta, gasta tudo em farra.",sim
3239942,"Homem magro, manda embora!.",sim
3240297,Eu não sou homem sou um anjo eu.,sim
3241567,"Sim, eu amo meu bem, ela é minha namorada.",sim
3241803,Um homem novo abriu meus devaneios.,sim
3241902,"Ela é carioca
.",sim
3241903,"Ela é carioca, Ela é carioca.",sim
3244220,Não vai ter mulher pobre ao meu redor.,sim
3244652,Abraão são valentes pra danar.,sim
3245407,Lelê tá doente.,sim
3245432,Mas ele está muito doente.,sim
3245586,Cujas glórias hão de colher os homens grandes.,sim
3245994,Primeiro amor menina flor.,sim
3245997,"Não, menino triste.",sim
3246001,Durma menino triste.,sim
3246005,Sabe menino triste.,sim
3246009,Olhe menino triste.,sim
3248974,Que mulheres muito invejosas fazem de tudo para tira-lo de mim?.,sim
3251673,"Vejam só, eles não são capazes.",sim
3253007,Mulher demônio!.,sim
3255518,"Ele é o não e o sim
.",sim
3258252,Fui eu que vi um homem foda em um fracassado.,sim
3258448,Ela já é grandinha e dona do seu próprio nariz.,sim
3261627,O menino ia garboso.,sim
3261757,Mulher também é guerreira.,sim
3264029,Ela é feita de espinhos.,sim
3264614,Deus eu sigo ele é meu socorro me ajuda a caminhar.,sim
3265226,Minha mãe é firme como o sol.,sim
3265585,Senhor motorista.,sim
3266664,"Louca, essa mina é louca
.",sim
3268607,Whindersson é top.,sim
3269074,Eu não nego ele é safado e ainda por cima é carinhoso.,sim
3269075,Ele faz tão gostoso.,sim
3269127,Ele faz tão gostoso (Faz tão gostoso).,sim
3269137,"Ele faz tão gostoso (Vem cá, gostoso).",sim
3270811,É que tem tanto homem bonito na cidade.,sim
3271637,"Elas são coadjuvantes, não, melhor, figurantes.",sim
3273434,"Minha mulher gato
.",sim
3273548,Se liga menina mulher é!.,sim
3274369,"Que ela não é nada sério
.",sim
3276021,"II ele é legal mesmo, hein?.",sim
3277553,Ele não pode ficar parado.,sim
3277598,Por fora ele é crocante.,sim
3277760,"(ela é fabulosa) !
.",sim
3278104,no viva voz dois avós paternos e fraternos.,sim
3278108,Ela é a primogênita do ti ti ti.,sim
3278109,ela é a primogênita da ji ji ji.,sim
3278976,"Mais, ela é acostumada a jogar.",sim
3278988,"Ela é a gastadora, é a gastadeira.",sim
3278989,"Ela é a gastadora, é a gastadeira
.",sim
3278993,"Ela é a compradora, é a gastadeira.",sim
3278994,"Ela é a compradora, é a gastadeira
.",sim
3278998,Ela é mais feliz gastando do que com casamento.,sim
3279013,"Ela é a compradora, ela é a gastadeira.",sim
3279110,"Ela é dominadora, ele se sente sufocado, ele.",sim
3279255,Juro que pensei que ela era feminina.,sim
3279262,Ela é moral de homem.,sim
3279795,"Eu vim lá da zona oeste, ela é menina da zona sul
.",sim
3279796,"Menina mulher, que intimida atitude.",sim
3280246,Princesa negra de.,sim
3280356,"Menina mulher, bonita pra caramba.",sim
3280579,ela é água e eu sou vento.,sim
3281085,"Paixões mais sinceras com a dama mais sensível
.",sim
3281763,Porque ele é ícone do pós-sexo.,sim
3282189,Ela é a dona de si.,sim
3282193,Ela é uma lady.,sim
3282198,Ela não é mercadoria.,sim
3284126,Ela está presa em sua decisão.,sim
3284152,se eles foram felizes pra sempre!,sim
3285239,E eu garoto normal.,sim
3287578,Ela é tão confusa.,sim
3289357,E o senhor extraterrestre.,sim
3290380,Era a menina bonita.,sim
3290462,Quem quiser moça formosa!.,sim
3291547,Menino irmão dos que erram pelas ruas.,sim
3293422,"Menina caprichosa e má
.",sim
3295013,Com ar de menina boa!.,sim
3295375,Eu tenho o marido pobre.,sim
3295541,homens vazios.,sim
3295845,mãe pobre à beira do rio!.,sim
3295850,Mãe pobre à beira do rio!.,sim
3295965,Senhores tiranos que do baralho.,sim
3296471,Pedro é bom de dizer.,sim
3296774,"Maria é moça noiva,.",sim
3296977,Não quero um homem sincero.,sim
3297443,Toda mulher ciumenta.,sim
3297469,E um homem velho.,sim
3298150,Ela linda essa mulher.,sim
3298154,Ela linda vai cantar.,sim
3298512,"Estouram os fogos os rapazes novos,.",sim
3298822,"Ja cantei mulher bonita, também cantei mulher feia.",sim
3298823,"Mulher baixinha faz a fita a mulher alta tonteia
.",sim
3299720,Mostrei ao moço impertinente.,sim
3299909,O ser retoma mulher bem fofinha.,sim
3300158,"Dos homens fui escravo, pra você.",sim
3300164,"Não chore mãe querida, não manche seu coração.",sim
3300883,"Senhora dona da casa, traz seu filho pra cantar.",sim
3301604,É a menina mais bestial.,sim
3301830,Era assim que mãe preta fazia.,sim
3301834,"Mãe preta mais uma lágrima, enxugava.",sim
3301835,"Mãe preta, mãe preta.",sim
3301855,E o homem luar a janela.,sim
3302044,Menina és tão atrevida sem medo da vida.,sim
3302052,Menina não é coisa boa andar.,sim
3302061,Um dia menina atrevida.,sim
3302070,"Ai, menina linda, não faz assim comigo não.",sim
3302071,"Ai, menina linda, não faz assim comigo não
.",sim
3302072,"Menina faceira, do olhar sereno.",sim
3302441,Da minha mãe já velhinha.,sim
3302688,Êta mulher chorona.,sim
3302695,"Mulher chorona, chega de chorar
.",sim
3302703,"Mulher chorona, chega de chorar.",sim
3302822,"Porque ela não é mais solteira (bis)
.",sim
3303346,Lá vai rei morto rei posto.,sim
3304084,Menina namoradeira.,sim
3304217,Tô de namoro com uma moça solteirona.,sim
3304220,Estão falando que ela é muito coroa.,sim
3304221,"Ela é madura, já tem mais de 30 anos.",sim
3304227,"Menina nova é muito bom, mas mete medo.",sim
3304241,Dona de casa tem que ser mulher madura.,sim
3304537,"Que a rainha louca não gostava
.",sim
3304713,Que importa se ele é branco ou forte.,sim
3304763,Ele é dono disso e faz aquilo.,sim
3304852,"Rosinha és tão vaidosa, não queres ninguém da aldeia.",sim
3304853,Rosinha és tão vaidosa não queres ninguém da aldeia.,sim
3306998,Não sei que diga ele era tão desengonçado.,sim
3307795,"E de tetas até à cintura há mulheres crepitantes,.",sim
3309374,Menino pobre teu lar.,sim
3309392,Menino pobre o teu lar.,sim
3310229,"Ele é querido, ele é amado.",sim
3311465,Minha avó negra sabia.,sim
3312586,Ele é rapaz novo.,sim
3312650,"Mãe preta mais uma lágrima enxugava
.",sim
3312651,"Mãe preta, mãe preta
.",sim
3312653,Mãe preta embalava o filho branco do sinhô.,sim
3312738,A palavra brotou da boca dum homem bom.,sim
3314143,Casava c'um homem cego.,sim
3314727,"mulher misteriosa,.",sim
3318214,Porque ela fala mais alto.,sim
3319026,"Ela bem aqui pertinho de mim
.",sim
3319053,Senhora é mãe como vocês.,sim
3319114,"Moça bonita, flor na janela.",sim
3319123,Velha mina seresteira.,sim
3319847,Porque ele é mais sábio.,sim
3320027,A menina é tão bonita.,sim
3321061,Mas ela é uma ave de rapina.,sim
3321995,E sua mãe cheia de sacolas.,sim
3323170,O nordestino hoje é homem diferente.,sim
3323428,"E já que ela é curta, vamos curtir sem pressa.",sim
3324636,"Ela está sempre presente
.",sim
3325122,Sei que tem homem casado do juramento esquecendo.,sim
3325802,Mulher chata e pernilongo.,sim
3325833,Quem casou com mulher linda.,sim
3325841,Quem casou com mulher bela.,sim
3326050,"Mas esse homem forte, tão determinado.",sim
3326959,Transformando um homem maduro.,sim
3327275,"Quando eu a vi, pensei: ela é roqueira.",sim
3327277,"Quando a vi ouvindo rap, disse: ela é funkeira.",sim
3327284,"Ela é maravilhosa, ela é demais
.",sim
3327285,Quando beijei sua boca vi que ela é doideira.,sim
3327286,Quando ela ficou zangada vi que ela é madeira.,sim
3327298,"Que mulher maravilhosa, que mulher faceira.",sim
3327469,"essa menina é perdição
.",sim
3327667,Mulher carente arrocha depois do.,sim
3328291,"De um homem terrível só pra lhe aguardar
.",sim
3328667,"Essa menina é muito linda tua beleza
.",sim
3328871,"De forró de cachaçada, de uma mulher bonequeira.",sim
3329526,Para ela ser tua.,sim
3329670,Só o senhor tá desconforme.,sim
3330166,Mulher ingrata e fingida.,sim
3330641,"Mas não tenha pena se ele é matador
.",sim
3331006,Ela era uma morane dos olhinhos averdeados.,sim
3331108,"moça bonita o tei, tei comom.",sim
3331147,"A mãe orgulhosa, diz pras vizinhas.",sim
3331905,"E o menino bobo se apaixonou
.",sim
3331906,E o menino bobo se apaixonou.,sim
3332641,"E onde tem mulher bonita, eu chego primeiro.",sim
3332645,"Onde tem mulher bonita, eu chego primeiro.",sim
3333137,"Menino bicho acostumado
.",sim
3333542,"Eu quero uma morena, menina pequena que saiba beijar
.",sim
3334108,"Ele era filho de alguém, e tinha filho e mulher?.",sim
3335116,"Mulher bonita é a fraqueza dos vaqueiros desse mundo
.",sim
3335714,Por que eu sei que ele é fraco.,sim
3336226,Ela tá viciada no galope.,sim
3336611,É que ela é toda santinha princesa carinha de baby.,sim
3336646,Ela vem pronta pro abate.,sim
3337507,Ele te deixa insegura.,sim
3338414,"Ô mulher ruim

.",sim
3338417,"Ô mulher ruim
.",sim
3339675,"Que, às vezes, o homem é chato.",sim
3339987,Todo homem vagabundo a vida só atrapalha.,sim
3340012,É viciado em bozó dama sinuca e baralho.,sim
3340083,pra salvar gente inocente.,sim
3340152,antigamente uma mãe criava uma filha bela.,sim
3340215,"não é a toa que hoje ele é rei na pirataria
.",sim
3343679,"Este homem é tão valente, que parece brincadeira, na sua jurisdição, .",sim
3343681,"Eu mesmo já vi de perto ele sozinho acabar com uma feira!
.",sim
3343767,Ele tá muito diferente.,sim
3343849,Tem tanta mulher bonita.,sim
3343962,"Garota bonita, suor e poeira.",sim
3344006,"E Lindú, sua voz de menino sabiá
.",sim
3344021,Lia é branca que só leite.,sim
3344075,Há fogo menina nova.,sim
3344103,Você tem um homem completo.,sim
3344433,E fez uma menina linda.,sim
3344723,"Se tem mulher bonita, o velho já tá de lado.",sim
3344766,"Se tem mulher bonita, o velho já tá do lado.",sim
3344923,Ela é mulher sem nome.,sim
3344976,"Ela é roleira, não tem pena do coitado
.",sim
3344977,"Acho bem feito, porque ele é gabola.",sim
3345720,O homem mais contente da cidade.,sim
3348641,Hoje ela chegou linda como nunca.,sim
3348758,"Ela ta diferente, ta saindo muito.",sim
3350234,Que ela é gente boa.,sim
3350305,"Mãe pura do meu senhor
.",sim
3350760,"De ter você, homem safado, pra mim.",sim
3350888,Mulher tão boa assim eu nunca vi.,sim
3351167,Ela é minha razão.,sim
3351529,"Sou um moço triste, meu mundo é pequeno.",sim
3351561,"Nunca vi menina louca, tão afoita desse jeito.",sim
3351578,"È menina afoita
.",sim
3351852,Deus muitos homens são cruéis.,sim
3351957,(Ele é sincero).,sim
3352233,Que pra tu deixar de ser mulher bandida.,sim
3352263,Ela é garota de programa.,sim
3352307,Mulher bonita eu pago dobrado.,sim
3352626,"Ela é boa de dança, baila dobra e balança.",sim
3352629,"Ela é toda sensual, gostosa.",sim
3355461,Ele é rei.,sim
3355515,"Realmente são todas elas divinas
.",sim
3355544,"Ei menino branco, o que é que você faz aqui?.",sim
3355582,"Mandela agora é livre
.",sim
3355606,Mandela agora é livre.,sim
3357417,"Minha mãe é negra,graças a.",sim
3357445,"""É brother...A minha mãe é negra,brother!.",sim
3358561,Olê mulher rendeira.,sim
3359195,Ela é doce e eu amo aquela gata.,sim
3359211,Ela é a atriz mais linda e eu sou a plateia.,sim
3359214,Ela é perfeita sendo uma garota singela.,sim
3359258,"Não é desfalque, ela é cadela.",sim
3359259,"Ela é presente, ela é completa.",sim
3359431,Do seu lado ela é uma santa.,sim
3359563,Porque ela é presente.,sim
3359617,Se ela tá perdida eu mostro como me encontrar.,sim
3359623,Ela joga sujo mas sabe que eu sou esperto.,sim
3360017,Ela fica sensacional.,sim
3360029,Ela é a garota dos meus sonhos.,sim
3360030,"Ela é uma tentação
.",sim
3360167,"Ela é fiel, é gavião, eu sei.",sim
3360243,"Pelada bem tatuada, mais que mulher sensual.",sim
3360314,"Ela é a mais gata, marrenta.",sim
3360317,Ela vem pronta toda linda.,sim
3360335,"Ela é linda e sensual, meiga atraente, tão especial.",sim
3360349,Ela é a perfeição inesquecível.,sim
3360404,Não tô pagando de senhor juiz.,sim
3360495,"Eu sou um garoto nato
.",sim
3360505,São dez da manhã e ela tá bem sex.,sim
3360530,"Menina sozinha, se sentiu trocada.",sim
3360559,"Ela só quer ser feliz não é alguém que quer dar troco, e tentou.",sim
3360720,"Ela é doce, ela desce desliza igual mel
.",sim
3360728,"Ela é selvagem, sabe que é.",sim
3360879,"Menino prodígio, acredita em si mesmo.",sim
3361127,Essa garota é doce tipo um sundae.,sim
3361182,Mina fica loca e prepara outro corte.,sim
3361699,"varias mulheres bonitas então pode chegar, ai ai!
.",sim
3362697,Ela é arrochada.,sim
3362704,Ela dança gostosinho.,sim
3362776,A mãe era viciada e o pai a maltratava.,sim
3362787,Ele era um assaltante.,sim
3362864,E sua filha ficou mais conhecida.,sim
3363360,Oh mulher abacaxi.,sim
3363420,Vou aproveitar que ele também ta louco.,sim
3363504,Essa mina é tenebrosa.,sim
3363563,"Mas ela já é mulher
.",sim
3363616,Ela é minha alegria].,sim
3363633,Ela sabe ser fiel.,sim
3364720,"O bonde é chave, é só mulher sagaz (Hmm).",sim
3365216,"Porque homem é homem e moleque é moleque
.",sim
3366159,"Só mulher gostosa, só cara parceiro.",sim
3366503,'Tá lotado de mina gostosa.,sim
3366624,"Amizade especial, ela é sinistra piranha profissional
.",sim
3367162,Nessa moça gostosin.,sim
3367174,"Nessa moça gostosin
.",sim
3367219,Se você soubesse que sua filha é mó safada.,sim
3367900,Ela é linda e perigosa.,sim
3368455,É porque eles tá preocupado com o hit do ano.,sim
3368589,Sem opinião que ele também foi ser trabalhador.,sim
3368701,"Minha mãe é dama, linda e fina.",sim
3368720,É tipo aquelas mulher brasileira que o.,sim
3369012,Desculpa gata garota mistério.,sim
3369303,E ela é linda e perigosa.,sim
3369724,Gucci ela é bem moderna.,sim
3369764,Dona da safadeza ela é dona da torre.,sim
3370100,Um verdinho do verdin pras menina saliente.,sim
3370313,"As mulher tá louca de verdade
.",sim
3370623,"Moça bela, tá discreta.",sim
3370760,Passou uma mina gata e eu me encantei.,sim
3370765,"Sei que ela não é casada, uns parça de quebra.",sim
3370772,"Ela é maior, eu sou novinho, mas as ideia consta.",sim
3370782,"Só tenho 18, sou menino novo, mas ela me ama
.",sim
3370786,"Só tenho 18, sou menino novo, mas ela me ama.",sim
3371055,"Que ela é linda, linda.",sim
3371079,"Por que ela é linda, linda.",sim
3371081,"Que ela é linda
.",sim
3371083,Porque ela é linda.,sim
3371332,"Dei valor na vida, ela não é ilusão.",sim
3371557,Ele é importado.,sim
3371726,Ela é toda marrenta.,sim
3371735,Essa garota mistério e não enconde essa polpa.,sim
3371737,Essa garota mistério e não esconde essa polpa.,sim
3371799,"Ela é incomparavel,ela e absoluta,
.",sim
3371954,"E ela tá ficando louca pra me dar
.",sim
3372276,E a mochila na garupa ela é experiente.,sim
3372300,Eu te ofereçendo grana não percebi que ela não era puta.,sim
3372395,"Essa mina é louca, louca, não liga se eu tô com outra.",sim
3372419,"É bom demais te ter, essa mina é louca.",sim
3372592,"Ela é puta, mas é uma.",sim
3372822,Ela ficou descontrolada.,sim
3373015,Que indique que o senhor é policial.,sim
3373931,Não duvide de uma mina cheia de sonho.,sim
3374524,"Moleque é zika, é treta.
.",sim
3375238,A nossa pátria mãe gentil se acostumou com os maus momento.,sim
3375897,De onde sai tanta mulher gostosa eu não sei.,sim
3376283,Não toca nela que ela tá tranquila.,sim
3376500,Ela é real só não é igual e rendeu uma inspiração.,sim
3376534,Eita mulher chique top linda atraente.,sim
3376618,O hiato na vida do menino poeta.,sim
3376675,Na intensidade ela tá graduada.,sim
3378961,A mãe tá dividida entre a ousadia e o love.,sim
3378967,"A mãe tá dividida entre a ousadia e o love
.",sim
3379096,"Deixar qualquer homem louco
.",sim
3379493,Mas ela não é mole não.,sim
3381192,"Ela é funkeira também, gosta de um baile.",sim
3381267,Ô pai me conceda essa moça linda e abençoada demais.,sim
3381277,Ela é bem suave como o vento.,sim
3381522,"Mano que menina descarada, ela é mó safada.",sim
3382461,"Essa mulher é quase inacreditável
.",sim
3382714,Oh essa mina é zica.,sim
3383102,Mano não foi fácil não.,sim
3383993,"Veja bem, Deus é bom todo o tempo, essa é a fita.",sim
3384216,"Pô, ela é diferenciada, mó pressão.",sim
3384247,"Pô, ela é diferente, mó pressão.",sim
3385008,"É bandido é picadilha, elas fica apaixonada
.",sim
3385057,Três minas gostosas em cima da minha cama.,sim
3385623,"No discreto, menino moderno.",sim
3385638,"Pergunta pras bandidas, em quem que elas tão gamada.",sim
3385738,Se ela é interesseira e tá no interesse.,sim
3385811,"Os garoto maroto, os garoto maroto.
.",sim
3385940,"Os garoto saliente
.",sim
3385973,"Com os garotos salientes
.",sim
3386276,"Coração ele é bandido pra ninguém roubar
.",sim
3386293,Ela é mó peça.,sim
3386571,"Que mulher gostosa, ela é do bonde do bumbum
.",sim
3386837,Tô ligado que essa mina é braba.,sim
3386849,"Ela é insaciável, classe, que elegante favelada.",sim
3387960,Uma princesa fiel de fechar pura.,sim
3387962,Mulher é ísca e eu doido pra fisgar.,sim
3388071,Hoje ela é dona da.,sim
3388354,"essa mina é chapa quente
.",sim
3388553,"Ela tá doidona e não disfarça
.",sim
3388574,"Ela desce gostoso
.",sim
3388872,"Ela é a mina que você respeita
.",sim
3388952,Sei que ela é diferenciada e isso chega a parar.,sim
3388979,Mas quando ela tá nervosa.,sim
3389893,"Ela tá soltinha, tipo modo facinha.",sim
3389895,"Ela tá soltinha, tipo modo.",sim
3389900,"E ela tá soltinha, ativo modo facinha.",sim
3390345,"Ela quica no grau, ela é profissional.",sim
3390587,"Vai, menina braba.",sim
3391186,a menina é bem truqueira.,sim
3391413,Ela é a cara do crime.,sim
3392143,Mas que mina experiente é muito gostosa.,sim
3392145,Mais que mina experiente é muito gostosa.,sim
3392166,Ela é gostosa maravilhosa é linda e cheirosa.,sim
3393453,Senhor é tão fiel.,sim
3395049,Ele é fiel e justo.,sim
3395173,"Ele é rei, ele é.",sim
3395679,"Eu falo dele, ele é o rei.",sim
3396112,Ele faz visível.,sim
3396138,Ele é ousado é insistente ele vai lutar.,sim
3396250,Aquele homem valente em um menino se tornou.,sim
3396283,Senhor é santo.,sim
3397186,Deus fez ela muito linda.,sim
3397191,Josué sou forte igual.,sim
3397878,"Ele era um rei, mas se esvaziou.",sim
3398055,Com ele sou grande.,sim
3398216,"Ele é santo, todo poderoso!",sim
3398233,O Senhor é meu refúgio.,sim
3398520,Ela era tão linda.,sim
3399280,"""Mas ele é um camarada morto....",sim
3400798,"""Nossa, ele é mais punk do que eu!"".",sim
3400805,Avança no sendeiro o homem forte a cada prova.,sim
3401334,"o homem nu rasgou a bíblia mesmo não tendo religião
.",sim
3401480,Ele é limpinho.,sim
3401512,Um homem bom com crédito.,sim
3405783,"Fé, no que ele é vivo.",sim
3406938,Ela é real apenas não foi tudo.,sim
3422763,O senhor certo.,sim
3427637,Ele é o poder de tudo.,sim
3440621,"Garota radical
.",sim
3441685,Uma menina tão legal (uoh uoh uoooh).,sim
3442129,"Sua mulher especial mora aqui no meu coração
.",sim
3442189,Garota suvaqueira o cheiro sai de trás.,sim
3442192,Garota suvaqueira vou mostrar meu amor.,sim
3442196,Garota suvaqueira eu te quero bem.,sim
3442202,Garota suvaqueira imagine nós dois.,sim
3442347,Mauro e mário são solteiros.,sim
3442526,"Uma menina tão legal
.",sim
3442535,"Ela deu mole pra mim
.",sim
3442540,"Já foi, ela não é tão novinha assim!
.",sim
3442553,"Já foi, ela não é tão santinha assim!
.",sim
3443018,"O homem é irresponsável
.",sim
3443332,Mas o homem branco.,sim
3443424,MULHER PELADA!.,sim
3443468,"bater na namorada é fazer ela gozar melhor puta pleibói, puta pleibói desde pequeninho puta pleibói.",sim
3443471,força bruta vai mostrar que ele é superior...,sim
3443552,Jello estava certo.,sim
3444402,ele era covarde.,sim
3444975,Acima de tudo e de todos ele é o poder.,sim
3445448,"A mina é uma piranha,ou eu sou um suicida?.",sim
3447148,A mulher é a chave de entra para o poder.,sim
3447513,Meu rei consolador.,sim
3448115,Inocentes garotos inocentes garotos.,sim
3448117,"Inocentes garotos inocentes garotas cantam
.",sim
3448126,Inocentes garotos inocentes garotas.,sim
3448127,Inocentes garotos inocentes garotas dançam.,sim
3448263,Procuro uma mulher original de fábrica.,sim
3451266,a garota mais feia.,sim
3451440,Garoto drogado e infeliz..,sim
3451865,"E achar a mulher querida, para me casar
.",sim
3451887,Ele é o otário que te banca.,sim
3452050,Quando perguntei se ele era branco.,sim
3452076,"Pega o homem branco com o tiro de escopeta
.",sim
3452499,Pois ela jamais será considerada nobre pelos nobres miseráveis que comandam o planeta.,sim
3452766,Menino bom com o peito cheio de rancor.,sim
3453148,"Menino cego na esquina, mais um vilão.",sim
3453938,"Ele é seu amigo, mas você não deveria confiar.",sim
3454274,Ele é animal.,sim
3454281,Ele é o mestre do inferno.,sim
3456143,De ver o marido estrangulado pelo irmão.,sim
3456153,"César era culpado, mas ele tinha o poder.",sim
3456308,"Todo dia, um homem novo.",sim
3456664,Senhora bela.,sim
3457613,O Aquaman tá diferente perdeu a postura.,sim
3458045,"Essas minas é mó marra, mas depois que viu
.",sim
3458162,"Ela é patrícia, mas gosta de um malandro.",sim
3458164,"Ela é patrícia, mas gosta de malandro.",sim
3458302,Tentei sair ileso mas a mina é confusão.,sim
3458535,Ela é saborosa tipo uísque 12 anos.,sim
3458545,"Ela é puta na cama, companheira no asfalto.",sim
3458546,"Ela não é bandida mas me tomou de assalto
.",sim
3458615,Mas não me deito em uma cama sem mulher presente.,sim
3458633,"Três filhos de uma mãe solteira
.",sim
3459164,Deus ele é o guia.,sim
3459165,"Ele é o guia
.",sim
3459596,"Ciúme é de mulher pobre, não sabe compartilhar.",sim
3459597,"Mulher rica é outra ideia, chama amiga pra somar.",sim
3459842,Quantas mina gata.,sim
3459903,E eu sinto que ela ta foguenta.,sim
3460007,Mulher é cortesia.,sim
3460075,"muita mulher bonita, muita azaração.",sim
3460280,Com as roda de audi as mina fica louca.,sim
3460297,Ela tá socada porque é carro de bandido.,sim
3460584,"Sim, garota excitante, colar de diamante....",sim
3460589,"Garota excitante, colar de diamante, pulseira de.",sim
3460591,"Ela já ganhou a pista, ela é capa de revista, boca.",sim
3460602,Menina sensual (tem).,sim
3460624,"garota excitante, colar de diamante....",sim
3460871,Tem muita mulher gata.,sim
3461200,O lugar só mina chique.,sim
3461506,Ela tem sexy.,sim
3461580,"Garota fica louca, e eu de.",sim
3462131,"se ela quer o meu ibop eu quero ela nua,.",sim
3462195,"hoje a noite é nossa, bebida e mulher quente.",sim
3462419,Você é uma menina má e merece apanhar.,sim
3463017,Com os grave na caixa eles tá ficando bravo.,sim
3463639,"De pé no chão, homem comum.",sim
3463806,"Ele era uma mulher preta
.",sim
3464154,"Parabéns mamãe, seu projeto de homem feliz deu certo
.",sim
3464322,A confiança é uma mulher ingrata numa orgia.,sim
3464455,"Tempo das mulher fruta, eu vim menina veneno.",sim
3464502,"Protagonista, ele preto sim.",sim
3464686,"Ae ouvir teu bairro sussurar (cê sabe, mãe solteira é.",sim
3465183,Aleijadinho era rei.,sim
3465271,"Ela não bem cuidada, ela era brilhante.",sim
3465318,"Linda, sabe da sina, mina valentona.",sim
3465324,"Ela é purpurina, skinny e paquitona.",sim
3465348,Ela é paz pra.,sim
3465359,"Eita, mulher durona
.",sim
3465391,"Talibã latino, menino bomba.",sim
3465723,Maria é faya.,sim
3466197,Pensam que ela é gêmea.,sim
3466488,"De dar inveja, ele é puro, que nem.",sim
3466514,"Selva de pedra, menino microscópico.",sim
3467336,"Esses meninos são sangue, medo e pele.",sim
3467654,ele é igual a você foda-se a diferença.,sim
3467767,Vendo os gambé zoando os que é menino bom..,sim
3467820,"Quero só a liberdade, igual o homem bicentenário, só de mostra meu ódio vou achar adversário, desnecessário, de juca no cenário,.",sim
3468485,"Eu tenho, a mulher mais linda,.",sim
3468660,"Poucos conseguem dizer não pra grana e mulher gostosa, com interesse agradeço por ser um desses.",sim
3469005,"Nobre, Homem podre, pique.",sim
3469235,"Menino bom, sonhador, dedicado, de valor.",sim
3469371,"cachê é pago em moedas, sonhando com minas nuas.",sim
3469525,Moças bonitas com sorriso de.,sim
3469631,O que será dos bom vinhos e das garotas calientes?.,sim
3470379,"Se as mina é puta, ou algo mais.",sim
3470637,Mas ela é capricórnio e resolve.,sim
3470639,Que ela é capricórnio e resolve.,sim
3470641,Ela é capricórnio e resolve.,sim
3470887,"Eles querem ser famosos, nós podemos ser mais
.",sim
3471101,É difícil pra um menino brasileiro.,sim
3471103,"Crescer um homem inteiro, muito mais do que metade.",sim
3472032,"Somos reis undergroud, matéria prima.",sim
3473010,e no olhar pureza das menina moça...,sim
3473303,"(Aí cê diz pra ela assim ó, que ela vai ficar apaixonada,.",sim
3474038,Matilha de dois ou de homem grande vilão..,sim
3474103,"Matilha de dois, onde homem grande é vilão.",sim
3474362,Homem fraco inseguro?,sim
3474383,"e cada homem é um templo alheio ao nome e ao tempo, sem posses materiais a mercê do que o vento traz.",sim
3474711,"Menina preta perde infância, vira doméstica.",sim
3475681,Já que o rei não vai virar humilde eu vou fazer o humilde.,sim
3476515,Carente de atenção ela ate-rroriza.,sim
3476526,"Moleque novo, tranquilo, deixou uma menina bela.",sim
3476899,É ver que a minha mina é linda.,sim
3476954,"Por isso, mulheres são a razão e a fração.",sim
3476962,Ela é política aplicada em conversas banais.,sim
3477047,Eu disse: Senhor sou tão tímido!.,sim
3477252,"E eu chego devagar porque ela frágil, ela frágil.",sim
3477254,Ela é mulher feita.,sim
3477277,Ela é cortante fino.,sim
3477281,Ela é porrada e bomba.,sim
3477284,Ela acordou disposta a ser melhor que ontem.,sim
3477386,Meninos virgens de sofrimento na vida vão peidar.,sim
3477535,"ELA É GUERREIRA, ELA É BRASILEIRA!!
.",sim
3477612,"Eu vagabundo, ela linda.",sim
3478220,Ela é a paz pro.,sim
3478225,ela é solução!.,sim
3478247,"Essa mulher é raridade, já virei fã.",sim
3479062,Não é a prancha nem o pé ela é parafina.,sim
3479337,"Ela é tão bela, e eu tô sempre junto com ela.",sim
3479340,"Ela é fiel, por isso nosso amor decola.",sim
3479345,"E ela nem reclama, ela é meio calada.",sim
3479978,"Ela é pandora, ela é afrodite, ela vigora.",sim
3480794,Porque você não gostaria se ele fosse um cara grudento.,sim
3480816,"Mulher, talvez com ele seja igual.",sim
3481074,Nossa postura é um homem cego sem cão guia.,sim
3481407,Às vezes acho que a sina de todo homem pegador.,sim
3481476,"Homem rico nunca é feio ao olhar das vadia,.",sim
3481813,"Menino novo chegava lá,.",sim
3481854,"Menino novo chega a falar, me diz, quem eu tenho que matar?.",sim
3482535,Que deus abençoe então o role dos menino bom.,sim
3482613,"Uns mano sem respeito, e umas mina sapeca.",sim
3482649,Um homem respeitável um cara responsável.,sim
3482824,"Salve, salve, mulher atuante.",sim
3482838,"Todas mulheres tão incríveis, tão belas.",sim
3483154,Eles tão vivos por um único motivo.,sim
3483365,Se puxar pra sua mãe linda você vai ser.,sim
3483406,"Deus, mataram um amigo meu, e ele tava errado.",sim
3483456,Pensam que eles são rei.,sim
3483722,Já aprendi que nem todos os homens são iguais.,sim
3484068,"Ela é rap, ela é funk, ela é pagode.",sim
3484076,Ela é fruta rara da polpa.,sim
3484731,Sorte a minha que eles são meus amigo.,sim
3484993,"Ela é tão louca, louca, louca.",sim
3485112,Que essa mina é muita areia e tá olhando pra mim.,sim
3485511,Esses menino é pique.,sim
3485806,"É só os menino bom que trabalha e faz um som, pode pá que não dá outra, é nós..",sim
3485960,"Pros meus irmãos eu sou o sol, eles são o céu.",sim
3486127,"O problema é que ela é feia e mesmo assim metida, o.",sim
3486135,"Essa menina é propagandoa enganosa, cê pensa até que.",sim
3486299,"Ela dança, ela avança, ela é doida.",sim
3486668,E eles vem doido procurando treta.,sim
3486972,"Um homem consciente, honesto e verdadeiro.",sim
3487377,"A imagem do meu povo é uma tia cansada, calejada.",sim
3487479,"Menina linda, eu quero morar na sua rua
.",sim
3487761,"Daqui pra frente ele vai tratar diferente uma mulher
.",sim
3487935,"As mina que cola aqui, é as mina inteligente.",sim
3487936,"As mina consciente, que curte rap nacional.",sim
3488389,Meninos querem uma mina bonita.,sim
3489112,"Minha mãe foi escritora, foi atriz, cantora, foi compositora.",sim
3489566,"Ela é maluca, e eu sou o rei do virote.",sim
3489991,"Eu sou formação marginal, ela é magistrada.",sim
3489995,Ela é jóia rara.,sim
3490026,"Todos eles são especiais
.",sim
3490039,Ela é doce igual mel.,sim
3490316,"Ela tá virada, mais uma vez de rolê na quebrada.",sim
3490329,Tanta rebeldia deixa ela ainda mais linda.,sim
3490583,No primeiro rolê da quebra já trombei com a mina mais bela.,sim
3490596,E ela é brisa breve.,sim
3490642,Pra essas mina louca que só te inveja.,sim
3490650,Além de marrenta ela é esperta.,sim
3490651,Essa mina é foda.,sim
3490660,Eu vagabundo e ela bem discreta.,sim
3490677,Ganhando o mundo com a mina mais top.,sim
3490765,Menina boa é um exemplo mais tudo muda moleque.,sim
3491162,Os menino tá afoito e o corpo tá devendo.,sim
3491430,"Hei mãe noite a senhora hoje tá linda, hein.",sim
3491493,Tipo aquela hora que cê pensa essa mina é doida.,sim
3491515,Essa mina é doida.,sim
3491527,Descobriu que é menina fresca.,sim
3491680,"Eu vou na paz né, o senhor é justo.",sim
3492136,"Pra um homem moderno, não devo nada pra ninguém.",sim
3492193,"O Senhor é justo, o.",sim
3492194,"Senhor é justo
.",sim
3492257,olhos do beiça quando ele tá noiado..,sim
3492714,Ela é piriguete é patrícia do lado de lá não interessa.,sim
3493806,Essas meninas tão louca e não dormem.,sim
3493845,Essas menina tão louca e não dormem.,sim
3494029,A barriga da mina já estava bem visível.,sim
3494770,"E ela é pólvora, e eu faísca.",sim
3494795,"Garotas lindas, mas mentirosas.",sim
3495002,Vamo pra praça que as menina tá foguenta.,sim
3495366,"Ela é a prova viva, que a vida é bela.",sim
3495406,Podia viver a vida sem uma mulher diferente.,sim
3495717,Ainda lembro à senhora deprimida.,sim
3495731,Sei que a senhora não é feliz eu também não.,sim
3496362,E rei sem majestade é só um homem comum.,sim
3496427,A mina mais gostosa da quebrada do meu lado.,sim
3496494,"O senhor é meu pastor, ideias não me faltarão.",sim
3496848,Minha mina pop star.,sim
3496942,Fulano regenerado porque no passado ele era drogado.,sim
3496945,"Ela ficou tão popular que hoje até deputado fuma
.",sim
3497051,Hoje só preciso de uma mina louca.,sim
3497549,"Pensar custa caro, e o homem é mercenário..",sim
3497718,Atitude e close de garota suicida.,sim
3498021,"Louco na cena ela é problema, ela é a liberdade plena.",sim
3498022,"Ela é algema, mas cê lidar com isso aqui.",sim
3498564,Senhor é justo aí parceiro saiba disso.,sim
3498931,"Será um homem honesto, abençoado e bem sucedido.",sim
3498938,"Mais o senhor é justo, ai parceiro saiba disso.",sim
3499138,"Moleque, a sua mãe tá xaropando cabuloso lá atrás.",sim
3499635,"E essas mina linda, no porte da matéria prima.",sim
3499647,E o homem branco é enjoado.,sim
3499715,Que homem branco proibiu.,sim
3499802,"Rapaz comum na rua, me seguir não vale a pena.",sim
3499872,Entre a cruz e a espada sempre um homem humilde.,sim
3499933,"Hoje aprendi, que o homem é traiçoeiro.",sim
3499960,Ela é nave e ninguém pilota.,sim
3500524,Quis ser feliz dos contatos.,sim
3500546,Só um homem solitário na escuridão da cela.,sim
3501245,Um homem inteligente de camelo não é ninguém.,sim
3501524,Dizem as más línguas que ela é boa de (Alô!).,sim
3501752,"Cê tenta ser contente e não vê que é revoltante, você tá sem emprego e a sua filha tá gestante.",sim
3501861,(Mulheres vulgares.,sim
3501929,O quê que importa se ele é nordestino e você não?.,sim
3501930,O quê que importa se ele é preto e você é branco.,sim
3502055,"Meu pai, um homem sério, um gaúcho de.",sim
3502105,Sorriso emocionado de um senhor experiente.,sim
3502362,Dos homens importantes.,sim
3502532,Quando ela é pura ela é eterna.,sim
3502968,Fala a verdade porque ela é chave.,sim
3503327,Quando eu me sinto inseguro como um menino indeciso.,sim
3503496,O quê que importa se ele é preto e você é branco?.,sim
3503882,Os que trabalham não são homens livres e continuam.,sim
3503907,Mas hoje em dia ele é universal.,sim
3504024,a mulher sempre vai ser mais esperta.,sim
3504081,Pra priorar levaram o bigodudo como suspeito - Ele era preto - Coisas desse tipo é difícil esquecer.,sim
3504089,As mulheres são boas de cama) Ô gringo não força.,sim
3504131,Hm mudei de assunto ele já tava encabulado.,sim
3504135,Ele é um mestre.,sim
3505147,E hoje ele é o craque mais bem pago da.,sim
3505267,Algum tagarela me falou que ela é donzela.,sim
3505300,"Tu é tão vira-lata, ela é gata esquece.",sim
3505533,"É, nem parece que ele é filho de bacana.",sim
3505634,"O Déo já é papai e é fiscal da natureza, beleza,.",sim
3505637,Almir-Rato agora é professor de natação.,sim
3505683,E os meninos assassinos vão se renovando.,sim
3506168,"ela me disse que não, que eu era um ""homem sujeito"".",sim
3506289,Virou um homem livre e foi pra prisão..,sim
3506367,Tito é perito no.,sim
3506639,Tenha certeza que ela é a mulher de um frouxo.,sim
3506642,"Ruela que com ela é agressivo, sem diálogo.",sim
3507282,"Todo homem é canalha e cafajeste, menos eu.",sim
3507498,"Eu sou ele amanhã também vou ser barbudo
.",sim
3507790,O Mário era rebelde e foi pro interrogatório..,sim
3508089,( Ele tá desarmado!) (Pega!) (Esfola!).,sim
3508264,E tem gente que diz que toda mulher bonita é burra.,sim
3508361,"Menina aeromenina, modelo aeromodelo.",sim
3508601,Porque uma mulher decente pode ser muito mais atraente que uma bunda sorridente.,sim
3508995,"Um viciado no jogo apostou a mulher, perdeu a aposta e ela foi sequestrada
.",sim
3509024,"Hoje em dia ele é vendido pelos mesmos bandidos que mataram o velho índio na prisão.
.",sim
3509571,"Eu acho que ele é patriota
.",sim
3510029,Pras meninas é uma indecência.,sim
3510055,(Homem submisso).,sim
3511562,Broxei no mesmo instante porque o cheiro da mulher era broxante e eu nem sei se era do pé.,sim
3511619,"E se ainda assim tiver nervosa, minha rainha inconstante.",sim
3511639,"Ela é doce, sal, bala.",sim
3511687,Ela é hipnotizante e ao mesmo tempo dá medo.,sim
3512019,Ele chego juntinho no ouvido.,sim
3512052,"Ele chego tranquilão, sem fazer nem um esforço.",sim
3512313,"Jogada na canga, ela é maravilhosa.",sim
3512388,"Sexo de despedida, ela fica emotiva.",sim
3512477,"Porque o cara que vem da elite é condicionado a um sentimento de superioridade; Falso, mas ele é condicionado fortemente a isso.",sim
3512478,Ele acha porque ele tem uma universidade ele é superior a um cara que não tem universidade.,sim
3512581,Pros homens bons e pros ruins.,sim
3513527,E ela tá linda arrumada.,sim
3513533,De salto ela fica mais alta.,sim
3513715,Mulheres maravilhosas de todas as idades.,sim
3513923,Jesus ainda é pregado na cruz.,sim
3514012,"Toda mulher é uma jóia rara que não existe par
.",sim
3514145,Confesso que ela é uma gata.,sim
3514461,Ele é muito pior do que o pai.,sim
3514580,E ela era uma gata de cair o queixo.,sim
3514732,Cavalcanti é humorista.,sim
3514925,agora santo cristo era bandido.,sim
3514931,maria lúcia era uma menina linda.,sim
3514992,"aquela menina falsa pra que jurei o meu amor
.",sim
3515102,E ela é toda linda.,sim
3515129,"Ela é sinistra, mano.",sim
3515130,Essa mina não é fácil.,sim
3515154,Que ela só fica feliz no sol.,sim
3515158,Em que todas mina eram gostosa.,sim
3515255,Bagulho de orgulho deixa o homem cego.,sim
3515777,"Uma mina gostosa, onda perfeita, ordem em progresso.",sim
3515868,Posso alcançar o nirvana ou então virar homem bomba.,sim
3515929,"Sujeito homem honro minha bronca no microfone
.",sim
3516433,"nissin, o menino era magro que só,.",sim
3516691,Valor uma princesa mais bonita do local de.,sim
3517328,"Cês paga de louco, nois é louco e pouco.",sim
3519342,Ainda mais quando ela tá nua.,sim
3519349,"E ela é tão linda, rara e especial.",sim
3519745,"Porque minha filha vai ser rica
.",sim
3519978,Ela tá doida pra conhecer o meu corre.,sim
3520115,Frente a frente com eles não tremo.,sim
3520757,Quem tem o dedo de gesso tromba ele é o inferno.,sim
3520765,"Sul é o terror ele é o cara, do morro.",sim
3521297,"Pobres esquecem, a mãe maior nos aparece e pede.",sim
3522123,mães mulheres filhas sofrendo numa visita.,sim
3522640,Ele é o cara moro sangue bom?.,sim
3522937,"Os perdoe pai, eles não são capaz de viver em paz.",sim
3523462,Champignon tá envolvido e todo mundo da baixada.,sim
3524193,Esqueça-me sou filho pai bom lembre-se.,sim
3524626,Lazer de homem selvagem.,sim
3525116,"Ele é piolho, sem dá pipoco.",sim
3525725,Eu sei que ela é mó gata.,sim
3525859,Acho que eles ficam acuados.,sim
3525965,Sou doida sim mais nunca fui de ser mulher reserva.,sim
3526056,"Ela ficou ficou mais baixa, porque cê abusa.",sim
3526707,"Quando ela fica carente, ai cê não pode reclamar.",sim
3527996,Quando vi era mulher ele ainda era um menino.,sim
3528426,Não adianta recusar porque ela é traiçoeira.,sim
3528808,Mas ela é tão segura não sei se resistirei.,sim
3528818,"Ela não é comum, é demais, e anda de skate.",sim
3529016,"quis um lanche, uma mãe mansa tive mais que uma mãe santa aurea.",sim
3529017,"que é pura canção, tenho uma avó costureira, a avó mãe de meu irmão.",sim
3529188,"Vacilão tem homem ruim ,.",sim
3529213,"Esposas ciumentas, maridos que fogem,.",sim
3529552,"Ele é neném, fraquinho, ficou pequeno.",sim
3529593,Os mano acha maneiro as mina acha bem louco.,sim
3529942,Nas mina gostosa na cena suspeita.,sim
3529995,"Ela é linda de ver,e influi em você.",sim
3531033,"Rapaz comum, moleque de vila.",sim
3531275,Ela tá mais linda e o problema é seu.,sim
3531984,"Ela é linda sim , sabe nada de mim.",sim
3532490,"Ela tranquilona nem guardou ressentimento
.",sim
3532546,"Os cara fica louco, as mina cheia de graça.
.",sim
3533273,que os menino é bom a pista pega fogo.,sim
3533275,"que os menino é bom...
.",sim
3533322,"mulher fina elegante com maloca ai da certo (né)
.",sim
3533334,que os menino é bom...,sim
3533803,Entendo o homem bomba de.,sim
3534246,Ele é o chinês de pequim contra fila de tanques.,sim
3534468,"Quando vê que pra ele é só pipa, água de esgoto.",sim
3534534,Wonder é cego e encanta o público.,sim
3536005,Pode ser o juíz e a menina futura advogada.,sim
3536645,mulher gravida com virus da luz a filho saudavel.,sim
3539196,(Refrão 4x) Tem mina terrestre em cada palmo do chão.,sim
3539442,EU SOFRO SOU ALGEMADO UM HOMEM NA CELA DO X.,sim
3539830,"Ela é apenas mera conseqüência da falta de justiça,.",sim
3539879,"A heroína conduz um garoto ontem inofensivo,.",sim
3539883,"Um homem violento, como não ser violento?.",sim
3539982,Nem igual minha mãe doente sem médico;.,sim
3540251,"Não é presidente, não tem eleição, ele é o cara, morô,.",sim
3540443,"Antes servíamos o senhor feudal no engenho, hoje na feira livre de droga, servimos seu herdeiro.
.",sim
3540610,"Que divã cura o trauma da mãe presidiária, que amamenta a filha 4 meses pra ser adotada.
.",sim
3541634,Como ele é branco e usa colônia francesa tem aprovação e as pernas abertas da burguesa.,sim
3541735,"O tiro é de 762 do rato cinza, filho da puta, no menino negro desarmado, que pela cor foi considerado bandido.
.",sim
3541762,"Fazer sumir os milhões do cofre da empresa de valores, se transformar de menino pobre que teoricamente morreria de fome, em dono do.",sim
3541847,"Formigas vivem juntas, juntas abelhas fazem mel, e o homem feliz é o que sozinho vive no arranha céu.
.",sim
3543312,Só o menino faminto chorar pro.,sim
3544173,"mas me senti covarde, deixei minha mãe sozinha.",sim
3544175,fugiu um menino inofencivo voltou um homem agressivo.,sim
3544727,"Sempre que eu faço besteira ela ainda fica furiosa
.",sim
3544854,"Gogh tá armado, se o mar tá storm então joga pra baixo.",sim
3544922,Uma mina felina bem fina de quatro no quarto.,sim
3544991,"Vagabundo chama achando que ela é dama,.",sim
3545045,"Ele é fantastico, eu sou ágil pras menina igual sabão.",sim
3545238,"Ela é nova, é rara, única e bem melhor.",sim
3545248,Não adianta tu falando que ela não é boa pra mim.,sim
3545783,E a festa é de graça pra sangue bom e mina bonita.,sim
3545823,E a cada rima boa me brota mais mina linda.,sim
3545837,A festa é de graça pra sangue bom e mina bonita.,sim
3545935,Minha coroa tu é rainha foi foda me por na linha.,sim
3546054,"Ela já tá ficando grandinha e tá usando sutiã
.",sim
3546403,"Jogando sinuca, com as mina maluca, na luta, a.",sim
3546582,"Ela é a rainha e eu o rei, é nós que tá.",sim
3546984,"Sobra a ponta quero a planta e as minas bem doidona
.",sim
3547198,todos eles nerd.,sim
3547212,agora espanca a empregada porque a mãe é delegada.,sim
3547613,Então primeiro as damas mano e cavalheiros último.,sim
3548844,"Elas tão maluca
.",sim
3548846,Elas tão maluca.,sim
3550962,"Homem tá bolado estilo vai ficar pesado,.",sim
3551014,"Homem tá bolado estilo vai ficar pesado, tomada de.",sim
3551272,Nem te paga de bom moço tô afoito pro almoço.,sim
3551743,Eu nem sei se meu pai foi mais um homem escroto.,sim
3552977,"Homens são maus, eu prometo ser mais
.",sim
3553102,Aparento um homem velho apesar da idade.,sim
3553253,"Minha mansão sempre estará lotada de mulheres belas,.",sim
3553337,"Barro ou mulher bonita tá tranquilo vamo que vamo,.",sim
3553359,as mina entra forte e sai daqui com anemia..,sim
3553887,"Limite de mulher bonita, e até boneca de plastico
.",sim
3554010,"Varias mina interesseira, varias pussy ""nhocomanheira""
.",sim
3554178,"Mulher perigosa, fogosa gostosa, sabe bem.",sim
3554293,amo mulher brasileira da pele negra ou pele clara.,sim
3554533,"Faço tipo de garoto exigente
.",sim
3554559,Garota é impressionante como você me infla.,sim
3554974,"já passaram todas minhas garotas diferentes
.",sim
3554993,Menina carinhosa sempre percebida.,sim
3555322,Era uma vez uma menina linda.,sim
3555625,Leozin tá vivo.,sim
3555725,"Menina fascinante que por ela eu deixo de existir
.",sim
3555769,Minha musa inspiradora todo mundo falava 'é ela'.,sim
3555838,"Só universitária, só mina milionária, só paty exagerada,.",sim
3555873,"Quero mais história, mulheres provisórias.",sim
3555874,"Garotas mais gostosas de bocas deliciosas.
.",sim
3555885,"Joga as mina louca, joga aqui no meu colo.",sim
3555886,"Joga a sua mina linda, não joga barro que eu bolo..",sim
3555911,"Foco nas maravilhas, minas top de linha.",sim
3555921,"Só universitária, só mina milionária.",sim
3556124,"quer saber se é sim ou não, você pra ela é uma paixão.",sim
3556314,Ela é tão gata!.,sim
3556457,Ela linda e tem marra agressiva.,sim
3556491,Ela sempre muito obediente (muito obediente).,sim
3556492,"Minha princesa safada, no limite da farra, hauu.",sim
3556958,"Ela é linda sim, sabe nada de mim.",sim
3557076,Fala você não conheci mina melhor.,sim
3557141,"Junto com os meus amigos, junto com as mina linda..",sim
3557174,"Essa mina é mó zoeira a mina é mó zoeira
.",sim
3557191,Mas por enquanto só pensar ela só bebe tranquila.,sim
3557196,"Essa mina é mó zoeira a mina é mó zoeira.
.",sim
3557197,Dia de sol pra ela é praia e de tarde role de long de noite.,sim
3557216,Essa mina é mó zoeira a mina é mó zoeira.,sim
3557459,Essas mina bandida perde.,sim
3557463,"Bagulho de cinema, no esquema, as mina enloquece.",sim
3557701,"Todo mundo olhando essa garota é muito linda
.",sim
3557713,Ela é muito gata com certeza vai vetar.,sim
3557760,Meninas são tão belas agradeço a deus que fez.,sim
3557764,"Varias garotas lindas, belas de se ver.",sim
3557795,Mulher marrenta não dá pra lidar.,sim
3557926,"Eu tô no ofurô com a mulher mais desejada.
.",sim
3558302,Mulher boa é aquela que é difícil pegar.,sim
3558391,A garota mais linda que eu conheço.,sim
3558406,Exculaxa a mais bela e a garota diferente.,sim
3558420,Ela sim é uma menina direita.,sim
3558423,"Garotas boas vão pro céu,garotas más vão pra minha.",sim
3558751,Com essa mina pelada pela madrugada.,sim
3558790,Ela é a droga mais pura.,sim
3558794,Com essa mina chapada pela madrugada.,sim
3559087,Essa mina é mercenária você sabe como é (aham).,sim
3559115,Mina mercenária cheia de ideia louca.,sim
3559158,"Musa inspiradora das minhas canções, fonte.",sim
3559175,"Que defendendo da sua amiga, ela fica imune.",sim
3559634,"Inspiração não vai faltar, pois ela é a mulher
.",sim
3559681,Ela topava eu me liguei que ela era caça pop star.,sim
3559689,"ela tá chapada mermo, Ih vamos gastar.",sim
3559691,"essa mina tá muito doida, ainda bem que eu sou sagaz.",sim
3559708,"e ela podia ser intocavel, perfil de modelo.",sim
3559749,Só pras mulheres inteligentemente interessantes.,sim
3560044,"Eles tão mais preocupados com o fracasso do alheio
.",sim
3560055,"Minha rima parece ilária, pra enganar umas mina otária.",sim
3560091,minha mãe é candidata !.,sim
3560153,"Com muita loucura eles estão sáboca , sáboca as mulér.",sim
3560262,Mermão essa mulher foi feita certinha pra mim.,sim
3560319,"É uma menina incrível, valeu te conhecer,.",sim
3560484,"E quando tão la em cima eles viram falso pastores
.",sim
3560623,Mulher é foda.,sim
3560647,"""Cê"" vai ter que entender que elas são fã e dão moral.",sim
3561233,Falar de mulher porque mulher é bom demais.,sim
3561339,Pra eu definir minha musa inspiradora.,sim
3561670,Tô com as minas top aumentando o meu ibope.,sim
3562093,"Que maravilha, as mina fica apaixonada.",sim
3562438,Garota perfeita a mais linda do universo.,sim
3562567,"Limite de mulher bonita e até boneca de plástico
.",sim
3562603,"Mulher doidona é foda, tem que até fazer exame.",sim
3562612,"As mina potente falam da gente, o time presente.",sim
3562620,"Só moleque fanfarrão, farpador de mulher gata.",sim
3562632,Vetando as mina violenta que nunca deu certo.,sim
3562651,"De mulher bonita, gostosa, interesseira.",sim
3562655,"Tropa da stronda, caçador de mulher gata.",sim
3562862,"Niterói, ela mandava bem avera.",sim
3563080,"Elas tão ficando louca
.",sim
3563703,"É tipo 3 menina linda, revezando nos esquema
.",sim
3563721,"Vou devorar as mina linda, o resto fica pra você.",sim
3563918,"Esse tipo de mulher é coca cola só pressão !
.",sim
3564200,Ela será minha diretriz.,sim
3564362,"As mulher são muito gata,lógico,é zonal sul!.",sim
3564406,"Porque ela ta pronta pro próximo passo,.",sim
3564414,"Ela era popular demais, e ele devagar demais, desde a oitava era bonita demais saca?.",sim
3564427,"Mas ele nem é jogador, nessa matéria ele ta mais pra amador,.",sim
3564984,"Mais um menino feroz, com uma cruz pesada, não nego.",sim
3565363,Visto que ela é ela mesma.,sim
3565507,"Ela nunca foi covarde
.",sim
3565668,Michael ainda fosse preto?.,sim
3565671,Obama fosse branco e a casa não?.,sim
3565896,Menina pequena que dá tontura se deseja.,sim
3565902,"Ela é lunática e perfeita, essa é pra casar.",sim
3565936,"Ela é trama no drama, drama na trama.",sim
3565938,Ela é chave de cadeia meu chegado.,sim
3566038,"Garotas são más quando querem, te fazem esperar.",sim
3566061,"Sua filha é linda, parabéns pra você!.",sim
3566212,Homens falhos pegam suas ordens e chama de lei.,sim
3566222,"E rainhas tão belas, cuja pele reluz igual diamante.",sim
3566704,que eles são reis também.,sim
3566705,"E as minas são rainhas, que o.",sim
3567052,Ela é pandora ela é afrodite ela vigora.,sim
3567792,ele magro e no corre.,sim
3567987,Ela vem sorrateira e castiga.,sim
3568418,"Mais um rapaz comum (taligado?),.",sim
3568427,"Ow nasce um homem cheio de valores, nem tudo são flores..",sim
3568784,E nessas viagens eu conheci cada mina atrevida.,sim
3569816,"Ela é zica, ela é foda, ela é top, ela é tudo
.",sim
3569862,E outras mina cacareja.,sim
3570444,Menino forte da terra.,sim
3571444,"Irmão, ce ta pronto pro poder?
.",sim
3572430,"Vejo as flores de um homem bom, amores que acabam mal
.",sim
3572949,Rapaz comum.,sim
3573158,Talvez pense que achar o homem ideal seja difícil.,sim
3573322,A mina grávida pensando em contar pros pais.,sim
3573560,"Longe da ira humana, do perigo da mina terrestre.",sim
3573747,Eu fui o homem mais feliz.,sim
3574162,"A madrugada era sua dama predileta, garotas eram só.",sim
3574582,"Explode o pensamento,mais um homem violento.",sim
3575832,Tive pena de bater no homem biônico.,sim
3576524,"Ele não è pobre, não è preto.",sim
3577440,Eu gosto da noite ela é escura como eu.,sim
3578857,Tô ligado que ela tá bolado vindo atrás de mim.,sim
3580399,"Mulher gestante
.",sim
3580830,Porque tem os menino bom e os menino mal.,sim
3580936,"Ela é a mina de fé ...
.",sim
3580978,Ela é a mina de fé ...,sim
3581051,"/ Na batida do swing, hip-hop menina, me leva / Menina bonita não chora / Eu vou falar no seu ouvido, pra ver se melhora, pegar na mão / Vou te dar um trato, sei que você anda carente, eu tive ausente / Mas agora eu to de volta pra ficar ao seu lado / Pode vir, que seu preto ta preparado / Com dinheiro, e você meu mundo ta dominado / Você não tem noção dooo que eu sou capaz / Quando eu decido batalhar pelos meus ideais / Não é de mentira, minha flexa ta apontada para a sua mira / Quando tu passa minha cabeça pira / No vira vira não da pra imaginar / Eu sem sua presença e como um índio sem cocar / Me leva, me leva...",sim
3581053,"/ Na batida do swing, hip-hop menina, me leva / Seria pouco uma faixa amarela / Você é bela e desfila na minha passarela / No meu numero do meu tamanho / Tu ta ligada que eu sou um jogador e contigo ganho / Não deixa a lagrima rolar / A moça mais bonita da festa não pode chorar / Aposto para ver no que vai dar / Me espere que eu chego não demoro / Eu vou te pegar no colo pra te namorar e te fazer suar / Prepara tudo que eu to voltando / Avisa pros comedias que teu cara ta chegando / Nossas brigas só aumenta mais a chama / Que incendeia a relação que pega fogo na cama / Você me chama, chora diz que me ama / Elogia a minha pessoa ao mesmo tempo reclama / Te faço minha dama, não chora, so se for de alegria / Que essa noite meu passista vai sambar na sua avenida / Me leva, me leva...",sim
3581605,"E o que é foda, é ser jovem e mãe solteira..",sim
3581655,E você mulher preta que com playboy se engana.,sim
3581664,"Mas como foi comum preta, pra ele é ninharia.",sim
3581876,"Garoto novo, preto com sotaque de favela tá preparado.",sim
3582060,Será pra sempre minha garota preferida.,sim
3582365,Ele não é pobre (não) não é preto.,sim
3582381,Me chama de bandido e diz que mulher preta e feia.,sim
3582528,Mulher gostosa e um reinado ilusório.,sim
3583589,"Com a minha conduta, cavalheiro viajante
.",sim
3583666,será pra sempre a minha garota preferida.,sim
3583749,Proceder de garoto frouxo.,sim
3583827,"Garoto mimado, se sente ameaçado.",sim
3584474,"Morava com a minha mãe, me lembro da minha mina feliz.",sim
3584706,"Ver minha mãe infeliz, eu entupindo os pentes.",sim
3584809,Havia inocência mas hoje os menino é bandido.,sim
3585407,"Cruel é monstro na selva
.",sim
3585557,"Medalhas no homem covarde, e quantos.",sim
3586375,"'Essa mulher é muita treta doidera', falei!.",sim
3586408,Ela é princesa e eu sou vagabundo nato.,sim
3586751,Disse que era homem novo.,sim
3587561,"Mulher é foda né, faz o que quer do homem.",sim
3587593,"Mas não ta chamando a polícia, ela tá grávida.",sim
3587862,A fé move montanhas faz de mim um homem livre.,sim
3588075,-Tem uma mina aqui disposta a narrar nos verso.,sim
3588193,Injetando resistencia no homem indefeso.,sim
3589027,Mulheres lindas meu truta (fiu fiu).,sim
3589334,"Para, por favor me diz, se até hoje sua mãe é infeliz.",sim
3589640,BM pra mulher prata.,sim
3590560,"O Senhor é meus pastor, nada me faltará.",sim
3590674,Depois lá a família diz: “que pena ele era tão bom”.,sim
3590740,Eu sempre fui uma filha obedie nte.,sim
3591221,O Governo ironiza e produz homens cegos.,sim
3591609,"Trairas safados, a confiança do meu pai fez dele um homem finado caralho, horas e minutos contados.",sim
3591807,"O alvo era aquele otário e ele foi derrubado, estão todos comemorando dentro de um barraco..",sim
3591848,"Pobre coitado, não sabia que eles estava perdido.",sim
3592936,"Racionais era foda, era o melhor grupo do mundo.",sim
3595332,"Mina caliente, despreocupada.",sim
3595363,Deus é uma mulher preta (virou meu vício).,sim
3595398,Somos mulheres guerreiras.,sim
3595596,Sou a rainha exclusiva.,sim
3595651,Essas mina é monstra.,sim
3596575,"Ou sequestrar um playboy filho de uma mãe milionária,.",sim
3596679,"Com quem não presta, um homem bom ele nunca vai te por a mão
.",sim
3596796,"Se o homem fica ruim, machuca corações.",sim
3596809,"Jesus foi homem forte lutou, lutou com sua fé.",sim
3596828,"Rodada na chola muda ela é banda vuô, dela eu sou fã.",sim
3596829,"Ela é banda, mas dela eu sou fã, é dia e noite no frevo
.",sim
3596862,"Ela é banda, mas dela eu sou fã, é dia e noite no frevo.",sim
3596898,Hoje ela tá sozinha mas muito mais feliz.,sim
3597463,Ela é guerreira e bandoleira mas quando gosta ama.,sim
3597468,A mina é louca e nos romance já perdeu a conta.,sim
3598135,Olhar quente nem disfarça ela é minha atração.,sim
3598140,Whatsapp ela é linda demais.,sim
3598142,Essa garota é modela ela é capa de revista.,sim
3598152,"Ela é sensacional bem-vinda ao meu divã
.",sim
3598157,"Toda mulher é safada só que em quatro paredes
.",sim
3598160,Ela é perversamente insana essa menina tem o dom.,sim
3598173,Ela faz cara de santinha de menina meiga.,sim
3598187,"Dois dedinhos de saia, biquinho ela é charmosa.",sim
3598227,Buscar o homem mal...,sim
3598349,"Mulher avulso tem pra nois degustar
.",sim
3598727,sou izael menino bom exemplo.,sim
3598952,"mas descobri que eles são covardes, já não sonho mais..",sim
3599079,O maluco me grita e ele é conhecido.,sim
3599099,"Se ele é bandidão, véi eu também sou.",sim
3599231,"Por dinheiro se corrompe, até um homem santo,.",sim
3599390,ao seu lado me sentia o homem mais feliz.,sim
3599683,Garota sexy que me conquistou (te quero).,sim
3599732,pensei em até me matar doido de amor um rapaz locuras.,sim
3599788,"Te amo mãe querida, ainda te espero por você.",sim
3599858,Ela é uma joia valiosa e seu lugar.,sim
3599896,"Mulher gostosa hoje tem,os.",sim
3600102,Tirei a pipa da antena ela ficou eufórica.,sim
3600704,Ela é linda e me enfeitiçou....,sim
3600718,"Ela é linda e me enfeitiçou
.",sim
3600957,Ela bem sexy ela mexe.,sim
3601180,"Mulher é sempre bom.
.",sim
3602136,É linda de mais um aviao ela é tão bela.,sim
3602148,Ela linda tá ligado tipo fantasia.,sim
3602152,Ela é especial tipo daquela essencial.,sim
3602196,nesse verão sol de 40grau sainha ou chortinho ela fica sensual cada parte do seu corpo.,sim
3602278,"Filha nova querida,.",sim
3602287,Anda igual mendigo ele só vive bêbado.,sim
3602289,"A princesa ficou feia, olha o estado dessa mina.",sim
3602388,"Minha filha é do pai, mulher forte e guerreira.",sim
3602590,Ele sempre vai ser um incentivo de mais um....,sim
3602643,"ela é linda eu sei mais não te merece,.",sim
3602658,fica julgando minha dama diz que ela é errada.,sim
3602876,Ela é louca mais gosto quando ela gasta loucura comigo.,sim
3603037,"Ela é bonita, gostosa mas eu não vou cair.",sim
3603262,Vou á procura dessa dama indefesa.,sim
3603794,E se as mulheres tão dando mole.,sim
3605316,"Ele ou ela reinam acima da vida humana, o vício é o padrasto, ela é a filha bastarda.",sim
3605328,"Ele é o carrasco que aprova ou reprova a verdade, que separa um amor ou uma amizade.",sim
3605335,"Ele é o fabricante parideiro de demónios, padrinho para excêntricos anónimos.",sim
3605950,Homem bom ou.,sim
3605951,"Homem mau, o mal não está por fora, a mente é o aluquete para a caixa de pandora.",sim
3606516,"(Aham) Senhorita passista, no anhembi,.",sim
3606685,"Senhorita glamurosa, mais bonita, maravilhosa.",sim
3606732,Eu sempre soube que ela era a mina.,sim
3606751,"No mesmo condomínio, mina maravilhosa.",sim
3607135,"Eles falam mal, falam: ele é muito gringo.",sim
3607136,"Elas falam uau, falam: ele é muito lindo.",sim
3607420,Santana era técnico da seleção.,sim
3607641,Homem mau caráter sem ética quebra a palavra.,sim
3607654,Garoto novo no tiroteio traz uma faca.,sim
3607961,"Ela é uma gata, ela é uma fera.",sim
3607987,"(é porque ele é pop, ele é boy, ele é branco).",sim
3607993,levada ela é tão pesada..,sim
3608002,"menina mulher é que enfeita meu jardim, tão linda assim, ela é perfeita pra mim, (Aham) desculpa se eu estou sendo um pouco pesado, você deve estar achando que eu sou todo errado, só que morena com essa cor do pecado, você precisa de alguem com o corpo fechado, (vai) cantada sabe decor tipo tabuada, e sabe que eu não to procurando uma namorada, vento na cara essa é a temporada, mulherada não para, tem uma a cem pra cada, (uou) eu não posso falar que é nós dois, se eu vou continuar só depois, (hahaha) ela me queria só pra ela, mas foi amor de verão e ele não sobe a serra.
.",sim
3608006,"Ela é doce como um bombom, sai com as amigas só pra ouvir um bom som, em.",sim
3609511,"Já era, agora ela é gata manhosa.",sim
3609966,"""Ele não é rico"" Ficou triste?",sim
3610016,"Doce, ela é tão doce (8x)
.",sim
3610017,"Essa menina é doce, toda colorida.",sim
3610019,"Ela aproveita a noite, ela é divertida.",sim
3610029,"Doce, doce, ela é doce, doce.",sim
3610042,"Essa menina é doce, ela é feita de açúcar.",sim
3610043,"Mistura perfeita, ela é meiga e maluca.",sim
3610067,"Essa menina é doce, ela é sobremesa.",sim
3610068,"Ela é mais que um bolo, ela é a cereja.",sim
3610069,"Ela é jóia rara, ela me deixa doido.",sim
3610077,"Doce, ela é tão doce (8x).",sim
3610679,"La trampa, te vicia tipo coca, eles são fanta.",sim
3610688,Tipo a mina mais linda ela é fã do.,sim
3611530,menino confuso.,sim
3611756,"Ela é quente, ela ferve, ela quase derrete.",sim
3611758,"Ela é sexy, ela é classy.",sim
3611759,"Mais que isso, ela é sensual.",sim
3611789,Quer dizer que ele é rapper então?.,sim
3612073,"mestre nessa obra, eles são operários.",sim
3612817,Bonadio era ruim..,sim
3613041,"seja ela preta, branca, oriental.",sim
3613165,Só sei que a força de um homem ta em uma mulher forte.,sim
3613288,Ela é uma menina má a aa a.,sim
3613289,"uma menina má a aa a(2x)
.",sim
3613291,"Pronta pra se derreter,ela é puro extase.",sim
3613299,"Ela é uma menina má ma ma malvada,não quer se.",sim
3613305,"Uma menina má,ela te enlouquece.",sim
3613320,ela é vitória.,sim
3613330,ela é sereia no ma da praia do rosa.,sim
3613331,A melhor ela é vaidosa.,sim
3613341,Uma menina má.,sim
3613342,Ela é cheia de marra.,sim
3613354,uma menina má a aa a(3x).,sim
3613368,"Senhorita linda corpo de striper, quero tirar sua.",sim
3613478,"fala ?ele é tão lindo?, fumaça no cachimbo pode me.",sim
3613524,"Essa mina é diferente, linda, inteligente.",sim
3613525,É minha senhorita independente.,sim
3613527,"É minha senhorita independente
.",sim
3613530,"Menina mulher, não é que ela precisa de alguém.",sim
3613531,"É que um carinho faz bem, ela é linda e também.",sim
3613533,"O jeito que ela se veste, ela é tão sexy.",sim
3613536,"Ela é primeira dama, eu sou o presidente.",sim
3613604,Ele ficou feliz.,sim
3614322,"O Daniel vai ser papai, vai ser.",sim
3614439,"Inocente, senhor juiz.",sim
3614514,Hoje ela tá crescida.,sim
3614542,Com uma musa melhor que a.,sim
3615264,Eles jogam sujo.,sim
3615937,"Nego tá ligado, mas ele tá suado.",sim
3616198,Deixo elas nuas e tiro as fotos.,sim
3617257,A garota branca.,sim
3617353,"Quanta mina gata, fica quieto!.",sim
3617458,Você pensa que conhece o garoto branco.,sim
3617691,"Ela é toda centrada, eu meio.",sim
3617959,Aquele rapaz alto e magro que usa boné pra traz e umas calças gigantes.,sim
3617990,Pois sou apenas mais um rapaz comum.,sim
3617992,Eu sou apenas mais um rapaz comum.,sim
3617998,"Pois sou apenas mais um rapaz comum
.",sim
3618037,mais um rapaz comum fazendo musica em meio a criticas e elogios.....,sim
3618356,"Uma mãe angustiada, um número pra estatística.",sim
3618484,"uma mãe angustiada, um numero pra estatistica.",sim
3618697,Ela tem sexy apeel rege orquestra de assobios.,sim
3618701,Uns dizem que ela é marrenta outros que é sensual.,sim
3618719,"Ela não é tua, ela só atua bem.",sim
3618810,"Ela é sexy, ela é femini ela é o que ela quiser.",sim
3618812,"Não que ela seja mandona, não.",sim
3618813,Mas ela sempre foi dona de si.,sim
3618839,"Ela é sexy, ela é femini.",sim
3618843,"Dona de si, ela é dona de si.",sim
3619759,Moleque é chique calça abaixo da cintura.,sim
3619813,Mc não é homem direito.,sim
3620148,"Ele é sucesso no palco, fracasso nos bastidores.",sim
3620152,Senhoras e senhores aplausos pro superstar.,sim
3620244,imaginava seu sorriso e me tornava o homem mais feliz que existiu!.,sim
3620605,"Ela é mimada, não gosta de dividir.",sim
3620745,Mulheres viúvas perdem parentes e entes nesta merda desta maldita luta armada.,sim
3620784,"meu bem maior, musa inspiradora, minha diva.",sim
3621257,Ela tá linda descalça cabelo solto.,sim
3621645,Elas não são reais.,sim
3621675,pra sua filha é a solução pro seus problemas.,sim
3621873,"Ela é bonita mas não é eu não mete o loco não finge que me esqueceu, quando eu aperto é solto vc sempre diz que é meu eu jogo pá vê se tu pega acabou pra elas pq eu cheguei cê tá no meu nome pensa que eu não sei o que rola quando eu não tô presente a chance delas só existe se eu tô ausente.",sim
3621984,"Mulher bonita e vivacidade as notas de cem, ok
.",sim
3621988,"Mulher bonita e vivacidade as notas de cem, ok.",sim
3622259,"Ela não nasceu rica, mais nasceu para vencer.",sim
3622291,Mas hoje tem a coisa que faz elas fica loucas.,sim
3622293,Vou te fala uma coisa rapaz muita mulher boa.,sim
3622326,não preciso de uma mulher inconveniente.,sim
3622437,Sei que elas são possessivas e estão me querendo.,sim
3622497,"Ele é um perigo em sua mão
.",sim
3622546,Só quero me divertir com mulher independente.,sim
3622785,Elas vem quente como se eu fosse o brad pitt.,sim
3622792,"Quanta mulher maldita, quantos caras traíras.",sim
3622952,Quando entrei na academia foi pra pegar mina torta.,sim
3622993,Me entende: mulher é bom não consigo viver sem.,sim
3623177,quando ela desce geral olha e enlouquece.,sim
3623181,essa mina é loka ela mexe a noite todo.,sim
3623403,Eu não penso em mais nada enquanto ela só quica.,sim
3623409,"Cara, ela é caveira e veio pra me dar trabalho
.",sim
3623428,"Por baixo e por cima, na ponta ela quica.",sim
3623491,"Só mano fiel, só mina cruel com um drink na mão.",sim
3623766,Haléx um experimento talento de mãe solteira.,sim
3624251,"Mulheres bonitas, um tanto incomum.",sim
3624312,Pery é mais alto eu falo pra você.,sim
3624325,Esses manos eles não são loucos.,sim
3624569,O grave batendo deixando as mina zonza.,sim
3624849,"Eles refém da fama, empilhamos.",sim
3624915,Só mulher gostosa bikini piscina.,sim
3625419,Mais que a mulher maravilha.,sim
3625667,Menino caro.,sim
3625672,"Menino breck, juju na cara.",sim
3625768,Mãe fica tranquila que seu filho é um trapstar.,sim
3625933,"Porque ela é uma carta pra você
.",sim
3626554,Contentamento como o homem bom quis.,sim
3626607,Verdadeiro forte é o homem resistente.,sim
3627088,"Homem vazio vende doença, eu vendo remédio.",sim
3627145,"Homem mal e sanguinário,.",sim
3627553,"As mina chove, nós não para.",sim
3627780,Eles são covarde.,sim
3628181,Ela era quase perfeita.,sim
3628499,Ela é faxineira.,sim
3628506,"Mãe solteira, estressada.",sim
3628538,Que tá com mulher nova.,sim
3628567,A mulher é fogosa.,sim
3628721,Deus preparando a mina certa.,sim
3628745,Ele é o gatito.,sim
3628858,"E ela ficava sorridente
.",sim
3628872,Que ele era fanfarrão.,sim
3628991,A mina era fogosa.,sim
3628999,A mina era maluca.,sim
3629118,É a mulher perfeita.,sim
3629218,Só mulher gostosa.,sim
3629829,Na arte do insulto detonam mais que homem bomba (Allahu.,sim
3630663,Era a garota estranha sem jeito.,sim
3631392,E até hoje ela permanece intacta.,sim
3631611,Uma garota egoísta que se enforca em linhas.,sim
3631739,Homem branco.,sim
3632907,Ela é tão fria que chega a ser quente.,sim
3633104,E assim ela rebola melhor que a.,sim
3633213,Menina bonita do laço de fita.,sim
3633225,Ela é a morena e eu sou.,sim
3633249,"Tanta beleza, tanta malícia, essa mina é louca.",sim
3633323,"Ele é rap!

.",sim
3633428,As vezes menina underground.,sim
3633467,ele é o rei da.,sim
3633498,Ele é rei da.,sim
3634203,Conhecendo umas mina maluca.,sim
3635052,"E não aceitava nenhum homem covarde
.",sim
3635085,E não aceitava nenhum homem covarde.,sim
3635446,"Esquece os lucro, E as minas mais foda.",sim
3635698,A mulher mais atraente.,sim
3636206,Vou onde tiver mulher bonita.,sim
3637040,Menino bom que tem.,sim
3637096,"E ele tá pronto pra recomeçar
.",sim
3637670,"Ralf é abisioso, ele é louco, ele não para.",sim
3637903,Dirceu era herói.,sim
3639214,"Meu país é sem noção, da repressão eles são amante.",sim
3640019,"Iludido, eles tão mais fodido do que a.",sim
3640127,Se o homem bom é o pior dos homens maus!.,sim
3640305,"Fora da sanidade, mais louco que o homem morcego.",sim
3641156,"E de meninas grávidas na adolescência
.",sim
3641437,"A onde as garotas são mais belas, beleza natural..",sim
3641475,Deus por que ele é justo e verdadeiro..,sim
3642467,Se a vida é bela mais pra ele foi osso.,sim
3642518,O homem é falho a si mesmo destrói.,sim
3642679,Quer seduzir essa mina é bandida.,sim
3642903,"Se tu olho tu também viu, menino é zika e não caiu.",sim
3643701,Comecei a achar que todos os homens eram iguais.,sim
3644336,Homens covardes que só em mulher bater.,sim
3644404,Nem de fazer uma mulher feliz teve capacidade.,sim
3645517,"Me doma por cima essa deusa romana
.",sim
3646016,"Senhor é meu pastor, vivo melhor que antes.",sim
3646097,Eu sei que o ser humano ele não é perfeito.,sim
3646357,Ele é o amigo de verdade.,sim
3646777,Minha namorada é linda.,sim
3646961,Ele ficou tão cego que da mãe ele esqueceu.,sim
3646971,Quando ele percebeu estava sozinho num canto.,sim
3646993,"Então ele foi preso, preso em flagrante.",sim
3647029,Sua mãe contente viu que a oração valeu.,sim
3647580,Ela é mudança de estações de verão a inverno.,sim
3647604,Com certeza ela é mais certa.,sim
3647608,Ela é linda e ainda diz que me ama.,sim
3647844,Ela é letra sem ter refrão.,sim
3649483,Essa menina sempre foi largata.,sim
3650099,"Porque ele é apaixonado e ele é o ponto entre nós dois
.",sim
3650247,"Ele é incrível,.",sim
3650250,"Ele é japonês,.",sim
3650260,A mãe é budista.,sim
3650295,Me tornei uma mulher ousada e de você não quero mais nada..,sim
3650540,Ele é fodão mas eu sei que eu sou também.,sim
3650554,Ele é tão feio que até dói..,sim
3651106,Como um garoto nulo atrás de um sonho estúpido.,sim
3651488,Menino lindo mas beleza se esconde.,sim
3652094,a mina bela de pele lisa.,sim
3652149,mas que ela tava gelada.,sim
3652163,Paulinho estava bom.,sim
3652294,"eu sou um homem triste
.",sim
3652484,É uma moça linda a festejar.,sim
3653643,Quem vê de longe pensa que ela é frágil.,sim
3653655,"Ela é doce por dentro, Linda por fora.",sim
3655094,Elas são tão brandas.,sim
3657366,É uma deusa profana.,sim
3657438,Que a garota é abusada.,sim
3657760,Garota atrevida de rabo de cavalo.,sim
3658170,Mufasa agora é passado.,sim
3658829,"Ela é bem maior que o elefante
.",sim
3659045,"Feito tinta aquarela, ela é toda amarela.",sim
3660179,"Qui, qui, qui, qui, qui, ele é bonitinho
.",sim
3660480,Ela é ouvida.,sim
3661480,Realmente ela é genial.,sim
3662130,E descobrir se ela é amarela.,sim
3663633,Ele é o príncipe da paz!.,sim
3663739,O Senhor é caminho que devemos seguir.,sim
3663761,Ela é maior que a da primeira.,sim
3663780,Ela é bem maior que a da primeira.,sim
3664293,Carlos era um menino mau.,sim
3664371,Canto agora para o menino rio.,sim
3666960,"As possibilidades são de que a senhora seja uma estrela
.",sim
3666962,"Se a senhora é absolutamente encantadora
.",sim
3666964,"Se a senhora é íntima de reis
.",sim
3666986,"Ela é sincera – positiva – íntegra – esplêndia - perfeita - mararavilhosa
.",sim
3667516,Ela achou radical.,sim
3667529,"Ela é linda ainda mexe
.",sim
3669271,Um homem honrado é homem feliz.,sim
3669427,Da musa branca de sangue azul.,sim
3669447,Mulher é mais cruel.,sim
3669778,Ela ficou calada.,sim
3670355,"Ela é linda e gloriosa
.",sim
3670372,Ela é linda e gloriosa.,sim
3670713,Meu namorado é um bobinho.,sim
3670716,"É o rapaz mais tolo que encontrei
.",sim
3670902,"Ele é o bom, é o bom, é o bom
.",sim
3671508,Queria ser a moça mais gostosa do lugar.,sim
3672170,Duro ele é esperto.,sim
3672484,A menina mais bonita que eu já vi.,sim
3672506,Ele é exigente com a namorada.,sim
3672515,Ele é sucesso em qualquer lugar.,sim
3672516,"Tem muitos amigos, ele é muito popular.",sim
3672553,"Sai fora, ela é vampira.",sim
3672554,"Sai fora, ela é vampira
.",sim
3672784,Se ele é melhor do que eu.,sim
3673754,Um homem sincero que me faça feliz.,sim
3673974,Quando ela é só feita de amor.,sim
3675594,Ela é linda até na.,sim
3675769,"Ela tá livre como um passarinho, pra poder ficar.",sim
3675844,"Que ela ficou bem doida, doida.",sim
3675995,"Yeah, ela é minha tchotcha.",sim
3676648,Pois ele é meu amigo.,sim
3676853,Ela é gatuna.,sim
3677059,e pra aquela mãe solteira que luta tanto pra sustentar os seus filhos hie.,sim
3677392,ele é um homem bruto e que não sabe o que ele tem na.,sim
3677404,ele é o homem errado.,sim
3677567,Bo era casada.,sim
3677648,Eu nunca te considerei como mulher perfeita pra.,sim
3677797,- Mas ele foi p'ra onde?!.,sim
3678427,Que tinhas arranjado homem melhor.,sim
3678431,"Romeu, para ti o homem perfeito
.",sim
3678997,"a mãe dela disse que ""essa é minha filha mais brendada"".",sim
3679007,ela tá armada em.,sim
3679114,"Baby é complicado
.",sim
3679160,"-Os homens são muito orgulhosos,.",sim
3679226,existem muitas mulheres lindas por aí.,sim
3679590,ela é fofa e tem um lindo olhar.,sim
3679779,E que faça de mim um homem melhor pra ti.,sim
3679824,Baby estou consciente.,sim
3679941,Ele é um desavergonhado.,sim
3680385,um homem culto.,sim
3680698,Tiras o sossego de qualquer homem normal.,sim
3680710,"Essa mulher é gostosa, essa mulher é gostosa.",sim
3680731,"Essa mulher é gostosa
.",sim
3680878,"Paula fica ali, sofrendo calada, ela quer falar, mas epa, ela sente-se envergonhada, ela sente-se traumatizada, ela sente-se abusada, portanto sofre calada, yeah, é hora de pararmos com esses abusos e outros mais, mas sabem o quê, meninas, meninos, é hora de abrir a boca, força manos, força manos, yeah.",sim
3680929,"Vou fazer de ti a mulher mais feliz.
.",sim
3681392,"Ele aparece largas logo a minha mão,baby.",sim
3681904,Essa mulher é gostosa.,sim
3681937,Essa mulher é gostosa (é gostosa sim).,sim
3682905,ma nunca mas ooh n?prometi pa nunca mas bu ta maguan.,sim
3684878,Ela agora é moça.,sim
3684903,Um menino guenzo ou um gigante negro de olho azul.,sim
3686385,quero dormir no berço do homem americano.,sim
3686522,Ok ele é lok.,sim
3687188,A negra mina mãe de uma negra menina filha de comunidade.,sim
3690310,"Ela é carioca, carioca
.",sim
3690330,"Ela é carioca, carioca.",sim
3690705,"Ela é danada
.",sim
3691429,"Aquela menina falsa pra quem jurei o meu amor
.",sim
3691492,O vento diz: Ele é feliz.,sim
3692566,"Como ele é sentimental
.",sim
3694954,Mulher aventureira.,sim
3694982,Jesuíno é santo novo.,sim
3695663,"E eu sou apenas um rapaz latino-americano,.",sim
3696995,"Nos homens frios, mulheres secas.",sim
3697048,Olha esse sorriso menina sabida.,sim
3697672,E a moça suspira.,sim
3697899,"Ele é negro demais no coração
.",sim
3699703,O rei porco está nu.,sim
3702583,Vestindo o corpo de mulheres languidas.,sim
3702721,"Por ser homem bem disciplinado
.",sim
3702817,Eles são loucos demais.,sim
3702849,Ela louca.,sim
3702877,Ela doido.,sim
3704283,Trump é processado.,sim
3704928,Eu sou aquela que o homem quer bonita.,sim
3706568,Na mãe africana.,sim
3707149,Um homem tão sério.,sim
3709613,porque ela é linda e todo mundo nota.,sim
3709882,A força que tem a mulher brasileira.,sim
3710349,Filha de mãe sudanesa.,sim
3711399,Oh minha mãe generosa é a teta.,sim
3711400,Da nossa mãe preta.,sim
3711539,"""Fique tranquilo, homem branco"".",sim
3711542,"Dizem até que ele é, que ele é caso do ganso.",sim
3711637,Pratileira é mulher saideira.,sim
3711645,"É mulher inocente, é mulhre inocente, é mulher inocente ....",sim
3711830,Eu sou menino pobre.,sim
3712576,"Quem não sorriu feliz, encabulado, ao ver a mãe vaidosa rodar a saia rodada..",sim
3713060,Olinda menina louca.,sim
3714185,"Ele é meu amigo
.",sim
3714855,Ele está off.,sim
3715811,"Terra, mãe comum
.",sim
3717379,Algum juízo nesses homens sórdidos.,sim
3717729,"Que ela sempre será muito querida
.",sim
3717749,Que ela sempre será muito querida.,sim
3718056,Sigo a minha vide de homem simples.,sim
3720526,"Ele tá comigo
.",sim
3721331,Uma mulher sozinha.,sim
3721344,Um rapaz delicado e alegre.,sim
3721501,E eu sou apenas um rapaz latino-americano.,sim
3723580,(se largarmos da mulher interesseira.,sim
3725301,Essa menina livre que.,sim
3725323,E essa menina livre que.,sim
3726846,Deusa louca.,sim
3726856,Deusa nua.,sim
3730487,"Da linda mulher gaúcha, beleza de minha terra
.",sim
3730530,Ela ficou zangada e foi quebrando tudo.,sim
3730706,"Encontrei ele mateando sentado em cima da cobra.
.",sim
3730808,E tem chifrudo reclamando que as mulheres são espertas.,sim
3730831,Que a mulher foi gerada.,sim
3731062,Ela é cheia de fluflu.,sim
3731233,"Ele é meu e te pertence, grande, bravo, nobre, belo.",sim
3731234,"Ele é meu e te pertence, grande, bravo, nobre, belo
.",sim
3732008,"Tô bem treinado, sou um homem carinhoso.",sim
3732359,"E aquela moça bonita nunca mais eu esqueci).
.",sim
3732360,Tinha um jeitinho de moça pura e sincera.,sim
3732603,Mulher bonita demais.,sim
3732934,"Mulher sincera, liderança das gurias.",sim
3732940,Mulher medonha difícil de compreender –.,sim
3733137,que por ele estava apaixonada.,sim
3733279,e ela é fissurada em rock.,sim
3733334,com aquela moça maluca.,sim
3733567,Tem uma mulher bonita na rua da minha casa.,sim
3733667,Porque afinal ela era a patroa.,sim
3733780,Homem rural desta terra sulina.,sim
3734002,Uma delas descobrisse o homem bom que sou eu.,sim
3734308,"moça bonita, cordeona, violão e trago.",sim
3734338,Se a rapaz era casado viviam a se informar.,sim
3734649,Sou um homem rico de felicidade.,sim
3734841,"O batidão contagia, aqui tem mulher bonita.",sim
3734907,Tem moça linda e fofoca das vizinhas.,sim
3734928,"Pra ela fica doidinha,.",sim
3735069,"Minha muié, ela anda desconfiada acho que fica.",sim
3737503,agora desce fazendo careta desce com a mão na cabeça desce ela é gostosa demais.,sim
3737510,"Ela é quente realmente do jeito que o povo gosta, ó como ela tá soltinha.",sim
3737511,"Ó como ela tá gostosa e vai joga, joga, joga.",sim
3737525,ela é gostosa demais.,sim
3737866,"Ela é top, ela cai pra cima
.",sim
3737870,"Gracinha, ela tá soltinha
.",sim
3739011,Ela tá igual minha vida meio bagunçada.,sim
3740323,Me liguei que ela é difícil deu pra perceber (perceber).,sim
3742778,Ela tá toda blogueirinha.,sim
3744556,Paulinho é legado de.,sim
3745370,"Eu resisti, mas essa mina é disposição.",sim
3745372,E a cada não ela vem mais ousada.,sim
3745459,"Mulher bonita mexe com meu coração
.",sim
3745902,Ela diz tá está arrependida.,sim
3745913,"E ele é o culpado
.",sim
3745994,"Ela é a mina, mas você não é o cara.",sim
3745995,"Nunca foi bijuteria, ela é uma joia rara.",sim
3746000,Eu vou deixar ela louca.,sim
3746368,E se ele é bom pra você.,sim
3749050,Parceiro menino faceiro saiu do barraco.,sim
3749598,É a minha mulher maravilha.,sim
3752259,Faz tanto tempo que ele tá sozinho.,sim
3753977,"Deus do céu essa garota é diferente
.",sim
3753986,"Ela não é boba, ela é sagaz.",sim
3754289,Ela é a dama e eu sou o vagabundo.,sim
3756394,Ela é tão linda eu sei.,sim
3756564,A mina é maneira não colei com ela.,sim
3756565,Mais sempre desejei que ela fosse feliz.,sim
3756754,Você mina direita e eu safado.,sim
3756934,Você é a mulher perfeita.,sim
3757329,Tipo musa real.,sim
3757592,Ela é uma doçura de mulher.,sim
3757595,Ela é perfeita tim tim por tim tim.,sim
3758092,Me ferrei ela é baladeira.,sim
3759406,Menina bonitinha pode vir já sem calcinha.,sim
3759767,Homem decente.,sim
3761377,"No quesito, ouve o flow, Pelezinho é hepta, ayy.",sim
3761632,Sou mina bela rebolo na tela.,sim
3761863,Ela é porrada.,sim
3762285,"Você é um rapaz tão pobre, não namoro pé rapado
.",sim
3762982,"Você fez, aconteceu com uma mulher maravilhosa.",sim
3763601,Essa moça chique já contou trocado.,sim
3764848,Meu pai foi minha referência de homem forte.,sim
3764871,"Esse homem violento, homem violado.",sim
3767507,"Se ela está presente eu vou...
.",sim
3767509,"Se ela está presente, eu vou
.",sim
3768944,"Garota, ele não é verdadeiro.",sim
3769374,Ele anda grilado e preocupado pela cidade.,sim
3770627,Pra moça bonita um colar.,sim
3770740,Menina musa é minha música de paz.,sim
3770743,"Menina musa é minha música
.",sim
3771019,"E ela já tá decidida, atrás do que soma.",sim
3771089,"Mas comigo ele foi covarde e malvado
.",sim
3771708,"Pé na areia, pé no mar, Deus é fiel, fé sem neurose.",sim
3771735,Ela é raposa traiçoeira e ainda diz que eu sou chato.,sim
3772510,"Sou livre, sou musa cantante, sou só coração
.",sim
3773057,Por isso para ela somos marginais.,sim
3773636,Mas que mina gata.,sim
3774375,Ele é traiçoeiro.,sim
3774498,Essa mina tá louca.,sim
3774532,"Essa mina é safada foi embora com dj
.",sim
3774537,Mina é safada foi embora com dj.,sim
3774565,Ela não é professora m.,sim
3774568,Roger que mina maluca.,sim
3778197,Ela é minha menina lua.,sim
3779337,a menina mais amada.,sim
3780144,Menino já tão maduro.,sim
3780501,Ela é tão carinhosa.,sim
3780533,Ela é adrenalina pura.,sim
3780534,A mulher mais livre que tu vai conhecer.,sim
3780543,Ela é tão quente como fogo.,sim
3780594,"Ela é dama, rei e ás.",sim
3780595,"Ave maria, ela é cheia de graça.",sim
3780869,"Vem, que eu te faço a mulher mais feliz do mundo.",sim
3782343,"Ela é surtada, marrenta, ciumenta de fase.",sim
3784878,Uma menina boa só parece que é boba..,sim
3784879,"Toda, toda vai pensando que ela é trouxa..",sim
3784886,Uma mulher confusa ao mesmo tempo tão monstra..,sim
3784890,Outra se falar que ela é tonta.,sim
3784924,"Ela é cheirosa, gostosa como uva..",sim
3785264,"Ele é o bode-expiatório da classe
.",sim
3785309,"Quando quer, ela é perfeita pra ser minha mulher
.",sim
3785328,"Porque ela é bipolar e com todos os defeitos quando quer
.",sim
3788889,A mãe secretária na sapataria.,sim
3790149,0 jovem era homem velho.,sim
3791362,O homem rico contará o seu dinheiro.,sim
3791369,"O homem rico e o tolo contarão flores
.",sim
3791374,"O homem rico e o tolo abrirão as portas...

.",sim
3791876,Se ele estava errado.,sim
3792351,Agora eles estavam armados até os dentes.,sim
3792573,Ele era cego.,sim
3797320,eles são tão parecidos mas não como nós.,sim
3797322,eles são tão bonitos.,sim
3798020,por isso ele parece muito mais potente.,sim
3800352,"você garota é a zona da minha vida
.",sim
3801280,"Somente ele é capaz de uma revolução
.",sim
3801616,Tão triste que nem uma mulher peituda.,sim
3802386,O quê que importa se ele é preto e você branco.,sim
3803264,Menina simpática mas to sem prática.,sim
3803268,"“Eita, menina gostosa da porra.",sim
3803288,"Eita, menina gostosa da porra.",sim
3805112,Pode revelar um garoto leite.,sim
3805681,Ela é uma ilha cercada de ilusão.,sim
3805696,"E ela não quer ficar sozinha
.",sim
3805707,Ela não quer ficar sozinha.,sim
3806024,ao padre - ele é o doutor.,sim
3806265,"Excelentíssimo senhor juiz, sou simples jardineiro.",sim
3806267,"Ela é bonita, rica e formidável.",sim
3806297,E no quintal da minha musa caprichosa.,sim
3806446,Ele tá tão distante.,sim
3806622,E isso não me fazeria um homem melhor.,sim
3806651,Porque ele ficou dependente.,sim
3806667,Ele está suspenso por seus pés.,sim
3806761,Johnny estão noivos.,sim
3807254,"quero meu corpo cremado, para que ele seja espalhado por toda cidade cenográfica em.",sim
3807751,as amiguinhas de sua filha adolecente.,sim
3807940,E a esposa anda malhada.,sim
3809355,ela é moça direita.,sim
3810389,Um homem livre cai em declive.,sim
3810785,Ela é gringa.,sim
3810787,Ela é ginga.,sim
3810790,"Ela é linda
.",sim
3810794,Ela é brisa gostosa.,sim
3810795,"Ela é linda, cheirosa.",sim
3810812,"Quando quebra na praia é linda, mas ela é linda!.",sim
3811252,"E esse filme passou e ele é enlatado
.",sim
3811283,Ela é boa e é tudo de bom.,sim
3812699,Ela é sexy.,sim
3812705,Ela é surda pros otários.,sim
3812950,Ela é neurótica.,sim
3812969,Ela não é a cinderela e eu gosto dela mesmo assim.,sim
3813291,"Finalmente ele está certo""
.",sim
3813517,Mulher bonita aqui não pode faltar.,sim
3813676,"Mulher bonita de montão num só país num só lugar?
.",sim
3814522,Olha menino tu não é minha cria menino feio.,sim
3814559,Mulher linda toda hora é gostoso de se ver.,sim
3816350,Tu sabe que elas são raridade.,sim
3816444,Um rapaz tão seguro.,sim
3816656,Ele é falso como a sua alma.,sim
3817270,Eles são o sexo mais forte.,sim
3818166,"Essa mina é muito linda, Acho que vou enlouquecer.",sim
3819924,É a musa soberana nesse bar.,sim
3819930,Menina singular.,sim
3820470,"Sabe ser uma mulher fatal
.",sim
3820483,"Pra não ser uma mulher normal
.",sim
3820729,"No coração dos homens maus, já se acabou.",sim
3821307,Fama de homem bom.,sim
3821630,E ela ouve da minha boca que ela é simplesmente linda.,sim
3822070,Exceto todos os espelhos que confirmam que ela é linda.,sim
3824946,"E nem se toca, nem se toca que aquela mina especial.",sim
3825664,"Zé é fuçado, ele é todo equipado.",sim
3825996,"Sou um louco pobretão e ela é herdeira de um ricão
.",sim
3826005,"Não esquento com horário, ela é britânica, coisa e tal.",sim
3826301,"Umas minas bem loucas, um calor de mil grau.",sim
3826625,"Ele é um artista, um ator,.",sim
3828379,Você diz que eu minto que sou uma mina cínica..,sim
3828380,Eu não sou uma mina cínica.,sim
3828381,Eu sou a garota química.,sim
3828550,E onde já se viu garota escrota como eu.,sim
3828791,"Eu digo: não esquenta, sou uma mina legal
.",sim
3829554,Que ela não é santa.,sim
3830134,"Ar mulher elegante e tem ar mulher brega
.",sim
3830137,"Tem mulher bunita , mulher inteligente ar.",sim
3830139,Tem mulher segura e tem mulher carente.,sim
3830167,Tem mulher manera e a mulher barro.,sim
3830409,Porque quando eu te digo: Mermão ela tá dando mole.,sim
3831751,"As mulheres tavam soltas demais,.",sim
3832141,"Sou um homem solitário
.",sim
3834368,"Ela domina o tempo dessa selva, ela é leoa.",sim
3834372,"E que geral disfarça parça, ela é mó brisa.",sim
3835172,"Homem casado ""fica tudo exibido"".",sim
3835177,Juvenal é cabra muito inteligente.,sim
3835266,"Ele é nordestino e não foge sem lutar
.",sim
3835271,"Ele é o lamento da alma do meu sertão
.",sim
3835437,Se é verdade que um homem rico leva uma vida triste.,sim
3835519,"Se ela é alta, média ou pequena.",sim
3835855,Menina pura como flor.,sim
3836033,"Só uma mulher gostosa te dá a vida eterna
.",sim
3836054,Só uma mulher gostosa te dá.,sim
3836058,Só uma mulher gostosa te dá (3x).,sim
3836080,A sua menina tá crescidinha demais.,sim
3836898,"...Ela é punk rock meu bem


.",sim
3837334,Se ela era feia antes d'eu beber.,sim
3837545,O que sua filha patricinha viu num cara louco como eu.,sim
3838198,ele é tão grande quanto esse seu.,sim
3838701,ele estava estacionado.,sim
3838721,da menina mais bonita.,sim
3839168,Montezuma será fatal.,sim
3839355,"Do homem errante
.",sim
3839434,"Ao homem racional
.",sim
3840728,Ele era pequeno.,sim
3841412,"De garoto podre
.",sim
3841413,Garoto podre.,sim
3841414,"Garoto podre
.",sim
3841511,Johnny foi preso.,sim
3841931,Ele é o reizinho poliglota.,sim
3841941,Ele é o príncipe.,sim
3841945,Ele é muito bacana.,sim
3842046,Zé nunca foi latifundiario.,sim
3842047,Zé nunca foi patrão.,sim
3842584,"Ela é feita de chumbo, acho que vai desabar.",sim
3843240,Deixou pra trás um namorado chato.,sim
3843309,"Mulheres nuas, sensuais..",sim
3843828,Ele era o homem que bebia demais.,sim
3843839,"Ele era o homem que bebia demais
.",sim
3843856,Ele era o homem que bebia....,sim
3844864,"Paulo é gigante,.",sim
3844869,Paulo está moicano.,sim
3845254,"Eles estão cegos, eles estão podres.",sim
3845537,"Observe agora, eles já estão cegos e.",sim
3846237,"Observe agora, eles já estão cegos e suicidas..",sim
3846675,"Homem rude, homem cruel.",sim
3847061,Ontem a garota prostituta se matou.,sim
3847433,"mulher é coisa rara, brinquedo mimado.",sim
3847456,por ter criado a minha nova esposa fiel.,sim
3847897,Ela é vegetariana e almoça no.,sim
3847910,Ele quer ser punk.,sim
3847911,"Ele quer ser punk, punk, punk....",sim
3847913,"Ele quer ser punk, punk, punk...
.",sim
3848187,Você mulher solteira.,sim
3848194,Seu homem tá cansado.,sim
3848489,Eu to cansado de mina bonitinha sonhando em ser modelo.,sim
3848990,"Tem umas minas loucas que me encaram no começo,mas eu fico de cantinho enxugando mais um vinho...",sim
3849400,As garotas são bonitas e jeitosas.,sim
3849823,Mina louca!,sim
3849991,"Uma mina muito linda, em cima da casa olhava.",sim
3850142,A mina era feia e agora dá pra encarar.,sim
3850586,E o homem branco verá.,sim
3850588,E o homem branco verá (aaaaaaaaaaaah).,sim
3850594,Aquela peste é doença de homem branco.,sim
3851672,"Tipo menino bobo, isso pra mim é novo.",sim
3851740,"Ela é valiosa e você sabe o quanto vale
.",sim
3851744,É que enquanto ela geme mais alto.,sim
3851796,"Ela é safada e quer o meu cordão de ouro
.",sim
3852161,Essa menina é a perdição.,sim
3852261,Ela é a levada do soul.,sim
3852321,"Essa mina é responsa, paga suas conta.",sim
3853497,Será que eles são tão puros.,sim
3853690,"Ela é mó gata, e tem uma cara que não vale nada,.",sim
3853732,"Ela é experiente, sentando me deixe mais leve.",sim
3853772,"Ela é minha flor de marte
.",sim
3853932,Mulher elétrica.,sim
3853946,"Ô, fé, no banco do carona, ela é maravilhosa, cheirosa.",sim
3854130,Ela é a perdição e acabou que eu virei refém.,sim
3854883,"Foda-se as diferenças, do bem ela é provida.",sim
3855336,Eu sagitariano e ela escorpiana.,sim
3855387,Eu transando com mulheres experientes.,sim
3855577,"Mulher virtuosa, ela é meu tesouro.",sim
3855649,Coincidentemente ela é capricorniana.,sim
3856388,"Amor, de cabelo solto, ela tá solteira.",sim
3856567,"Poxa preta, as mina tava loca.",sim
3856620,"No fim das contas, todo pai é um homem morcego.",sim
3856912,"Ver que a neta é foda, missão num tá falida.",sim
3857434,"Ela é tão diferente, eu de rolé pelo mundo.",sim
3857627,Niro é top.,sim
3857854,Vejo um jogo cênico dos moço cômico.,sim
3858079,E ela achou grandiosos planos que saíram da minha boca.,sim
3858265,O homem livre se envolve com livros.,sim
3858337,Meu menino é um deus ateu.,sim
3858611,Eu só me considero um rei porque ela é uma rainha.,sim
3858771,"Tá tudo errado, eles tão vidrado, só querem ver o que o mundo tem.",sim
3859143,Debaixo dessa farda eu só vejo homem covarde.,sim
3859436,O homem ariano não é o super-homem de.,sim
3859519,"Esfregando, ela é a lâmpada, eu sou o gênio.",sim
3859652,"Só garoto novo (Garoto novo) , cria do morro (Cria do morro).",sim
3859739,"ela tá virada, ela é pipa avoada.",sim
3859800,Ustra nunca foi brilhante.,sim
3859879,Eles são racista?,sim
3860709,Tipo toda mãe solteira.,sim
3861195,"Mulher periférica, sistema teme.",sim
3861215,Mas não bota uma mina preta nos clipe.,sim
3861330,"Ela é linda, menina.",sim
3861336,"Tesouro, chata, ela é paz pra um psicopata.",sim
3861777,Porque sei que ela quer ficar high.,sim
3861809,Descobri que minha mina tá grávida.,sim
3861869,Note que todo menino é um rei.,sim
3861871,No banco do carona ela é maravilhosa.,sim
3862291,"Se deus é perfeito, ele é indiferente.",sim
3862334,"Se eles são rap, eu sou o.",sim
3863297,"Sei que homem é homem, moleque é moleque.",sim
3863327,Hoje ela é minha menina.,sim
3863328,Linda mulher libertina.,sim
3863399,O homem sábio sempre aprende com o passado que teve.,sim
3863606,"Cult passa mau, rei real.",sim
3863618,"É que ela linda, linda, linda, linda, linda, linda.",sim
3863713,"Ela é gostosa demais, ela é bonita demais.",sim
3863743,"Ela é sutil como um beijo
.",sim
3863884,"Desde menino novo, bruxo.",sim
3863971,Ela é caçadora de emoção.,sim
3865489,"Eu tento ser um homem bom, melhorar todo dia.",sim
3865490,Tem fases que eu sou um homem ruim e nem mesmo me empenho.,sim
3865538,Final do dia com grana na conta e mina gata.,sim
3866652,"Cercado de mulher fútil que é útil só pra foder
.",sim
3866771,"Mas um dia vazio, outra mulher louca.",sim
3866997,"Que eu conheci um dia, menina inocente.",sim
3867158,"Zé não é lembrado, um.",sim
3868000,Ele foi condenado por zeus pra segurar.,sim
3868316,Ela é gremista e eu sou colorado.,sim
3868331,"Eu não me importo com detalhes, mas ela é detalhista
.",sim
3868334,"Ela é tão meiga, irmão, e eu pago de durão.",sim
3868339,Ela é sempre muito calma e eu explodo sem pensar.,sim
3868344,"Amo até os defeitos, eu diria ela é perfeita.",sim
3868351,"Ela é cheia de sonhos, eu sou meio indeciso.",sim
3869294,"Alem de ser otário ele ainda é muito gordo""
.",sim
3869431,"Mina doida, tora!
.",sim
3869564,E ela tá sempre mó daora.,sim
3870191,"Ai, ô, mulher bonita.",sim
3870587,Que eu tenho filho pra criar e minha mulher é braba.,sim
3870787,"Sem cartões de quartos de hotéis, minas infiéis.",sim
3871042,"Na levada quetamina, e eu odeio mina quieta.",sim
3871312,Damas belas falam uh.,sim
3871434,E elas louca quer sentar na pica.,sim
3871791,"Se ela é missão impossível, eu sou tom cruise.",sim
3871798,Ela é cobiçada tipo marilyn monroe.,sim
3871823,"Ei, que mina difícil.",sim
3871832,"Uou, nog, essa mina é mó maluca (fala memo).",sim
3872631,Ela sexy falando.,sim
3872867,"Ela louca, ela louca pra sentar no pau.",sim
3873003,minha avó tá velha!.,sim
3873102,Ela é ganguera igual a mary j.,sim
3873107,"Ela é a alquimia, na formula do mandrake.",sim
3873140,Os caras sabem que ela é muito sexy.,sim
3873193,"Minha musa inspiradora, sedutora.",sim
3873209,Ela é capaz de instigar.,sim
3873264,Se ela cola linda várias mina se incomoda.,sim
3873319,É que ela é linda e ela é louca.,sim
3873373,"E mesmo que ela se foi, ela é parte de quem eu sou.",sim
3873525,"Nike, ela linda de.",sim
3873837,Te avisei que ela era uma vaca!,sim
3873839,Você tá no stress e ela tá relax.,sim
3874550,"Nog, ela fica molhada
.",sim
3874576,"Kenner é descolado, 'cê sabe.",sim
3876271,Então deixo ela mais cômica.,sim
3876494,Numa vida séria menina moça.,sim
3876562,Eles tão bolado porque...,sim
3876937,"Antes fosse uma cadela, e ela é diferente?.",sim
3877221,ela é minha lei.,sim
3877226,"Sampa, ela é a pampa, ela trampa e por isso essa track
.",sim
3877241,Ela é mó gostosa.,sim
3877242,Ela é mó gatona.,sim
3877243,Ela é mó postura.,sim
3877244,Ela é minha princesa!.,sim
3877320,"Mas na certa, garota veneno que flerta.",sim
3877324,Ele carente e sozinho.,sim
3877325,Ela contente e sorrindo.,sim
3877647,"minha mina bruto, orelha quente.",sim
3877760,"Ela é tortura no colt, ela é sexy, vem.",sim
3877761,"Ela é sexy, vem
.",sim
3877763,"Todas as mina louca na minha cama, yeah.",sim
3877800,"Ela é sexy, vem.",sim
3877903,"Ele é desumano, rimando!.",sim
3877906,Ele é fenômeno e não o cristiano!.,sim
3877914,Rimando ele é um psycho.,sim
3877927,Eles querem ser pop.,sim
3877959,Deus pela esposa linda.,sim
3878491,"Ela quer tudo de novo, ela é cara (Safa**).",sim
3878501,"Tua boca, moça pequenina.",sim
3878751,"Ela é chavosa, dá uns bola, usa.",sim
3878752,"Nike de mola, ela é puro charme.",sim
3878753,"Ela é muito chique, ela dá um choque, ela é muito rica, kit de [?] (Wow, wow).",sim
3878755,"Kay, te falei, essa mina é covarde
.",sim
3878766,"Ela é minha cobiça, ela é um dia na quebrada sem polícia.",sim
3879723,A minha mina é a mais gata.,sim
3879747,fervendo com a mina mais gata.,sim
3879820,"que mina maluca, filha da puta, entendi nada e óó.",sim
3879912,Ela é gostosa demais.,sim
3880464,"Jovem rei cheio de gana, zero de grana!.",sim
3880696,"Que ela era certa, pensei que era com ela.",sim
3880794,E essa mina é foda né parça.,sim
3880809,"Essa mina é distração, é massa de manobra.",sim
3880845,"Essa mina é maneira que brisa ela se acaba e vai, e vai.",sim
3880846,"Ela fica quente, sensualiza dahora.",sim
3880859,"Ela é jazz, tá voraz, ela é racional.",sim
3880863,Só que ela é mais gostosa.,sim
3880880,Mano a mina tá mandada.,sim
3880989,"Ela é ganja, me deixou pensativo que nem marijuana.",sim
3881004,"Purificando a minha alma, ela é igual rei.",sim
3881467,Eu acredito que o homem é o lobo do homem.,sim
3881475,"É real e ela é falsa e pede muita fumaça, e eu vou.",sim
3881845,Ela é muito melhor do que as gostosas da.,sim
3881885,"""mulher elétrica 10.000 volts"", segura minha colt e atira.",sim
3881996,"Lapa, ela é a mais gata.",sim
3882006,"Com ela é só putaria (novo hit, vai)
.",sim
3882021,"Ninfa, em qualquer posição ela é ninja.",sim
3882176,"De ser minha mulher normal, normal.",sim
3882187,Menina bandida.,sim
3882268,Ela sempre foi tão sexy.,sim
3882272,Ela sempre foi gostosa de alma underground.,sim
3882308,"Ela é maravilhosa, me deixa maluco.",sim
3882310,"Ela vai sempre volta, sabe que a melhor opção é o pretinho.",sim
3882320,"Essa mina é maluca, na cama fica solta.",sim
3882325,"Ela é maravilhosa
.",sim
3882351,"Senhorita ninfo, viciada em fuder o dia inteiro.",sim
3882368,"Terra ao céu, faz cara de santa mas na cama ela cruel.",sim
3882893,Ela é manipuladora e só quer ser sua amante.,sim
3882895,"Ela é punk, ela é funk, da 2 no skunk.",sim
3882975,"Ela é nitroglicerina, tatuada e linda, perfumada de resina.",sim
3882986,"Ela é sereia, bota chapa quente.",sim
3883004,"Ela é sensual, visual, vai até pro festival.",sim
3883015,"Pede um whisky label gold, essa mina é preciosa.",sim
3883049,"Sá mina é sacanagem
.",sim
3883087,Sá mina é sacanagem.,sim
3883090,"Sem minha dama serei incompleto, um grito sem eco.",sim
3883092,"Vai por terra, se desperta; sem ela tô inquieto.",sim
3883169,Miller podia ser carioca.,sim
3883307,"Ela é sereia, heroína na veia.",sim
3883333,Observo a princesa mais sensual.,sim
3883778,Não quero ofender ninguém mas ele é indefeso.,sim
3883912,"Igual titãs, homem primata.",sim
3883963,"Pois ela é didática, sistemática, às vezes é sofrida
.",sim
3884076,A mina linda vem pedir.,sim
3884170,"Botar ela nua, eu vou pra caça
.",sim
3884485,"Bonita e feia, princesa sereia.",sim
3884527,"Ela é dançarina, esculaxa no pole dance.",sim
3884565,"Vc é linda e tem estilo até na roupa íntima, no seu jeito de intimar.",sim
3884657,Ela ouve boa música.,sim
3884658,Ela é moderna e rústica.,sim
3885316,"Nem a mãe irresponsável que aos 15 me pariu, é foda,.",sim
3885335,"longe de uma cela, pintando a vida em aquarela, porque ela é bela,.",sim
3885482,O proceder de um homem honrado não tem corporação.,sim
3885862,Eles tão bolados.,sim
3886282,O menino maluco que sonha acordado.,sim
3886755,Pra você minha princesa detentora de rara beleza.,sim
3887808,A nossa pátria mãe gentil se acostumou com os maus momento'.,sim
3888003,ele tá todo borrado tá mijado tá com medo.,sim
3888071,Datena foi tachado delinquente.,sim
3888101,Para eles era lindo pois faziam por amor.,sim
3888475,"Ele é foda, terrorista com o seu fuzil na mão.",sim
3888794,"Na paulista, brigadeiro ele era ofice boy não temia a.",sim
3888826,Ele é justo e fiel basta orar e jejuar.,sim
3889083,"Não é presidente, não tem eleição, ele é o cara, morô, sangue bom?
.",sim
3889164,ela é útil pra que?.,sim
3889421,Ele fica chateado quando a tiazinha crente.,sim
3889570,"Mas se nóis acorda o jack, nóis é tipo homem bomba.",sim
3889651,"Delegado ele é forgado, continua provocando..",sim
3889864,O seu dinheiro ele é sujo e você é demente.,sim
3890012,"Fala nada ele é sensacionalista, nunca vai reconhecer.",sim
3890254,"O baguio tá doido, o homem é sujo.",sim
3890335,Dinheiro ele não tava preocupado em salvar sua alma.,sim
3890723,Criar homem bomba.,sim
3890886,te ofereci mulher ligeiro você não quis.,sim
3890922,Homem inútil infeliz se torna pó com um soco.,sim
3890985,Mais uma senhora sendo esmurrada.,sim
3891030,e seis achavam que nois era tipo mágico de.,sim
3891415,"Ele não é filho do homem, quer exemplo?.",sim
3891711,"dinheiro ele não tava preocupado em salvar sua alma,.",sim
3891752,"relógio, tênis, bebida, mina fácil de ensacar.",sim
3891826,ce troca de mulher igual ce troca de roupa.,sim
3891861,O homem é livre quando ele é capaz.,sim
3892306,-''O pai era pedreiro a mãe era domestica como ele.,sim
3892607,- Djalma tá errado tem que haver uma mudança.,sim
3892664,"""O pai era pedreiro a mãe era domestica como ele.",sim
3892752,ele é merecedor de levantar a taça.,sim
3892933,Duas na mente ele já é um canalha.,sim
3894059,"Rod não é preto, mas também não é branco.",sim
3894256,"Cada sorriso dessa mina é uma mina que eu descubro todo dia, que sorte a minha.",sim
3894267,"Com tudo isso e ela ainda ficou mais linda
.",sim
3894315,"Mina mais linda da festa regada a bebida
.",sim
3894317,Ela é mulher com marra de menina.,sim
3894347,"Ela é só paixão, me atira no chão, vem com determinação.",sim
3894547,"Hoje à noite, eu e ela é constelação.",sim
3894842,Os menino nervoso é depósito.,sim
3894919,Foda que ela é linda.,sim
3894927,"É que ela é rua no olhar, dama no porte.",sim
3894929,"Pauta do bonde, é que ela é coisa fina.",sim
3894930,"Eu não posso lidar primo, ela é gata demais linda.",sim
3894959,"Ela tem a manha, menina mulher você me ganha.",sim
3895199,Bom que ela é tímida e eu sou meio atentado.,sim
3896473,Se o gringo axa lindo sorte que ele tá iludido.,sim
3897219,Hot cheese essa mina é natural e sem silicone.,sim
3897480,"Eu tive que ser ágil, ela não é fácil.",sim
3897482,Dizem que a mulher é frágil.,sim
3897703,Gostosa no ponto ela é foda essa mina já virou.,sim
3897704,"Pauta do bonde, ela é coisa fina.",sim
3897705,"Eu não posso lidar, primo ela é gata demais.",sim
3897706,"Linda ela é obra divina, ela é tipo o pecado.",sim
3897739,"Foda que ela é linda
.",sim
3897867,Me prometeram nessa indústria dinheiro e mulheres belas.,sim
3898090,Eles são tão falso eu fico abismado.,sim
3899797,Mulher elástica.,sim
3899829,"Ela é tão flex, Tipo flexível.",sim
3899862,"Ela é diferente, confunde a gente.",sim
3901210,Ela é tão linda e tem o dom.,sim
3901227,Por isso que gosto é que essa mina é tão louca.,sim
3901230,O tanto que ela é gata incomoda.,sim
3901354,"E pra quem tiver no veneno, ela é afiada curta e grossa.",sim
3901657,"Essa mina é complicação, quero a mina lazer.",sim
3902106,Dizendo que a fé lhe fez mulher corajosa.,sim
3902281,"Xangô ela é filha, que nem ouro ela brilha.",sim
3902458,"Ele é papel, caneta, é lição, som e letra.",sim
3902470,""", ele é free, ele é show.",sim
3902631,Já foi garoto zen.,sim
3902632,"Tranquilão, menino bom.",sim
3902782,"Eu quero ajudar, ela é independente.",sim
3902788,"Eu peço um espaço, ela é mó carente.",sim
3902791,"Ela é principal, não sai da minha mente.",sim
3902792,"Ela é pontual, eu sou raramente.",sim
3902793,"Ela é natural, eu sou transparente.",sim
3902794,"Eu sou marginal, ela é bem decente.",sim
3903055,"Eu meio estressado, ele muito engraçado.",sim
3903284,"Dizendo que a fé lhe fez mulher corajosa
.",sim
3903610,Um homem plural.,sim
3903676,Ela age sempre sorrateira.,sim
3903680,Vai pensando que ela é brincadeira.,sim
3904004,"""Essa mina aí é proibida pra mim, No way"".",sim
3904303,"Rima, sou eu memo um homem plural.",sim
3904537,O que que uma menina tão bela.,sim
3904635,"Homem feio só namora quando o bonito não tá
.",sim
3904649,E eu só não posso me deixa levar por um sorriso de mulher bela.,sim
3906444,Ela é justa meu bem.,sim
3907201,"A mulher mais linda do sistema solar
.",sim
3907254,Princesa única da sua espécie.,sim
3907803,"Seguindo o meu caminho de homem livre, sem credor
.",sim
3908026,Ela tava linda no estilo mulherão.,sim
3908060,"Porque no recinto não havia mulher mais bonita
.",sim
3908256,"Nesse tipo de assalto, ele ainda era novato
.",sim
3908379,Menor ele fica quanto maiores formos nós.,sim
3908552,"Um homem invisível, chamado de otário.",sim
3908981,"Seja ele bom, seja ele ruim.",sim
3909182,Agora a jovem esposa é viúva de vivo.,sim
3909390,"E ela é boa com planos, pois assim começamos a gerar resultados.",sim
3909429,"Garota perva me testou, falo de fatos sei que ela cortou a luz.",sim
3909682,Levei nas costas meninos briguentos.,sim
3911605,"Os amigo evita, a mãe aflita, o time perde.",sim
3911704,"Mas ó, que menino depressivo.",sim
3911765,Ele é bom de mentira pra suprir a falta de originalidade.,sim
3912244,Que eu sou moço boa praça.,sim
3912265,Sem ele sozinho estou.,sim
3912421,Menino mau que monta em cima da humildade.,sim
3912808,"Mulher casada não pode, mata bem mais que revólver.",sim
3912963,Mulher casada não pode.,sim
3913290,Ou deixa minha mãe aflita.,sim
3913646,Ganha dinheiro me tornou um garoto pródigo e.,sim
3913788,Olha quanta mina gata deixando minha mina brava.,sim
3914047,"Menina mulher, o que tu quer?.",sim
3914077,"Garota que transborda conhecimento, mulher inocente
.",sim
3914207,O medo intimida o homem tímido.,sim
3914832,O que me assusta são homens vivos com vaginas.,sim
3915290,Mina bandida tu sabe né?.,sim
3916089,Em tão pouco tempo garoto precoce.,sim
3916141,Eles são tão ruins.,sim
3916696,Veja na tabela aquela mina bela.,sim
3916942,"Que finge orgasmo (menino asno)
.",sim
3917669,Garoto que caça garota que caça garota donzela.,sim
3917940,Us menino é bom.,sim
3918025,"Marte, mulheres noturno.",sim
3918153,E ela dança haikaiss.,sim
3918263,"Mulher é matte, abre a carteira que elas late.",sim
3918949,Quando surge um homem negro.,sim
3918975,"Sei que em todo homem mau,.",sim
3918976,"Ainda existe um homem bom,.",sim
3919168,"Todos sentem, mesmo morna, ela fria é diferente.",sim
3919413,"Química imediata, eu curto mulher chata que cisma.",sim
3919623,Com a mina bonita na fita meu caro.,sim
3919684,Combustível de um homem doente.,sim
3920769,"Pra você ver como ela é esperta, e eu de boca aberta.",sim
3920864,"Porque a confiança é uma mulher ingrata,.",sim
3921036,"Moleque é sangue bom, se roda segura a bronca.",sim
3921059,Com menos de 17 ele já estava legal.,sim
3921291,Os homens são sentimentais.,sim
3921461,pois ela ainda é uma criança e.,sim
3921935,garoto inocente).,sim
3922498,já foi mais um na periferia só mais um rapaz comum.,sim
3922504,"mais um rapaz comum mais um rapaz comum
.",sim
3922557,João agora é mais difícil controlar o.,sim
3922579,João é preto velho tem.,sim
3922668,mais um rapaz comum mais um rapaz comum.,sim
3923197,"É W DEE, mas ele era um irmão meu.
.",sim
3923522,"Menino bom mas, pobre, feio, fraco, infeliz, só.",sim
3923562,Mestrão irá saber reconhecer o homem bão.,sim
3923921,Mas o tempo passa e ele é professor.,sim
3924277,Moleque é morto a tiros na favela.,sim
3924498,Se deparou com um homem frio.,sim
3925090,"Marcão foi doido memo em tio, mas.",sim
3925236,É a vida como ela é nua e crua.,sim
3925534,"ta toda empolgada, mãe é advogada.",sim
3925696,"Mas ela é forte, acredite ela vai superar.",sim
3925995,"Ele é incomparável, inconfundível, inacreditável.",sim
3926459,senhora pobre..,sim
3927435,Tenho fé pra provar que cristo é imbatível.,sim
3928088,Ai rapaz inteiror é só bandido envolvido.,sim
3928534,Jesus sendo consolo e ombro amigo.,sim
3928710,Pedindo dinheiro eu não sei se é um marido doente.,sim
3928941,"Só no começo, afinal de contas ele é traiçoeiro.",sim
3929030,aqui os menino bom tá de traca e furador.,sim
3929061,"Aqui os menino bom tá rasgando as de 100 nas boate,.",sim
3929085,o cifrão criou os gladiador aqui os menino bom.,sim
3929356,Eu to ligado que ele tava drogado.,sim
3929419,É assim mesmo ele é cheio das mancada.,sim
3929450,Aquela mina é firmeza.,sim
3929488,"Aquela mina é firmeza
.",sim
3929508,"Aquela mina é firmeza...
.",sim
3930024,Sou filho de mulher guerreira filho de.,sim
3930384,só na gente mas mulher é diferente.,sim
3930393,então parceiro deixa ela ser feliz..,sim
3930827,Ela é minha namorada.,sim
3930989,é poblema eu ouso no meu carro aquela mina é firmeza.,sim
3931178,"Pra boyzinho todo chic vai filha puta 2x
.",sim
3931538,Ele é odiado por aqueles que não.,sim
3931544,Mas ele é admirado e respeitado.,sim
3931935,Um dia sua mãe estava contente.,sim
3931942,O bem amado ele era adotado.,sim
3931943,"Sua mãe era simples, seu pai um bom senhor.",sim
3931946,E quantas vezes eu via sua mãe tão contente.,sim
3931956,Ele era feliz mas não tinha mordomia.,sim
3931958,"Ele era tão humilde, ele gostava.",sim
3932100,A minha mãe sempre forte ia trabalhar.,sim
3932126,E que apesar de tudo ele tá perdoado.,sim
3932491,Que mina louca.,sim
3932494,Carai que mina louca!.,sim
3932516,Essa mina é só loucura.,sim
3932664,E ela ficou bolada!.,sim
3933378,Pego umas mina feia.,sim
3934050,"Não viu a mãe infeliz, a miséria ali sem filtro.",sim
3934975,"Sabe como é, nois é certo pelo certo e seja o que.",sim
3935020,Hoje o homem é tirano não divide o pão.,sim
3935493,Eu vejo menina gravida e o pai encarcerado.,sim
3936655,A inteligência do homem é o avanço tecnológico em vão.,sim
3937269,Vai ver a mãe doente aposentada fazer faxina.,sim
3937759,"Fiel à sua cultura que as palavra da mãe louca,.",sim
3937762,Toda mulher puta nem que seja de um homem só diz..,sim
3937923,"Buscando o ápice da ciência, nobel do homem gênio, pra daqui 30 anos estar respirando nitrogênio.",sim
3938065,Menina boba e iludida sabe de nada da vida.,sim
3938083,Não agüentava mais ver a minha mãe sofredora.,sim
3938090,Ele ficou diferente a principio irritado.,sim
3938115,"Era a mulher mais feliz, o meu amor chegou
.",sim
3938120,Tentei acalma-lo ele ficou irritado.,sim
3938157,essa é só mais uma história de um rapaz comum.,sim
3938248,"Mulher guerreira, tenho o meu valor
.",sim
3938283,"Ela é mulher, Mc, mãe, às vezes pai, não é fácil.",sim
3938295,"E o homem ingrato te chuta, desde o útero.",sim
3938296,"Cresce, maltrata, marido adúltero.",sim
3938304,"Mulher guerreira, tenho o meu valor.",sim
3939527,"futuro si pá não dá nada, menina boba iludida,.",sim
3939580,"Era a mulher mais feliz, o meu amor chegou.",sim
3940201,"Igual a mim, aqui, quantos fi de mãe solteira.",sim
3940412,Da mulher que foi embora cansou do marido alcólatra.,sim
3940720,"Jesus ta vivo, pensa nisso !
.",sim
3941062,Firmeza mãe solteira com dezesseis.,sim
3941070,Ela ficou desempregada chorou encheu a cara me fez.,sim
3941074,ele era bom não era perfeito.,sim
3941094,Senti na hora que ela ficou abalada.,sim
3941096,Ela ficou mal heim num comia de jeito nenhum.,sim
3942143,Tem dia que ela mais parece adversário.,sim
3942647,Jackson era preto.,sim
3942804,deixou ele viuvo e sem herdeiro.,sim
3944603,"Da ilusão do seu mundin', igual a ela não é real.",sim
3945708,"da ilusão do seu mundin', igual a ela não é real.",sim
3945939,"Laisla tudo bem, pois ela ainda é uma criança.",sim
3946202,Encontrei a mulher digna do meu amor.,sim
3946663,Sonhava em ter uma mina gostosa pra namorar.,sim
3946694,"Mãe, pra senhora ainda sou uma criança.",sim
3946758,"Hoje tenho uma mina guerreira, tô sossegado.",sim
3946774,Mãe é mãe.,sim
3947460,"do que ele é capaz, cobiça, gula, mentir até mais e só.",sim
3947902,Mais o tempo passa e ele é professor.,sim
3949497,De sua coberta ser a lua ele é o futuro da nação.,sim
3949906,"Ele, Ele está sempre presente..",sim
3950034,Minha mulher também era desandada.,sim
3950206,"Esse cara tem um irmão, eu sei que ele é viado;.",sim
3950487,Se o mano está de gravata ele é respeitado.,sim
3950488,Se usa uma calça larga ele vai ser zuado.,sim
3950720,SE O MANO ESTÁ DE GRAVATA ELE É RESPEITADO.,sim
3950721,SE USA UMA CALÇA LARGA ELE VAI SER ZUADO.,sim
3950896,"Nas grades do coração ela é refém, mais nada.",sim
3951476,Mulher afrodescendente.,sim
3951496,Ele é pop rock.,sim
3952622,"Aqui tem carnaval, mulher faceira, é de primeira.",sim
3952704,mulher nova e carinhosa de.,sim
3952712,o homem quando ama fica assim meio criança.,sim
3952782,"Mulher brasileira em primeiro lugar
.",sim
3952785,Mulher brasileira sua beleza é rara bênção tia leci.,sim
3952798,"Agora é minha vez vou cantar mulher brasileira em primeiro lugar
.",sim
3952834,"Uma par de 157 na sua ficha, ele era o bicho;.",sim
3953014,"Mulher falsa é advogado, é bom você ta ligado;.",sim
3953358,Tome cuidado ele ta totalmente nervoso.,sim
3953823,Com esse jeito de menina mulher.,sim
3953897,Faruck é loco caralho.,sim
3955072,"carro esporte, mulher gostosa já é de lei.",sim
3956548,"Na velocidade certa, elas já tão esperta.",sim
3956871,"Mulher feia só existe se você bebeu pouco
.",sim
3956910,Deixando elas maluca da nuca ao cox.,sim
3957067,Nego parou de esbarrar e as mulheres estão mais bonitas.,sim
3957182,"""Ah gente o que ele fez foi muito feio.",sim
3957478,Inventaram a desculpa ela é celebridade.,sim
3957598,"mulher cachorra,.",sim
3957803,"Mulher bonita e marrenta, para mim não presta.",sim
3957831,"Se ele vazar, ele não é babaca.",sim
3957832,"A culpa é tua, de ser uma mulher fraca!.",sim
3957835,você me diz que ela é gata ou que ela é gostosa.,sim
3958016,"Ele é o rei e bopli palmito inglês.
.",sim
3958380,"A mulher elegante, tem a mulher brega.",sim
3958383,"Tem mulher bonita, mulher inteligente.",sim
3958414,Tem mulher cremosa que sabe rebolar.,sim
3959029,Que ela é presa fácil mas a moça tá esperta (Tôco).,sim
3959397,Tudo muda quando ela não tá presente.,sim
3959940,"Eu sei que ela é a mulher pra mim
.",sim
3959963,"Eu e minha donzela, minha princesa mais bela.",sim
3960002,Eu sei que ela é a mulher pra mim.,sim
3961489,Ela era a princesa eu era o plebeu (tudo derrepente).,sim
3961491,Que mina cabulosa olha so que conversa (eu não aceito não como.,sim
3961518,E me lembro das vezes que eu deixei ela sosinha.,sim
3962126,Os mano as mina skatista ladrão união.,sim
3963210,Mulheres nuas sonham com um montante.,sim
3964535,"então pode crê que eu ""pago um sapo"" se ele é bom eu sei,.",sim
3965557,Maluf é igual o.,sim
3965974,"Paulo é mortal, é uma selva de pedra (de pedra).",sim
3966970,Tinha tanta mina gata.,sim
3966998,"As mina soltinha brincando,.",sim
3967032,E ela é bem capaz.,sim
3967033,Parece que ela tem parentesco com satanás.,sim
3967596,A mãe é a flor o pai é um lobo jardineiro.,sim
3967937,estiver é bom que ele esteja armado!,sim
3967996,guilhotina tu não acredita ele é um traíra mas se.,sim
3968061,"Ela destrata, te maltrata ela é ingrata e é o que tem.",sim
3968322,Convivemos com anjos e deusas céticas.,sim
3968627,Cansado de ver ele cheio de problemas.,sim
3968879,o senhor é novo nesse plantão.,sim
3968921,"Com os caninha na revista, eles são cheio de malícia.",sim
3970014,Tinha tanta mina gata que eu nem percebi as feias.,sim
3970079,Num existe um homem perfeito.,sim
3970815,"Chora sua mãe, sua mina idai só dor e desespero eu não quero isso pra mim.",sim
3972360,no meio do terror ainda existe homem bondoso.,sim
3972411,atráves de um homem bom que procia de harmonia.,sim
3972423,"Um homem bom que serve de espelho,.",sim
3972554,"Saudoso povo, saudosa mãe gentil, querida.",sim
3972725,homem sujeito merecedor.,sim
3973091,Tá de namorado novo ela é cara de pau.,sim
3973383,"Mulher casada cheira a velório, sou mais a minha que eu adoro ré.",sim
3973741,Guto tá escrito.,sim
3974766,"do mundo foi mais forte, ela foi mais forte papai..",sim
3975380,ela não merece ser infeliz.,sim
3975389,"mulher assim é rara, bom foi te encontrar...
.",sim
3975447,"mulher assim é rara, bom foi te encontrar.
.",sim
3975586,"Eu não acredito, ele não é o cão.",sim
3975705,Vira homem invisivel é e no final.,sim
3975929,Ela não é a vida.,sim
3975930,Ela não é a morte.,sim
3976497,Senhor é o piloto que me guia.,sim
3976543,Fulano é sangue ruim.,sim
3977037,"Ele é safado, tomo tapa na cara na penita do estado.",sim
3977238,Mas cheio de orgulho em conviver com os homens comum.,sim
3977579,"Roger tá embaçado,.",sim
3978531,"Gonzaga era preto, era o rei do baião.",sim
3978791,"Rivelino é formado no terrão,.",sim
3978869,E ele segue esperto de olho na p.m.,sim
3978992,Menina nova por dinheiro.,sim
3979120,Menina nova engravidando.,sim
3979228,"essas são as nossas mulheres pretas.
.",sim
3979229,Essa foi dedicada a todas as mulheres pretas ´.,sim
3979232,"Ela é a princesa e eu o plebeu,.",sim
3979243,"para a mulher negra,.",sim
3979255,Salve todas as mulheres negras....,sim
3979258,"Negra preta mulher brasileira,preta....",sim
3979260,"Negra preta mulher brasileira,preta...
.",sim
3979275,"mulheres pretas é pra vocês canção,.",sim
3979429,Mas tive que ir embora porque sou homem casado.,sim
3979506,é uma honra pra mim sou homem honrado.,sim
3979709,A primeira dama e o rei zulu.,sim
3979746,Sam mando do senhor rico.,sim
3979890,"Mãe gentil, não quero ver sofrer crianças do brasil.",sim
3979913,"mãe gentil , não quero ver sofrer crianças do.",sim
3980996,Ela levita tão fácil ela fala tão manso ela joga tão bem.,sim
3980997,"Ela joga difícil ela fala em vício e eu penso o que que ela tem
.",sim
3981740,Rappa foi forte me mostrando o que é ter postura.,sim
3981888,"O bang pega fogo, essa mina é mó treta,.",sim
3981895,"Parceiro, essa mina é foda e eu pego mó bem.
.",sim
3981904,"Tento me concentrar no trampo, mas ela é bem mais foda,.",sim
3981976,Minha mulher é brabona e vai dar problema!.,sim
3982887,Carai meteram a lombra a vibe das mina era punk.,sim
3983192,"Minha mina vem direta, tá chegando a aniversario,.",sim
3983819,Ela é durona marrenta segura sabe conter.,sim
3983821,Eu faço ela ficar insegura e amolecer.,sim
3984054,E ela tá tarada.,sim
3984515,Ela é quente é sorridente eu sou frio cara amarrada.,sim
3984516,Ela é pedra água de rio eu sou chuva raio e estrada.,sim
3984528,Ela é beat eu sou letra ela é levada eu sou flow.,sim
3984529,Ela é segura e eu sou tão contraditório.,sim
3984530,"Ela é sequêncial e eu permaneço aleatório
.",sim
3984532,Ela é flamengo rubro negra eu tj santista.,sim
3984533,Ela é vemelho unha eu sou vermelho vista.,sim
3984536,Ela é taça é vinho é please eu sou lata de skol.,sim
3984537,Ela é chata e feliz alegre marrenta e boba.,sim
3984542,Ela é início eu sou fim ela é luz eu sou breu.,sim
3984546,"Ela aperta eu pego ela é bonita eu sou tão feio
.",sim
3984550,Ela é sequêncial e eu permaneço aleatório.,sim
3984618,"Ela cheia de vontade, pergunta sem maldade.",sim
3984861,Falar dessa mina é muito difícil.,sim
3984969,mulher bela.,sim
3985218,"Homem tão racionais, voo de rapaz comum..",sim
3986267,"Eu tô louco por ela mesmo sabendo que ela não é real
.",sim
3986553,"Sujeito homem digno, rapaz comum de novo.",sim
3987106,Ele é nativo imigrante.,sim
3987110,"Ele é índio, ele é pardo.",sim
3987487,Ela já tava perdida.,sim
3988003,"chapa e sem nóis, as mina é chata ai, não esquenta as.",sim
3988039,"Wilson também vão colá, e as mina fica louca se.",sim
3989159,Pois ela é mais forte que preconceito rojão ou bala.,sim
3989441,"Sua mãe radiante, de olhar cintilante.",sim
3989691,"no julgamento ele foi o réu.
.",sim
3989756,"Ela cheia de dor, mágoa e tristeza, respondia: Lá vem ele!",sim
3990088,"Minha mãe doente,com crise depressiva.",sim
3990103,"""Denis a tia veio avisar que a sua mãe tá presa"".",sim
3990309,"bate no peito que ele é ateu, começou a ler um livro não acredita mais em.",sim
3990705,"Minha mãe doente, com crise depressiva.",sim
3990764,Mamãe foi condenada a vinte anos de penita.,sim
3990899,"umas mina chic, burra, cheio de xilique, da salve nos.",sim
3991250,"Ele justo, tô só esperando a hora
.",sim
3991525,dos menino apetitoso.,sim
3991827,"Maceió, de mulher boa inveja vai conspirar.",sim
3992518,minha mãe é especial;.,sim
3992652,Que os menino é crânio louco.,sim
3992698,ele é o cão quando tiver sozinho.,sim
3992965,que sabe discriminar ele é chique educado quero vê na.,sim
3993467,""" eles feliz é tão lindo esse momento aqui é pouco.",sim
3994101,real mulher miguelense guerreira.,sim
3994801,A princesa africana fez outra realidade.,sim
3994831,"Do rei zumbi dos palmares, heróI nacional,.",sim
3994965,Se ela é medicinal.,sim
3995142,Encontrado um homem diferente..,sim
3995732,"Ele saiu bem arrumado foi encontrar alguém
.",sim
3995903,A festa ta de boa todo mundo ta na paz muita mulher gostosa só favela eu quero é mais eai doidão sem treta ai vai vendo o frevo é de ladrão tu vai fica pequeno moiado é na fissura não sigura a lombra ditado mais que certo não confia nem na sombra compro e não pagou deu banho na parada vai fica pequeno deu mole na bocada.,sim
3996000,Ela é linda e faz maloqueiro perder a linha.,sim
3996350,no veneno ele é pior que o boneco assassino.,sim
3996351,ele é um vulcão em erupção.,sim
3996960,"Patrick é espaçoso e odeia os cabaço
.",sim
3997279,O amor é cego sua mina não é sereia.,sim
3997282,"Sua filha feia é modelo igual a geyse
.",sim
3997298,Tipo nerd que na frente nunca viu uma mina nua.,sim
3997343,"Se ela é taxada e pixada eu pixo, agachada é o bicho
.",sim
3997823,"patrick ensina, sua mãe cavalgar igual uma equina..",sim
3997939,"Essa mina não é melosa, ela só goza com a dor
.",sim
3998010,"Sua mina não é melosa, ela só goza com a dor
.",sim
3998015,"Essa mina não é melosa, ela goza com a dor
.",sim
3998213,"Menina atraente, a mais linda que eu já vi.",sim
3998215,"Ela é diferente, um tanto carismática.",sim
3998216,"Ela sempre me deu atenção, afinal ela é simpática.",sim
3998268,Ótima compania ela é boa influência.,sim
3998306,"Não, és a mulher fácil de se encontrar na pista.",sim
3998463,"Muito colossal , você se perde ele é fatal.",sim
3998502,"Até a garota diferente falou bye bye penis
.",sim
3998888,Que a sua mina não aguente.,sim
3998962,Aquele tipo de menina dengosa.,sim
3999296,Ela é minha inspiração.,sim
3999566,"se ela foi bem feita então ela predomina .
.",sim
3999665,"Mulher boa é assim, difícil de pegar
.",sim
4000137,"Onde está a tua alegria, neste mundo de homens tristes?.",sim
4000170,"Homem nasce livre, porque é que alguns são donos?.",sim
4001712,sonhei ela não está espantada pelo contrário relaxada.,sim
4002044,uma mulher interessante é muito mais do que....corpo!.,sim
4002695,"Ele era negro, ela era branca e o people que passava logo pasmava.",sim
4002696,Ai que menina tão querida de boas familias.,sim
4002944,O teu pai nunca foi pai a tua mãe não tá presente.,sim
4003538,Papa é católico.,sim
4003571,Porque se sonhar é arte yo ele é artista.,sim
4003572,Se esperar é ciência ele é cientista.,sim
4003957,"Ela é tão gira, vinte um fez há pouco.",sim
4003971,"Ela é mimada, ele generoso.",sim
4003972,"Ela é novinha, ele é idoso, alguém lhe diga
.",sim
4004054,A minha mãe chamava-me puto xarila.,sim
4004329,Essas minas são punk são levadas da breca.,sim
4004406,Ele é seu irmão?.,sim
4004419,"Que por aquele homem ela foi violentada
.",sim
4004513,Ele é bom mas vive cheio de parafernália.,sim
4004777,"Ele é o exemplo, um cara bem-sucedido.",sim
4005082,Uma senhora perambula.,sim
4005266,Ele é enorme e se alimenta de gente.,sim
4005391,minha donzela divina.,sim
4005507,Ele foi pecador mas lhe peço senhor.,sim
4005756,"Ela é a vista mais linda, wow.",sim
4005758,Ela brilha igual um girassol.,sim
4005888,"O homem louco sem futuro talvez te surpreenda,.",sim
4007934,"Mas a vida dele é loca, vou contar pra vocês com dez anos ele era campeão de xadrez com treze para quatorze era fluente em japonês e com vinte e dois ele beijou pela primeira vez.
.",sim
4008075,"Ui, ele é conquistador, ele pega quem quiser
.",sim
4008151,"Neto é muito mais legal!)
.",sim
4008314,"Sou 1337 pra sempre, sou rei virtual, minha.",sim
4008642,"Esquarteja o corpo da filha inteiro
.",sim
4008946,"Estupro, meto a rola, elas tão obcecada
.",sim
4009673,"Mulher é a desgraça, só sabe vingar
.",sim
4010152,"Mas com suas modas ela atenta, vestido vermelho cor de pimenta, chupando bala de menta meu coração não güenta..",sim
4010189,"Conheço mulher e seus esporro, homem é tudo cachorro mascarado, estilo.",sim
4010501,"elas ficam sensíveis ao toque no seio eu no anseio chego perto,.",sim
4010655,Ela é louca e pede pra eu exercer meu vício.,sim
4010671,Ela é maluca mas ninguém é perfeito.,sim
4010755,Jefferson é divertido e sem igual.,sim
4010759,"Total, ele é um artista e o mal.",sim
4010845,Se a menina tá acuada e ao lado não tem ninguém.,sim
4011043,"Deus existe, ele é vascaíno e meu parceiro e.",sim
4011140,"Elas são sinistras, elas são sinistras.",sim
4011146,"Elas são sinistras, elas são sinistras
.",sim
4011149,Ela é foda!,sim
4011190,"Elas são sinistra, elas são sinistra.",sim
4011213,"Belo gosta, muitos gostam de mulher igual homem.",sim
4011514,"ou ela é cega ou maluca, bota a mão pro céu.",sim
4011523,"Nareba tem o nariz grande, Xandinho tá cheio de.",sim
4011525,Paulinho é gago e fanho mas pega as paraibinha.,sim
4011529,"Augusto é desingonçado, Marcio é engraçado.",sim
4011531,"Juninho é anão, Renato cara de moeda.",sim
4011902,pra terras européias com mulheres menos véias.,sim
4012125,"Quem vos fala???/ O MC mais mala/ que não se cala/ e zoa/ todos enquanto abala/e soa/ na sala/ tirando a família da poltrona/e aciona eject/ sua mãe corre igual maratona/ e pressiona select/ o filho reclama,/ clama por liberdade/ na sua idade/ de poder falar palavrão rimando com o nome da sua cidade/ a coroa cancelá/ o chá,/ tira as amigas já/ de casa/ sua paciência queima igual brasa,/ ela sai/ e vai/ ao plaza/ chama os amigos/ pra ouvir contigo/ curte o som bebendo yogurte aproveita e queima o exemplar da contigo/ que sua mãe assina,/ assassina a ideologia sem vacina/ e demodê/ e bota a porra do som no máximo porque...
.",sim
4012141,"Gil foi feito pra poder vender/ ele manda bem, mas cantar.",sim
4012509,Ela é foda..,sim
4012538,homem fica louco..,sim
4012659,"Sendo que minha mãe era pobre, meu pai nordestino..",sim
4012888,"tá muito mandona/ pro meu gosto,/ rala peito e vai ver o desgosto/ da sua vida de ano a ano aparece uma nova mulé, mas a reclamação é a mesma/ eu não sou de ferro se elas grudam igual uma lesma/ e cê prefere ficar com suas amigas na festa,/ né?",sim
4012946,Anitta é poderosa.,sim
4013135,Atrevida com homem valente eu to no céu.,sim
4013159,"Sua mina grávida, dizia que não sabia.",sim
4013390,Mulher preta de espirito guerreiro.,sim
4013474,Minha vó dizia que ele era inteligente.,sim
4013482,Pras mães só bons meninos são terroristas da favela.,sim
4013516,Que ele era um viciado alucinado pra matar.,sim
4013769,que eu possa fazer-te a mulher mais feliz.,sim
4014529,"Ela é fria, não quer saber.",sim
4015349,"A ver damas,damas lindas dá aquele prazer.",sim
4017753,Discriminados homens cegos.,sim
4018330,Serei o rei latino americano.,sim
4018442,Que você seja mais um rapaz comum.,sim
4019779,Ele fica louco com meu jeito de andar.,sim
4019799,"E ela tá parando o rolê, mina maluca.",sim
4019855,"ela é minha brisa e eu briso
.",sim
4019877,Ela é minha brisa menina e.,sim
4019885,Pena que ela é tão gostosa.,sim
4020031,Ela é pura classe.,sim
4020186,Ela é gostosa tipo um beck fim de noite.,sim
4020808,E ela é quente desvia a atenção.,sim
4021444,"Deus, ele era ateu,.",sim
4021514,"mal precentimento, ele não estava atento.",sim
4022022,"Hipnotizado, ele é mago, tem na cabeça o dicionário.",sim
4022110,Homem negro do terceiro mundo com problema.,sim
4022302,No reino dos falsos ele é patrono.,sim
4022346,Estamos falando aqui de mulher preta.,sim
4022741,"A real é diferente, ela é bem mais quente.",sim
4022777,A glória para o guerreiro rei quilombola.,sim
4023169,"Mulher guerreira casada com um parasita,.",sim
4023695,A vida é dura e ela bate forte!.,sim
4024486,"Mulher preta

.",sim
4024491,Eu era apenas sómais um rapaz comum.,sim
4024507,"Mulher preta
.",sim
4024652,Correto...todo menino é um rei...quer uma rainha eu sei....,sim
4024693,"Com a mina grávida, largada no veneno,.",sim
4025075,Meninas superpoderosas loucas demais.,sim
4025161,"Meninas super poderosas, muito locas demais!.",sim
4025229,Mãe grande.,sim
4027143,Homens adultos.,sim
4027750,Minha mãe completa.,sim
4032680,O homem egoista.,sim
4037979,Age como uma menina imatura inculta.,sim
4038818,Eles são ricos.,sim
4038910,Já os homens meninos.,sim
4039398,Há mulher puta.,sim
4039406,Há mulher suja.,sim
4039552,Parecia ser um homem perfeito.,sim
4040416,Mulheres não é idêntico.,sim
4041572,Eu ainda sou o homem morcego.,sim
4041676,Parece ser feita de homens maus.,sim
4042419,Eu danço com a dama mais bela do baile.,sim
4042515,"Eu louco de green, ela louca de mel.",sim
4042633,Acho que ele ficou puto porque me tornei fumante.,sim
4042682,"Flow da bica, mãe tá rica.",sim
4042739,E essa mina nua sempre me vestiu.,sim
4043429,"Duas minas brasileiras
.",sim
4043778,E ela é minha sereia.,sim
4043782,Ela é minha sereia.,sim
4044497,Pra enfeitar a menina mais bela.,sim
4044514,Trago ervas de cor pra enfeitar a menina mais bela.,sim
4044842,Ele é lindo de viver.,sim
4045413,"Aquela moça linda, só por causa de sua cor.",sim
4045615,"Mas, pouco visitada pelos homens fortes.",sim
4046427,Mulher menina...Beleza de vida.,sim
4046687,A influência dos homens bons deixou a todos ver.,sim
4046806,A mulher é linda e a vida também.,sim
4046839,Quando os homens sorridentes surgem em sua.,sim
4046981,"Musa brasileira, jeito simples, mas style.",sim
4048080,Que ela é a luz que me traz paz.,sim
4048846,Atingiu o black power de um rapaz indefeso.,sim
4049312,"Repare bem em mim, eu não sou menino novo.",sim
4049348,Que ele estava mais lesado.,sim
4049561,Mas ele é safado e ardiloso.,sim
4049574,"Ele é inteiro, lindo e pleno.",sim
4050758,Faz o homem consciente.,sim
4051594,"O homem livre, independe da cor.",sim
4053241,De fazer pra nós mesmos o que eles não capazes.,sim
4053297,Enquanto os homens ricos vendem guerra por paz.,sim
4054540,"Mulher bonita é feitiço da lua , oba!.",sim
4056269,"Mas, uma moça bonita de olhar agateado.",sim
4056399,moleque era folgado e um corretivo mereceu.,sim
4056401,"moleque era engraçado e a galera o acolheu
.",sim
4056416,Menino pobre que veio da favela.,sim
4056707,"A força da mulher, mulher brasileira.",sim
4061363,"1500, O homem branco em pindorama chegou.",sim
4062097,"Musa apaixonante, a música é minha amante.",sim
4062098,"ela é a protagonista, eu coadjuvante.",sim
4062099,"Ela é guia, eu viajante, ela o pão de cada dia.",sim
4062296,"Não, não senhor burguês.",sim
4062581,Bem que minha mãe estava certa.,sim
4062793,Uma mulher tão bela andando assim nas sombras.,sim
4062794,Uma mulher tão bela vagando só por aí.,sim
4064269,Maria clara é uma menina linda e é a cara do pai.,sim
4064372,"Vei, te contar uma história de uma menina que tem um único problema, ela é linda demais!
.",sim
4064373,Menina linda que até dói os zói.,sim
4064379,Mais que menina linda.,sim
4064420,Menina linda (4x).,sim
4065055,Menina bacana que rola na cama me namora.,sim
4065396,"Homem sutil, ripocritis.",sim
4065848,Ela é morta demais..,sim
4065966,Que o homem infalível é sempre infalível.,sim
4066031,Tornou-se musa única.,sim
4066323,"Ele sempre estará comigo
.",sim
4066472,"Homens malditos, homens lixo.",sim
4066745,"Um condenado um homem marcado pela justiça,um procurado,um homem marcado pela justiça..",sim
4067039,Recôncavo pela libertação do homem negro da américa e.,sim
4067077,Espero que venha a ser homem natural.,sim
4067099,"Homem natural
.",sim
4067119,Homem natural.,sim
4067137,Sei que vem um homem santo.,sim
4067347,Ele é exatamente igual você.,sim
4067544,"Janaína que é moça bonita
.",sim
4068288,Homem galego.,sim
4068692,Marcha o rei desempregado.,sim
4068808,"Eles são forte, definitivamente representantes do som.",sim
4069108,"Senão mecânica, a mulher justiceira.",sim
4069834,"Menina, menino nu, bunda difere de cu.",sim
4069857,Baptiston é irmão de.,sim
4070402,Ela é bonita no seu jeito normal de ser.,sim
4070408,"Raiz, menina, mulher verdadeira.",sim
4071390,O Senhor é bom.,sim
4072476,O homem roots não ostenta.,sim
4073821,Ele é o senhor não importa.,sim
4073989,Me sinto como um rei orgulhoso nos seus domínios.,sim
4074408,Uma princesa negra nas terras da.,sim
4074440,"Garoto muito inteligente, cartinha super bacana.",sim
4075024,Princesa africana hum hum.,sim
4075165,"Princesa nativa, beleza altiva.",sim
4075177,"Princesa nativa, o que me cativa.",sim
4075192,Princesa nativa foi a escolhida.,sim
4075906,"Essa mina barbariza, cria um clima causa um temporal,.",sim
4075909,"Maravilha de menina super, hiper natural.
.",sim
4075913,"Ela é surreal
.",sim
4075942,Ela vai comigo aonde eu vou.,sim
4076073,Eu sou um homem simples.,sim
4076089,Eu sei que eu sou um homem rude.,sim
4076103,"Amor de um homem rude, irreal.",sim
4076325,"Ele tá ligado em tudo que a gente faz.(2x)
.",sim
4076794,Ela é decidida cheia de graça.,sim
4077437,Ele é maior que uma constelação.,sim
4077535,Uns mano descente uma mina trincante.,sim
4077577,Ele se sente forte ele está curado.,sim
4077580,Ele é humilde mas não abaixa a cabeça.,sim
4077596,Ele é maluco mas não perde a cabeça.,sim
4077686,"Paulo é campeão!!""
.",sim
4078715,Ele é o pai da criação desse planeta.,sim
4079471,"""ela é estranha"".",sim
4079681,Ela tá apaixonada e quer fazer neném.,sim
4079707,"Princesa perfeita faz parte do meu mundo,.",sim
4080074,Ela era linda.,sim
4080655,mulher da minha vida.,sim
4080862,Lindas mulheres e homens malditos.,sim
4081623,Ela é muito linda de olhar.,sim
4083798,"Essa menina é decente (fale sério reggaeman)
.",sim
4083799,"Essa menina é decente (fale sério reggaeman)

.",sim
4084080,E que sofre pela mão desses homens maus.,sim
4084111,"Seja ele branco, preto, amarelado.",sim
4085968,Um beijo pr'aquela menina linda.,sim
4086606,de um rapaz sonhador.,sim
4086616,Se um homem cansado luta você pode lutar livre-se dessa disputa não faz bem pra ninguém.,sim
4086651,"Trazendo e levando um sorriso pra moça bonita
.",sim
4087293,Princesa mais bela.,sim
4087435,"Rei poeta e sonhador,.",sim
4087721,Mulheres quase nuas se vendendo.,sim
4088047,Malandro é dono do pedaço.,sim
4088050,"Malandro é dono do pedaço
.",sim
4088100,"Malandro é dono do pedaço


.",sim
4088123,Sou filho da rua a minha mãe é lavadeira.,sim
4088667,Rei poeta e sonhador.,sim
4089006,"Na praia mulherada, sol rachando, mas que mina sensual..",sim
4089066,Menina linda do sorriso que me traz luz.,sim
4089076,Menina menina menina mulher.,sim
4089078,"Menina linda do sorriso que me traz luz
.",sim
4089090,"Seu olhar, seu olhar menina mulher.",sim
4089173,Pra ver ela feliz me viro do avesso.,sim
4089396,"encoleirado, agora a mina chifra o cara todo dia.",sim
4090477,"Ela requebra legal
.",sim
4090505,Com a malícia de mulher menina.,sim
4090735,Janaína que é moça bonita.,sim
4090736,"Que é moça bonita
.",sim
4090807,"E como o gambé não sabia, ele ficou indignado..",sim
4090861,Tem muita mulher bonita e uns brother sangue bom..,sim
4091685,Menina menina.,sim
4091865,"E segue com sua diva, mulher linda e responsa,.",sim
4091964,"A musa inspiradora,.",sim
4092407,"que me fez um menino eternamente apaixonado por você.
.",sim
4092681,"De um menino tão bom que te trata na mão,o que custa dar uma chance apenas?!
.",sim
4093434,Pescador é um homem consciente ..,sim
4093841,ele é o poder e a glória.,sim
4093898,minha rocha eterna é o senhor leão de judá.,sim
4094342,Aquilo que o homem comum não pode fazer.,sim
4094767,A justiça do homem é tão injusta.,sim
4094927,Ele é justo.,sim
4095466,Para o homem explorador.,sim
4096673,Ele é o mago.,sim
4098939,"Cristo, ele é teu escudo.",sim
4099312,"Se minha deusa, princesa pernambucana.",sim
4100054,"Esse homem perfeito um dia chega,.",sim
4100071,E esse homem perfeito um dia chega e me faz prisioneira.,sim
4100078,Homem perfeito?.,sim
4100086,O quanto é dificil segura um homem gostoso em casa.,sim
4102890,"Se é vermelha, se ela é amarela.",sim
4103708,"Tô feito menina louca de paixão
.",sim
4105062,Não gosto de mulher feia.,sim
4105073,Não gosto de mulher magra.,sim
4105075,Minha mulher é gordinha.,sim
4105211,"Olho pra cima só enxergo o céu como abrigo e a mulher braba comigo por faltar o pão do café
.",sim
4106188,Ela é a parceira que até muito se assemelha.,sim
4106867,Que eu vou meteotoro é nois está bem gordo e roliço.,sim
4106901,O meu pai é o verso xucro e minha mãe é rima guapa.,sim
4107429,"Sô missioneiro, homem xucro e retovado.",sim
4107485,"Mas quando está desinchado ele é bem pequenininho""
.",sim
4107488,E uma mulher lindaça que nem potranca.,sim
4107669,"Era só caco de vidro e a mulher véia endiabrada
.",sim
4107816,E ela está desesperada com excesso de gordura.,sim
4107824,"Ela é raçuda, mulher guapa e de coragem.",sim
4108598,Era louco por luz negra e essas menina cheirosa.,sim
4108658,Homem honesto e de valor.,sim
4108846,Homem honesto e de respeito.,sim
4109196,E o padre com sua batina por ser um homem sagrado.,sim
4109217,É que o padre é um homem sério que não se mete em folia.,sim
4109327,"Seja pobre, seja rica, seja mãe branca ou pretinha.",sim
4109333,Mãe é uma jóia sagrada das mais belas formosuras.,sim
4109338,Uma mãe pobre padece pra poder ganhar o pão.,sim
4109352,Mãe é palavra sagrada que a gente coloca o tio.,sim
4109367,Um homem honesto e honrado.,sim
4110229,Respeitando o homem serio sofredando o bagaceira.,sim
4111204,Tropeiro velho sou um moço novo.,sim
4111260,Ali fiquei moço faceiro e pachola.,sim
4111519,"(Terra boa, lugar de homem valente e terra de moça bonita)
.",sim
4111712,Minha querida estou de volta para ti/ sofreste muito com minha ausência lá na cidade/ eu fui rapaz muito boêmio me diverti/ minha adorada primeiro amor me deu saudade.,sim
4111875,Alegre dancei como uma moça loira.,sim
4112203,de tanta moça bonita parece um jardim de flor.,sim
4112248,"NA ADMITEM QUE EU VENCE ELES CANTANDO
.",sim
4112285,"A minha filha mais velha tem 14 anos a sua idade
.",sim
4112428,"Ele só roncava satisfeito!
.",sim
4112451,Comigo ficam dez mulher querida.,sim
4112672,Homem valente é um aceio.,sim
4112714,Com mulheres faladeiras.,sim
4112732,Esquecer moças solteiras.,sim
4112735,A alguma mulher casada.,sim
4112739,E essas moças solteironas.,sim
4112757,"Dessas meninas barbeiras
.",sim
4112867,Lá vai ele sorridente.,sim
4112882,Está no meu lar de volta aquela mãe diferente.,sim
4112900,Com a volta da mãe diferente nosso ninho já tem mais calor.,sim
4112901,Ela hoje é mãe igual às outras e me ama com todo fervor.,sim
4113133,Moças bonitas que tinham na festa.,sim
4113141,"[Ai, ai, ai,ai moça bonita eu já me casei.",sim
4113187,Faremos à luta de homem perfeito.,sim
4113271,Ela foi maior artista.,sim
4113389,"Neste dia eu era um homem feliz muito apaixonado
.",sim
4113591,Nossa mãe é a criatura.,sim
4113604,"Amor de mãe é tão puro, claro como a luz do dia,.",sim
4113632,Uma mulher tão bonita.,sim
4114180,E tomei conta do baile com trinta moças solteiras.,sim
4114195,Gildo ta morto.,sim
4114356,Teixeirinha são pescadores que diplomas têm.,sim
4114758,Dezoito mulheres casadas.,sim
4114777,Teixeirinha é bom.,sim
4114871,Mulher é a flor perfumada.,sim
4115627,Papai na roça é um homem diferente.,sim
4116016,"Lugar de homem valente, terra de moça bonita.",sim
4116205,Tem essa mulher tirana.,sim
4116240,Mulher ruim sem coração.,sim
4116450,Eu e a moça sobramos.,sim
4116500,ELA ERA FILHA ÚNICA.,sim
4116522,Pra ser bem homem fui predestinado.,sim
4116530,E nem a fibra da mulher gaúcha.,sim
4116724,Ele: casei com uma moça gorda com cem quilos de gordura.,sim
4116730,Ele: ele de lá diz assim quanto osso prá adubo/ quero uma moça bem alta para ser o meu amorzinho.,sim
4116731,Ela: prá ti dar um beijo nela tem que subir num banquinho/ se eu resolver me casar moço baixinho é meu fraco.,sim
4116815,Faça tudo o que te mando/e não banque o homem mau.,sim
4116826,Cara de sapo rajado/essa menina é medonha.,sim
4117015,É uma cantora de linha e ele é o compositor.,sim
4117043,Tua cara é de baléia/se fosse a mulher divina.,sim
4117046,Se fosse a mulher divina/sou moreninha elegante.,sim
4117154,Ele: é o seu flávio cavalcanti criticador é um abuso/ ele não pode cruzar nos lugares aonde eu cruzo/ qualquer dia ele solta/e eu faço ele dar mais volta/ do que porca em parafuso.,sim
4117238,Ele: galo sem crista é galinha tu não vai perder cantando/ tu bem sabe que eu sou homem machismo aqui tá sobrando/ vai pra roda do fogão a cozinha esta te esperando.,sim
4117239,Ela: a cozinha esta te esperando eu não nasci pra fogão/ costumo em homem pequeno dar um chute no garrão/ e guardar ele de molho na panela do feijão.,sim
4117240,Ele: na panela do feijão diz que eu sou homem pequeno/ mas vive me convidando pra ir passear no sereno/ sabe que cobra muída são as que têm mais veneno.,sim
4117242,Ele: da cara do zeca diabo não sou zeca diabo não/ sou mais valente que ele sou pior que o lampião/ muitas marias bonitas diz que eu sou bicho papão.,sim
4117727,Quando ela está doente.,sim
4117788,Quantas moças bonitas tem aí.,sim
4117807,"Eu sou homem fanático ainda
.",sim
4118146,Prá enterrar o teixeirinha/só assim a moça linda.,sim
4118463,"De muita moça solteira
.",sim
4118575,A mulher querida preciso esquecer.,sim
4118621,ENTROU UMA MOÇA CORRENDO.,sim
4118676,A minha enfermeira linda curou o meu coração/a mais profunda amargura de uma recente paixão/ aquela ingrata que me abandonou está morendo está chegando ao fim/ só de ciúme enfermeira que está cuidando de mim/ já me pediu para voltar prá trás ainda diz que quem espera alcança/ já esqueceu que só me fez sofrer/ mulher ingrata feperca a esperança.,sim
4118749,Mulher linda.,sim
4118773,E os rapazes são bons companheiros.,sim
4118914,De tudo ela é culpada.,sim
4118998,Mulher amada pelo amor de.,sim
4119163,"Terra de homem valente, lugar de moça bonita
.",sim
4119164,"Terra de moça bonita, ô meu.",sim
4119207,ele é valentão e eu sou repentista.,sim
4119292,"Ela é boa, ela é minha, ela é sincera.",sim
4119455,Ta certo que ela é nova.,sim
4119737,Moça mais linda que eu vi.,sim
4119747,Ser um moço brasileiro.,sim
4119772,"É este o moço valente
.",sim
4119869,A moça linda que chamamos.,sim
4120560,"Até chorando ela é bonita”.
.",sim
4120812,Era um bando de moças bonitas.,sim
4120920,Homens fortes do.,sim
4121357,Já tive um lar e uma mulher bonita.,sim
4121369,"Mas perdi tudo por uma mulher querida
.",sim
4121377,De uma mulher bonita que a gente ama..,sim
4121387,Um homem honesto.,sim
4121508,Quando a miseria te rondar mulher ingrata.,sim
4121592,"Sei que é homem inteligente,.",sim
4121735,O senhor é moço rico.,sim
4121760,Me chamas de moço rico.,sim
4121770,Moço rico apaixonado.,sim
4121801,Fui ver uma moça bonita imagem.,sim
4121814,Ela é delicada cinturinha fina.,sim
4121820,Ela é professora é grande na escrita.,sim
4121827,Quantas moças lindas têm um namorado.,sim
4122262,Como pode uma mãe ser ruim.,sim
4122265,E um marido honrado a trabalhar.,sim
4122355,Um homem direito o grande cantor regionalista..,sim
4122380,Sou homem igual a outro.,sim
4122385,Detesto homem covarde.,sim
4122406,Tua mulher viúva.,sim
4122409,Deixa a mulher viúva.,sim
4122416,Ver um homem covarde na guerra.,sim
4122427,Mulher de homem covarde.,sim
4122441,Eu descobri ele anda apaixonado.,sim
4122909,(Na maneira que toda menina moça.,sim
4122944,Lhe amo menina bonita.,sim
4122950,Na volta menina tão bela.,sim
4122956,Aonde passava a menina tão pura e divina.,sim
4123354,"A moça mundial mais bonita
.",sim
4123375,Ela era merecedora.,sim
4123407,Essa mulher é uma falsa.,sim
4123430,Sou aquele moço triste.,sim
4123504,Ela é mocinha só tem quinze anos.,sim
4123597,Ele é humano é nosso irmão nossa gente.,sim
4123647,mulher grande é uma parada.,sim
4123667,ele é metido é valente.,sim
4123672,Diz que mulher ciumenta.,sim
4123711,É um homem irracional.,sim
4123739,O machista é um homem bobo.,sim
4123812,Bela mulher sedutora.,sim
4123842,"Ela é uma santa, mas não é santa virgem.",sim
4123857,Ela será muito feliz com outro alguém.,sim
4123956,Que é uma mulher divina.,sim
4124108,Mulheres perfumosa.,sim
4124187,"Eu não seria nunca mais um homem triste
.",sim
4124381,A Senhora está feliz.,sim
4125052,"Por uma moça bonita
.",sim
4125056,És um moço muito forte.,sim
4125472,João já foi moço risonho.,sim
4125520,Sou menino pobrezinho que não cansa de esperar.,sim
4125530,O coração do menino é igual de um tico-tico.,sim
4125533,Pobre menino sentadinho na calçada.,sim
4125537,Muito chorei ao ver o menino triste.,sim
4125547,Noel não é só o menino nobre.,sim
4125548,Também o menino pobre.,sim
4125614,Pensei ser um homem fino.,sim
4125619,Sou um cavalheiro fino.,sim
4126002,Zequinha um moço recém casado.,sim
4126127,Já sabe que não é mole veja que moça teimosa.,sim
4126923,Sou uma menina pura.,sim
4127149,De uma mulher sincera.,sim
4127234,Homem igual ao.,sim
4127269,Ele é louco anda doente.,sim
4127344,"No rancho, ela está tristonha.",sim
4127676,"Depois de ser gente a mulher decente, as origens voltou.",sim
4127684,Lhe tornei esposa desse homem honesto que lhe canta agora.,sim
4127692,Robou os meus filhos que eu amava e amo mulher desleal.,sim
4127746,Lá na querência a mulher é simples.,sim
4127748,Cá na cidade a mulher é isnobi.,sim
4127764,"Do homem grosso que lavra e planta.
.",sim
4127833,Rancheira moça bonita.,sim
4127849,Rancheira é uma moça bela.,sim
4127954,Uma moça muito linda.,sim
4128159,Na verdade ela era bela.,sim
4128299,Mulher igual não conheço.,sim
4128637,Todas elas bonitinhas.,sim
4128837,"Era tarde ela estava perdida
.",sim
4128979,Mulher feia nesta terra não poderia nascer.,sim
4129038,"Quantas moças lindas que me dá saudade
.",sim
4129125,Antônio é mais gostosa.,sim
4129127,O patrulhense é um homem famoso.,sim
4129311,Lugar de homem valente terra de moça bonita.,sim
4129403,"Ele era meu companheiro ela sua namorada
.",sim
4129445,Sereia não é mulher.,sim
4129473,Nalva és inteligente.,sim
4129569,Senhora ela é tão bonita.,sim
4129897,Levando a mulher mais bela.,sim
4129990,Se eu encontrar uma mulher mais linda.,sim
4129996,Mulher mais linda que no mundo existe.,sim
4130090,Moço bonito eu te adoro.,sim
4130114,"Não há mulher mais perfeita
.",sim
4130269,Sou a mulher fronteiriça na tradição rio-grandense.,sim
4130329,"No meio de homem valente
.",sim
4130357,"Mulher ingrata jamais te esqueci
.",sim
4130459,Minha mãe virgem santa.,sim
4131124,A minha antiga namorada estava bela.,sim
4131380,Por eu trazer mulher bonita na garupa.,sim
4131443,Pareço menino triste que ainda não teve escola.,sim
4131484,Este menino é virado.,sim
4131521,Por uma moça bonita.,sim
4131906,Você era filha de um homem nobre.,sim
4132279,Representou enfim nossa mulher gaúcha.,sim
4132463,"Que eu sem ela não posso ser feliz
.",sim
4132743,Valente era nobre.,sim
4133313,e da sua neta bonita.,sim
4133536,- aquele bandido pára pára que a tia marica tá toda arrepiada!.,sim
4133565,- a senhora na cozinha ficava muito engraxada tia marica?.,sim
4134232,"gaiteiro bom, moça bonita, muita animação.",sim
4135527,levando nos sonhos a moça morena.,sim
4136239,estão falando que ela é muito coroa.,sim
4136240,ela é madura já tem mais de trinta anos.,sim
4136258,dona de casa tem que ser mulher madura.,sim
4136898,É a pujança de homens campeiros.,sim
4136955,Que a moça morena da flor no cabelo.,sim
4137017,Se a moça fosse solteira.,sim
4137261,"Desde moço foi um lutador, teve a sina de ser um gaiteiro.",sim
4137315,Ele foi o rei da trova e esse era o seu conceito.,sim
4138194,Marques sou tropeiro e domador.,sim
4140628,E a musa campeira que dorme em meus braços.,sim
4142840,Que os homens terrunhos de vozes serenas.,sim
4143793,Desprezando um homem carinhoso tão puro e sincero.,sim
4143893,?Mão na cabeça sim senhor tá armado?.,sim
4143951,Ela tá puta da cara que saber onde eu dormi.,sim
4144099,"As moça séria me querem, mas o pai sempre atrapaia.",sim
4144337,"Obrigado pela prenda, minha mulher maravilha.",sim
4144382,"Tem tia loira tia morena, bastante tiazinha.",sim
4144395,"Menina moça donzela, essa valsa vou cantar.",sim
4144509,Ela é tão pequenininha que às vezes fico com dó.,sim
4144547,Que moça bonita que é a.,sim
4144586,Da mulher bonita moça brasileira.,sim
4146158,minha muié é uma senhora séria.,sim
4146161,"Vacê é touro, é valente cousa tal.",sim
4147416,"Eu fui e disse pra ele, tua mina é muito bela, se você.",sim
4148242,"éguas lerdas e mulheres ligeira
.",sim
4148889,São esses menino alegre.,sim
4149267,Que ela embrabece e me responde que eu sou caco.,sim
4149275,"Só porque ela é caprichosa
.",sim
4149306,Só porque ela é caprichosa.,sim
4149467,Ela é tiete de rodeio e de bailão.,sim
4149476,"Ela é loira de farmácia cem por cento siricrone(2x)
.",sim
4149484,"Ela é falsa, mas abusa nos seus dotes de muié (2x)
.",sim
4149505,A mina versátil com lindas tatuagem.,sim
4149534,Menina nova é um perigo louco.,sim
4149547,Mulher casada que me dá confiança.,sim
4149551,"(Ahá, mulher casada é muito perigoso.",sim
4149552,"E ainda mais se o marido é bravo)
.",sim
4149565,"(Ahá, tem uma moça bem novinha aí me falando em casamento.",sim
4149962,O Jayme ainda está vivo.,sim
4150052,Pra deixá ela legal.,sim
4150853,Diz que o homem é medonho e eu não brinco com azar.,sim
4150928,"Que cada vez que ele come fica tonto, louco, ansiado.",sim
4151380,Se não beber eu sou um homem pacato.,sim
4151986,Lembra da filha mais nova da tia.,sim
4151999,Jesus até sou fiel.,sim
4152731,Só pelos pila ela gruda igual morcego.,sim
4153379,Todas elas são bonitas.,sim
4153400,O salão cheio de mulher bonita.,sim
4153871,Pelé foi melhor que o.,sim
4154123,Porque eu sei que ela não é caneca pra um copo só.,sim
4154205,"Acho que não, minha mulher é mulher séria.",sim
4154320,Caprio é tão bonitinho anssim.,sim
4154431,"Pedi ao vento proteção aos filhos da mãe amorosa.
.",sim
4154480,"Ele é ensinado e aprendeu comigo,.",sim
4155185,ali fiquei moço fasçeiro e fachola meu pai me ensinou.,sim
4155292,Braun foi tão gaúcha.,sim
4155301,Cheio de grau o garoto brasileiro.,sim
4155457,Meiga menina doce mulher.,sim
4155512,"e homem grande medroso.
.",sim
4157053,"homem forte, capaz e valente.",sim
4157461,ele é bom não amola ninguém.,sim
4157714,Ela é filha de gaucho.,sim
4157871,ali fiquei moço faceiro e pachola.,sim
4158077,é que homem feio e sem coragem.,sim
4158078,não possui mulher bonita.,sim
4158088,Eu reconheço que sou um homem feioso.,sim
4158099,Porém o homem é feio por natureza.,sim
4158219,Que fim levou as crianças e aquelas moça tão lindas.,sim
4158860,"Armamento e valentia fumo, cachaça e homem brabo.",sim
4158921,"(Mulher falsa em rancho é mais uma pistola engatilhada contra a gente amigo)
.",sim
4158962,Porque eu trabalhei tanto que eles nasceram cansado..,sim
4159032,Ela é preta bico branco tem sete palmo de altura.,sim
4159269,"E gosto, do homem ordeiro.",sim
4159273,Respeito a mulher casada.,sim
4159274,E a menina solteira.,sim
4159588,Brasil precisa de homens fortes.,sim
4159589,E não de um moço julgado incapaz.,sim
4159978,Mulher valente no rancho é um respeito.,sim
4160271,Por criar uma donzela bonita na flor da idade.,sim
4160331,Por minha esposa querida.,sim
4160422,A mulher ciumenta é um perigo.,sim
4160618,Paraíba tem mulher valente.,sim
4160688,Sempre é rapaz direito.,sim
4160767,Minha mãe era uma jóia.,sim
4161000,Todo homem brigador.,sim
4161035,Era a moça mais linda de lá.,sim
4161328,Que eu lhe entregasse a caça que ele estava incomodado.,sim
4161360,Mulher falsa em rancho.,sim
4161438,"Senhor eu sou um homem velho, mas sou um velho de brio.",sim
4161577,Namorar mulher casada eu acho um tempo perdido.,sim
4161644,Pra carregar meus bilhetes pra alguma mulher bonita.,sim
4161647,"Pra carregar meus bilhetes pra alguma mulher bonita
.",sim
4161806,"És homem rico, mas, porém honesto.",sim
4162146,E os maridos são guapo e valente.,sim
4162185,"Pra não dar luto a uma mãe querida que eu tirasse a vida do seu rico filho
.",sim
4162205,Minha mãe casou direito era uma senhora séria.,sim
4162212,Se eu fosse enfraquecido que nem o moço moderno.,sim
4162217,Eu falo porque já fui um menino pobrezinho.,sim
4162282,E um menino malicioso viu.,sim
4162631,Procura um menino novo.,sim
4162640,Quando era um homem mais novo.,sim
4162646,"(Perde essa esperança, não te enche mulher velha).
.",sim
4162768,Vai embora mulher aventureira.,sim
4162799,Minha querida afilhada eu te trouxe um presentinho.,sim
4162853,Eu tenho a cara de homem sincero.,sim
4163001,Eu reconheço que eu sou um homem feioso.,sim
4163057,Hoje o preto e o moço branco.,sim
4163163,Ela é feita da madeira do nosso sagrado pinho.,sim
4163341,"Também se me salvo sou um homem feliz.
.",sim
4163380,Se ela é morta.,sim
4163398,Um homem honesto e correto.,sim
4163411,E o senhor caro mocinho.,sim
4163472,Ela é louquinha por mim.,sim
4163552,"Ela é muito caprichosa, caritativa e estudiosa.",sim
4163594,Fazem o serviço do homem campeiro.,sim
4163599,Esta é a minha esposa sagrada.,sim
4163885,Dizendo ele ser um homem valente.,sim
4164629,E o senhor surrava forte que já estava sofrendo.,sim
4164749,Era um marido exemplar e caprichoso.,sim
4164796,"Ele é muito feliz sem tua companhia
.",sim
4164804,Deus sempre foi meu amigo por ser um homem correto.,sim
4164977,Minha mulher é alta magricela.,sim
4164987,Sou um marido bastante infeliz.,sim
4165011,"(Para com isso mulher véia)
.",sim
4165035,A mulher véia conhece seu vicio.,sim
4166411,Era a moça mais bunita.,sim
4166610,"Nunca vimo ele tão contente anssim
.",sim
4166713,Ariano aí é sagaz.,sim
4166726,Ubaldo é talentoso.,sim
4166839,E ele era o escritor que.,sim
4167552,Trinta marido contente.,sim
4168441,riqueza do menino pobre que sonha o ano inteiro com a.,sim
4168450,pranto que ele foi preso coitado e tranformadu em réu..,sim
4168508,um menino bonito que só vendo.,sim
4168611,Porque a sina das mães é esta sina.,sim
4168616,Mas nesse instante uma mulher bonita.,sim
4168618,A velha mãe aflita ainda se volta.,sim
4168670,"O filho é pobre, mas a mãe é rica.",sim
4168671,"O filho é homem, mas a mãe é santa
.",sim
4168681,"Ora, por mais que o homem seja um mesquinho.",sim
4168688,E o amarguinho que ele tem inofensivo.,sim
4169111,"Arrume tudo, mãe querida, o seu filho vai voltar
.",sim
4169264,"Por que na hora da briga ele ficô sem carção.
.",sim
4169562,Se ela lá vem vortando quase morta.,sim
4169857,É verdade que ela é preta.,sim
4170105,Dois menino inocente brincando muito contente.,sim
4170646,Eu sabia que minha mãe já devia tá desconfiada.,sim
4170877,"E memo ela sendo comprida, sufrida, dilurida.",sim
4170969,"Ela é veínha, eu preciso explicá
.",sim
4171282,Por ela ser carinhosa.,sim
4171517,Rei feliz da madrugada.,sim
4172136,Amor pra moça bonita.,sim
4172156,Cantador serei primeiro.,sim
4176220,Toma cuidado que ele é louco de baldoso.,sim
4176226,Só livra a sanga que no resto ela é bem mansa.,sim
4176282,"Precisa é de homem campeiro.
.",sim
4177112,"Na pátria do homem campeiro
.",sim
4178114,e que esses tempos tinha dado um garreio num moço branco.,sim
4179845,ela é minha inspiração.,sim
4180572,O Vilãozinho é véio.,sim
4180654,"Essa vaneira vai pra todas as meninas carinhosas...
.",sim
4180655,"Essa vaneira é pra menina carinhosa, que dá beijinho quando a.",sim
4180657,"essa vaneira é pra menina carinhosa, que faz denguinho quando a.",sim
4180671,"Rebola menina carinhosa vai...
.",sim
4182324,E um moço novo que entre prosas e conselhos.,sim
4182330,"Quando esse moço era um piá no seu petiço.
.",sim
4185194,Pois ela é vida que também é minha.,sim
4185820,"Menino gaúcho, guapo.",sim
4186327,Sabe moço fui guerreiro como tantos.,sim
4186422,Hoje só resta o retrato daquela deusa gaúcha.,sim
4188234,Jovens mulheres adolescentes.,sim
4188327,"Que o homem cordial morreu
.",sim
4188494,"Comida boa, mulher gostosa, é o terra nova, é o terra nova
.",sim
4188603,Garrincha é tão matemático na rua da golada.,sim
4188612,Gandhi é provocativo.,sim
4188677,Existe um homem cansado.,sim
4190045,"minha menina triste
.",sim
4190217,Mas ele está mudado eu sei o que ele tem.,sim
4190338,"Ophelia era a menina rebelde,
.",sim
4190413,mulher ardente.,sim
4190415,Garota louca.,sim
4190492,Mulheres nuas em grandes estilos.,sim
4190497,Garotas belas e tão sinceras.,sim
4190585,"Mil garotos e garotas sub-12, sub-16 e até de 7 anos.",sim
4192254,Ele ficou zangado e decidiu.,sim
4192539,Ela linda do inicio ao fim.,sim
4192987,Essa menina é cheia de manha.,sim
4192988,"Ela é cheia de manha
.",sim
4193003,"essa menina é cheia de manha
.",sim
4193010,Sua mãe diz não estranha.,sim
4193012,Ela é cheia de manha.,sim
4194453,Eles estão cheios de razão.,sim
4194636,Garota muito loca que eu não paro de pensar.,sim
4194874,Parecia uma garota inocente mas no fundo ela provou.,sim
4195812,"Você é um rapaz tão pobre não namoro pé rapado
.",sim
4197004,"Eu quero uma mulher descente, linda e que me ame
.",sim
4198458,Na cama ela é puro desejo.,sim
4199623,"Ela é completa com sua própria companhia
.",sim
4199658,Com ele é só camarote.,sim
4200275,"Minha flor querida é tão amorosa
.",sim
4201456,"Ela charmosa, dengosa, cheirosa.",sim
4201458,"Ela charmosa, bonita e gostosa.",sim
4201459,"Mulher carinhosa me amarro em você
.",sim
4201487,Mulher carinhosa me amarro em você.,sim
4201935,Ela é a coisa mais linda que eu vi.,sim
4202036,A musa querida.,sim
4202152,"Uma motocicleta com uma mina tão linda, eu vi, eu vi
.",sim
4202175,Hoje ela é a mãe dos meus filhos.,sim
4202374,Secou muitas lágrimas de mães aflitas e sofredoras.,sim
4202474,Ela é sabida e não entra mais nesse jogo.,sim
4202934,Se pra mim o rei sol brilhasse.,sim
4203647,Ficou pele menina muito linda.,sim
4203837,Ele é o filho de.,sim
4204282,Ele é o rei do terreiro.,sim
4204395,"Ele é querido, ele é meu clube amado.",sim
4204466,Ela é a valsa de um sofredor.,sim
4204718,"Ela é bonita, é querida e é amada.",sim
4205236,Ele é lindo sim senhor.,sim
4205307,Como pode o homem ainda ser ateu.,sim
4205581,Ela já não é mocinha.,sim
4205591,Ela já não é tão jovem.,sim
4205716,"Mulher paz do meu coração
.",sim
4206141,Porque ele é santo e é nosso rei.,sim
4206214,"Ela é santa, Nossa.",sim
4206217,"Ela é santa, imaculada.",sim
4206221,Ela é santa sem pecado.,sim
4206225,Ela é santa generosa.,sim
4206226,"Mãe bondosa, ser de luz.",sim
4206227,Ela é santa poderosa.,sim
4206243,"Mulher ideal
.",sim
4206254,É essa menina mulher.,sim
4206259,Ela é a musa da prosa.,sim
4206291,"Mas sei que ele não vai fazê-la feliz
.",sim
4206314,Ele só ele é o mestre de todos os mestres.,sim
4206369,Ele é o pai.,sim
4206398,"Ele está vivo, por que ressuscitou.",sim
4206737,Lá vai ela linda.,sim
4207127,Só ele é o rei.,sim
4207147,Minha musa querida.,sim
4207187,Da minha mãe celestial.,sim
4207259,"Quem anda com ele é feliz
.",sim
4207521,Ela é mesmo pura sedução.,sim
4207524,Musa provocante vive em alto astral.,sim
4207525,"Bela gata mulher sensual
.",sim
4207527,Ela é a fera que seduz que ama.,sim
4207535,Ela é tão perfeita.,sim
4208013,Garota careta.,sim
4208031,Garota cheia de problema.,sim
4208090,"Menina maluca
.",sim
4208220,Ele é o filho do altíssimo.,sim
4208223,Ele é o mestre rei dos reis.,sim
4208227,Ele é o sol que nos aquece.,sim
4208610,Ela é faceira.,sim
4208699,"Ele é poder, ele é.",sim
4208711,"Ele é aflito por você
.",sim
4209180,Ela é formosa.,sim
4209230,"Ela é linda, tão linda.",sim
4209232,Mulher moça menina.,sim
4209233,"Ela é gostosa demais
.",sim
4209374,Porque ele é santo.,sim
4209399,"Ele é o rei, rei.",sim
4209401,"Ele é o redentor
.",sim
4209413,"Jesus ele é meu salvador
.",sim
4209462,"Rainha virgem santa, mãe de.",sim
4209500,Ela é toda ternura.,sim
4209501,Ela é doce e bondosa.,sim
4209503,Ela é fonte da vida.,sim
4209504,Ela é luz e paixão.,sim
4209508,Ela é cuidadosa.,sim
4209514,Ela é feita de amor.,sim
4209515,Ela é pérola rara.,sim
4209516,"Ela é mãe jóia de grande valor
.",sim
4209548,"Mãe, mãe divina.",sim
4209556,"Mãe fiel, mãe de amor, mãe de mel.",sim
4209568,"Mãe cheia de graça e de amor
.",sim
4209569,Mãe cheia de graça e de fé.,sim
4209583,Mãe cheia de graça e de amor.,sim
4209777,Rainha cheia de luz.,sim
4209796,Nossa rainha sublime.,sim
4209811,João está feliz.,sim
4209815,"Maria é realidade
.",sim
4210038,La vai ela musa sensual.,sim
4210043,"Ela é gostosa, ela é um amor
.",sim
4210051,"Ela é beleza, ela é magia
.",sim
4210055,"Ela é tão bela, ela é um tesão
.",sim
4210094,Ele é o mensageiro da paz.,sim
4210107,"Ele é guarida e é verdade
.",sim
4210110,Ele é conforto pro coração.,sim
4210111,É amoroso ele é perdão.,sim
4210262,Ela é uma dama da noite mas eu gosto dela.,sim
4210310,Minha musa tão doce.,sim
4210345,"Ela é tão meiga, terna e carinhosa.",sim
4210347,"Ela é tão pura, santa e tão singela.",sim
4210351,Ela é ternura e paz.,sim
4210352,Ela é cheia de amor.,sim
4210757,Ele é o remédio das dores que sara a ferida.,sim
4210767,Ele é o sol que irradia de noite e de dia.,sim
4210987,A musa tão querida que eu vivo para amar.,sim
4210997,"Embora ele seja prenúncio do mal
.",sim
4211032,Ela é quente.,sim
4211036,Ela é uma gata descarada.,sim
4211040,"Ela é uma onça, uma pantera.",sim
4211043,"Bicho mulher muito boa
.",sim
4211048,"Ela é uma uva, uma maçã.",sim
4211051,"Pois ela é açucarada
.",sim
4211064,"Ela é bonita, ela é gostosa
.",sim
4211067,Deus que mina boa.,sim
4211072,E deixou a mina muito louca.,sim
4211081,"Ela é bonita, charmosa, gostosa.",sim
4211405,Ela é minha rainha.,sim
4211407,Ela é mãe da minha princesinha.,sim
4211413,Ela é a lua da noite.,sim
4211415,Ela é estrela que brilha.,sim
4211562,"Moça linda, moça linda.",sim
4211654,Menina brejeira.,sim
4211684,Mulher galinha.,sim
4211685,"Mulher galinha
.",sim
4211699,Mulher fêmea mulher maravilhosa.,sim
4211722,"Ele é gostoso demais
.",sim
4211734,"Ela é felina, é fera menina.",sim
4211823,Oxossi é pai com o seu fulgor.,sim
4212447,Ele é maior que a terra.,sim
4213160,Pois ele é vencedor.,sim
4213165,Ele é o rei dos reis.,sim
4213190,Ele é sempre querido.,sim
4213304,Ele é amor e compreensão.,sim
4213315,Ele é o rei e.,sim
4213317,"Ele é o balsamo da dor
.",sim
4213609,"Musa tão linda, mulher menina.",sim
4214262,Senhora mãe protetora.,sim
4214282,Senhora mãe dos.,sim
4214943,Essa menina maluca.,sim
4214957,"Ela é tão carinhosa, gostosa e saborosa
.",sim
4216298,"Ele é nosso salvador
.",sim
4216325,Só ele é o santo.,sim
4216327,Só ele é o mestre.,sim
4216331,Só ele é perdão.,sim
4216864,"Senhora rainha, santa minha.",sim
4216891,"Por isso é que se diz como ele é sentimental
.",sim
4217205,"Ele é poder, justiça e amor.",sim
4217206,"Ele é o rei, Deus, Nosso.",sim
4217283,E as moças faceiras.,sim
4217360,Querida vivo sonhando contigo.,sim
4217595,Ela é dona de casa.,sim
4217597,Ela é professora.,sim
4217599,Ela é enfermeira.,sim
4217601,Ela é cozinheira.,sim
4217604,Ela é jóia preciosa.,sim
4217607,Ela é super mulher.,sim
4217616,Ela é arrumadeira.,sim
4217619,Ela é companheira.,sim
4217621,Ela é conselheira.,sim
4217623,Ela é dedicada.,sim
4217625,Ela é santa sagrada.,sim
4217722,Ela é sedução.,sim
4217726,Ela é a serpente.,sim
4217739,Ela é tentação.,sim
4217878,Mas ela é casada.,sim
4218008,Essa garota é uma máquina.,sim
4218015,"Ela é uma gata no cio
.",sim
4218832,"Ele é o ritmo quente que faz delirar
.",sim
4219939,Eu vou dizer que ela é minha vida.,sim
4220813,E ele tá igual meu coração.,sim
4222236,A promessa sempre foi ser um homem fiel.,sim
4222412,"Quando ela fica calada, pensando na vida.",sim
4223669,E que dentro desse homem forte.,sim
4224182,Ela é linda como uma flor.,sim
4225110,"Minha menina, mulher sensual e atrevida.",sim
4226509,Aquele homem estranho dizia ser filho de.,sim
4229019,Disfarçando ele ria contente.,sim
4229671,"Ela é minha cara, ela e jóia rara.",sim
4229672,"Ela é linda, ararinha é o meu amor
.",sim
4229676,"Ela gira, ela ginga, é como uma flor
.",sim
4229683,"Ela chega tão meiga e tão bela,.",sim
4229910,Ao ver aquela mulher linda.,sim
4230582,De um homem terrível.,sim
4230687,Ela é feliz mas sempre finge que não é....,sim
4230688,Pra ela é muito importante posar de vítima.,sim
4230689,Ela é feliz e adora me ver confuso.,sim
4230766,"Ela não é feliz
.",sim
4230932,"Sou um homem maduro, sou um homem bom.",sim
4232295,Ela é muito bonita e tem muitos pretendentes.,sim
4232674,"Ela é desquitada, ela tem um sorriso livre.",sim
4232675,"A liberdade na cara, ela é dona de si.",sim
4233789,Mas sua mãe continua firme.,sim
4234375,a musa inspiradora de um poeta.,sim
4234552,"Menina bonitinha quero teu carinho quero teu amor

.",sim
4234555,"Menina bonitinha quero teu carinho quero teu amor
.",sim
4234566,Menina bonitinha quero teu carinho quero teu amor.,sim
4234592,Por você menina linda.,sim
4234716,musa preferida.,sim
4235188,"Mulher linda e carinhosa
.",sim
4235613,Hoje cedo ela amanheceu tão triste.,sim
4236288,Eles são pioneiros.,sim
4236327,O namorado rico que você quer ter.,sim
4236356,"Eu não esqueço da primeira vez que eu te vi, olhei em seus olhos, e uma louca paixão eu senti, você sorriu pra mim e o meu corpo todo arrepio com seu jeito lindo de menina a mulher mais linda que deus me mandou agora sonho de um dia contigo casar e num castelo de amor com você morar e entre flores, passarinhos e muita beleza ser o seu príncipe apaixonado no reino encantado com você princesa, eu quero te dar o meu mundo meu nome nos seus braços ser o mais feliz dos homens um avião de beijos eu vou te levar pra felicidade juntos viajar numa viajem de amor que não vai terminar agora sonho de um dia contigo casar e num castelo de amor com você morar e entre flores, passarinhos e muita beleza ser o seu príncipe apaixonado no reino encantado com você princesa eu quero te dar o meu mundo meu nome no seus braços ser o mais feliz dos homens um avião de beijos eu vou te levar pra felicidade juntos viajar numa viajem de amor que não vai terminar eu quero te dar o meu mundo meu nome no seus braços ser o mais feliz dos homens um avião de beijos eu vou te levar pra felicidade juntos viajar numa viajem de amor que não vai terminar eu quero te dar o meu mundo meu nome no seus braços ser o mais feliz dos homens um avião de beijos eu vou te levar pra felicidade juntos viajar numa viajem de amor que não vai terminar.",sim
4236416,"Ele é bom, deu a vida.",sim
4236868,Todas elas são muito bonitas.,sim
4237274,Eu seria o homem mais feliz da terra.,sim
4237739,Essa mulher linda dizer.,sim
4238551,É mulher guerreira e nobre.,sim
4238667,"Batista me ligase e ouvise eu cantando essa musica, pois se vc ouvise vc iria gostar pq ela é linda,vc pode até não achar sentido mais se vc ouvise eu cantando vc iria gosta.",sim
4238685,Ela é charmosa de joão.,sim
4238926,Me fez o homem mais feliz.,sim
4239198,E um homem triste não pode viver assim tão só.,sim
4239346,E uma mulher magra e cansada.,sim
4239350,Ela é minha mãe querida.,sim
4239689,A moça linda e ele um cara tão perfeito.,sim
4239710,Espera mãe querida.,sim
4239734,Mulher mensageira.,sim
4241063,Sou menino maluquinho.,sim
4241333,Moça bela do interior.,sim
4241952,"Minha mãe morena, Mãe.",sim
4242262,Ele é o cordeiro que deu sua vida pra todos salvar.,sim
4242716,E se casar com rapaz feio.,sim
4243029,Mulher é a força que constrói um novo sonhador.,sim
4243294,És mãe gentil.,sim
4243948,Sou mais um homem escravo.,sim
4244553,Ela ficou zangada foi quebrando tudo.,sim
4245645,"como um homem ciumento, foi por ela..",sim
4246789,não sou um homem fácil de prender.,sim
4248475,"Arrume tudo mãe querida, que seu filho vai voltar
.",sim
4250056,"Toda mulher é igual, toda mulher é igual.",sim
4250125,Já vi menina jeitosa mas igual essa é demais.,sim
4250645,O padre é meu amigo ele é meu parceiro.,sim
4250784,"Uma mulher bonita que meu coração gamou
.",sim
4250970,"Ela é linda, ela é top.",sim
4250971,"Ela é dama, mas bebeu fudeu.",sim
4250973,"Ela é santa, mas bebeu fudeu
.",sim
4250987,"Ela é santa, mas bebeu fudeu.",sim
4252215,Os homens tão chapado e a mulherada tudo louca.,sim
4253113,"Ela liga pros homens, só ele não vê.",sim
4253121,Ele tá feito pinto no lixo.,sim
4253485,Aqui só tem mulher bonita é festa de rodeio.,sim
4253497,"Quando o homem é cachorro e galinha aí ela trai
.",sim
4253535,Quando o homem é cachorro e galinha aí ela trai.,sim
4253871,"e a mulher namoradeira eu passo o couro e mando embora
.",sim
4254355,Deus ó senhor poderoso eu lhe faço o pedido.,sim
4254549,Menina foi tão bom sentir o seu calor.,sim
4254700,Ela foi mulher fiel.,sim
4254997,Ela é toda santinha.,sim
4255241,"Mãe, sem a senhora controlando tá legal.",sim
4256388,Ele é o certo.,sim
4257008,"Ela apela, ela é braba
.",sim
4257031,"Ela é braba, hein, atropela.",sim
4260570,Tu é a filha pródiga que volta.,sim
4261392,"Do menino inocente que um dia sonhou
.",sim
4261476,Eu sou plebeu ela é nobre.,sim
4261490,"sorrindo, o rouba, e a avelha mãe aflita.",sim
4261546,"o filho é pobre, mas a mãe é rica!.",sim
4261547,"O filho é homem, mas a mãe é santa!.",sim
4261559,Por mais que o homem seja um mesquinho.,sim
4262069,Um mulher diferente.,sim
4262074,Essa mulher fantasia.,sim
4262970,"Arrume tudo mãe querida, o seu filho vai voltar
.",sim
4263143,Ele é o furacão.,sim
4263428,Rosinha era moça bonita.,sim
4263815,"Para mim sou grande, mas pra ela pequenino.",sim
4266654,Eva eram brancos?.,sim
4266659,Por um amor até um homem forte.,sim
4268438,Eu porém menino pobre te amava tanto.,sim
4271151,Ela é casada mas quer separar.,sim
4271269,E vem e na balada ela é astral.,sim
4272156,Mulher bandida igual a você.,sim
4272386,"Ela é bandida, eu sei que é.",sim
4273069,Ele não é mais bonito do que eu.,sim
4273645,Aquela menina era a felicidade que eu tanto esperei.,sim
4273769,"E o pobre menino sozinho sofreu mais que ninguém
.",sim
4273797,Ele é filho dessa gente importante.,sim
4273834,Minha mãe agora está mais velha.,sim
4273840,Ela é uma moça tão linda.,sim
4273844,Que ela dá tão gostoso.,sim
4274453,Ela tá é desesperada.,sim
4274501,"Ah, ela é princesa.",sim
4274506,A mulher mais bela.,sim
4274523,Ele é seu amor.,sim
4274571,Ela bem feitada e eu naquele fossa.,sim
4274687,Contem dos meus sonhos onde ela é presente.,sim
4276174,E eu já percebi que ela é sozinha.,sim
4276252,Maria é uma simples moça caseira.,sim
4276819,Quando o rapaz caipira.,sim
4276826,Rapaz caipira.,sim
4277063,Diz que ele é o cara.,sim
4277694,Aquela menina era felicidade.,sim
4277793,"Lembro a menina feia,.",sim
4278078,"Ela é muito mais mulher,
.",sim
4278789,"Ele é puro, sujo.",sim
4279368,Ela sempre é notícia.,sim
4279636,Uma menina simples que sorria.,sim
4279685,No coração dos homens maus já se acabou.,sim
4279984,Se ele fosse delegado.,sim
4280113,"Se de longe ela era linda,.",sim
4280278,"Princesa rainha, a minha mulher
.",sim
4281158,"De calça jeans e botina, jeito de menina roceira.",sim
4283131,"Adão não foi avisado
.",sim
4283188,Fulana tá linda.,sim
4283456,E disse que ele é bem melhor de cama do que eu.,sim
4286502,Ele era rei mas foi humilde o tempo inteiro.,sim
4286503,ele foi filho de carpinteiro.,sim
4288291,Pela moça bela.,sim
4288904,"conheci uma moça bonita,.",sim
4289002,"Pra essas mulheres tão nervosas,.",sim
4289021,Porque a mulher será mulher.,sim
4290446,quando ele é o homem-aranha.,sim
4290466,Sé sei que ele é o presente mais lindo.,sim
4290932,"Ele é cheio de paz,.",sim
4294334,É tao gostosa ela é toda faceira.,sim
4294945,"Virgem, menina morena.",sim
4295021,Ela é a paz que nasceu pra mim.,sim
4296802,"Ela é a lua,é minha loucura.",sim
4296803,"A musa perfeita que alguém procura

.",sim
4296810,"Da menina mais linda,que é minha sina.",sim
4296867,Ele é o rei.,sim
4297045,Minha deusa nua minha bailarina.,sim
4297175,"por onde for, ser escravo, menino cativo.",sim
4297264,Nunca viu moça tão bela e por isso ando assim.,sim
4297961,"Princesa mágica, musa da música que sai da minha cabeça.",sim
4298342,Pelo amor da mulher mais bonita de um harém de.,sim
4299058,Pois com ele estou liberto do perigo e do mal.,sim
4299091,Quem é este homem importante que a todos escuta?.,sim
4299226,"Ele é o alivio quando a dor aperta
.",sim
4299405,Abra sua bíblia e siga o exemplo desse homem puro.,sim
4300245,Ele é água viva pro homem sedento.,sim
4300249,Ele é alívio.,sim
4300560,Ele é o pão vivo que desceu do céu.,sim
4300756,"Ele é digno de todo o meu louvor
.",sim
4300883,Jesus é maravilhoso.,sim
4300941,Jesus é vencedor.,sim
4301031,"Ele é amor, ele não vai te abandonar
.",sim
4301040,"Ele é fiel, Ele nunca falhou,.",sim
4301055,Nestas boates de mulheres tão formosas.,sim
4301110,Ele é o sol que brilha no teu coração viu.,sim
4301407,"AÍ, VOU VER SE ELE É MAIS DO QUE EU

.",sim
4301517,No lugar do velho homem pecador.,sim
4302053,"Jesus foi ferido,.",sim
4302313,"O Senhor é meu pastor, nada me faltará..",sim
4302502,Ele nasceu tão pobrezinho.,sim
4302870,"Ele disse vinde a mim pecador
.",sim
4303243,"Ela tá ferida, ela tá ferida
.",sim
4303431,"Ela fica louca, louquinha, perde a razão
.",sim
4304302,"Imagina ela solteira
.",sim
4304353,"Quis ser dono do teu pensamento, ilusão.",sim
4304855,Da namorada bem amada que eu sonhei.,sim
4306144,Ele é seu pai e por sinal já me ensinou.,sim
4306326,"Canta, menina triste, esqueça a tristeza.",sim
4306328,"Você, menina triste, que vive a chorar.",sim
4309086,Se casou com um rei nagô em.,sim
4309106,Ele cresceu e se fez um homem bom.,sim
4309493,Ela louca muito louca.,sim
4309927,Tu és a filha pródiga.,sim
4310111,"Minha filha inocente, vem pra mim toda contente.",sim
4310386,"Bárbara é bárbara, é bárbara.",sim
4310455,Ele cega de paixão.,sim
4311947,Se é mulher é minha senhora.,sim
4312460,Ela é veterana da guerra da.,sim
4313228,"Que esse amor me fez um homem sofredor
.",sim
4313402,"Tem mulher bonita e apaixonado eu tô
.",sim
4313583,"E elas fica louca
.",sim
4313887,"""Eta"" mulher bandida.",sim
4314110,"Ela é minha amiga eu não posso falhar
.",sim
4315316,Um moço pobre poderá ser bom esposo.,sim
4315982,Um moço pobre como eu não deve amar.,sim
4315985,"Um moço pobre como eu não tem valor
.",sim
4316706,Quero ver senhor vigário.,sim
4319712,Esse homem bravo e forte.,sim
4320868,Homem puro que trabalha tanto.,sim
4321536,"É mulher perigosa, é mulher perigosa
.",sim
4321553,Toda mulher é divina.,sim
4321559,Isso é mulher brasileira.,sim
4322632,Me fez um homem cheio de ternura.,sim
4325174,"E que ele é melhor do que eu
.",sim
4325594,Talvez ela seja feliz.,sim
4325642,"ela era feliz e cantava , cantigas de amor.",sim
4325644,"nem parece a moça bonita que ontem sorria
.",sim
4325646,seu sorriso de moça bonita alguém carregou.,sim
4326966,De dia ela é santa.,sim
4327965,Se ela é melhor que eu.,sim
4329358,Ele é sol à meia noite.,sim
4330083,Ele era um rapaz.,sim
4330281,Sou uma mulher fiel.,sim
4332883,"fui marido mal-amado,.",sim
4333567,Ela estava sozinha somente um copo como seu par.,sim
4333572,Uma mulher tão linda ai não devia sofrer de amor.,sim
4334432,"para ser minha mulher p'ra vida
.",sim
4334526,"Princesa linda sem fim que me criou
.",sim
4334535,"Mãe querida, mãe querida.",sim
4334634,mulheres bonitas namorei.,sim
4334779,"Meu herói pequeno, sorriso sereno, homem pequenino.",sim
4334785,Eu sempre serei aquele homem certo.,sim
4334851,"Morena bonita, mulher tão perfeita da cabeça aos pés.",sim
4335092,"A mulheres bonitas nunca se diz não
.",sim
4335206,"Sou um homem feliz, obrigado.",sim
4335694,Fazeres-me um homem melhor.,sim
4336863,Sempre fui um homem louco demais.,sim
4338545,César tá mais preparado.,sim
4338701,"Faça ela feliz, faça ela feliz
.",sim
4338943,"Um homem carente, sofrendo e doente.",sim
4339617,"A mulher mais gostosa, mas também só minha.",sim
4339743,"Quando está comigo ela é só paixão, amor e ternura.",sim
4340536,Eita mulher difícil.,sim
4342129,Na segunda ele grila.,sim
4346182,"Ela é forte, é traiçoeira, ela é fogo de fogueira.",sim
4346284,"Mas ele era ruim de cama
.",sim
4346303,Mas ele era ruim de cama.,sim
4346830,Minha mulher é uma parada dura.,sim
4347053,Ela é toda faceira.,sim
4347057,Ela é famosa em.,sim
4347072,"Que essa é a mulher perfeita pra você
.",sim
4347079,Ela é famosa na.,sim
4347774,Porque não sou pra você um homem estranho.,sim
4347875,Ela é a estrela mais linda.,sim
4348583,"e ser mais feliz, um homem feliz
.",sim
4348746,Deusa linda.,sim
4348880,"Ela é bem melhor do que você
.",sim
4349837,"Você iria responder ""ela já foi esquecida"".",sim
4349839,"Você iria responder ""ela já foi esquecida""
.",sim
4352002,Minha mãe foi rainha.,sim
4352015,Minha mãe tão rainha.,sim
4352509,"Pervertido, mal amado, menino malvado, cuidado.",sim
4352511,"menino indecente, viado
.",sim
4354786,"Com essa rosa no cabelo e esse andar de moça prosa morena, morena.",sim
4354882,"Bem, não vá deixar a sua mãe aflita
.",sim
4355972,Enquanto mãe preta cantava (laiá lalaiá lalaiá laiá).,sim
4356340,Uma mulher clara.,sim
4357097,Ela já é gente.,sim
4357263,Ele nunca foi mais curioso.,sim
4357322,"Ele é caboclo, é.",sim
4357341,Ser mulher é fazer doce.,sim
4357349,Ser mulher é ser risonha.,sim
4357355,Ser mulher amigo meu.,sim
4357652,Saber que somos homens calados.,sim
4357698,A moça louca chegou e se acomodou.,sim
4359764,Ela não era assim tão carinhosa como é.,sim
4360028,"Vai, mulher cruel.",sim
4360091,"Bordão cinto prata sobre a mãe solteira, Ai, ai, ai.",sim
4360264,Caxias sou pura energia.,sim
4360586,Menina baiana do juazeiro.,sim
4360992,"Senhora, Mãe poderosa.",sim
4361007,Menino bom de bola.,sim
4361233,"Minha rainha poderosa,.",sim
4361264,"Ela é minha alegria, é minha paixão.",sim
4361347,O homem primitivo não sabia.,sim
4362292,Homem branco invade a terra.,sim
4362435,"O ""menino passarinho"" se transformou.",sim
4362471,Cantando a saga do menino sonhador.,sim
4363145,"A idéia do rei foi genial,.",sim
4363392,A rainha era deusa.,sim
4363522,"Mães feiticeiras, donas do destino....",sim
4363531,Rainhas soberanas.,sim
4364540,"A moça branca é amiga,.",sim
4364568,A moça branca.,sim
4364812,Com o rei negro no congá.,sim
4364900,O rei congo aqui chegou.,sim
4365479,"""É mãe é mulher a mão guardiã.",sim
4365507,É mãe é mulher a mão guardiã.,sim
4365547,"Ê mãe preta, mãe baiana.",sim
4366310,Ele foi eleito a deputado.,sim
4367133,Musa inspiradora.,sim
4367418,"E a rainha negra ofertou
.",sim
4367577,Francisco foi navegador.,sim
4367578,"Na serra, ele nasce pequenino.",sim
4367770,"mulher brasileira em primeiro lugar (x2)
.",sim
4367804,Glória a essas divas tão guerreiras.,sim
4367806,Maria não é brincadeira.,sim
4367992,E sou menino sonhador.,sim
4368441,"Menino bom na sua língua natal,menino bom que se tornou imortal
.",sim
4369026,"Dessas mulheres gentis
.",sim
4370032,Índio é dono desse chão.,sim
4370033,Índio é filho da.,sim
4370152,Zumbi é rei.,sim
4370171,"Soberana do meu carnaval, na princesa nilopolitana.",sim
4370230,Três princesas africanas.,sim
4370259,"Ele é rei e vem lutar
.",sim
4370353,Gloriosa ela surge deslumbrante !.,sim
4370742,O homem nativo da terra.,sim
4371067,A menina moça e o homem de guerra.,sim
4371077,"Mulher brasileira de tanta coragem
.",sim
4371596,Ele é o brasileiro.,sim
4371729,É diva internacional.,sim
4372118,Óh minha deusa soberana.,sim
4372132,"Meus filhos são filhos dessa mãe gentil
.",sim
4372540,É menino sonhador (bis).,sim
4372713,"""Do lixo para as flores"", Joãosinho é genial.",sim
4372950,Mamãe tô forte e tenho sorte.,sim
4373521,"Seu padre, se a moça é solteira?",sim
4373784,"Menina rendeira, me ensina a bordar.",sim
4374009,Quando o homem branco aqui chegou.,sim
4374462,Gandhi hoje são brasileiros.,sim
4374616,"Quantos imigrantes te abraçaram, mãe gentil.",sim
4374908,Exaltando a rainha mestiça.,sim
4375642,Quero te ver qual menino feliz.,sim
4376126,"Musa divinal
.",sim
4376280,Homem branco se assustava.,sim
4376364,Do homem sonhador.,sim
4376711,Rei feliz.,sim
4376806,Ah mulher guerreira.,sim
4377322,Mulheres guerreiras em orgia.,sim
4377358,Tia preta na cozinha (bis).,sim
4377367,Bata palma mãe pequena.,sim
4377672,Homens felizes vivendo nas matas.,sim
4378988,"Notícias más, de homens maus,.",sim
4379048,Uma rainha africana.,sim
4379065,"Com o parlamento, a rainha negra governava.",sim
4379158,Espelho da mulher brasileira.,sim
4379194,"Quero te ver, ó bela dama pecadora.",sim
4379882,Projetando a mulher brasileira.,sim
4380147,Que ela fosse tão bela.,sim
4380157,Gabriela moça pobre do sertão.,sim
4380179,Que ela era uma flor.,sim
4380241,Ele é verde e amarelo.,sim
4380366,A lenda diz que a moça índia foi primeira.,sim
4380395,A dama negra a ele apareceu.,sim
4381296,MOÇA BONITA!,sim
4381752,"MULHER BONITA, ROSA MAIS BELA
.",sim
4382770,E o homem confiante consultava.,sim
4384583,O homem orgulhoso como quê.,sim
4385080,Menino pobre.,sim
4385160,Mas o homem é muito forte.,sim
4385810,"Lago, um homem genial.",sim
4386206,A metamorfose dessa pátria mãe gentil.,sim
4386561,Ele é capitão.,sim
4386562,Ele é general.,sim
4386719,Moço valente chorava.,sim
4386978,Senhor branco não gostou.,sim
4387131,A deusa negra mais forte.,sim
4387486,Fiz na revista a musa nua.,sim
4387651,"Olha pro índio ele é especial não faz mal

.",sim
4388504,Oxum deusa formosa.,sim
4388505,"Moça dengosa irradiando energia
.",sim
4388883,De onde o homem macaco evoluiu?.,sim
4388887,Mulher serpente trai a.,sim
4388932,Fez o homem primitivo.,sim
4389385,"Iara ê, iara ê mãe d'água.",sim
4389714,"Mulher guerreira, bem brasileira.",sim
4389856,Perón é a musa divinal.,sim
4389861,Mulheres ousadas e maravilhosas.,sim
4389882,Homem branco veio invadir.,sim
4390091,Rainha negra.,sim
4390465,"Das grandes mulheres guerreiras, Tupinambás


.",sim
4390594,Homem generoso e de respeito.,sim
4390799,Onde viviam as mulheres guerreiras.,sim
4391034,"E tem mais, o barão cruel, homem dominador.",sim
4391158,"Do menino gigante, fez despertar.",sim
4391821,Senhora tão belo seu ilá.,sim
4392614,Imperador foi derrotado.,sim
4393898,MENINO ESCRAVO.,sim
4394158,Dizem que uma moça muito linda.,sim
4394182,Ela é a mãe do ouro.,sim
4394278,"Lá vai o menino pobrezinho,.",sim
4394286,"Se hoje ele é mau orientado,.",sim
4394614,Da queimada o homem branco produzia o carvão.,sim
4395680,Mãe negra é luz.,sim
4396569,Mulheres guerreiras...,sim
4396749,"A moça nativa, seu povo festeiro.",sim
4396911,"O menino passarinho, deixou seu ninho e ganhou o céu.",sim
4397307,Mãe protetora.,sim
4398017,Pedro é coroado imperador.,sim
4398357,Que a mulher brasileira simboliza.,sim
4398475,E a mulher independente.,sim
4399089,"Samba menina bonita...
.",sim
4399535,"A mãe negra temperou, a hora é esta.",sim
4400543,Na mãe feiticeira o dom de curar.,sim
4400580,"ele é corintiano
.",sim
4401120,"MOÇA BONITA
.",sim
4401701,"Vem, com dois meninos passarinhos.",sim
4402320,Sou filho dessa pátria mãe gentil.,sim
4402364,"E homens cheios de “Raça”...
.",sim
4402395,"no homem branco colonizador (bis)
.",sim
4402873,"O homem primitivo, gigantescos animais.",sim
4403440,"Embala meus sonhos, ó musa divina.",sim
4404950,"Ele achou confortável, ficou
.",sim
4405205,"Ele fica novo
.",sim
4405283,"Sem enxergar que ela é brilhante, que ela é rara
.",sim
4405870,E ela tava mais linda.,sim
4406140,É que ele é grande demais.,sim
4406556,"Ela tava linda, nossos braços se cruzando.",sim
4408224,"Que menino sonhador
.",sim
4408538,Embora o senhor seja conhecido.,sim
4408707,seria um homem muito feliz.,sim
4408989,ser mulher direita conforme ela era.,sim
4409612,"Deixa qualquer homem louco
.",sim
4409644,Onde tem mulher fogosa.,sim
4409660,Paixão por mulher bonita.,sim
4409809,Eu sou um homem tão desvalido.,sim
4409833,Mulher é muito louca.,sim
4409892,"Desde quando ela era mocinha
.",sim
4410132,não posso ver mulher bonita.,sim
4410412,"O marido freguês, seja lá como for.",sim
4410663,Quero a meu lado mulher bonita.,sim
4410686,"Tô de namorada nova, tô.",sim
4410736,Tenho a ela verdadeiro amor.,sim
4410746,Madalena foi pecadora.,sim
4411045,Não pode ver mulher bonita.,sim
4411138,Só ataca mulher bonita.,sim
4411279,Quem gosta de homem é gay.,sim
4411659,Eu não fui o homem certo pra você.,sim
4411831,Que menina tão bonita.,sim
4413504,Se ela é tão difícil de esquecer?.,sim
4413509,"Deus, essa mulher é minha vida.",sim
4414607,O menina tão bonita.,sim
4414642,"Seu marido apaixonado cheio de amor e fé

.",sim
4414664,Você menina é tão bonita.,sim
4414946,Sou homem descrente e só creio em.,sim
4415332,Uma moça muito especial.,sim
4415336,Ser um homem diferente.,sim
4416098,Ele é lindo demais.,sim
4416792,"Que nunca tinha visto um homem tão perfeito,.",sim
4416862,As outras sabem que ela é dona do pedaço.,sim
4417178,Eu sei que ela é jovem.,sim
4417362,Perdoa esse homem triste que te ama.,sim
4417520,"O homem tá nervoso, tá bufando.",sim
4417924,Venha pra aqui menino lindo.,sim
4420403,"Deus, que mulher gostosa.",sim
4421585,Tem mulher verruguenta.,sim
4421591,tem mulher baranga com bafo de onça.,sim
4422235,O povo todo gritava pra menina boiadeira.,sim
4422667,Titio era cuiabano.,sim
4422669,Ele era criador de gado.,sim
4423472,"Ele já foi canoeiro e pescadô também
.",sim
4423742,"Ele foi bem castigado
.",sim
4424434,Maria tava inocente.,sim
4424661,A mãe preta que foi morta.,sim
4424893,Ele não era moço.,sim
4424938,Eu tenho ela calejada.,sim
4425217,E guiando os três rei mago.,sim
4425226,Cristo foi nascido.,sim
4425531,Rei é tão querido.,sim
4425740,Ela é fazendeira de muitas finança.,sim
4426226,"Mamãe mamãe mamãe mãe sertaneja já se levanta
.",sim
4426238,mãe carinhosa bendita seja.,sim
4426239,Vai esta prece mãe sertaneja.,sim
4426442,"Rosa menina, menina rosa.",sim
4426443,"A flor divina, menina rosa.",sim
4426445,"Menina rosa, meu bem querê
.",sim
4426462,"Menina rosa, meu bem querê.",sim
4426778,Já sou uma mulher casada.,sim
4426918,"Ele é humano, nosso irmão, é nossa gente.",sim
4427440,"(""Um homem rico milionário.",sim
4427537,Muitas mulheres formosas me querem.,sim
4427974,A minha mãe é paulista.,sim
4428017,"Minha mãe foi boiadeira
.",sim
4428031,A rainha camponesa.,sim
4428208,Ela é minha ilusão.,sim
4428528,A mãe preta tá descrente.,sim
4428662,Ela é muito mais amarga.,sim
4428785,João era negro forte.,sim
4428975,Todo marido é sincero.,sim
4430698,Do menino pobrezinho.,sim
4430758,Rosinha estava tão bela.,sim
4431079,"Ela é minha companheira, coração cheio de amor
.",sim
4431312,Que moça bonita que eu inda não vi.,sim
4431315,"As moça falaro, que violêro bão.",sim
4431627,Hoje eu vejo que ela tava certa.,sim
4432141,"Se tem mulher, agora tem mulher muamba.",sim
4432164,Se tem mulher agora tem mulher muamba.,sim
4432833,Eu sou um rapaz faceiro.,sim
4433381,"Sou um homem ciumento, amo e quero ser amado.",sim
4433491,mulher casada troca de marido.,sim
4433535,"Ele era bobo mesmo
.",sim
4434566,No sambão ela é bacana.,sim
4434573,Pintou um moço solteiro.,sim
4434888,Se ficar serei um homem forte.,sim
4434993,Sou um homem tão sozinho.,sim
4435056,Frei dá é o homem mais mole do arraiá.,sim
4435231,Por mulher é gostoso sofrer.,sim
4435553,"Menina linda, vai lá em casa passeá.",sim
4435646,"Porque sou casado e ela é solteira
.",sim
4435760,Gosto de mulher direita.,sim
4435762,Eu gosto de mulher grande.,sim
4435764,Gosto de mulher gordinha.,sim
4435774,Mulher bonita igual melancia.,sim
4435776,Gosto de mulher morena.,sim
4435796,"E a mulher brasileira é boa demais"")
.",sim
4435860,Essa mulher é feia.,sim
4435863,Eu fiquei com a mulher feia.,sim
4435890,Esta mulher é feia.,sim
4436129,A mulher nova é mais gostoso.,sim
4436136,Desse garoto quarentão.,sim
4436377,"A mãe é cor de canela
.",sim
4436442,Mulher bonita é o que mais me fascina.,sim
4436536,Ela é casada e seu marido é meu amigo.,sim
4436576,Hoje estou pedindo arrego e ela está ferida.,sim
4436692,Tô feito um menino chato.,sim
4436861,"Que você era a mulher certa, eu queria pra casar.",sim
4437124,Ela ainda tá solteira.,sim
4437193,Só quero mulher mais nova.,sim
4438071,Uma moça muito triste sem o riso da esperança.,sim
4438076,Minha mãe doente já sem esperança.,sim
4438262,Em ser o homem mais feliz.,sim
4438337,O moço era casado.,sim
4438369,O senhor vai ficar velho.,sim
4438837,Ela era uma florzinha em botão.,sim
4439209,O homem está perdido.,sim
4439264,Olhar de moça bonita.,sim
4439395,"Se a mulher soltar o rabo o marido tá perdido
.",sim
4439492,Homem valente já fiz virar medroso.,sim
4439501,Casei com uma mulher feia.,sim
4439510,"Que mulher feia, mas tudo bem.",sim
4439528,Ela é surda também.,sim
4439666,Diga se ela está sozinha.,sim
4439868,A filha divina.,sim
4440245,Era uma menina pobre.,sim
4440377,Um homem ereto preso a uma asa de pano.,sim
4440434,"Por uma mulher bonita
.",sim
4440495,A mina chique numa calça saint-tropez.,sim
4440972,"Ela é culpada, auê, uê, uê, boi.",sim
4440996,"Vendo minha mãe paralítica, sem um sinal de melhora.",sim
4440997,Levei ela confiante ao bom.,sim
4441140,"Leu sua sorte, diz que ela era tirana
.",sim
4441541,O rapaz era casado.,sim
4441696,Me lembra a deusa a mulher tão fascinante.,sim
4441785,Tanta mulher gostosa.,sim
4442479,Tenho três filhas solteira.,sim
4443093,"A maldade é grande, Deus é maior.",sim
4443556,"E a mulher namoradeira eu passo o coro e mando embora
.",sim
4443621,quem casar com mulher feia.,sim
4443625,mas se ela for bonita.,sim
4443629,Que mulher feia não tem pecado.,sim
4444592,Quem é este homem trigueiro.,sim
4445070,Eu já vi moça bonita.,sim
4445308,Não é qualquer moço forte.,sim
4445612,Eu bebo pra esquecê que ela é feia que é um horror.,sim
4446164,"Ela não é doida, ela não é não.",sim
4446192,Ele tem tão nobre sentimento.,sim
4446577,Já que o homem é um poço profundo.,sim
4446598,Homem simples verdadeiro.,sim
4447187,"Era mesmo um homem valente
.",sim
4447618,Se elas são ricas elas têm todo o conforto.,sim
4447633,"Porque ela é a razão do meu viver
.",sim
4448329,A minha mulher briguenta.,sim
4448633,Ele era menino.,sim
4448704,Enfrentei homens valentes.,sim
4449666,Sou um menino doentio.,sim
4450002,"Mulher nova é sangue quente
.",sim
4450486,"Toureiro, toureiro é homem forte.",sim
4450739,Vendo minha mãe paralítica e sem sinal de melhora.,sim
4451305,"Por tua beleza muito homem ficou louco
.",sim
4451871,Moço muito elegante.,sim
4451877,O rapaz era pacato.,sim
4451951,Teu marido é muito maldoso.,sim
4452036,Sua pobre mãe velhinha.,sim
4452153,Ele era o salvador.,sim
4452462,Mulher matadeira.,sim
4452805,Judas vendido ele foi prisioneiro.,sim
4452810,Pela lei romana ele foi condenado.,sim
4453351,Homem perverso e tirano.,sim
4453363,"Cristo era judeu
.",sim
4453609,"Pra mim ele só deixou triste dor de uma saudade
.",sim
4453749,Lá encontrei uma mulher sozinha.,sim
4453981,Mas o senhor mesmo sozinho.,sim
4454078,Ele é um analfabeto.,sim
4454080,"Ai, ele é um analfabeto.",sim
4454894,"Mas tem como chamar ele diferente
.",sim
4454968,Minha mãe fica brava.,sim
4455031,"Ela é cheirosa é misteriosa é menina mulher
.",sim
4455614,Ela estava sozinha eu cantava pra ela.,sim
4455684,Tem damas lindas sobrando.,sim
4455698,Com tantas moças bonitas.,sim
4455985,Ela amanheceu zangado.,sim
4455990,A mulher ficou nervosa.,sim
4456019,É um marido carinhoso.,sim
4456497,"Este menino é um pão
.",sim
4456941,Menina bonita olha pra mim.,sim
4457035,Menina triste.,sim
4457173,Ele então fica mais lindo.,sim
4457257,"Todos eles são valente
.",sim
4457354,Como ela é amorosa formosa.,sim
4457360,ela é minha paz.,sim
4457398,Mulher ciumenta é zebra.,sim
4458134,Nossa mulher altaneira.,sim
4460119,"É a mulher formosa que nega o seu amor
.",sim
4461162,Um homem já milionário.,sim
4461229,"Deus menino foi nascido ai, ai, ai, ai.",sim
4461232,"Senhora dona da casa ai, ai, ai, ai.",sim
4461393,"E a engenharia, homens competentes.",sim
4461495,Porque sei que ele é homem.,sim
4462060,"Homem não é menos homem
.",sim
4462215,"Ela era tão certinha, me apresentou pros pais.",sim
4462344,Levei uma garota carinhosa.,sim
4463454,"De um rapaz caipira
.",sim
4464335,Também já tô sabendo que ela é muito ciumenta e me odeia.,sim
4464572,E a mulher namoradeira eu passo o couro.,sim
4465852,Ela é muito louca.,sim
4465872,Ela é muito louca assim.,sim
4465874,Mas ela é muito louca assim.,sim
4466824,"Vejo ela feliz, ela me vê sofrendo
.",sim
4467978,A menina mais querida.,sim
4468329,De opinião sou um homem forte.,sim
4468332,mulher vaidosa.,sim
4468364,Flor menina tão querida.,sim
4468850,"Como chorei, mãe querida.",sim
4469222,"Nosso eterna mãe querida vive a nos abençoar
.",sim
4469245,Moças simples do interior.,sim
4469328,Ela é birrenta.,sim
4469331,"De homem manso
.",sim
4469647,Ele era tão bonzinho.,sim
4469930,Eu pensei comigo mesmo estou com a filha mais casada.,sim
4470257,O homem futuro que hoje é criança.,sim
4470718,"Pois ele é o dono do seu coração
.",sim
4470726,"De um homem covarde e amante da noite
.",sim
4470730,Pois ele é o dono do seu coração.,sim
4471072,você menina bonita.,sim
4471289,Porque sou um homem forte.,sim
4471320,"Beijando os teus lábios, menina querida.",sim
4471472,De minha mãe saudosa.,sim
4471546,Enquanto ela é a deusa do cassino.,sim
4471834,"E hoje no espaço ele vive feliz
.",sim
4472929,Eu nãi sabia que ela era feiticeira.,sim
4473261,"Mulher boa, bonita e carinhosa.",sim
4473265,"Mulher nova, bonitinha e perfumada.",sim
4473268,"Fazer gemer qualquer homem valentão
.",sim
4473275,"Seja ela moreninha, como for.",sim
4473377,Apenas setecentos dias fui um homem feliz.,sim
4473583,"E o desprezo daquela mulher ingrata
.",sim
4473606,A mulher sendo bonita.,sim
4473797,Eu amo a mulher mais bonita.,sim
4473802,Ela é uma estrela que brilha.,sim
4473807,Ela é uma flor morena.,sim
4473911,Eu sou um homem casado.,sim
4474136,"Ela estava louca, louca de ciúmes.",sim
4474331,Ela estava nervosa.,sim
4474427,Com a mulher primeira com quem me casei.,sim
4474834,Paulinho era um moço pobre.,sim
4474836,Lourdinha era muito rica.,sim
4474848,Era um homem perigoso.,sim
4474849,Paulinha era um moço pobre.,sim
4474859,Lourdinha era apaixonada.,sim
4474881,Encontrou a filha morta.,sim
4474915,Por causa de um moço pobre.,sim
4474926,"Chora mulher ingrata, pode chorar.",sim
4475070,Pois você sabes que eu sou homem casado.,sim
4475138,Da mulher vaidosa vaidade se espera.,sim
4475147,Ela fez um gesto de mulher luxenta.,sim
4475265,De homens pobres e ricaços.,sim
4475421,Sendo ele bom mineiro.,sim
4475687,Ele vai ser condenado.,sim
4475884,Homem valente não chora.,sim
4475924,Pela mãe querida de amor sem igual.,sim
4476687,Ela vem cheia de marra.,sim
4476732,E hoje ela tá virada pela madrugada.,sim
4477237,Tem homem sério nas grades.,sim
4477521,O homem bruto com suas armas de guerra.,sim
4477759,Mas sempre foi homem honrado.,sim
4477812,"O homem era competente, já foi rasgando o filó.",sim
4477861,Sou filho de homem forte.,sim
4478498,Uma donzela meiga e linda como a flor.,sim
4478570,"que o senhor leva alegria, mas é um homem infeliz.",sim
4479030,Roberto era um moço muito rico.,sim
4479031,E ela muito pobre que só tinha um coração.,sim
4479444,Só dá garupa pra moça bonita.,sim
4479644,Se o rapaz quisé muito cafuné.,sim
4479773,Uma menina rica e um menino pobre.,sim
4479779,"Foi o menino pobre quem herdou a herança
.",sim
4479782,Enquanto a moça pobrezinha.,sim
4479922,"Que a esposa já não era mais bonita como antes
.",sim
4479932,Julgando que a esposa fosse linda como outrora.,sim
4479935,"Era sua velha esposa destruída pelos anos
.",sim
4480198,Para o moço branco deu seu coração.,sim
4480230,Foi moça linda e querida.,sim
4480499,"Que a mãe era preta, por isso fugiu.",sim
4480502,Da filha querida que tanto ela amou.,sim
4480524,Como se ela fosse a alma da mãe.,sim
4480528,Um menino pobrezinho.,sim
4480541,"Trabalhador, homem bão.",sim
4480641,"(""- Compadre, tu conheceu a moça magra?.",sim
4480643,A irmã da moça gorda.,sim
4480650,Que moça magra era a.,sim
4481063,"Para o senhor ficar rico e tão depressa progredir, quantos sonhos, quantos lares foi preciso destruir.",sim
4481390,Moça que gosta de homem casado.,sim
4481684,"(""Corre muié, que ele tá brabo, hem!",sim
4481716,E ela é bonita?.,sim
4481901,Namorei uma moça feia.,sim
4482052,Se tiver filha bonita.,sim
4482607,ele tá sujo todo amassado.,sim
4482789,Ela teve tamanha coragem.,sim
4483032,Eu sou um rapaz solteiro.,sim
4483115,Mulher ingrata o seu rosto descorado.,sim
4483139,"Mulher ingrata, é impossível que no limbo.",sim
4483160,Foi onde ele chegô.,sim
4483163,Em um moço muito rico.,sim
4483180,Se o senhor tá desconfiado.,sim
4483193,A pobre mãe ficou louca.,sim
4483482,Por ela tá tão nervosa.,sim
4484028,Gosto de moça bonita.,sim
4484319,Bem embora ele seja meu sogro.,sim
4484485,Era o moço mais vistoso.,sim
4484493,Essa mulher tão leviana.,sim
4484505,Mas essa mulher tirana.,sim
4484588,Domava o rapaz sorteiro.,sim
4484729,Que as mulheres são iguais.,sim
4484732,Amor de mulher estranha.,sim
4485068,E os boiadeiro homem destemido.,sim
4485473,Pra ver meu fracasso eles vive ansioso.,sim
4485815,"Sai pra lá menina preta""
.",sim
4485836,"A mãe preta acompanhando
.",sim
4485839,Todas as meninas branquinhas.,sim
4486104,"Ele foi cruel, ele me enganou
.",sim
4486209,"Ele é guerreiro, ele é flecheiro.",sim
4486346,Contudo ser homem calmo.,sim
4486376,O moço foi assaltado.,sim
4486604,"Ela vai ser a rainha
.",sim
4486698,"""- Eu sou o rei soberano, dono da maior riqueza da terra, tenho tudo que desejo, mas sou um homem infeliz.",sim
4486701,Por que sou um rei infeliz?,sim
4486704,"Então reúna toda a cavalaria do reinado e que sigam em busca da camisa do homem feliz""
.",sim
4486720,E um homem feliz.,sim
4487103,"Assim não menina bonita, assim não.",sim
4487157,Confesso que por ela já estou gamado.,sim
4487323,Era a moça mais grã-fina.,sim
4487360,O moço era elegante.,sim
4487422,Minha mãe ficou contente.,sim
4487647,Senhor bendito.,sim
4487766,A mulher é ciumenta.,sim
4487878,Mulher faladeira é a do vizinho.,sim
4488011,Ela é mais arisca do que uma potranca.,sim
4488276,"Da sua filha querida
.",sim
4488448,Ele só anda descalço.,sim
4488718,"Que fiz um papel de um homem covarde
.",sim
4489492,"Quis ser feliz pra me fazer sofrer
.",sim
4490100,"Eu quase já me quebrei por uma mulher bonita
.",sim
4491452,"É hoje que sol levanta com tanta mulher bonita
.",sim
4492462,"Mulher madura é mais mulher
.",sim
4492581,Saiu com o menino doente pediu na fazenda urgente.,sim
4492597,O fazendeiro malvado ali ele foi transformado.,sim
4494130,"Ela é gostosa, apetitosa, saborosa, necessária.",sim
4494131,"ela é bonita, suculenta, nutritiva e vitaminada.",sim
4494259,mulher chorona chega de chorar.,sim
4494551,"Ao ver ela tão linda, só que não vendo sozinha.",sim
4494552,Saber que essa mulher tão linda já foi minha.,sim
4494691,Burrada tava cansada.,sim
4494972,Rapaz fino aperparado.,sim
4495530,Ele mesmo que amansô.,sim
4496588,"Ela era linda, um primor de amor.",sim
4497177,"Eita mulher bandida
.",sim
4497975,"Ele não é estilista, mas escolhe o seu look.",sim
4498621,"Ela bem distante, eu distante dela.",sim
4498698,Mulher ingrata que me deixou quase louco.,sim
4498855,"Se ele é inocente ou culpado, eu não sei
.",sim
4499141,"Sou eu, o homem mais valente e mais rápido no gatilho.",sim
4499227,A menina sorridente.,sim
4499350,"Para não ser um homem triste derrotado

.",sim
4499358,Para não ser um homem triste derrotado.,sim
4499363,A mulher quando é casada.,sim
4499784,"Filha querida, é seu pai que está falando

.",sim
4499792,"Filha querida, é seu pai que está falando.",sim
4499927,Como rei cheio de pose.,sim
4499961,Nessa altura o rei vaidoso.,sim
4500651,Ringo em busca do homem mau.,sim
4500824,Eu sendo um homem casado.,sim
4500891,Mulher bonita casada com homem feio.,sim
4500895,Quando eu vejo uma mulher muito bonita.,sim
4500896,Com homem feio entre beijos e abraços.,sim
4500933,"Eu tolero mulher feia mas não me passa pra trás
.",sim
4501406,Achei ela bonitinha.,sim
4501444,O mulher eu sou homem honrado.,sim
4501718,É a dama principal.,sim
4501972,você me mata mulher ingrata.,sim
4502119,É a deusa encantadora no paraíso do meu prazer.,sim
4502295,E mulher boa é o que mais me interessa.,sim
4502306,Mulher bonita faz de mim o que quiser.,sim
4502308,Pra mulher boa tenho um monte de carinho.,sim
4502457,"Por uma mulher casada
.",sim
4502931,"Terra de mulheres lindas de amor e paz
.",sim
4503002,Pois é sou o homem mais feliz por ter você comigo.,sim
4504069,Comigo ele não tá sozinho.,sim
4504404,"Ele é um cavaleiro solitário
.",sim
4504427,"Só desse jeito ele é feliz
.",sim
4504454,Ele é um cavaleiro solitário.,sim
4504665,A esse homem tão querido me entreguei.,sim
4504823,Meu menino faceiro.,sim
4504934,"Tá faltando esse homem maduro
.",sim
4504948,Tá faltando esse homem maduro.,sim
4506263,"Que mulher bandida!
.",sim
4506403,O que é de obrigação de um rapaz cortês.,sim
4508385,"ela é culpada auê uê uê ê boi de eu viver nas estradas
.",sim
4511302,A princesa mais linda.,sim
4511904,Tem as até moça bonita que cresceu quer namorar.,sim
4512091,"Ela não vai ser melhor não, ah ela não vai

.",sim
4512693,"(""Conheci um moço rico de belo porte, educado.",sim
4512694,E por isso pelas moça era sempre cobiçado.,sim
4512974,"Nunca mais te verei, mulher querida.",sim
4513225,Ela é baia e descanelada.,sim
4513749,Ele é seu namorado mas é segunda opção.,sim
4513767,"Ele é seu namorado mas é segunda opção
.",sim
4513840,E quando ela tá solteira.,sim
4513843,"Porque ela é da zueira, ela é baladeira.",sim
4513844,"Ela ama a noite, ela é butequeira.",sim
4515285,Sou apenas um homem sistemático.,sim
4515291,Com esse bicho homem tão antiético.,sim
4515453,Quero uma menina cheirosa.,sim
4515454,Uma moça dengosa.,sim
4515501,Se ela for boa de amasso.,sim
4516651,"É ver ela feliz sem a gente tá junto
.",sim
4516657,É ver ela feliz sem a gente tá junto.,sim
4516768,"A mulher que não gostar, ela é doida ou é doente.",sim
4517388,"Sou o seu homem faz-tudo.
.",sim
4517405,"Sou seu homem faz-tudo...
.",sim
4517586,Garota carioca.,sim
4519037,Elas estao descontroladas.,sim
4519046,"Elas estao descontroladas
.",sim
4519406,E eu como princesa siamesa.,sim
4519980,"fé na ciencia, Deus é pai, já tá clonado...",sim
4520250,Outra esposa ansiosa.,sim
4520905,Uma menina muito interessante.,sim
4522177,As garotas brancas atravessam a rua com medo.,sim
4522183,"Minha vó era negra, minha mãe mulata.",sim
4522237,"Ela é senhora, ela é menina.",sim
4522557,"Rei poderoso, valente conquistador.",sim
4522917,Mulheres princesas.,sim
4523268,Rapaz solteiro sarado filho de.,sim
4523335,Só o homem lento pode nos levar.,sim
4523499,"Onde jaz, um jovem rapaz bastardo filho do.",sim
4523585,Minha mãe também é preta.,sim
4524125,"Que positividade, ela é tão alto astral.",sim
4524360,Back ela é sensacional....,sim
4524697,"Eu te disse, ela tá cremos-a-a-a.",sim
4524710,"Eu te disse, ela ta cremos-a-a-a.",sim
4524807,"Ele é mulato, bem traiçoeiro.",sim
4524832,"Ela é muito pobre, gosta de churrasquinho.",sim
4525566,Deixou homem feio entrar na sua vida.,sim
4525874,Todo mundo fala que ele é rei (ahn ahn).,sim
4525906,"Mundo fala que ele é rei,.",sim
4525971,"Sou mulher forte e segura, dona de mim.",sim
4526582,Minha garota é voraz.,sim
4526708,Onde estão os homens bons?,sim
4527031,"Ela está noiva de outra pessoa, ouviram?
.",sim
4527409,"Todos eles são maus, menos você
.",sim
4528511,Ela é uma menina muito diferente.,sim
4528512,"Cabelinho curto, ela é tão inteligente.",sim
4528513,"Ele é guitarrista, todo atrapalhado.",sim
4528516,Dizem que o garoto é cheio de frescura.,sim
4528517,"Ela é destemida, desconhece o medo.",sim
4528518,Ele é meio frouxo e isso não é segredo.,sim
4529970,"Por ser uma menina má
.",sim
4530843,Ela é mais difícil que ela te parece.,sim
4532038,No outro lado da moeda ela é fiel.,sim
4533357,"Ela é gata, delícia de fazer pirar.",sim
4533480,"Ela é sempre igual

.",sim
4533524,"Praia, cerveja e mulher bonita.",sim
4534034,"Se ela tá chata, chocolate e flores.",sim
4534234,A corrida querida é bandida vivida e sofrida.,sim
4535165,É musa soberana nesse bar.,sim
4535169,Menina singular capaz de transformar.,sim
4535275,"Como ela é maldosa
.",sim
4538409,"Na terra eles são bravos,.",sim
4538708,Eles estão perdidos!,sim
4538724,Ele é maldoso.,sim
4538725,Ele é desleal (desleal).,sim
4538729,Ele é desleal (Yeah yeh yeh).,sim
4539105,Ele é estudioso.,sim
4540078,"Ela é dona da banda, ela sabe que é gostosa.",sim
4540344,"Da mulher carioca!
.",sim
4544061,"Maria querendo ser rica também.
.",sim
4544452,Prá um moço festeiro.,sim
4545085,"Afrodite da quebrada, ela chique como se fosse.",sim
4545613,"Que você é perfeito, um homem direito pra me namorar
.",sim
4546313,Mas ela é muito criticada por toda a sociedade.,sim
4546637,Mas ela é lindia.,sim
4546658,Porque ela é lindia.,sim
4546758,Você tá sem emprego e a sua filha tá gestante.,sim
4547579,Nasceu uma menina valente.,sim
4547593,Ela é feita de pano.,sim
4547928,Aladdin é perseguido.,sim
4547945,"Ele é muito excitante
.",sim
4548080,Ele é um rapaz atraente.,sim
4548081,Ele é diferente dessa gente.,sim
4548088,Ele é surpreendentemente lindo.,sim
4548089,Ele é super descontraído.,sim
4549281,SE TIVER MULHER CASADA POSSO até.,sim
4549458,"Ela está suada, pronta pra se derreter!
.",sim
4551403,Ele é tão mágico.,sim
4551527,Menino bonito ai.,sim
4551528,Ai menino bonito.,sim
4551529,"Menino bonito ai
.",sim
4551665,Que ele não sou nenhum mito.,sim
4554491,"Ele é leal, é um bom companheiro.",sim
4554610,Um garoto sonhador.,sim
4556167,De menino tão perfeito.,sim
4556560,Vai o bicho homem fruto da semente (memória).,sim
4556564,"Não tenha medo, meu menino bobo (memória).",sim
4559287,Mulher presunçosa tu queres que o mundo.,sim
4559804,Sou o rei sou coroado.,sim
4560185,"Todos eles são iguais, tristonhos.",sim
4560317,"Marilu é melhor, bem melhor morrer.",sim
4560434,Vovó no seu tempo de moça bonita.,sim
4561853,"Mas o homem criminoso e pecador...
.",sim
4563308,Bô é mãe carinhosa.,sim
4563309,Mãe carinhosa.,sim
4563311,"Mãe carinhosa
.",sim
4563325,"Bô é mãe carinhosa
.",sim
4563370,Mãe velha oih mãe velha.,sim
4566277,"Magia: Por todos os homens cegos pelo ter e contaminados pelo sistema, que em suas fraquezas optaram pela negligência dos valores humanos e literalmente desconhecem os prazeres simples da vida.",sim
4566855,"O homem pode ser mau em seus pensamentos e atitudes, mas jamais em sua natureza, pois esta é a boa, forte e perfeita.",sim
4566858,"Sendo assim, mesmo que venha a desejar a culpa e condenação, o homem é incapaz de ser culpado e condenado, pois sua natureza é a.",sim
4566860,"Mesmo que venha a desejar a doença e o sofrimento, o homem é incapaz de adoecer e sofrer, pois sua natureza é a.",sim
4566862,"Mesmo que venha a desejar a morte e encerramento da vida, o homem é incapaz de morrer e encerrar sua vida, pois sua natureza é a.",sim
4567014,O homem cósmico é como a luz na sua solidão mística.,sim
4567285,No colinho da mãe divina.,sim
4567287,Para os homens infelizes.,sim
4567470,"Homem sério, fez tudo correto, houve a passagem em 71
.",sim
4567480,"Me foi entregue esta obra, também pela mãe divina.",sim
4568134,"O homem santo, a sua história, contou.",sim
4568138,"O homem santo decepcionado, retrucou.",sim
4568212,O homem é o templo vivo de.,sim
4568350,"Homem branco, ouça os espíritos do céu, da terra e da floresta.",sim
4568366,"Atuação pela não atuação, homem branco, é a maior bem aventurança.",sim
4568474,Salve krisna o menino azul.,sim
4568542,"Precisa amar a vida, ela é tua companheira.",sim
4568592,O homem sensatez.,sim
4568594,O homem insensato.,sim
4568599,O homem espiritual.,sim
4568643,"A mãe divina te conduz
.",sim
4568669,"Que será mãe adotiva, de milhares de vida.",sim
4568681,"Conheci, a mãe divina.",sim
4568696,"Minha esposa querida, você fez a partida.",sim
4568919,"Viu a mulher pálida dizendo estar passando mal
.",sim
4568930,"Deus me deu por ter um marido médico
.",sim
4569283,"Homem velho de igreja, este nunca mentiria?.",sim
4569377,Ser homem pensante ou homem espiritual.,sim
4569390,Todo homem já nasce perfeito e completo.,sim
4569473,ele é um objetivo a se alcançar.,sim
4569564,Ela é forte como um touro e pesada como uma baleia.,sim
4569574,"De corromper, macular e adoecer ela é muito capaz
.",sim
4569595,Assemelha-se a uma princesa cheia de jóias e brilhantes.,sim
4569605,"Assemelha-se a um garoto inocente, inofensivo e jovial.",sim
4569630,Ela é forte como um touro e pesado como uma baleia.,sim
4569716,"Assemelha-se a um homem forte, ponderado e perfeito.",sim
4569722,Um talentoso homem indisciplinado é um derrotado.,sim
4569738,"Fazer de você um ser agradecido e melhor ela é capaz
.",sim
4569830,Ele é bondoso com os amigos.,sim
4569834,Ele é grande frente aos grandes.,sim
4569856,"Que pertencia a um rei muito esperto
.",sim
4569935,Abraão sempre esteve envolto a riquezas.,sim
4570011,O homem carente e sedento se restabeleceu.,sim
4570106,Judas era zelote e discípulo amado de.,sim
4570112,Judas foi depositado.,sim
4570126,Judas foi ordenado e cumpriu a encenação!.,sim
4570183,"E em 24 de agosto ele é homenageado
.",sim
4570494,Pois o homem espiritual possui a mente de um adulto com a pureza do coração de uma criança.,sim
4571238,"O homem espiritual adota posturas diferentes frente a um amigo e a um inimigo, mas sua forma de agir é sempre a mesma.",sim
4571257,"O homem espiritual busca experiência a verdade enquanto o homem igreja escolhe acreditar sem saber se é verdade
.",sim
4571509,O Mestre afirmava que todo homem é filho de.,sim
4571571,"Jesus na medida do possível visto a ignorância espiritual da humanidade de dois mil anos atrás, ensinou que todo homem é um ser divino e que as coisas que fez todos podem também fazer se crerem no que ele ensina: Em verdade, em verdade vos digo: Aquele que crê em mim, esse também fará as obras que eu faço, e as fará maiores do que estas...",sim
4571574,Jesus foi realmente polêmico e provocou a discussões mais abrasivas de sua época.,sim
4571649,"Jesus não era judeu, ele era essênio.",sim
4571726,Por isto o homem mente racional.,sim
4572368,Abaixo do céu todo homem é igual.,sim
4573057,O homem mentalmente espiritualizado é falante.,sim
4573086,"O homem atual, na grande maioria, é carente da percepção da.",sim
7235,"Fuma um vape com gosto de ""hoje a mãe arrasa"" (Eh) Aprovеita e me leva pra tua casa (Eh-еh) Me promete prazer (Eh), preciso de amor não.",nao
9994,Se o senhor não tá lembrado.,nao
14630,Todos eles afim de entregar os irmão.,nao
14647,De um ônibus pra outro aquilo para ele era o fim.,nao
17793,Porque a confiança é uma mulher ingrata.,nao
18834,"Olha lá, ele não é feliz.",nao
21395,Só vou saber se ela é boa depois que eu tacar.,nao
23564,"Hoje eu vou ser seu, duble de marido yeah.",nao
24166,João tá certo.,nao
24508,"Quem conta conta muito e manda a inveja pra lá (Hahaha, a mina tá cara—) Sem camisa, copo na mão e.",nao
24631,Roma dentro da minha goma elas fica pelada.,nao
24978,Ela fica molhada quando vê um vida louca.,nao
25045,"Ela acha cativante, a vida do funk que nóis leva.",nao
25242,Fafá é cara e o.,nao
26611,Mas só quando ela voltar pros meu braços.,nao
32167,Jesus tava comigo.,nao
32498,Mãe pode ficar bem tranquila que as conta tá paga.,nao
33207,"Baile lotado, mas sem ela é vazio.",nao
37132,Ela faz mágica comigo.,nao
37836,Hoje ela joga pros mlk do.,nao
38777,Blunt é bombom uma taça de.,nao
39487,"Meu copo tava pink, joguei cinco e ele ficou muddy.",nao
40867,"Que eu gosto quando quica, quica, quica (ele mesmo, DJ João.",nao
43425,Que ela fosse igual a você...,nao
43988,Por mas que ela dê mole mas respeita a mina.,nao
49291,Deixa as mina louca.,nao
49403,"VG] Pego de lado, ela geme gostoso.",nao
53638,Se hoje ele é branco na poesia.,nao
53929,Toda menina baiana tem.,nao
59624,Por causa de quem eu amo vou deiar minas gerais.,nao
67255,DP Tudo aconteceu quando ela chegou atrasada.,nao
68001,Fala pra ele que ele foi usado.,nao
70041,"Dar uma namorada boa na piscina
.",nao
70831,Olha como ele baba.,nao
72616,"Passei e ela tá pousada

.",nao
75983,"Tu me mostrou que esse ditado, ele tava errado.",nao
77829,E nada vale um abraço se ele for falso.,nao
79636,"Eu beijo ela e ela bem contente, falo que é resumo se surpreende.",nao
80145,"Eu tô sedento, ela sedenta.",nao
80941,"O nosso amor, ele é feito de um fruto proibido

.",nao
84325,Já que ter carro daora pra eles é preciso.,nao
84545,Unha desenhada ela é top de linha.,nao
86349,"Ela quica demais
.",nao
87421,"Vai, ele não gira, capota.",nao
89598,"Senta pra caramba, essa menina escangalha.",nao
92890,Lula foi preso.,nao
93071,"Ela é mulher, não depende da gente.",nao
94190,E no mato ela foi encontrada.,nao
94194,Um sentimento por ela igual nois tem pela nossa favela.,nao
96910,Jesus está comigo pra sempre me levantar.,nao
98296,Pois se ele está comigo podes crer não é à toa.,nao
104027,"Essa história não é minha, mas só que ela é real.",nao
104068,Falei pra ele mano isso não é vida.,nao
104196,Deixa ela ofegante.,nao
105282,"E bem antes da hora ele já estava arrumado
.",nao
109280,"Nois vai raja, bota eles pra volta

.",nao
109326,"Nois vai raja, bota eles pra volta.",nao
114390,"As dama faz gostoso, quer casar e pôr sufoco.",nao
114737,"Serviço garantido, ela achou legal.",nao
115588,"Jesus foi pregado na cruz porque ele confio,.",nao
117935,Que a casa de um homem é um templo.,nao
117981,Que ele mesmo levantara.,nao
119134,Não rima com mãe gentil.,nao
119693,Ao abri-los ela não estará mais presente.,nao
121003,Tende piedade dos homens públicos e em particular dos políticos.,nao
122513,Menina mãe.,nao
122926,"E as mulheres estão ficando loucas, e há legiões delas carpindo.",nao
126081,"Drummond tem escrito ótimos poemas, mas eu larguei o.",nao
129896,"Bem, não vá deixar a sua mãe aflita.",nao
130323,Se o homem foi feito pra voar.,nao
140037,Hoje ela canta sozinha.,nao
148303,Bota o rei congo no congado.,nao
152421,"Mas enquanto ela ficava quietinha lá dentro, que felicidade!",nao
155044,Ele será promovido.,nao
155108,Senhor está quebrado.,nao
156890,Do que ele mesmo criou.,nao
157984,Chora a nossa pátria mãe gentil.,nao
160924,Senhor mandou prender negro.,nao
162471,"Oh, Deus como sou infeliz.",nao
162485,"Oh, Deus como sou infeliz  .",nao
168136,Esperando ele vortar.,nao
169436,"Pra ele próprio depois derrubar, derrubar, derrubar.",nao
169583,"Enquanto ela deu duro, não deram valor.",nao
169651,Enquanto o que eles querem é diferente.,nao
173844,Igual a tia ziata.,nao
178623,"Porque ela já tem um namorado legal, Descolado, tranquilo e astral, Que é até meu amigo...",nao
179591,Se pra ela é champagne e caviar.,nao
182875,"Ao se aninhar nos labirintos do meu coração, Vá que ela fique amuada.",nao
183323,Faz tempo que ele está vazio.,nao
190486,Quem é você pra querer julgar o mundo dizendo que ele é imundo se a sua própria mente você não pode limpar ?,nao
192635,"É Pra que falar, Nem vou pensar, Ela vai var.",nao
192749,"Se essa vida é bonita, ela é feita pra sonhar.",nao
195169,Você só aparece pra me destruir [...] Eu vou beber pra te esquecer...,nao
205771,A mãe passava neocid no piolho do filho.,nao
213635,"Avistar mina mais linda, logo que amanhecer.",nao
214262,Pegava onda e mil garotas afim..,nao
218749,Se ela não fosse casada eu lhe passava uma cantada.,nao
219639,Elídio que ele desce mais gelado.,nao
221760,Paulão tá puto com as rádios vendidas que não tocam seu som.,nao
222173,Elas sabem ser chatas quando querem.,nao
222396,Já tive namorada economista.,nao
223161,Ela tá cheia de vertigens.,nao
223415,E por falar em teses e na pátria amada mãe gentil.,nao
226394,Lanterna tá quebrada.,nao
232870,Ele é meu amigo.,nao
233059,Ela é minha amiga (ela está aqui).,nao
233164,Dentro de min ela segura minha mão.,nao
241854,De que ele não foi capaz de compreender o que ela.,nao
245640,Cristo não é biscoito.,nao
247845,ela tava certa.,nao
248052,Tapa na cara do homem hipócrita....,nao
250860,Sandrinha era caçadora e os ômi a caça.,nao
251137,"Ela está suada, pronta prá se derreter.",nao
252971,Essa mulher completa a minha tara.,nao
260572,Ela é feita pra apanhar!.,nao
260703,Nunca vi rapaz solteiro.,nao
261163,Quis ser reconhecido no futuro.,nao
263854,Porque ele é contigo.,nao
265380,"O Senhor é meu pastor e nada me faltará,.",nao
266117,Pois com ele seguro serás.,nao
268155,"Ando pela rua, vejo uma garota desfilar.",nao
269260,"Ele é o criador da terra, ceu e mar.",nao
271138,Ele está comigo.,nao
274875,Eles estão parados de pé.,nao
274907,Eles para serem eles mesmos e quando por instinto.,nao
278059,porque ele é eterno em te comprometer.,nao
280277,Esse amor que nunca vem.,nao
281462,Ela está pronta e se vestiu pra matar.,nao
285106,Se tinha uma garota que ele fica afim.,nao
290435,Rosa é cor de gay.,nao
297471,Pra puxar o fio da paixão.,nao
298646,Se ela está presente eu vou...,nao
298684,"Se ela está presente eu vou, eu vou.",nao
300169,Ela flutuava lépida.,nao
300585,Todas elas juntas vão dizer: é tarde.,nao
309339,Traz de volta o tempo que ele mesmo levou.,nao
314149,Ele é todinho seu.,nao
318645,Lembro que ele estava inteiro direito.,nao
326032,Companheiros ela vive tão distante.,nao
326396,Se quiser que eles sejam embalado.,nao
326502,O astro rei majestoso nas manhãs mais coloridas.,nao
328785,Tá pra nascer a mulher capaz de me fazer chorar.,nao
328942,Tá pra nascer uma mulher capaz.,nao
330532,Pobre mulher tinha sido obrigada.,nao
331402,Até chegar lumiar.,nao
334001,Serviço de seis peões ele sozinho me fez..,nao
343526,Menina preciso dizer.,nao
351568,Foi ela mesma quem me disse pra eu te procurar.,nao
354541,Na segunda ela muscula pra perder sua barriga.,nao
363434,Maria que ela vai passeá.,nao
363704,Deus mandasse ele mesmo que fosse aleijado.,nao
363890,Depois arrumo uma agulha com barbante e a minha filha rosina te remenda num instante.,nao
364751,gostei de uma mulher foi minha infelicidade aluguei um.,nao
365382,"Que o senhor mesmo matou, ai.",nao
366551,Um homem quando tá apaixonado se arrisca e vai com tudo pra valer.,nao
367279,Quero a morte para ele ser feliz.,nao
367322,Jacozinho já tava impedido.,nao
367805,Na planície do oceano.,nao
368729,Chamando a sua atenção e dos senhores jurados.,nao
368732,Ouçam a voz da consciência julguem senhores jurados.,nao
369039,Eu sou rapaz solteiro atrás não deixo pensão.,nao
369297,Ela é considerada.,nao
369511,Logo ele foi convidado.,nao
370724,Vai até minas gerais.,nao
370732,Chegando em minas gerais.,nao
372680,Tenho certeza que ela está desesperada.,nao
373302,Senhor radialista lhe escrevo esta carta.,nao
373306,"E muito obrigado, senhor radialista.",nao
373341,Enquanto ele vive fraco.,nao
374762,Ele foi acorrentado.,nao
375974,Mas por enquanto deixa ela quieta.,nao
376145,Gumercindo pro revanche logo ele foi convidado.,nao
377566,"Deus tarde, mas não falta, Ele é justo.",nao
377999,Visitei minas gerais que é o berço onde nasci.,nao
378029,Levei ela confiante ao.,nao
379235,Deus oh senhor poderoso eu lhe faço um pedido.,nao
379309,Ela é culpada auê uê uê ê boi.,nao
379652,Com grande esperança ele luta sozinho.,nao
379712,"Deus sabe, minha gente.",nao
380310,Mas se eu pegá esse gato eu vô fazê ele miá em dó maior.,nao
380506,Me disseram que ela foi vista com outro.,nao
380750,A minha filha querida.,nao
384813,Rapaz é difícil demais gostar.,nao
385605,Já descobri que ele é seu ex.,nao
385769,"Ela perde o controle, ela fica animadinha.",nao
386385,Bebe la a cachaça ela é muito boa.,nao
386452,eutão da licença seu moço zumbi por zumbi ja vivi.,nao
386555,Bebe lá a cachaça ela é muito boa.,nao
391134,"sonho com as madrugada,.",nao
392124,"Quando ela quis casar,nao achou nenhum rapaz é desengano da vida,que o tempo leva e ano traz,ficou sozinha no mundo quando morreram seus pais,hoje vive com a saldade que do seu peito nao sai..",nao
393874,Herói foi consagrado.,nao
395887,A partir desse momenteo santo reis é meu protetor.,nao
396203,Ele também sofreu calado ausente do paizinhos seus.,nao
396609,Ele foi aprisionado.,nao
396611,Ele então foi enforcado.,nao
397556,"O Brasil caboclo, ele é vosso e é meu!.",nao
397853,Companherada é hora da partida.,nao
398780,Passa mês e passa ano e a minha vida levo a chorar.,nao
400099,Eu provei que eles tavam enganados.,nao
401994,Com outro ela foi morá.,nao
405953,pego na cintura dela que ela tarraca em mim.,nao
405959,pego na cintura d'ela que ela tarraca em mim!.,nao
406151,Senhora não lastimo mais a sorte.,nao
406923,"Com ele foi interrado,.",nao
409147,só não arrisco mexer com mulher casada.,nao
410715,"Não vem fazer charminho pra me ter,.",nao
412064,"E se ele achar ruim, eu mando ele vir beber (Repete).",nao
418967,E nois ia conversano.,nao
419136,João-de-Barro fez a casa hoje ele é proprietário..,nao
420039,"A viola está chorando, saudade sente também...ela foi a companheira, parceira como ninguém...num soluço de saudade fazendo ponto....",nao
420942,"O rei vai ficar sozinho, e a rainha vai comigo....",nao
421830,Filhos de homem direito.,nao
422859,Com ele vai ser ferido....,nao
423040,"Gavião tava contente de gravatinha vermelha,.",nao
423395,"O menino estava vivo, seu pai disse a soluçar..",nao
425806,ele desapareçeu.,nao
425901,Pois sem ela não consigo ser feliz na minha vida....,nao
427005,Dinheiro e mulher bonita eu sempre andei atrás.,nao
429109,pra ele é café pequeno.,nao
429344,Pra ele não farta amor.,nao
431231,Ela foi cruel ao renunciar meu amor sincero.,nao
434457,Pelos caminhos da vida ela está sempre presente.,nao
434884,Mas se ele for casado também leva na lembrança.,nao
435062,Picasso fosse vivo ia pintar tabuleta.,nao
435689,Presidente não congele beijos de mulher bonita..,nao
438489,Filha menina escolhida por.,nao
440219,O vosso rei saudai.,nao
441909,"Quando ele pulsa, ela sangra vermelha.",nao
442698,Pois o homem é o exercício que faz.,nao
442744,"Ela não quer ser tratada, doutor.",nao
445918,"Tudo que incomoda a eles, eles dizem está errado então quem é o marginal?.",nao
447276,Ela quer ficar sozinha.,nao
447299,E mesmo se gritar ela não pode ser ouvida.,nao
448286,Só espero que ela seja bem guardada....,nao
451361,Não que eu achasse que ela não fosse capaz....,nao
453819,A TELA PLANA NÃO DEIXA ELE PERCEBER.,nao
455703,"O amor, ele mesmo, em carne e osso.",nao
457693,Ela está pronta.,nao
458280,E ele bem alto gritava ao pé do ouvido.,nao
463032,Ele é bigno e.,nao
463208,"O caminho do homem é tão escuro,.",nao
470049,Ela é a mais top ela é musa do morrão.,nao
470137,Hoje ele ta carente.,nao
470356,Senão ela acha ruim.,nao
473408,"-Alô meu povo, é hoje que o chão treme a casa cai, mulher dexo marido, filha mama no pai, só pra segui a turma do chapéu que sabe a onde vai.",nao
474484,Diz que a mulher apronta.,nao
475097,Se ela continuar nervosa não sei se vou aguentar.,nao
475148,"tem alguem que eu adoro, ela é minha ilusão.",nao
475766,SEM ESSA MULHER NADA FAZ SENTIDO.,nao
476225,E ela ficava sozinha.,nao
476767,Aquela que o senhor foi avalista do sampaio.,nao
477169,O moço zequinha amava a priminha.,nao
479197,"Acho que ela nao está boa da cabeça, mas antes que o mal cresca eu vo ter que me virar..",nao
480523,"Mulher sozinha tô na cola, tô na fita.",nao
480939,O amor que sinto por ela é igual polia e correia.,nao
485337,Noel vai trazer muito presente.,nao
491276,As tuas lágrimas ele mesmo recolheu.,nao
491350,Jesus está comigo ele é o meu amigo.,nao
493289,"É de vitória em vitória, sempre confiando, se jesus é comigo, não corro perigo em nenhum momento.",nao
495392,Com a casa cheia de neto e nem uma filha casada.,nao
495659,Por você ela foi desprezada.,nao
496646,Ele ficou tão contente.,nao
497293,Eu quero a tua imagem querida sempre presente.,nao
497453,A comida é do senhor nóis não pode por a mão.,nao
498462,Eles andam prevenido.,nao
498924,Muito dinheiro ele apostô.,nao
502777,Que o moço tava acompanhado.,nao
502790,"O moço tava acompanhado com a irmã dele,.",nao
503832,"Mãe não tem sido fácil eu sei,.",nao
504076,Minha filha inocente.,nao
506751,o coração de um homem fica mudo e chora.,nao
508080,Que além dos três reis magos outro.,nao
512939,Já tive mulher menina.,nao
514598,Prá cumprir sua promessa a moça veio ligeiro.,nao
516368,Que ela não fique maluca.,nao
518718,Mãe purdença inda num cuieu o ai.,nao
519425,Ele bate forte por você.,nao
519673,"Ele vai ser seu amigo, te chamar pra tomar uma.",nao
520996,pra deixar a mulher contente.,nao
525528,"A vida as vezes te machuca, e ela mesma da a cura.",nao
527868,pra ele é um trunfo.,nao
535482,"de amor, delicadeza a ela mesma.",nao
536649,Se nem tudo experimentou.,nao
537090,"Não apresse o rio, ele corre sozinho.",nao
537092,Ele corre sozinho.,nao
541846,Ela é sempre igual.,nao
543886,Sempre te vejo pelo espelho do meu carro.,nao
553233,la vem o homem homem homem.,nao
553243,la vem o homem homem e o que e que ele tem.,nao
553830,O destino ninguem muda ele é perfeito.,nao
558309,deixa qualquer homem louco.,nao
559761,Vou buscar ela ligeiro.,nao
560406,Amor ele é feito de coisas pequenas.,nao
561192,"vez ela judia, Deus do céu que covardia.",nao
561291,O meu amor por essa moça é tão grande.,nao
563620,Ela é comprometida.,nao
563791,Que o que ela fez foi ruim.,nao
567866,A moça tava montada.,nao
568107,"Vancê vai viver contente, nada, nada te aborrece.",nao
568503,Todas quinze ele ganhô.,nao
568736,Essa moça foi dizêno nóis pode fazê o torneio.,nao
569656,"Essa mulher foje muito,.",nao
569679,Elas são tão parecidas.,nao
571603,Casquinha é bom de se tirar.,nao
573834,Outra vez ela judia.,nao
574657,"Sertanejo é bailão,.",nao
576653,E todo homem fica brega por causa de uma mulher.,nao
577314,Ela vai deixando vazio o quarto e o coração.,nao
581423,Só mandou mulher bonita.,nao
585920,"Deus, ela foi capaz de me dizer que gosta de outra pessoa,.",nao
587205,Eu quero futebol e ela quer aeróbica.,nao
587206,Eu tomo uísque e gelo e ela pura vodca.,nao
589195,Só eu sei que os meus olhos.,nao
589239,Pra ela não preciso dar nenhuma explicação.,nao
589354,Se tentar morder o travesseiro vai rasgar ele inteiro você não vai aguentar.,nao
591842,"Se ela for presa, eu também vou em cana.",nao
592446,Só me ver que ela fica animadinha.,nao
592961,Menina estou intrigado este seu noivado já não tem mais fim.,nao
593014,Ela fica louca.,nao
593504,Ele faz careta.,nao
594468,Assim como os três reis magos.,nao
595779,Minas é florido.,nao
598302,O santo nome de mãe é a palavra mais querida.,nao
600209,Eu recebi um convite veio de minas gerais.,nao
600240,Dormindo sobre ele como era bom sonhar.,nao
601236,Que mulher igual a minha.,nao
602124,Ana foi chamada no banco de olhos.,nao
606607,Já me disseram que ela foi vista com outro.,nao
607099,Torcendo pra que ela mesma descubra no meu jeito de olhar.,nao
607102,"Dizer pra ela não é culpa minha, mas é minha solidão..",nao
610324,Foi levado pro deserto aonde ele foi tentado.,nao
611211,Faz homem grande chorar.,nao
611348,"Ela gasta muito pouco, ela é coisa de louco.",nao
612533,compraria um carrão e ela ficaria afim..,nao
612572,compraria um carrão e ela ficaria afim.,nao
614555,"Ele larga tudo, esquece da farra, para de beber.",nao
616910,As coisas que eles fazem parecem muito frias.,nao
620360,Jesus ainda amava o prefeito mesmo ele sendo um ateu.,nao
620625,"E Adão até foi expulso, pois.",nao
621173,"Eu ví o futuro, baby, ele é passado.",nao
621658,"Eu pulei fora, eu juro senhor juiz.",nao
624186,"O nosso ódio, ele é reciproco.",nao
625551,Ela é carne para uma rainha.,nao
626499,"Nadando com graça, fugindo da caça dos homens humanos.",nao
627293,é ele mesmo e eu esqueço.,nao
628925,Mas o que pra eles é defeito.,nao
637697,Ela ficou triste quando eu a deixei.,nao
642672,"Julgamento popular, ele não é merecedor.",nao
644767,No véu da cambraia ela deixa louco.,nao
648628,"Pega o gato com jeito que ele azunha,.",nao
650570,Mas lendo atingi o bom senso.,nao
651322,Se eu fosse um homem branco.,nao
651582,O jeito que você olha pra ela é uma mentira.,nao
652768,Menina sou dependente do seu beijo.,nao
654407,Pois se ela for mesmo embora.,nao
654523,"Alô, alô, alô, mulher loira ou morena.",nao
655048,"Se a mulher bobeia,vem um cara e passa a mão.",nao
659089,A mãe vem pedir constante oração.,nao
659099,Senhora tranquilos deixou.,nao
660603,Não sei se ela está sozinha..,nao
665099,Faraó foi destruído.,nao
666566,"Ele está contigo, Vai.",nao
666570,Ele está contigo é só buscar!.,nao
673844,Com ela agora é só garrafinha d'água.,nao
675667,Com os teus braços de mãe protegei nossas crianças.,nao
676360,Fale da mãe iemanjá.,nao
677330,E se amasse ele não estaria deitada.,nao
678387,Se me entreguei a ti.,nao
683953,Ali ele foi transformado numa estátua e chicote na mão.,nao
685279,E o amarguinho que ele tem é inofensivo.,nao
687368,Vem com ele duetar.,nao
687578,Com ele distante a dor me consome.,nao
690310,Em pedro leopoldo em minas gerais.,nao
694953,"É melhor eu ser assim, embora sendo um homem triste.",nao
695252,E com ela preciso encontrar..,nao
696997,Daqui a pouco eu visto a roupa e vou embora.,nao
704133,Com a agência ele deixou acertado.,nao
706497,"Ela foi enganada, ela quer da o troco, ela foi traída.",nao
708120,Ela também foi traída.,nao
710924,E do rei faquir.,nao
720303,Tudo pra ela é comum.,nao
720304,Tudo com ela é viável.,nao
722889,Ilumina a mina escura e funda o trem da minha vida.2x.,nao
723601,Creda e audiemedes trazer seus cavalos e da rainha do poli os bois do rei giriao outro gigante para enfrentar e para cômodo do jardim de pering matar a serda o cão do mau os doze trabalhos de.,nao
729083,Só por elas mais forte que paixão.,nao
732456,metade ela era companheira.,nao
733600,"e toda paixão recomeça, ela eh bonita, é demais.",nao
735722,Que é que tem nessa cabeça saiba que ela não pode irmão.,nao
742415,Se eu tivesse outra ela achava bom.,nao
744472,Jesus foi traído com um beijo.,nao
747778,Ele paga caro.,nao
760332,E ela ativa o modo safadagem.,nao
767716,A senhor só dar bom dia.,nao
769347,vou seguir a sonhar.,nao
774589,E esse andar de moça prosa morena.,nao
776258,Ela não tá disponível.,nao
779579,"Pra cumprir sua promessa, a moça veio ligeiro.",nao
781338,Ela segura e ele pega no tranco.,nao
783531,"Perdão, mas como ela é sua amiga?.",nao
788844,Ela chegou correndo demais imprudente bateu e arrebentou meu.,nao
798066,Garota chega aqui mais pertinho.,nao
802548,Quando a gente ama de verdade o coração não muda.,nao
804097,Ela rebola é sensacional.,nao
804098,Se trombar com ela é perca total.,nao
804108,"Traz chandon, deixa ela suave.",nao
811039,Ele é dono de tv.,nao
814241,"Patrão, o senhor desculpe.",nao
814386,Você se acostumou com esses meninos frouxos..,nao
818131,Deus ó senhor poderoso eu lhe faço um pedido.,nao
818156,traz ela denovo pra mim.,nao
824432,"Como um grito profano, profundo;.",nao
828118,"mas ela logo despis - ta,.",nao
830552,"""Dos filhos deste solo és mãe gentil pátri amada.",nao
833194,Se ela usa preto e ouve rock roll.,nao
833584,nós cuidamos da ideia ou ela é só ideia?.,nao
839279,O fato é que ela está muito abatida.,nao
844019,Ele não é dado pra ciúme.,nao
845674,Há muito tempo ela andava distante.,nao
848008,Ele não é mais abrigo de amores perdidos.,nao
851195,"A minha voz não soa à toa, ela é tão boa.",nao
852382,"De um modo desajeitado, chamando ela prum lado.",nao
852539,"que o pai do menino te manda matá "".",nao
853666,Ela não quer ser tratada - Doutor.,nao
854592,"""Bem, não vá deixar a sua mãe aflita.",nao
862313,Que ele é um pote até aqui de mágoa.,nao
864956,"Abraão serei coberto,.",nao
864963,"Noé serei guardado,.",nao
865817,Padim era maior que o seu.,nao
875789,"família,desprezo,rapaz ruim.",nao
879252,Toda mulher quer ser feliz.,nao
880863,Venus foi roubado.,nao
883816,a lei do homem branco continua.,nao
901815,Êta mina safadinha.,nao
901987,Ela tá pronta pra curtir.,nao
902785,Si o senhor não está lembrado.,nao
909394,"Amores pretos, novos, velhos, não são fáceis, eles são difíceis.",nao
910037,A mãe se senta na areia esperando ele vortar.,nao
910958,De rei tão cruel!.,nao
914506,Ele já foi um transporte do sertão para a cidade.,nao
914970,Ela fica enfezada pega tudo e arrebenta.,nao
915742,"Amei, lutei para ter vitória e ela mesma me derrotou.",nao
917739,Ele ficou tão contente por ter aquele netinho.,nao
917871,"Aonde o homem é livre, prepara a terra e semeia.",nao
918114,E o coração de outro homem foi eleito.,nao
918134,Adão foi despedido.,nao
918804,Maria fui criada num convento.,nao
921747,Mãe menininha tá do jeito que eu queria.,nao
923912,E o que você fez a ele está muito certo.,nao
924215,No meu ombro ela foi carregada..,nao
925617,"Mandou ela prum colégio, pra ficar longe de mim –.",nao
925749,Que ela não chores por mim.,nao
926048,Acariciando o menino pertinho dela deitou.,nao
927959,Esta roupinha que com ela estou vestido.,nao
928430,Entre eles está o nortista nadando em dinheiro.,nao
928776,Senhor onipotente.,nao
931283,"(falado) Ê, negócio de homem não é comigo, não, gente!.",nao
932083,Bento hoje é religioso.,nao
932170,Quando nóis chama por ele é certo que tá presente.,nao
932226,"É anssim, senhor delegado, que na igreja eu fui rezá.",nao
933140,Eu disse a ele contente senhor tem muitos clientes.,nao
936619,Meu mundo sem ela também é vazio.,nao
938758,Que um cão pela lealdade de tudo ele é capaz.,nao
939237,E todas elas preciso provar.,nao
941416,Com ele foi enterrado a sua viola de pinho.,nao
948115,"Leo , bara bere, deixa ela mexer, por isso que ela é top bola.",nao
960146,Com ferro ele foi ferido.,nao
960176,E o doutor disse pra ele muito triste.,nao
962517,Te pedimos que abençoe o estado de minas gerias.,nao
963501,Ele luta sozinho.,nao
964097,"(“- Pai, o homem vortô.",nao
964270,Fala aqui com a minha mão.,nao
965517,Viveu no ventre de sua mãe igual.,nao
965568,Pra esquentar uma briguinha será muito divertido.,nao
965596,Navegando ele consegue esquecer tamanha dor.,nao
965743,Disse o rei divino.,nao
966971,Que ela nunca foi prioridade.,nao
969068,brigava e matava com ele não tinha bom.,nao
969205,A sua mãe está doente ela vai morrer a qualquer hora.,nao
969457,Tenha dó senhor juiz eu quero me divorciar.,nao
970017,- pois é senhor cascavel!,nao
971233,Quando ele sai contigo.,nao
973283,Com ela vou viver feliz.,nao
974186,Na madrugada é perigoso uma mulher sozinha.,nao
978705,Minha madrasta bem vinda.,nao
981662,Ela quer tubaína.,nao
990140,eles deus.,nao
994716,Ele disse bem baixinho.,nao
994935,"Eu deus, tu deus, ele deus, nós deus, vós deus, ..., eles deus.",nao
997925,Por ela vivo aos trancos e barrancos.,nao
1002475,"mina d'água, azul, poesia.",nao
1002923,Cabral foi navegante da.,nao
1007213,Meninas iguais.,nao
1008705,Mas prá eles é careta.,nao
1009151,"Minha vida toda, ela inteira,.",nao
1009604,Mamãe aqui tá mais escuro.,nao
1009691,Vem cá mulher dexa de manha.,nao
1010615,Ele é o dia da vida.,nao
1011196,Um rei zulu?.,nao
1013929,E girar ele mais rápido.,nao
1014754,E que nunca mais eu vou abrir.,nao
1026316,No sofá que por ele não foi feito.,nao
1028864,Que eles ficam melhores.,nao
1031967,Mas ele está melhor.,nao
1033407,Percebi que o lencinho da moça estava molhado.,nao
1034471,Brazil és diferente.,nao
1035176,Elas tecem longos bordados.,nao
1035371,Será que ela não fica afoita pra dançar na chama da batalha?.,nao
1041905,E ele fica tonto.,nao
1051162,Finalmente entendam porque eles ficam tão furiosos.,nao
1059932,A noite é princesa caída por mim.,nao
1061353,Uma garota tão perdida.,nao
1061484,Pra não esquecer - sua oferta ela boa.,nao
1066478,Menina é muito triste dizer.,nao
1067287,Ela gira.,nao
1067735,Por que o jogo ele é duro e vale um campeonato.,nao
1079671,Ele não foi reconhecido.,nao
1084426,com ele era dividido.,nao
1086499,E pra ele sarar urgente vai ter que amar de novo.,nao
1087402,Minha menina e o rapaz faceiro ouve esse som sem.,nao
1088541,ELA SAIU SEM DIZER NADA.,nao
1088552,SE ELA NÃO APARECER.,nao
1091998,a moça veio ligeiro.,nao
1092944,torcendo pra que ela mesma descubra no meu jeito de olhar.,nao
1092947,"dizer pra ela não é culpa minha, mas é minha solidão.",nao
1097619,"Eu entrei numa roubada, ela tava melhorzinha quando eu peguei.",nao
1101811,Ele está aqui comigo.,nao
1102640,"Tente escutar o vento, ele traz bem lento, este canto meu.",nao
1107191,Que homem assim não é bom pra mulher..,nao
1111529,só que ela foi capaz do nosso rancho abandonar.,nao
1111961,"A mulher que engravidasse, se não fosse ela casada,.",nao
1117429,Se passo a noite no jogo ela não acha ruim.,nao
1126571,Você quer ver ele contente ?.,nao
1127177,A inconfidência de minas gerais..,nao
1127235,"Empreste a tua namorada tetéo,.",nao
1130508,E se ele não vem ligeiro / Nem cinzas vai.,nao
1131512,e ve que ele mesmo era.,nao
1135725,"É juntinho que ele fica bom,.",nao
1136275,Ele estar nu..,nao
1137784,Ela é a menina dos olhos de.,nao
1138639,"Homem comigo não vai,.",nao
1146348,A tecnologia trás a musa ideal.,nao
1147653,Coitado do rapaz foi perseguido.,nao
1149469,Inverno pra ela é pleno verão..,nao
1155763,e lá vai menino lambendo podre delícia.,nao
1161422,Para moças flores janelas e quintais.,nao
1167625,Ele buscando-a sem tino.,nao
1167636,E vê que ele mesmo era.,nao
1173594,O rei foi coroado.,nao
1191490,muito menos homem ideal.,nao
1198686,Perdão a namorada é uma coisa normal.,nao
1202511,"Ele não sabe ser melhor, viu?.",nao
1212551,Ela anda sozinha encharcando seus pés.,nao
1213551,Eu dou um cutuco e ela rola gostoso.,nao
1218013,Eles darão novas respostas.,nao
1225816,ela está pronta pra recomeçar.,nao
1231864,Que eu quero contar.,nao
1232252,Garoto fique esperto.,nao
1233221,Gentileza é importante e também faz parte.,nao
1242112,Tá fazendo muitos anos que ela foi falecida.,nao
1242212,Tudo quanto não prestava por ele era fim dado.,nao
1244296,"ELES TÃO POR BAIXO E NÓS ""TÁ"" POR CIMA.",nao
1247189,Nossos sonhos pois eles estão escondidos lá.,nao
1249691,Mais se ela voltasse ia ser diferente.,nao
1253869,E ela ainda estava acordada.,nao
1254797,Adão não foi avisado.,nao
1255140,Larai quer dizer homem direito.,nao
1256177,Por isso ele foi traído.,nao
1256644,Talves seja melhor assim.,nao
1257783,No batido do pagode balançei minas gerais.,nao
1258239,Meu nome ele fala bem canoeira do.,nao
1260245,"Açúcar quero saber ele certo,.",nao
1260309,Pureza era pura como o próprio nome.,nao
1260477,Aquele moço estava sendo castigado.,nao
1261094,Estou esperando uma boca de encontrar ela sozinha.,nao
1263111,E se ela for mesmo embora.,nao
1263113,Viola estou muito triste.,nao
1263579,Nas novenas pra chover ele ia meio na marra.,nao
1263770,Voltei pra minas gerais.,nao
1264225,de um certo tempo pra cá ela tá desconfiada.,nao
1264472,E o senhor pode morrer bem sossegado.,nao
1266508,"Quem fere a ferro, com ele vai ser ferido.",nao
1266707,É neste ponto senhor juiz.,nao
1266718,Julguem senhores jurados.,nao
1268016,Vestido da mãe é verde.,nao
1268796,Dou meu comprimento a ela não dá bom dia pra mim.,nao
1280508,ela é vidrada em televisão.,nao
1286028,Desço um pouco de uísque pra elas liberar geral.,nao
1289004,CORAÇÃO TA PREPARADO ESPERANDO ELA CHEGAR.,nao
1291884,O assunto é que homem não consegue ser fiel.,nao
1295395,E Se o sonho do menino hoje é ser jogador.,nao
1298914,Fiquei sabendo que você tá de namorado novo.,nao
1298968,E quando eu pego uma menina é papapa.,nao
1302248,Ela tá colecionando bobo.,nao
1303010,Quis ser dono do teu pensamento.,nao
1305677,Hoje é fazer ela feliz.,nao
1307674,Enquanto ele dá presente.,nao
1309174,Mulheres iguais à elas no mundo.,nao
1309769,Pra o corcel dois ela passou obrigada.,nao
1311729,Eles desconhecem tão grande paixão.,nao
1312037,Com ela vivo sonhando.,nao
1312469,O homem é preciso ter reservas de energia.,nao
1314995,E o homem fica preso já ta de papel passado.,nao
1316640,Em meu ombro ela foi carregada.,nao
1318080,Se ele ainda bate forte e diz que não passou.,nao
1322776,Solidao é dor que vem pra machucar.,nao
1324020,Ele veio sozinho.,nao
1324737,Se ela for cheirosa eu não posso resistir.,nao
1324887,Machuca como é grande a dor.,nao
1327840,Só eu e ela sozinhos no carro.,nao
1329108,Um dia desse ela chegou cheia de prosa.,nao
1329257,Isto ele mesmo afirmava.,nao
1330843,Dourado é um peixe que pula quando ele é bem fisgado.,nao
1332715,Ele foi consciente é pra enxergar.,nao
1333800,ela quica ela quica ela quica assim.,nao
1336962,"Na madrugada, Na favela, Mamada se desentoca, De vestido pequenininho, À procura de piroca, Os amigos 'tão' cheio de ódio, Cansado de trocar tiro, Elas são a solução e.",nao
1337230,ela contagiou geral.,nao
1338066,O namorado é meeeeeeu.,nao
1340159,============ Refrão ==============.,nao
1340976,mas ela pressente que ele não existe.,nao
1342115,"Ui, ui, ela quica.",nao
1342600,"Para o senhor estar comigo,.",nao
1343357,"a fiel fala ele é meu,.",nao
1344501,"Seu menino lindo, seu menino lindo.",nao
1345594,",entenda de uma vez ela é a mulher que tu quis.",nao
1345810,E como é que eles fika mano ?.,nao
1346401,Mano aqui não assa tá ligado é desse jeito.,nao
1349275,Do meu lado me fazendo o homem mais feliz.,nao
1351317,Senhor é digno de toda honra.,nao
1357091,"E sim, ele estava tão feliz....",nao
1361945,Bueller está solto.,nao
1362834,Que é todas elas juntas num só ser.,nao
1367726,Dormia a nossa pátria mãe tão distraída.,nao
1368349,Zumbi foi eleito.,nao
1371745,Se os homens não aram desertos;.,nao
1375633,Tanto faz se o rei pirateou.,nao
1379799,Bebete vamos simbora!.,nao
1381695,Jorge sou dragão.,nao
1382826,"Pra que se preocupar, Jesus está presente.",nao
1382860,"Ele foi humilhado, pisoteado, tudo por nós.",nao
1392231,O meu corpo ele tocô.,nao
1392280,Belinho ta lotado.,nao
1392425,Senhor limpa o seu coração.,nao
1394033,Senhor preciso tanto entregar o meu coração.,nao
1396290,Orejebola.,nao
1400674,E eu só quero elas nuas quando isso acabar yah.,nao
1402168,pela filosofia de platão é fácil conquistar alguém.,nao
1415059,Tá na orelha da minha mulher direto.,nao
1418262,Toda a banda agora ta tocando um batidão.,nao
1418997,E se ele perceber vai dar ruim.,nao
1422014,O senhor está comigo.,nao
1423857,Torcendo pra que ela mesma descubra no meu jeito de.,nao
1425035,O meu sonho de menino era ser um peão.,nao
1433300,Ele não vai fazer feio.,nao
1434435,"Uns acham o cacete lindo, outros acham ele feio,.",nao
1440488,Sai fora garota não vivo de ilusão.,nao
1444486,Se os trem que ele faz é bão.,nao
1449898,"AÍ ELE QUIS LOGO BRIGA , TU TINHA QUE TÁ LÁ PRA VER , USEI DE CARA CAPOEIRA ,DEPOIS DEI UM CATERETÊ , MANDEI-LHE UM VATAPÁ NA CARA E UM ACARAJÉ PRA REBATER , ENTÃO ELE CORREU PRO MATO.",nao
1457365,Ela não larga mais.,nao
1457419,Minha mina é feia mas não tem problema.,nao
1457925,Joana é preciso compreender.,nao
1461922,Mademoiselle és capaz de me fazer sorrir.,nao
1462031,"Meia-noite ela jura eterno amor,.",nao
1465123,Tem homem muito velhaco.,nao
1470531,"Ela não adimite, diz que eu to mentindo.",nao
1470534,Ela ta enganada....,nao
1473332,Vou levar ela prum motel mais caro da cidade.,nao
1478256,Ela estava acompanhada.,nao
1484325,ela estava acompanhada com um cara que eu nunca vi.,nao
1484362,(R) Como eu ia saber se ele era irmão?.,nao
1487703,"Senhora menina, menina senhora me descontrolou.",nao
1496859,Essa mulher é minha ê ê.,nao
1499990,"Do cheiro do cravo, da rosa da moça formosa e de mais.",nao
1505691,Vou lhe dar pudim gelatina chinesa o colo do rei momo pra ele sentar.,nao
1506897,"Ele fica meio tímido, confundi a amizade..",nao
1507654,ela é a namorada do meu melhor amigo..,nao
1512864,"Sandreco ela só foi legal com você, ela tá.",nao
1519422,"Pitbull é picanha, rotweiller é filé.",nao
1522429,"Todo povo ele iludi fria, não se toca, não renuncia.",nao
1530145,Fica com ela não acho certo.,nao
1531799,Dia e noite noite e dia eu e ela pura harmonia !.,nao
1535481,Quis ser diferente só que não rolou.,nao
1539111,Nosso sangue é derramado pra eles é só ibope to.,nao
1539548,"Nosso sangue é derramado, pra eles é só ibope,.",nao
1543161,Jesus sou conduzido.,nao
1544048,Minha cama é king-box ela não é muito pequena o bagulho é louco mais a brincadeira.,nao
1544539,"Mina fiquei intrigado, e não desvendei a trama.",nao
1545499,Ele foi preso de cabeça baixa.,nao
1545536,Deus usando mais um homem mano eu vou te falar.,nao
1547205,"Eoeoeoeoeoeoeoeo não estou iskulachano as muié, maismaismais.",nao
1550405,desce ela sobe geral passa mal.,nao
1551227,De nossa senhora iemanjá.,nao
1552417,Sonhei que a mulher gato me arranhava a todo instante.,nao
1553722,"Se a banca tá formada, ela nunca tá sozinha (x2).",nao
1554720,"Tem jogo do meu time ele vai ser campeão,.",nao
1557033,"Ela senta, ela quica, não pode parar.",nao
1557114,"Ela dança, ela quica, não pode parar.",nao
1558955,Ela mesma se cuida.,nao
1560523,Mas ele certo fingia que não notava.,nao
1563299,Ela desce gostoso.,nao
1563543,Atualidade das princesas diferente da.,nao
1566657,Eu não posso mais sair na rua que ele fica cheio de.,nao
1574527,Se oferece a olho a boca à mão.,nao
1575505,"etá, etá tá rá tá tá.",nao
1575815,ELA VEM TODA DE BRANCO.,nao
1577909,E se ele não vem ligeiro.,nao
1578618,Mãe falou ruim pra diabo.,nao
1578873,Ele mesmo matou.,nao
1582999,ele não está sozinho não.,nao
1585521,Sei que o senhor é pago pra suspeitar.,nao
1587905,Tomara que o amor te estrague.,nao
1594440,"Não tenha medo, meu menino povo.",nao
1598641,Dorival vai can-tar.,nao
1599481,Corpo eterno e nobre de um rei nagô.,nao
1602665,Coisa pra ele bonita e comum.,nao
1605314,é bem maior do que poemas.,nao
1606172,Aruera é pau pesado.,nao
1606734,Tem pilares sólidos..,nao
1610950,"Tenha paciência, Deus está contigo.",nao
1610971,E quando a mulher desequilibra.,nao
1610982,Quando a mulher desequilibra.,nao
1612126,"Labutar é preciso, ô mãe.",nao
1612138,Labutar é preciso.,nao
1616048,e as revistas de mulheres nuas.,nao
1618690,Mas eles mesmos não fazem por onde.,nao
1619272,Mãe preciso te dizer.,nao
1619413,"Pode crê, Batuque é dom!.",nao
1619684,Pra ele ficar inteirinho.,nao
1621052,Quem quiser mapa da mina descambe pra.,nao
1622930,Perdão foi feito pra gente pedir.,nao
1627165,Do sol o pôr que ele mesmo quis.,nao
1627166,Pôr que ele mesmo matou.,nao
1627565,Mas ele derruba tudo o que ele mesmo constrói.,nao
1627818,Ela só pode estar afim.,nao
1633738,"Mas, dizem que eles disseram bem melhor.",nao
1638994,Convences as mulheres convences.,nao
1644706,Que elas mesmas escolheram.,nao
1645813,De manhã ela mesma traz o lanche.,nao
1658164,E ele neco de se apaixonar.,nao
1662355,De manha eu durmo e ela limpa a casa correndo.,nao
1663372,E Inês é morta sem cor.,nao
1663843,Que ela é aquela menina.,nao
1664479,[Clarice é interrompida].,nao
1666997,Eles estão despreocupados.,nao
1669336,"""Ele é um homem e entende tudo""....",nao
1670030,Ela já esteve nua.,nao
1671571,Você nem imagina do que ele é capaz.,nao
1671918,"E da porta ele gritou orgulhoso,.",nao
1672569,"E Adão até foi expulso, pois quis desobedecer.",nao
1672841,Com os reis magos que ela mesma fez.,nao
1676305,E com uma bala na barriga ele foi trancafiado.,nao
1677852,"Que ele é feito, que ele é feito para se machucar.",nao
1681016,Ela estava debruçada sobre a mesa de sinuca.,nao
1700517,Perdão foi feito pra se pedir.,nao
1704105,Só ela mesma.,nao
1706600,Que é sempre o marido quando vem sendo traído.,nao
1711852,Depois o seriado de um homem biônico.,nao
1712023,E por um momento deixou a filha sozinha.,nao
1712676,"Ser filho, ser filha não é brincadeira.",nao
1712790,é sua mãe e ele mesmo não sabe.,nao
1713711,que por ela também estava apaixonado.,nao
1716472,A senhora é responsável por um sucesso aparente.,nao
1717496,hoje ela volta quase louca de desejo.,nao
1719729,Carnavá é amor carnavá é calor.,nao
1721003,vem com ele duetar.,nao
1721215,Já é madrugada e ela está cansada.,nao
1727438,"Ela é manequim, já fez desfiles em.",nao
1728253,Menina vem aqui ligeiro.,nao
1732713,Mulher carinhosa a gente faz o que ela quer.,nao
1735010,"Sobe na mesa quando ela fica louca,.",nao
1736565,Ele andava tristonho.,nao
1737474,Senhor é impossível andar.,nao
1738037,Ele pode estar certo que sem bênçãos.,nao
1739333,Ela não merecia tamanha ingratidão.,nao
1743477,"Eu fico ruim, ela acha ruim.",nao
1744764,O meu pai com uma mulher diferente.,nao
1746139,A ponte móvel ele atento manejava.,nao
1746424,"A alma do homem redimi, o amor não oprime.",nao
1747305,"Nascimento, esse bandido me detesta, se eu não sou mulher honesta, ele ofendia o meu pudor"".",nao
1748563,Não é porque ele é meu pai.,nao
1749262,Mesmo que você não volte eu vou te esperar.,nao
1750076,Tá de namorado novo.,nao
1752783,"Ele está o lobo não passa, e no seu rediu não pode chegar.",nao
1753372,Ele está pronto para festejar de novo.,nao
1753985,Pra ele é o fim; mas a tua história.,nao
1753996,Pra ele é o fim mas a tua história.,nao
1757603,Menino mata gigante.,nao
1758257,E você por ele vai ser coroado.,nao
1759033,Vai cartinha querida guiada pela minha dor.,nao
1760853,Ai nois vai dormir tranqüilo pra no outro dia nois.,nao
1762499,Ele está pronto pra lutar contigo.,nao
1764687,ENQUANTO ELES BEBEM.,nao
1773680,Ela é filha de.,nao
1778350,Menino é bom ficar de olho aí.,nao
1781713,Segure a menina rapaz.,nao
1783779,Nóis tem que quebrar eles diferente.,nao
1786117,E sofre também.,nao
1795551,"Traga flores também, para minha mãe iemanjá.",nao
1798773,"Ti avisei, com ele nunca vai ser igual.",nao
1799215,A idéia do rei foi genial.,nao
1802789,"Atenção, senhoras senhores, vamos rir até o fim da viagem.",nao
1803476,Pela padroeira ela foi bem contemplada.,nao
1803511,"Ela ficou zangada, me fez “mal-criação”.",nao
1813919,É bom a gente deixar ele quieto.,nao
1824259,Garota bela o que eu quero.,nao
1831293,"O nosso caso ele é complicado, é difícil de entender.",nao
1831750,Eu gaguejando e ela cheia de razão.,nao
1839010,"Não a vez pra razão, Amar é msm assim.",nao
1839867,"Se ele é um sentimento que está dentro do meu peito,.",nao
1847580,Fica com ela não acho certo .,nao
1847971,Uma mina diferente todo dia vem me ver.,nao
1851544,Que essa menina boa.,nao
1853821,"Já tem mar, já tem mar, minas gerais já tem mar.",nao
1853822,"Já tem mar, já tem mar, minas graias já tem mar, já tem mar.",nao
1853823,"Já tem mar, minas gerais já tem mar, já tem mar.",nao
1854847,Que ela tá é afim de mim.,nao
1855235,Ela tá loca tche e não para de dança.,nao
1855630,Quando elas bebem ficam igual a shakira..,nao
1858846,Pego outro e ele rala rala rala rala.,nao
1861340,A vingança como ela é gelada.,nao
1861429,Caia na gandaia e deixava ela sozinha.,nao
1861721,brasil o som de minas gerais.,nao
1861779,"Se ela quer um carro, ela mesma compra!.",nao
1862146,O NOSSO SOM DEIXE ELE ENTRA.,nao
1862948,Mas se mexer com nois vai segura as ponta.,nao
1863334,"Mais um louco, diretamente de maria da fé, minas gerais.",nao
1863921,"E a justiça do homem falha, mas de.",nao
1864977,Toda vez que eu passo ela joga piada.,nao
1866820,Pow é difícil confiar em alguém nessa vida.,nao
1868254,"Vai mulher mulher , mulher ,.",nao
1869795,Encotrei o dj bala ele aperto na purehemp.,nao
1872390,Pra ver minha mãe bem contente.,nao
1873293,"oh mãe fica tranquila , o meu irmão vai voltar.",nao
1874909,"Nem ouro nem a prata, faz o homem mais feliz.",nao
1876382,Porque todas minas preciso agradar.,nao
1878655,Jesus está contigo tem que ter fé em.,nao
1878661,"Meire, Osmir, Erica, Deus está conosco.",nao
1878745,Jesus tá comigo.,nao
1879203,essa mina alucina.,nao
1881730,Caô é forte o.,nao
1882497,Eu tô rindo a toa e ela tá estressada.,nao
1882548,"Dei um pente gostoso, ela ficou apaixonada e falou pra todo mundo.",nao
1883000,"O nosso amor, ele é eterno.",nao
1884872,Ela quica machuca e não para.,nao
1885768,Baba ele todin pra ficar escorregadin.,nao
1886842,"Não vai ser de brincadeira, ele vai ser campeão.",nao
1888493,Ela é a mulher dos meus.,nao
1888762,E o senhor é meu pastor e nada me faltará.,nao
1889020,Mano é tiro pra caralho..,nao
1889110,Deus duvida do que ela é capaz.,nao
1889593,oh senhor tu me responda o que está acontecendo.,nao
1889979,"Amor de mãe é materno,.",nao
1890241,Que ela fica louca.,nao
1890705,E o lema do menino é assim respeito pra ser respeitado.,nao
1891246,De menino não foi conselho.,nao
1894169,Ela mexe gostoso te faz delirar.,nao
1895334,Quero ver a mãe tranquila sabendo que o filho frita.,nao
1896606,"E no clássico feroz da cidade,.",nao
1897576,Casa de mãe é bom.,nao
1905201,No dia em que eu vim de casa.,nao
1909623,Que é só você todas elas juntas num só ser.,nao
1909654,"Feito pra você, que é todas elas juntas num só ser.",nao
1910070,Ela o confiou a uma mulher negra.,nao
1911081,Que é pro menino fraquejar.,nao
1912923,Foge asa branca.,nao
1913215,Quem foi que disse que os homens nascem iguais?.,nao
1921644,"Não é por isso que ela não possa estar feliz, sorrindo e cantando.",nao
1922130,"A morte que nos toma a mãe insubstituível de repente dela, já nem me lembro.",nao
1924023,Sejam eles morais físicos ou psicológicos.,nao
1926736,Mas ainda existem certos homens incertos.,nao
1929878,Ou se eu menino fosse mais amado.,nao
1931033,Minha minas gerais.,nao
1932521,"sobre as vidas alheias, ou como elas são feias,.",nao
1935005,Onde o moço rio afunda nos olhos da moça.,nao
1935376,No coração de uma mulher |refrão.,nao
1940515,Nenem que a mãe não mais aleita.,nao
1941463,"Coco é sincopado, eu vou sincopar.",nao
1945473,Se prepare querida pruma revolução.,nao
1945985,Insípido é inacreditável seu descaso.,nao
1947653,Nossas belas bagatelas.,nao
1948145,Davi também foi desacreditado.,nao
1948780,"O senhor tá ligado,.",nao
1954152,Sabath é trabalho hip hop de rastaman.,nao
1955573,Olho pro mar ele fica revolto.,nao
1958968,Mais garoto primeiro você tem que saber jogar o meu jogo.,nao
1961452,Pros lados da serra de minas gerais.,nao
1970067,"Minas gerais tem queijo, goiabada e tem muito mais.",nao
1970068,"Minas gerais é terra da alegria, é terra da paz!.",nao
1970069,"Minas gerais tem sanfona, viola e tem muito mais.",nao
1971942,"Ô moçada, vai rasgando que.",nao
1973892,"Pega na viola pra cantar sua poesia, quando fora a brisa fria, vem com ele duetar.",nao
1978063,Deus é o dono da palavra ele é dono do louvor.,nao
1982521,Feitiço não é pecado.,nao
1983133,Quis ser feliz.,nao
1987272,É que ele ainda estava calado.,nao
1987693,Do senhor é é o mundo e os quele habitam.,nao
1987697,Separei a terra seca para homem abitar.,nao
1987782,"Ele é capaz de tudo, ele para o mundo.",nao
1988173,O senhor é contigo pra ti defender.,nao
1988691,"Para cumprir sua promessa, a moça veio ligeiro.",nao
1990600,"E toda noite, na pista, ela mexe gostosa.",nao
1993869,Ela é dona do meu coração.,nao
1998343,"Deus, Ele está sempre comigo.",nao
2006565,Bota o sertanejo sem vergonha que ela acha bom.,nao
2020277,Aquela menina era felicidade que eu tanto esperei.,nao
2027399,De um certo tempo pra ela ta desconfiada.,nao
2027587,Imagino eu e ela sozinhos....,nao
2029440,Mas quando a mulher chega pertinho.,nao
2030779,Ela tá quente e eu já tô fervendo..,nao
2035278,Que ao lado de outro homem tá feliz demais.,nao
2037016,Se toca uns modão é tapa na mesa.,nao
2042416,"Menina interior seu jeito leve, cura.",nao
2043461,Se ela não vier é grande a minha dor.,nao
2045725,"Sabe, ela é uma pessoa que eu convivo bem.",nao
2047291,Ela quica ela rebola quando toca o tamborzão.,nao
2048738,Mas por sorte ela mesma me atendeu.,nao
2049518,SE ELE ENCHUGA O PRANTO EU LHE TIRO A DOR.,nao
2049906,Ela é comprometida não consigo controlar.,nao
2049908,Mulher mulher.,nao
2053432,Foi ele amigo baião.,nao
2055529,O progresso do homem é tão sublime.,nao
2056355,São palavras que eu quero te fazer provar.,nao
2057735,Flu foi campeão.,nao
2060713,Pra que ele não venda biscoito no trem..,nao
2063242,Mendes tá preocupado.,nao
2064195,Será que ela ainda está muito zangada comigo.,nao
2065902,Sem ela muito pior.,nao
2068212,Esse misturado ele é muito quente.,nao
2068794,"De menino criança, homem feito já morrendo.",nao
2069168,Jesus só queria ser preto também.,nao
2070460,Tão triste terminar.,nao
2072513,Ele vai confiante em direção ao topo do mastro.,nao
2073385,Ele vem feliz pois ele vem voltando.,nao
2079050,Cheinho de mulher é bem melhor.,nao
2083059,se ela é convertida em terra..,nao
2083244,Mas ela é gostosa.,nao
2087916,Que ele mesmo quis.,nao
2090069,esquece assim nosso amor não tem mais jeito ele quase perfeito é.,nao
2090232,Ô menina segura a saia não deixa a saia voar.,nao
2090242,ô menina segura a saia não deixa a saia voar.,nao
2094045,E depois que o menino nascer.,nao
2096915,"O Tonho já tá liberado, e foi morar no cabaré..",nao
2097475,Acaba esse garoto sendo meu avô.,nao
2098324,De manhã ele mesmo traz o lanche.,nao
2099561,por onde anda aquela moça feiticeira.,nao
2099715,Eu quero alguém pra balançar meu coração.,nao
2102048,Mas só vou com a filha mais nova do patrão.,nao
2102364,saudade não tem braço mas aperta ela é uma porta aberta.,nao
2103143,E a namorada analisada por sobre o divã.,nao
2104576,Xangô é peixe do mar.,nao
2106006,Se a mulher for boa no mocotó.,nao
2109249,"Antigamente as meninas cozinhavam igual mamãe,.",nao
2109261,ninguém vai me mudar não existe homem perfeito..,nao
2111864,"Deixa ele desmontado,deixa ele torto,.",nao
2117200,Dizem que a mulher é a parte mais fraca.,nao
2132738,menina segura esse teu pensamento.,nao
2135674,MAS BOTA ELA NA MINHA FITA.,nao
2148940,O assunto é futebol e ela tá atualizada.,nao
2149235,"Mina certa, parei em você.",nao
2154775,ex namorada é mesmo assim.,nao
2155601,Pra nossa pátria mãe gentil melhorar.,nao
2155702,"Ela tá doidinha, Tá maluquinha.",nao
2156327,"Brasil, oh pátria amada mãe gentil.",nao
2158462,Ele também quer estar contigo.,nao
2166874,Que nos que deixou ele rico.,nao
2167719,pros homens presentes vou mandar um sapatinho arrasta.,nao
2167815,Que o bom de ser mulher solteira.,nao
2168302,com certeza ele tá comigo.,nao
2169264,se ele está comigo podes crer não é a toa!.,nao
2169427,Você não sabe o que essa mina é capaz de fazer.,nao
2169469,a uma hora atrás ele estava comigo.,nao
2169558,"Há pincel ela foi desenhada,.",nao
2169806,que ele procura ele não larga do meu pé..,nao
2170812,Nada que eu faço pra ela tá bom.,nao
2171428,Só os chapa quente nois é lado a lado.,nao
2173341,Quando ela desce é igual terremoto.,nao
2174283,Pra ele vai ficando bem mais difícil.,nao
2174730,A mina troca mó ideia.,nao
2175396,Ele tá pronto pra matar vou dizer se quer caô vai.,nao
2175399,Que tá doido pra guerrear vou falar ele tá pronto.,nao
2177559,"Manda o som da batida, que ela tá envolvida.",nao
2181464,"Não penso no passado, pois sei que ele é cruel´.",nao
2181694,"Mesmo anda no vale da morte, ele estará contigo.",nao
2181811,De minas gerais.,nao
2183419,Tancredo já não é mais presidente.,nao
2184060,ele não tava ciente que o veículo era roubado.,nao
2184726,"Tchutchururu ta ligado, tchutchuru fica ligado,tchururururururu, saudade.",nao
2184727,"Tchutchururu ta ligado, tchutchuru fica ligado,tchururururururu..",nao
2184733,Eles estão guardados no meu coração.,nao
2186143,"Ela já foi consagrada eleita por todos nós,.",nao
2186826,Elas senta forte e nem sente.,nao
2190113,Ela é chamada de patroa.,nao
2190323,Se o senhor é meu pastor e nada me faltará.,nao
2190580,"Que quando ele tá ausente, comigo ela quer fuder.",nao
2200814,E pra começar eu só vou gostar.,nao
2203962,"""O rei está nu"".",nao
2204437,Minha avó já quase morta.,nao
2204806,"Tome cerva, pra deixar ela feliz.",nao
2205210,Menino é fato que eu queria você.,nao
2214238,De tua mãe inteiro o coração..,nao
2214500,Paul ainda fosse vivo.,nao
2214942,Seu chapéu azul.,nao
2217065,Ainda criança ele surpreendeu importantes visitantes.,nao
2219164,Senhora dona que sai na janela.,nao
2221973,Eu dançava forró ela calango.,nao
2222875,Ele limpa o banheiro.,nao
2224765,Com ele não tem valente.,nao
2228896,Que ele mesmo protege.,nao
2229129,Dessa terra mãe gentil.,nao
2231146,E se ela voa verás vênus nas asas.,nao
2232049,Crente que o que ele sente é sagrado.,nao
2237017,Tia surica.,nao
2237037,Enquanto tia surica.,nao
2237724,Na sua luta do dia-a-dia em todas elas não andamos sozinhos.,nao
2256566,Não há rei maior que a dama.,nao
2258042,Ela quer viver sozinha.,nao
2258933,Ela fique esperando serena.,nao
2260436,Se ela não frouxa eu também não vou frouxar.,nao
2260645,"De tanto amor ela ferio meu coração,.",nao
2262698,"Me falaram que você, tá de namorado novo.",nao
2263544,Mulher é uma florzinha viva que não pode nunca chorar por ninguém!.,nao
2263573,Quando completasse dez anos sua mãe mamãe ia voltar.,nao
2263735,Estou achando que ele ficou esperto.,nao
2272743,"Com homem não brinco, eu respeito.",nao
2273484,Feitiço não é pecado é até sagrado se for por amor.,nao
2274760,Que aquela noite não será esquecida.,nao
2278258,Ela segura na sedução.,nao
2292698,Ela fica satisfeita.,nao
2294222,"Ela já foi pisada, maltratada, humilhada e enganada.",nao
2294356,E quando ele estiver bem distraído.,nao
2294583,Tatá tando é mesmo que.,nao
2294885,"O homem aranha,ou ben 10,liga da justiça,.",nao
2294886,"Ou os xman,mulher maravilha ou stefhany.",nao
2295435,Uma mulher carente a te esperar.,nao
2295884,Fomos namorados hoje somos ex....,nao
2298936,Se a mina der vacilo(já foi)ele pegou.,nao
2307558,Menino fui cassetete.,nao
2307563,Menino fui meio dia.,nao
2310404,Ele está convencido.,nao
2311252,Tem tigre e o rei leão e muita fé.,nao
2315898,A ressaca da cachaça ela é boa de mais.,nao
2316274,Se tem mulher carente eu dou amor.,nao
2318806,Te dei meu coração e ele foi traído.,nao
2320886,Ele tá melado pensando na mulher dele.,nao
2320888,Ele tá melado pensando no chifre dele...,nao
2322001,"ele quis fazer maior,.",nao
2326131,Sertanejo é tão feliz.,nao
2326799,"Botei a cela no lombo desse cavalo e acochei a cia peguei a véia joguei em riba, quase que ela imbica p'outa banda..",nao
2329255,Os olhinhos do menino marejou.,nao
2329268,E os olhinhos do menino marejou.,nao
2332732,Anselmo achou foi bom.,nao
2337968,Ela andar quase nua.,nao
2340600,Qual a saída.,nao
2340749,Ele está contigo em qualquer lugar.,nao
2345110,Sua mulher não tá presente quem mandou entrar.,nao
2345114,Casquinha é bom de se tirar vambora aproveitar.,nao
2345388,E Jesus foi intimado..,nao
2346150,Diz que ela véve do abandono.,nao
2346222,Quando ela foi simbora.,nao
2349091,Vi que meu coração andou confuso com ele mesmo.,nao
2357880,Beliscar não é pecado.,nao
2358688,Um litro de pinga ela sozinha engole.,nao
2359475,O homem não dança solteiro tendo mulher pra dançar.,nao
2361025,"E ele neco de se apaixonar,.",nao
2361035,E ele neco..,nao
2363158,No agudo ela quica suave.,nao
2363873,"Apareceu o vigia, Aílton pra ele dizia: Amigo estou baliado.",nao
2363874,"Aílton foi socorrido, estava passando mal.",nao
2364115,Se eu soubesse onde ela mora corria pros braços dela.,nao
2378120,O manual da mulher é fácil de ler.,nao
2378823,Teu peneirado é tempero de moça nova.,nao
2378918,Maria aqui ta muito bom.,nao
2380552,não sei se ela vai ficar comtigo.,nao
2383063,Menina quage criança.,nao
2393089,Ele é o não e o sim.,nao
2396786,A onde ele é real.,nao
2410080,O rei leão convocou a bicharada.,nao
2410444,O senhor girafares.,nao
2411611,Homem igual a esse nunca existiria.,nao
2414618,MAMÃE.......( QUE O SENHOR LEVANTE O SEU ROSTO SOBRE TI.,nao
2415179,"Paz, Jesus está contigo..",nao
2418037,"O buquê de flores, todas elas naturais.",nao
2426342,Mulher primeira.,nao
2427280,Nas veias dessa pátria - mãe gentil.,nao
2431879,O ato não desata.,nao
2436377,Cristina era mesmo legal – “partimo” até pro coisa e tal.,nao
2438188,Ô Maria é hora.,nao
2439084,Zuza era filho de.,nao
2443007,Ele está mesmo.,nao
2455421,Menino onipotente.,nao
2456848,Prá ela ser forte e cada vez maior.,nao
2458321,O que eu vou dar para ele é um misterio.,nao
2459781,"Se ele decidia ir sozinho, não dava pra segurar.",nao
2460438,Conviver com eles é um horror!,nao
2466086,Ele é vigia numa loja de colchões.,nao
2467469,Bug-ug era chique.,nao
2468058,(Zazu) Eu nunca vi um rei leão sem juba e sem pelo.,nao
2473561,Ele é o colosso que vem me acordar de manhã....,nao
2473871,Deixa disso mãe não é tão ruim.,nao
2475757,Você responde o que eu vou perguntar.,nao
2476863,Jesus foi pregado na cruz do calvário.,nao
2482321,Furou a boca e deixou ela bem grande.,nao
2483609,"Quando ele bate forte, quase que quebra a mão.",nao
2486319,Jesus é anunciado entre as nações.,nao
2486320,Jesus é aceito por fé.,nao
2486321,Jesus foi recebido em glória.,nao
2488634,só ele é digno de todo louvor!.,nao
2493131,Ele mesmo quer se mostrar pra você.,nao
2494298,Noé está seguro na.,nao
2495546,Davi foi ensinado.,nao
2499787,POR ISSO ELE VAI LUTAR.,nao
2501009,Minhalma está apegada a.,nao
2502892,O sucesso com as garotas é enorme.,nao
2506879,"Ele quer estar contigo, ser seu melhor.",nao
2507779,Elsa é bom ir se deitar.,nao
2514093,Que ele mesmo recebeu.,nao
2515561,Ele está contigo e nunca vai te abandonar.,nao
2517052,Quando chega o gambá acaba a festa ele é bom só o cheiro é que não presta.,nao
2520335,Ele não foi convidado.,nao
2520600,Senhor aonde estás preciso tanto.,nao
2521974,"Aladdin é perseguido,.",nao
2525143,Aqui no lixão.,nao
2527747,Rei é bom e o seu amor.,nao
2532464,"""não temas, o senhor é contigo"".",nao
2532944,"Se a cruz pesada for, cristo estará contigo.",nao
2532981,Não pode faltar o rei leão.,nao
2534065,Eles estão sempre juntos.,nao
2538190,Ele não estava sozinho o seu.,nao
2544743,"Clinicamente geral, ele é medicinal e não é de amargar.",nao
2564793,E sentia o homem mais importante.,nao
2565251,Mas ela não ta nem ai.,nao
2566536,As quatro da tarde ele larga.,nao
2567893,Ele mesmo!.,nao
2569114,Menino segura seu gato.,nao
2569156,Olha aí menino segura seu gato.,nao
2570088,Ela quase morta danou a gritar.,nao
2571550,OoOoOo vai coração.,nao
2576873,"Ele dava pernada, dava cabeçada.",nao
2582514,EU VOU DIZER PRA MINHA MÃE NÃO CHORA.,nao
2582891,Cartola é arte pra ficar.,nao
2583816,Olha que o pirão da tia chica.,nao
2584375,Só porque em outro samba eu pedi para um homem não ser condenado.,nao
2585205,Fofoca pra mulher é feio.,nao
2585364,só que a justiça dos homens é cega.,nao
2585726,Quando agente era namorado era tão legal.,nao
2586285,"tem mulher bonita, hoje eu vou casar.",nao
2587656,"Se a cruz pesada for, Cristo estará comigo.",nao
2588579,tá gostoso mãe tá bom de mais o movimento.,nao
2589187,"PaNHo, PaNHo, PaNHo, PaNHo ela gostoso de jeito.",nao
2592166,Se curvam para o rei sambar.,nao
2592186,O rei sambar.,nao
2593016,Caguete é caguete mesmo.,nao
2600295,"depois que ele for eleito dá aquela banana pra você,.",nao
2600302,E depois que ele for eleito não arruma emprego pra você.,nao
2600634,Abel foi morto meu amigo.,nao
2601752,O meu papo ele é verdadeiro.,nao
2601764,Senão o senhor também é sacaneado e volta batido pedindo socorro.,nao
2601825,Olha aí o meu papo ele é verdadeiro se liga.,nao
2603302,"Ela roda, ela gira e para.",nao
2603311,"Ela roda, ela gira.",nao
2605559,Na comunidade ele é considerado.,nao
2607009,SEMPRE PROCURANDO MAIS ELA NÃO VEM.,nao
2611575,Mas nem todos eles juntos.,nao
2615741,"ela desce, ela sobe, ela quica, ela treme ao som do.",nao
2621210,Se passa do prazo nois vai torturaa.,nao
2621308,"Brasília, pernambuco, mina gerais, porto alegre, salvador.",nao
2621327,"Bh, concórdia, pompeia, senhor marajá e milionários.",nao
2621880,Minha palavra de homem é meu investimento.,nao
2624893,Eu amo essa vida mesmo ela sendo cruel.,nao
2626115,Se ele fica cheio de marra eu mando ele pra cozinha.,nao
2631649,assalto pike homem bomba.,nao
2633858,Abercrombie ftich meninas solteiras.,nao
2634654,Oakley sempre vai ser oakley.,nao
2639293,Pois essa dança ela não é mole não.,nao
2641717,Ela caminha contente e gosta de sambar.,nao
2643124,"Ele passa geral ri ela pergunta: ""O que é que foi?",nao
2645260,Eu acho que encontrei a minha garota ideal.,nao
2645774,Tudo com ela é inteiro e com prazer.,nao
2646566,Quero comprar pra ela algo lindo inovador.,nao
2647651,Adoro quando ela impina.,nao
2647809,Essa garota garota garota.,nao
2654507,"Uma ponta de saudade, de quando ele era mocinho..",nao
2660447,"Quando um grito se ouviu, o homem mau morreu.",nao
2667561,"Olhe só quem quiser, menina mulher,.",nao
2671850,"Senhor juíz, eu quero.",nao
2674981,O A valsa dos namorados contigo.,nao
2674986,A valsa dos namorados contigo.,nao
2675018,A valsa dos namorados contigo....,nao
2680174,Os reis antideluvianos colonizaram o mundo.,nao
2684427,e depois da aula na bola era o tal quebrar as vidraças para ele era normal.,nao
2693357,Talvez elas sejam a culpa.,nao
2697825,Que ela não esquente.,nao
2701417,Nada pra ele é ruim.,nao
2709718,Se ela ficar sozinha.,nao
2714233,Ela não está comigo.,nao
2716414,Ela mesma há de me ensinar.,nao
2719787,Olha seu moço como é linda a natureza.,nao
2720626,Deus do céu ela não quer mais voltá.,nao
2722762,"Pois ele sozinho não sabe onde ir,.",nao
2723448,Viver sem ela é tão triste....,nao
2723824,Perfume de mulher bonita.,nao
2725054,"Oi minas gerais, oi minas gerais.",nao
2725086,Oi minas gerais.,nao
2725696,Sem ela não vivo e nem quero ter.,nao
2725880,E no meio dos convidados um garoto estava presente.,nao
2729524,"Ela talvez não disfarce,.",nao
2731465,Minha mãe não fique triste me aperte em teus braços.,nao
2731546,A senhora fique sossegada.,nao
2732062,Ele foi atropelado no atravessar a rua.,nao
2732230,"Caim, Abel é nome de santo.",nao
2735527,Mangueira sou um rei vagabundo.,nao
2740494,que ela possa ser feliz sem meu afeto.,nao
2740876,Quando ele passa tão sozinho e distraído.,nao
2744026,Sem ela vivo louco de ciúme.,nao
2747815,E o rei momo.,nao
2748075,Mulher é uma mulher igual às mais..,nao
2749484,Diz que ela véve no abandono não tem dono.,nao
2750934,"Por ela vivo aos trancos e barrancos,.",nao
2751672,Ele deixou minh’alma ferida.,nao
2755446,querida tenho horro de lembrar que te amei.,nao
2756643,E ela jurava eterno afeto a mim.,nao
2757441,Como a vida do homem é cruel.,nao
2760386,Sei que ele anda agora aborrecido.,nao
2761994,De tua mãe inteiro o coração.,nao
2767063,Que ele tá cheio da razão!.,nao
2776820,ininha de tanto ela twistar.,nao
2776913,Veja o senhor como é grande a minha mágoa.,nao
2779633,Eu vou casar com ela é minha obrigação.,nao
2783933,ONDE ELA ESTÁ.,nao
2784175,Ela grita ta raspado.,nao
2785071,Ele voltou ligeiro para a.,nao
2785269,Ele nunca quis ta duro.,nao
2787504,Pra não se envolver com um homem casado.,nao
2788141,Ela é banda voou.,nao
2788254,ELE INSISITIU E CHEGUEI A CONCLUSÃO.,nao
2789074,Quando ele era rapaz.,nao
2790867,Deixava ela sozinha por causa dos esqueminhas.,nao
2791177,To beijando as minas pra elas ficar maluca.,nao
2791527,Ela foi vista lá no bolo preta fazendo passo.,nao
2791703,Maceió ele queria aracajú.,nao
2791925,Vige como é bom.,nao
2793623,"Mostra aonde ele está pai, Salva-me desta hora.",nao
2794398,Qualquer rapaz para ela estava bom.,nao
2796088,Mas tem homem capaz de fazer tudo doutor.,nao
2797839,Terra pro homem ser seu amigo.,nao
2798111,Ele te guadar..,nao
2798299,Senhor está pronto pra me ajudar..,nao
2799820,"Para ver uma estátua na praça ele era tão bom,.",nao
2801967,Na bruxaria que ele mesmo caiu.,nao
2805718,Senhor seja louvado.,nao
2806719,Moises foi escolhido para ir ate o egito.,nao
2810270,Ainda mais quando ele não é correspondido.,nao
2810697,"Jesus está comigo, eu não temerei o mal.",nao
2810948,"Eu não tenho medo, cristo está comigo.",nao
2811457,Abelhinha vai voando feliz.,nao
2812488,Sem ele fico perdida.,nao
2813140,"enche o carro de mulher tou afim de beber, zuar.",nao
2814252,As pessoas viram que ele era o filho de.,nao
2815334,Ele mesmo assumiu meus pecados.,nao
2819632,Ele quer estar contigo ser seu melhor amigo.,nao
2820830,Cristo não é fel.,nao
2824540,Meu carro cheio de mulher atrais.,nao
2825431,quem for mulher levante o litro.,nao
2827882,ele anda solto por aí.,nao
2829708,E quando ela passa os homens ficam parados.,nao
2829980,Aqui tem mulher demais tá difícil de escolher.,nao
2831494,Ele agora é o painho de mainha.,nao
2831655,Rei afesta começou.,nao
2835160,Ela chegou sozinha no forró.,nao
2837969,Lavou enxugou tá nova.,nao
2839443,"Ele tá me olhando, será que ele também tá afim?.",nao
2840438,Ela não tá ligada que eu já cresci.,nao
2844928,O mundo para ele é um brinquedo.,nao
2850279,O menino ficou maravilhado.,nao
2852675,Ele é verde e nunca limpa o nariz.,nao
2858185,Quando tocas em mim.,nao
2863816,"Lama é bom pra brincar,.",nao
2865162,"Eu tenho uma cabeça, e ela é bem pontuda.",nao
2866627,baixando para segundo plano e se mantém.,nao
2868317,Senhor capitão.,nao
2869328,Resolvi deixar a vida ela mesma me contar.,nao
2870795,Ela usa é detefon.,nao
2890549,Todas elas iguaizinhas.,nao
2898547,Vinha moça casadoura.,nao
2899199,De que um homem é feito.,nao
2901994,"No dia em que ao seu lado ele sonhar feliz, feliz assim.",nao
2903391,Em cada passo vou levando meu cansaço..,nao
2905806,Maddalena è andata via.,nao
2908825,"Não tenha medo, meu menino povo, memória.",nao
2921312,Ela quica na minha.,nao
2924037,"Ela é quente, maior calorzão.",nao
2924410,Vá que ela fique amuada.,nao
2928196,Você menina pode meganhar.,nao
2934114,e voltam pra nossas casas trazidos por senhores elegantes.,nao
2937650,Cristo seria capaz de acabar com isto.,nao
2951217,"Dançou bem no compasso,.",nao
2951644,"Canto, canto olê mulher rendeira.",nao
2955115,Mas ela vai na frente e ele vai atras!(varias vezes).,nao
2959557,MAS NO FIM DO ANO ELE NÃO PASSOU.,nao
2962713,Nosso amor se foi como um trem para minas gerais.,nao
2965020,Carmesita porque ela sussurrou seja bem-vindo.,nao
2965544,Quando eu vejo a menina faceira vadiar.,nao
2971864,Axe brasil axe minas gerais.,nao
2973495,"Vem pra mim, quero ser o homem mais feliz.",nao
2981564,Ele é danado?,nao
2982411,Samba menino samba.,nao
2993242,"Parecendo um twister, mas ele é o quê???.",nao
2999582,"Segundo a história, o rei amen-hotep iii.",nao
3005421,"(iakekere mãe ângela, iyadagan mãe neli).",nao
3006664,"E bem antes da hora, ele já estava arrumado.",nao
3010342,Para ver se elas estão preparadas.,nao
3010699,se ele está comigo.,nao
3011323,Voce está lanchando e ela está sendo lanchada!.,nao
3016696,"Cintra,na madruga elas grita!2x.",nao
3016771,"Silvia tá presente,renatinho ..tá também.",nao
3020347,"paquerando ele mesmo, paquerando ele próprio..",nao
3020353,Eles todin !.,nao
3023678,Mas quando chega assim ela abala geral.,nao
3026826,"É só olhar na cara dela e ela só falta latir,.",nao
3032052,OI JOGA ELES PRA FRENTE.,nao
3032894,Sem ela não é moleza.,nao
3035090,Eeeei ta surdo?!.,nao
3039999,A mina tá chapada de whisky e.,nao
3040669,mas pra ela nao conpensa!.,nao
3046767,Daquela que o homem chega fica doido pra amar.,nao
3046889,Para uma ruma de menino alimentar.,nao
3050531,"Estou tentando consertar a minha vida fazendo tudo para você perceber não me ignore, por favor, minha querida é muito triste a minha vida sem você.",nao
3054496,Pátria mãe gentil (BIS).,nao
3057070,Ignorado pela pátria mãe gentil.,nao
3059748,Será que ele também tá afim?!.,nao
3060106,ela ficou confundida.,nao
3063127,Então procurei o que ela tem ruim.,nao
3065922,Mulher igual a ela acho que não vou achar.,nao
3066637,Ela foi a escolhida.,nao
3071330,Por mim ele dorme sozinho.,nao
3075630,Se ela é montada.,nao
3077210,E que ela possa te fazer feliz.,nao
3078598,Todo dia eu dou bom dia que alegria ela foi feita pra gente.,nao
3080443,Quis ser dono do seu pensamento.,nao
3081551,que eles ficam melhores.,nao
3090531,Nem dizer meu bem.,nao
3096495,"e bebe ela quente, é, é.",nao
3098741,O que eles querem é gandaiera.,nao
3101262,Com ela sou visita inesperada que não tem hora marcada.,nao
3101462,Mulher mulher mulher me de carinho.,nao
3104646,Quem se apaixonar por ela vai sofrer igual a mim.,nao
3106520,"Deus, ela foi capaz de pedir pra entender.",nao
3106522,"Deus, ela foi capaz de me dizer que gosta de outra.",nao
3108764,Querubim é cão de fogo.,nao
3108819,Ela disse nem morta.,nao
3110763,Para que sofrer por mulheres atoua.,nao
3115353,E ela mesma se espanta.,nao
3117463,Ele é o cara que o povo sabe que é capaz.,nao
3122211,"Goiás, vitória, mato grosso e minas gerais.",nao
3126964,Deusas africanas.,nao
3127581,Que o tempo não para se o homem só fica sentado.,nao
3129955,"a dança da cintura, ela é muito fácil.",nao
3133548,Seria o homem mais feliz do mundo.,nao
3135140,Que faz a visão direta deixando a mulher completa.,nao
3135850,Ladrão rico faz amor só quer mulher bem novinha.,nao
3136708,Pra que ele não seja roubado.,nao
3136857,pra ela não é mais legal.,nao
3137390,Ele mesmo chuta a bola corre e ainda agarra.,nao
3138120,"João disse, Jesus não é justo meu.",nao
3143165,Ter vinte namoradas não é mole não.,nao
3143456,Brasil ele é sempre campeão.,nao
3143802,Caju é amaldiçoado.,nao
3145351,Se for partir pra briga ela não larga do meu pé.,nao
3147342,Inté mãe já vou enbora.,nao
3155167,Do pecado nem ela mesma se lembra que foi minha no passado.,nao
3155339,Que ele não foi abandonado.,nao
3156358,Ela está viciada em canela forte..,nao
3157800,Sabe disfarçar.,nao
3159017,Ela usa mini blusa pra mostrar a barriguinha.,nao
3159262,Onde tem mulher tá bom de mas.,nao
3160527,"Da faculdade eu fui pra festa comi água com a galera,.",nao
3162204,por eles fui dominado.,nao
3167099,"Quer fazer o homem feliz, por favor ligue pra mim.",nao
3167536,"Se a mulher foi simbora, problema meu.",nao
3170277,"Pra ela pode parecer estranho,.",nao
3171515,Rir rir rir ele é muito legal (bis).,nao
3172238,Ouvi falar que você tá de namorado novo.,nao
3174019,Agora a farra que ele faz é diferente.,nao
3175343,Mamãe tá dodói?.,nao
3178263,pra ela sentir ciume.,nao
3178871,Abra a mala seu menino vamos forrozar.,nao
3181088,"Com essa saudade, não dá!.",nao
3187804,Eu que sempre fui una mulher fiel.,nao
3187827,Sei ele ainda bate forte por nos dois.,nao
3193925,QUANDO ELE VEM É PRA FICAR.,nao
3194433,Ela vem pronta.,nao
3200754,eu não fiz ele sozinho.,nao
3201824,Ela tá afim de rebolar.,nao
3211999,Se ele fosse um passarinho.,nao
3218532,Pra descer até o chão ele larga o bordão:.,nao
3218824,"O vento não, ele é suave, mas é frio e implacável
.",nao
3218897,"Deixa ele moscar, vir cantar na quebrada.",nao
3221458,"Mano é preciso pregar a igualdade,.",nao
3225590,Justiceiros são chamados por eles mesmos.,nao
3225897,Mas morrer como um homem é o prêmio da guerra.,nao
3226721,Lembrando que a dama mais glamurosa da noite é a própria noite..,nao
3228173,Mina tá dominada.,nao
3236277,desafio foi lançado mostre que tu tem talento.,nao
3236554,AMO meus inimigos isso deixa eles loucos!.,nao
3237096,"Pois eu busca a vida eterna, mesmo ela sendo dura.",nao
3237730,"Também bato palma, pro homem lutador som suor come seu pão.",nao
3252654,"De vez em quando entre os sonhos teus
.",nao
3253506,destacam os alunos da.,nao
3257586,Namorá mulher casada.,nao
3259935,Ele não tava só comigo.,nao
3266117,Juro eu vou fazer ela feliz.,nao
3268855,Já avisa que elas tão online.,nao
3277619,Ele acorda bem cedinho.,nao
3280500,"No peito, ele bate mais forte.",nao
3280560,e a verdade é que ela mesma quis entrar no barco.,nao
3280614,E a verdade é que ela mesma quis entrar no barco.,nao
3282109,Mas menina cuidado.,nao
3282168,"Deixa ela quieta no canto dela, não mexe com ela
.",nao
3283612,E a ilusão de que eles são reais.,nao
3284191,"(Não, eles não vão voltar)4x
.",nao
3290426,Elas sozinhas te dirão.,nao
3291687,seu garoto está melhor.,nao
3291718,o mal náo é tão forte.,nao
3296732,"Minha mãe ainda suspira,.",nao
3300038,"A fome de todas elas põe mais farta a minha ceia
.",nao
3302839,Falam de um homem valente.,nao
3308140,"Não sei o que faz agora, mas ele talvez nese momento.",nao
3317396,"Que ele empedre, mesmo crendo-se infinito.",nao
3323040,"(Acertou, Exu é negócio pra doido mesmo, né.",nao
3331904,Certeiro foi amor.,nao
3342828,Ela está comigo agora e não volta mais.,nao
3348894,Ele é o caminho que devo seguir.,nao
3355778,Minha musa poesias.,nao
3359230,Ela remexe yeah.,nao
3359826,"Vem, vem, hoje à noite ela vai ficar zen.",nao
3362650,Mais uma mulher tá sendo abusada.,nao
3362804,Ela ficava calada.,nao
3362910,Seu marido marido te viu morrer.,nao
3365637,"Oh, Oh, Oh, Oh, Oh, Oh, meu homem é seu homem.",nao
3369128,O presente ele é consequente de todo passado.,nao
3369790,Óbvio que ela acha interessante.,nao
3369920,"Tanto ela quica, eu faço mais uma.",nao
3370327,"Helipa vai ficar bem mais suave
.",nao
3373014,O senhor acha justo que uma farda cinza e uma carteirinha.,nao
3375450,Ela rendeu pros veinho'.,nao
3383782,"Onde as bebê quer ferver, onde elas fica maluca
.",nao
3388232,"Garota garota
.",nao
3389887,Mas hoje ela quer gracinha.,nao
3389888,Ele quer gracinha.,nao
3396152,Mas eu quero senhor ser fiel a ti toda hora.,nao
3396462,Pedro foi crucificado cabeça pra baixo.,nao
3397894,DEUS ele está assentado.,nao
3398189,"O Senhor é meu refúgio, ele é a minha habitação.",nao
3399455,"Negociando vantagens pra eles mesmos, cansei.",nao
3415855,"De longe ele é escrito
.",nao
3445535,Mas ele derruba tudo que ele mesmo constrói.,nao
3447174,Fucking nightmare.,nao
3448952,mas ele está parado aqui.,nao
3454259,E ele está revoltado.,nao
3457574,A bebida com gelo que deixa ela rouca.,nao
3458459,eu imagino esse seu corpo e o que ele é capaz!.,nao
3462821,"As mina alucina, os muleque fica chocado.",nao
3464244,evitaram que ele fosse levado para a fogueira.,nao
3466072,O meu tenis tá furado e dos lado ele tá barreado.,nao
3467021,Mas homem mesmo é igual.,nao
3467869,"Itaú, mais ele é feito pra você !.",nao
3468523,"Sem fada, mas cada play dos menino é mitológico
.",nao
3472985,"Eles são porcos num chiqueiro de inglória, irmão se.",nao
3474517,e querer sumir calado por ver que ele virou passado.,nao
3474740,"Com 8 ela limpa casa de família, em troca de comida.",nao
3475921,E manda umas rima até que ele fique farto.,nao
3478777,Ao lado de minha mãe sinto que ela tá bem melhor.,nao
3478951,"E ele é grande o bastante, a gente cabe!.",nao
3479140,"Cheio de minas terrestres
.",nao
3481369,"Eu fico quieto, ela fica quieta
.",nao
3481380,"Firmeza, firmão, tranquilo então.",nao
3482144,"Já que, Deus é o juiz e ele não amarela.",nao
3483626,Esqueceu o mundo e trabalhar sabe que ta fazendo o sapato que ele proprio nunca vai usar..,nao
3485113,Olha só como ela dança facim.,nao
3485339,Eu amava aquela moça sabias disso.,nao
3485982,"Aquiles era só soldado, tá bom parceiro.",nao
3486314,Ela é a maquinista do meu trem sem freio.,nao
3487379,"Terra dourada, ó pátria amada mãe gentil.",nao
3487510,"Onde outros meninos iguais a ele sorriam, então não se assustem com monstros que voces criam
.",nao
3487566,De uma pátria mãe solteira da sua população.,nao
3488221,"Quevedo teria medo aqui
.",nao
3488225,"Quanto vale a solidão, se ela viér pro seu bem.",nao
3490656,Eu te dou ele inteiro se você quiser.,nao
3493338,"Vamos subindo a principal, que ela é bem fascinante.",nao
3493726,o que é preciso pra nois também pode ser preciso pra você.,nao
3493752,O que é preciso pra nois também pode ser preciso pra você.,nao
3497154,Quem não se perde onde a pátria mãe gentil.,nao
3501476,E não me dando as mesmas aulas que eles deram pros meus pais.,nao
3501581,Ela nunca dá mole pra ninguém.,nao
3501673,"E ela foi sequestrada
.",nao
3502624,"A casa sem ele vai ser um tédio.
.",nao
3506298,O Collor foi eleito e roubou até cansar..,nao
3506300,Mas ele não foi preso e falou que vai voltar!.,nao
3506989,Fofoca quando vai ficando feia fica boa.,nao
3506990,Fofoca quando vai ficando boa vira fato.,nao
3507000,"Fofoca quando vai ficando boa vira fato
.",nao
3508050,Mas ele ganhou fácil.,nao
3511212,"Damas primeiro, mas vai devagar.",nao
3511354,obedeço a minha consciência e ela é desobediente.,nao
3511677,Todos os homens tão afim de algo a mais no final.,nao
3511697,E quando o som acaba ela tá pronta pra morrer.,nao
3511698,"E quando a música acaba ela já ta pronta pra morrer
.",nao
3511994,Ele larica no posto.,nao
3512027,"Ela presa no condomínio, e ele solto pelo mundo.",nao
3512665,"Itacoatiara tá com uns nove pés, cuidado com a vala ela é assassina, não adianta bater os pés.",nao
3514004,Prioridade do homem é o conforto da sua companhia.,nao
3514110,Quero ver mina entropecer.,nao
3514889,ele ficou bestificado com a cidade.,nao
3515105,E ela só fica feliz no sol.,nao
3516998,Alguns milésimos de segundo é o que diferencia o homem vivo e pensante.,nao
3517774,Então muito obrigado senhor já tá enrolado.,nao
3521841,"Vê se me esquece, sai fora desaparece, Deus é poderoso e nós todos protege..",nao
3522074,Sobrinho é foda dar conselho onde aqui estou.,nao
3522227,"Deus levou, um dia desses ele mesmo falou pra mim.",nao
3524196,Seja um homem não existe mavel.,nao
3525011,Quando chove ela alaga.,nao
3527087,Que minha elegância deixa as mina raivosa.,nao
3527539,Hoje ele tá comigo amanhã vira minha ponte.,nao
3531013,"É, e eu vi de perto o que o homem é capaz de fazer por dinheiro.",nao
3531956,Mulher igual a ela você não vai encontrar.,nao
3532887,"E o retorno do rei será triunfal
.",nao
3533492,"Zica do bagui, sem briga, as mina liga,.",nao
3533899,Quando ele for julgado saia condenado;.,nao
3534237,Colocamos mina terrestre fazemos festa.,nao
3536912,"Pro boy dia 20 de novembro não é feriado, mais tem um ponto facultativo que eles tão acostumados.
.",nao
3537051,O mundo é o corpo e ele é o tumor maligno.,nao
3538143,"Sem documento, descalço, fui atrás de socorro, tem uma.",nao
3538389,"Quando gritam ele tá armado não tem nem garrucha, gambé faz teatro pra por luva cirúrgica.
.",nao
3539256,(Refrão 8x) Tem mina terrestre em cada palmo do chão.,nao
3540681,Infelizmnete ainda é rap violento.,nao
3541020,FAZENDO O QUE ELES QUEREM ENTERRANDO NOSSO CAIXÃO;.,nao
3541809,"Conheço a colonização que não ta no livro, sei porque no reino do senhor não entra rico.
.",nao
3542208,Quando a filha aparece morta no mato sem roupa.,nao
3542714,"Não tem cursos que nos reempreguem a sociedade, só triplicamos maldade atrás das grades madame ajoelha, reze é adeus cadeia não regenere o problema é seu.
.",nao
3543560,Senhor divino tem razões que eu desconheço.,nao
3543918,"Dp da mulher maxilar deslocado no soco.
.",nao
3544316,"então boy dá tchau pro seu filho eu fui pro inferno ele foi comigo
.",nao
3545289,"Madruga é puta, pederasta fruta, e verme.",nao
3546955,"Ela quica, não cai.",nao
3547088,"Mano, tua mina é máximo respect.",nao
3547593,"nas menções entorpecidos por gases tóxicos, os códigos nao funcionam eles foram desvendado tu rodo.",nao
3548233,"Paro, quando tem mulher enrolo um baseado.",nao
3548539,Foda-se se eles querem é mano à mano.,nao
3551763,É pra todas as mães solteiras.,nao
3553265,"é tipo vinte mulher linda pra cinco parceiro.
.",nao
3553352,quer deixar ele feliz ?,nao
3553758,Pela filosofia de platão é fácil conquistar alguém.,nao
3554469,Enquanto ele tá parado todo errado sequelando.,nao
3557765,"A diferença da mulher foi feita pra entender
.",nao
3559723,"ela ficou nervosa, e queria ir embora.",nao
3559726,"ela ficou quieta, saiu, sem nem se expressar.",nao
3559948,Atenção mulheres segura a emoção.,nao
3560601,E manda sua mãe ficar quieta.,nao
3561154,"Strondar é arte faz parte, da terra até marte..",nao
3561234,Sem mulher eu não vivo que mulher é minha paz.,nao
3561891,Viver pra elas é doutrina aconselhada.,nao
3563447,Pois é tem nem quem fale que nois não é irmão.,nao
3563487,Desde a música mansão que ele é procurado.,nao
3565137,"Preces de mãe eram benção, deram diretrizes.",nao
3565304,Porque ele mermo não vai me ouvir (Não vai me ouvir).,nao
3565523,Mas se não cuida do amor ele morre tão rápido.,nao
3565767,"Tortas sem direção, Portas há depressão,.",nao
3565900,Ela é uma droga pesada que te arranca de casa.,nao
3566765,"E hoje ela fala alto, então por favor acendam as luzes.",nao
3568323,Mas ele só vendia doce.,nao
3568724,Teus carrinhos tão cheios e eles satisfeitos.,nao
3570396,que eles fazem é justa.,nao
3571197,"Então quando eu subi eles vão tá comigo também (2x)
.",nao
3572493,Minas sozinho.,nao
3574250,"Quem diria, retornar pra ela é muito bom, sim,.",nao
3576523,"Fica impune, não vai preso, ele não vai preso,.",nao
3576676,"Você é hilário, pra mim um otário, garoto primário, vai na sorte..",nao
3578967,veja o seu dinheiro ele é sujo igual ao meu /.,nao
3579170,Ensinamento da minha mãe assimilei.,nao
3581109,"ela rodou, ele foi solto e não fez o mesmo.",nao
3586622,é nois é nois vamos chegar firme chegar lindo.,nao
3588844,"É a vida como ela é escrita em linha torta,.",nao
3592273,Se a palavra do senhor não é sagrada.,nao
3592594,"Catatau ligou tô preso, respondi problema seu.",nao
3595020,Que ilumine a cabeça da sua filha caçula.,nao
3598193,O olhar quente nem disfarça ela é minha atração.,nao
3599294,Abastecendo poluindo maldade na atmosfera senhor real.,nao
3599391,você foi a mulher perfeita que eu sempre quis.,nao
3599855,Quando ela passa é tão difícil que.,nao
3600172,Final de semana pra ele era sagrado.,nao
3600604,Senhor segura minha mão..,nao
3601204,"Teus homens sobrou.[2x]
.",nao
3602852,Ela quer grave estralando na carreta.,nao
3604625,Pra uns a vida é mole pra outros ela é dura.,nao
3605204,"É eterno, o homem é sucumbido pelo medo...auto-maldição 12 meses de inverno.",nao
3605338,"Acorda…por ele ficas zombie…protege-te…não deixes que ele te use a ti, usa-o tu a ele.",nao
3606519,"nome mulher é minha mania, mania!
.",nao
3607385,"Qualquer dia, qualquer hora, ela é sempre bem vinda (e.",nao
3607434,Lennon foi assassinado só pregando a paz (paz...).,nao
3608169,Olha essa mina assobia...Desfila pra nossa alegria.,nao
3608170,Olha essa mina assobia...Na praia ou na academia.,nao
3608171,"Olha essa mina assobia...Cachorro late, gata mia.",nao
3608339,Timepro tá pronto.,nao
3609967,Conta tudo pra sua mãe então quico.,nao
3610953,"Das ruas pra balada, agora ela é mais tocada.",nao
3614520,"Se você não ligo ainda ela é a musica

.",nao
3615818,Com ciência.,nao
3617305,Elas provocam robam a cena.,nao
3617726,"Pac, eu swing, ela swag.",nao
3618720,Se qué ser feliz faça ela feliz também.,nao
3622799,"Mas elas preferem ficar nuas em quato eu perco a noção
.",nao
3624433,mas eu quero ter ele primeiro.,nao
3626443,"Mas ela dificulto, com medo de se ferir.",nao
3626849,Excesso de verdade deixa o homem mais arisco.,nao
3628632,Garota estou enfeitiçado.,nao
3632118,Hoje a noite vou sair.,nao
3633550,"Não programe os seus passos, torne eles bem mais rápidos.",nao
3634925,"Quando o senhor quiser to pronto pra subir
.",nao
3635243,senhor mistério.,nao
3635352,O marido não carinho.,nao
3635647,"Ela te conquista
.",nao
3637743,"E ele não será jogado no lixo
.",nao
3637913,Só que dessa vez ele não vai ser mandado por.,nao
3639053,"Pra eles pobre de porre é ouro, fato.",nao
3641378,Mão de anjo por ele paulada sonora.,nao
3641634,A vida é assim mesmo aproveite ela é única.,nao
3641642,Ilumine a sua vida se você acha ela chata.,nao
3644457,Pras minas pros manos conforme a palavra.,nao
3645072,Jesus ter sido crucificado.,nao
3645889,Já o meu caminho ele é estreito.,nao
3646091,Na bíblia tá falando busque o reino do senhor primeiro.,nao
3646107,Se parecer ou se ela for diferente.,nao
3646122,Jesus está presente e não importa o que fez.,nao
3647611,Ela é minha inspiração...,nao
3655973,Se ela fosse atriz de cinema.,nao
3658169,"Mufasa é poderoso demais pra ser desafiado
.",nao
3658955,Se ele for derrotado também não precisa chorar.,nao
3663642,"Ele é o início; é o fim!
.",nao
3666956,"E cada homem é o homem da semana
.",nao
3668390,"Se ela estava tão feliz?
.",nao
3668964,"Bota o rei congo no congado
.",nao
3671916,"China, o.",nao
3676612,E ela cai pró chão.,nao
3676649,E o pior de tudo é que ele está contigo.,nao
3677963,Dama preciso ver isto.,nao
3678578,"Este teu flow, moça está bom.",nao
3679917,E o pior de tudo é que ela está contigo.,nao
3679984,E ela está contigo.,nao
3680333,"moça ficaaaaa
.",nao
3680908,"Vou fazer de ti a mulher mais feliz,
.",nao
3681004,Se realmente ele te amasse ele estaria contigo a.,nao
3686423,Deixe-a decidir o que pra ela é certo.,nao
3690677,Deusa acuda.,nao
3707990,"Mas se ela ficar será atroz
.",nao
3714841,"Ele está off
.",nao
3719665,E as correntes desse novo mar.,nao
3720534,Ele tá comigo.,nao
3727513,"Senhor charqueada, Dom.",nao
3731412,O meu carro não é grande ele é bem pequinininho.,nao
3734873,Com um beijo na nuca ela arrepia.,nao
3744397,É a ignorância dos votos nos bons homens maus.,nao
3746190,Disconfiança é tão ruim.,nao
3750174,Bagaço de cana pra ele é arroz.,nao
3750416,Ver eles felizes para sempre.,nao
3752002,E por você ela é capaz de enfrentar.,nao
3753861,"Quando sente o jeito que ele deve ser tocado
.",nao
3759796,Construiu sua família com uma mãe solteira.,nao
3764852,Por esses homens é preciso chorar.,nao
3769188,porque a cama grande ela vaite arropar.,nao
3770551,E ela vai ser bem melhor.,nao
3771683,Ela joga consciente.,nao
3772785,eles ficam iguais.,nao
3773192,Uma mulher fatal.,nao
3774551,Escondidinho é mais gostoso.,nao
3783705,Branco fosse carinho.,nao
3783723,Branco fosse carinho o.,nao
3795662,Nesses dias ele quase cega.,nao
3795717,Se ela preferir ficar sozinha.,nao
3799125,homem é o nome do troço.,nao
3801014,"ele tá ligado,.",nao
3802336,Ribeiro tava certo.,nao
3806868,"Que eles estarão perdidos
.",nao
3812157,Cuca não é fêmea.,nao
3814538,"Perdi meu emprego e apanhei outra vez
.",nao
3821636,Eu tenho um receio que ela ache careta.,nao
3822703,"E mais um dia ele não vai dormir sozinho,.",nao
3823164,Mãe bom dia.,nao
3825994,Falo sempre palavrão e ela é voga no inglês.,nao
3830390,E quando eu chupo ela é uma lavagem cerebral.,nao
3834366,Lua e parei no momento.,nao
3835789,Porque ela é minha menina.,nao
3836507,Ela adora punk rock eu sei.,nao
3838023,revelar segredos sobre ele mesmo.,nao
3846692,O erro do homem é gananciar.,nao
3847351,garoto pequeno joga fora seus brinquedos.,nao
3849467,"Foi a vontade de deus que ela fosse minha mulher
.",nao
3852908,A nossa pista em chamas e o tempo montando.,nao
3853841,"Paraíso, elas são a passagem.",nao
3854580,O telefone na chamada é mais de cem.,nao
3859885,Mas eles mesmos que venderam as armas.,nao
3860134,"Sob a luz do luar, imagina ela nua.",nao
3861231,Que por eles memo foi morto.,nao
3861628,Preparei pra eles novos paletós de madeira.,nao
3861653,Jorge escolhi ser amado.,nao
3861833,E mexer com ela é igual mexer comigo.,nao
3862342,Eu quero acender enquanto ela quica.,nao
3863219,"É ela não vai ser transferida (jamais)
.",nao
3863817,"Se a responsa tá no porte, ela não vai ser transferida.",nao
3864507,"O estado é um rei gordo, arrogante e velho
.",nao
3866898,Pra eles parece tão fácil.,nao
3867266,Eles falam mau do.,nao
3867495,"Se ele vai acaba alegre, ou se acaba por aqui..",nao
3867993,Agarre esse halter e segura ele inteiro.,nao
3868343,"E eu conheço ela, pra mim ela foi feita.",nao
3868973,"Deixei ela falar sozinha, vou comer que ganho mais.",nao
3869801,a missão era matar mas nois merecia ser santo.,nao
3871229,Mano ta louco nada é por acaso.,nao
3871985,Que ela fume primeiro.,nao
3878310,"Quer me testar com as cartas, então tome
.",nao
3878808,"Mas ele bebendo voltava bem torto, louco.",nao
3879444,Se sabe que nego que rima precisa de mina pra ta apaixonado.,nao
3880909,"E ela tava esquecida igual ""Macaulay.",nao
3881859,"A mina geme gostoso, a mina chupa com gosto.",nao
3883389,"Jobim tava ligado, fez.",nao
3883617,"O crime cobra seu preço, e ele é alto demais.",nao
3883783,As menina faz igual na capa da.,nao
3884260,Rei tá morto.,nao
3886186,"quem tem respeito, sujeito homem sagaz.",nao
3887247,As minas ficam esqueléticas.,nao
3887345,"Grower não é traficante, legalize pra ""vaer""
.",nao
3887572,eu me lembro que ele tava recoberto por um véu.,nao
3887864,lá só tem assalto a banco e ele é filho do.,nao
3888833,E mesmo assim tinha inimigos homens maus.,nao
3888856,Daniel então foi jogado nas covas dos leões..,nao
3889309,"É assim mesmo o homem nunca tá preparado pra perder seu barato é só ganhar, ele.",nao
3890152,Vem com nois também tá teno.,nao
3890233,"ENCONTRO COM ELA NA ESCURIDÃO, COM O TENENTE, O CAPITÃO
.",nao
3890891,"conheço ele é meu, e eu que mando nele.",nao
3892164,Cinco horas da manhã ele continua andano.,nao
3892251,_''Djalma tá errado tem que haver uma mudança.Na rua.,nao
3894313,"Nunca passar despercebida, onde ela chega é bem recebida.",nao
3896086,vivo ela como é pedida sem tirar medida pronto pra.,nao
3896533,Um beijo na mulher boa noite pros filhos.,nao
3897150,"Noite quente, mina ofegante, ela na frente, vamos adiante.",nao
3898254,"Mano é papo de visão, se é pra viver posso morrer por.",nao
3898349,Fé no futuro que ele não será mais incerto.,nao
3899837,"O amor, ele é complexo.",nao
3900302,Se tudo valeu a pena e se ela foi verdadeira.,nao
3902887,"Enquanto vocês falam, eles já tão lá fazeno.",nao
3903056,Na corrida da vida ele já vai disparado.,nao
3903060,E ele nem é culpado de com dinheiro nascer.,nao
3904938,"Se um dia a coragem foi líquida, agora ela é sólida, irmão.",nao
3906394,Buceta pro homem fraco é que nem cocaine.,nao
3908180,"O criador de todos os atores e atrizes, Ele é o autor.",nao
3908188,Emanuel tava comigo.,nao
3908245,Só não sabiam que ele nunca seria rendido.,nao
3909538,Errou é game over.,nao
3910275,Até que fecha não eu não vazo ela deixa nítido o teste.,nao
3910687,"Brindei my fucking day, geração de reis dais quais eu enterro.",nao
3910690,"Brindei my fucking day, geração de reis dais quais eu enterro
.",nao
3911311,"Observe meu olhar, de parte homem parte lobo,.",nao
3914165,"e só vejo ela nítida, mirabolar
.",nao
3919055,Ela diz que ele vive igual matrix.,nao
3919116,"Então mostra pra eles como é curto o pavio, hé !.",nao
3919334,"(Spinardi agora é nóis, senta aqui)
.",nao
3921428,"não ignore esse momento, ele é verdadeiro,.",nao
3921820,Ela estava preparada já na mesa do parto com muita.,nao
3922186,Hei escuta seu anjo ele fala sério.,nao
3924743,"Jamais, Hitler também foi aplaudido.",nao
3924913,"..(mas o tempo passa e ele é professor)
.",nao
3925202,"Amor de mãe impossível de explicar ""não dar"".",nao
3926296,"Tem que matar mina gestante, idoso, criança.",nao
3926993,Bahia e minas gerais.,nao
3928291,Não quero ver a sua mãe encima do seu corpo (morto).,nao
3930410,de moleque tá ligado.,nao
3930678,"O SENHOR QUEBROU MEU RADIO, MAS PORQUE FEZ ISSO.",nao
3931816,"Mas fica sabendo, Deus está contigo.",nao
3931970,Ela foi a procura de alguma notícia.,nao
3932260,"A POLÍCIA AFASTADA, COMO ELE PEDIU.",nao
3932988,Não olha pra ele que ele é envolvido no esquema!.,nao
3933008,Gentileza é paga com gentileza.,nao
3933362,Caralho essa mina foi foda.,nao
3936354,Onde o senhor está meu deus?,nao
3937087,Todo mundo pra fora do ônibus que ele vai ser incendiado.,nao
3937676,"Não existe parabéns, flor do namorado novo..",nao
3938987,_UM HOMEM NA ESTRADA.,nao
3940391,Jesus foi traído por um beijo.,nao
3941515,"Todo homem é culpado do bem que não fez!
.",nao
3943588,Eu e dois parça trocava uma ideia de milzão irmão....,nao
3944639,Sua segurança não é pesada como meus parcero.,nao
3944858,me da 10 mil no ano eu fico rindo ele inteiro.,nao
3945237,fazer essa merda /direto se limasse as que ele mesmo.,nao
3945375,se limasse aquelas que ele mermo sabe que não estão.,nao
3947250,"Itapeba, Minas gerais to chegando.",nao
3947753,pra ver e crer que o senhor é meu pastor.,nao
3948286,"Ted estamos juntos, firmo.",nao
3949092,"Com elas não preciso mais atirar pois o fulano que um dia te usou e nos abandonou eu acabei de matar ...
.",nao
3949353,O QUE VOCÊ RECEBE POR ANO ELES FATURAM POR HORA.,nao
3949924,"Jesus foi cravejado,.",nao
3950438,Mas a piscina do padovani não ela nunca está vazia.,nao
3952750,três filhos pai mãe ta completa a família.,nao
3953259,"Ele é preciso na idéia,.",nao
3953494,Celsinho foi levado de quebrada não muito longe;.,nao
3953652,"Se a responsa tá no porte, ela não vai ser transferida...
.",nao
3953819,Eu sei lidar com isso menina mulher.,nao
3954824,"Moço escuta legal o que eu te falo,.",nao
3956211,Pra viver pár mulé e pra ver elas nuas.,nao
3956368,Ele é grande e potente?,nao
3956433,Se eles vêem pêlo eles ficam loucos.,nao
3956888,Aonde eles chegam eles varrema parada.,nao
3957095,"A gente pega as mulé, e deixa elas fliz.",nao
3959905,"Tem rei leão que é gato ""véio"" num sofá mofado.",nao
3965365,O rapaz é abalado com o divórcio dos seus pais.,nao
3966507,As grades e muros homens pioneiros toda liberdade pra ser um prisioneiro.,nao
3966578,bem vindos a mais grande floresta e ela é fria e cinzenta.,nao
3969146,"Ih, o que que eles querem maluco?
.",nao
3970273,Porque o mundo gira e um dia ele vai ser alvo da bala perdida.,nao
3972270,Também não existe homem forte que suporte.,nao
3973391,"Darc sou grato por toda eternidade.
.",nao
3973834,ruim com elas pior sem.,nao
3975022,"O crime, ele é podre (a ideia é forte).",nao
3976055,Eles eram capaz de ver os nossos meninos de rua se transformando em marginais.,nao
3977088,você me vijiando e sua mulher mulher no putero.,nao
3977191,a mina gesticula.,nao
3977301,Põe etiqueta no dedão pra ele ser o milésimo de alegria.,nao
3979469,Zumbi foi afastado de lado não apareceu por um acaso.,nao
3980829,O único rei digno de louvor.,nao
3982908,Não muito longe um cara fuma e uma mina lambe.,nao
3983055,"Ela é a razão por cada frase ou improviso, ela que.",nao
3983594,Uma menina e um menino vamo fazer diferente!.,nao
3986216,Mas ela não é real al.,nao
3986940,Que o rei corre sozinho e não pode apressar.,nao
3987104,Ele não foi bandeirante.,nao
3987109,"Pé no chão, é trabalho, ele é gueto.",nao
3987648,Jah tô protegido em.,nao
3988331,Quis ser verdadeiro e ao invés de rosas.,nao
3989706,"Ele contra ele mesmo desafio estava feito,.",nao
3990720,"Dennis, a tia veio avisar que a sua mãe está presa.",nao
3992600,Senhor está contigo!.,nao
3992999,Óh pai chegou o dia sei que o senhor está comigo.,nao
3993028,"Represento o meu nordeste, meu senhor está comigo,.",nao
3993522,"Maluco é complicado quando a doida vai embora .
.",nao
3993581,"Não tem estratégia, Deus é único não dá pra explicar.",nao
3997347,Como quem usa britadeira nas ruinas de mina gerais.,nao
3998211,Viver com ela é excencial.,nao
4000209,"Quero aprender com os meus defeitos, acordar um homem melhor.",nao
4001434,"Bué incertezas, bué de esquemas em discos com damas tesas.",nao
4001527,"levar uma vida normal, longe de crime, Dino quer é sosego, mas não.",nao
4004223,Essa tal cidade ela é muito gigante.,nao
4005035,Ele foi visto ali na quebrada.,nao
4007663,Gusta é lado a lado.,nao
4008084,Face destruir ela inteira.,nao
4010246,A lendinha diz que ele tá forte pra caralho e manda na.,nao
4010455,Sem querer saber se ela tá certa porque usa.,nao
4010722,"vai ler a constituição porque ela é uma piada
.",nao
4011897,"agora come a feijoada porque ela não tá fria, ainda..",nao
4011935,"cê diz ?eu te amo?, ela acha lindo.",nao
4012796,Lobato é muito mais educativo que.,nao
4017384,"Ele é meu professor?.
.",nao
4020577,Mano é fácil de notar.,nao
4020691,Eu com ela curto demais.,nao
4023064,Paulo ainda estou acordado.,nao
4023405,ele limpa o parabriza e sonha com o papai noel.,nao
4024289,Que o peso do martelo pra nois é diferente.,nao
4026261,Ele vai será o logótipo de angola inteira.,nao
4029905,Se ele não dá kumbu não papa.,nao
4030373,Porque agora elas estão unidas.,nao
4038057,E algumas mulheres trazeria.,nao
4042656,Eles enterram igual.,nao
4042706,Ela tá doida pra pegar fogo.,nao
4043290,E quero ela mano em qualquer canto.,nao
4043319,Sabe que nois é foda.,nao
4043433,"Mina cheia de drama
.",nao
4047024,E ELA ESTA CHEIA DE VIDA.,nao
4048641,Grandes as conquistas de menino sonhador.,nao
4049863,"Ela é a realidade que nos leva a algum lugar.
.",nao
4052582,Ele finje que esqueceu!.,nao
4052645,"Os homens não são iguais, não são.",nao
4057179,"Não só por um momento
.",nao
4058678,Que deixa o homem cego e escraviza o coração.,nao
4062456,"Jah está contigo e mal nenhum pode te alcançar
.",nao
4062932,Pra que ele faça boa viagem nessa passagem!.,nao
4065126,"Pare a polícia, ela não é a solução não
.",nao
4065857,Eu sei que ela seria poluída.,nao
4067564,"É descalça que ela gira, ela desaparece.",nao
4067565,"Ela cresce, ela fica pequena.",nao
4068641,Mulher brilhante é a.,nao
4074664,Jah está sempre comigo.,nao
4075931,Trombei com ela foi tão casual.,nao
4076082,Menina eu sou um homem simples.,nao
4076173,Só esperando o astro rei raiar.,nao
4086217,"A vida, ela é curta e você desacredita.",nao
4091683,"Menina menina...
.",nao
4094591,Eu fico olhando para as cobras eles cheio de.,nao
4094613,"Faça uma oração para o senhor soldado que você precisa para voar
.",nao
4094770,"A justiça do homem é tão injusta, Justiça
.",nao
4095788,"Mulher mulher mulher...
.",nao
4096549,Minha filha completa 13.,nao
4098932,"Entregue sua vida em oração, Deus está contigo.",nao
4107409,Faz parte do mundo do homem campeiro.,nao
4108601,"E elas não quiseram mais prosa
.",nao
4109215,"Logo ele atora serrote ou quebra cabo de reio
.",nao
4111630,ELE DIZIA CHORANDO.,nao
4112661,Zebu de minas gerais.,nao
4113612,"Mãe não serás esquecida
.",nao
4113847,(Alô senhoras e senhores muito boa noite.,nao
4115662,"Ele disse arrogante
.",nao
4115851,Talvés foi melhor assim.,nao
4117035,Ele nunca vem sozinho/hoje eu te atiro no barro.,nao
4117432,Flamengo ele é freguês.,nao
4119756,Prefiro ver ela morta.,nao
4120004,Atenção agora vai entrando em campo a equipe do rei leão.,nao
4120033,O elefante que é o juiz joga a moeda para cima que veio favorecer o rei leão.,nao
4121839,"Ó minas gerais, ó minas gerais.",nao
4121840,Ó minas gerais quanta saudades você me traz..,nao
4121842,Ó linda minas gerais.,nao
4121869,"Minas gerais votarei
.",nao
4121872,Ai eu vou eu vou lá prá minas gerais.,nao
4121892,"Eu chego em minas gerais
.",nao
4121904,Minas gerais é riquíssima.,nao
4123067,ELA RELEMBRA O PASSADO.,nao
4123310,Mulher igual a você.,nao
4126637,Não quer mais arranha-céu minha querida é verdade.,nao
4127096,POR TUDO QUE ELE TEM FEITO.,nao
4128872,Jacaré estou armado.,nao
4129118,Antônio é santo casamenteiro.,nao
4129187,"Deixei a minha terra, meu.",nao
4129454,Eu amo minas gerais.,nao
4130223,Eu vou partir querida não chores.,nao
4131312,Eu sei que com eles estás revoltada.,nao
4133537,- afinal tia marica ele dançou e lhe deu algum beijo?.,nao
4137073,"Que eu dançava, com a namorada primeira.",nao
4143847,Falei pra ela vou alevantar um rancho.,nao
4150022,Pra deixar ela legal.,nao
4152210,Pedi pra mãe velha ajeitar os meus pano.,nao
4152706,E a mãe gritava menina volta dançá qui na luz.,nao
4158298,O senhor fique ciente.,nao
4161430,Sou guapo desde menino contrário nenhum me vence.,nao
4161652,Sem esperar que ela mesma me usasse de traição.,nao
4162854,E uso ela conforme foi feita..,nao
4164080,Quero que o senhor compreenda preciso ter alegria.,nao
4164569,E Cristo estava sentado e disse vê que fracasso.,nao
4165301,E chamando o moço ansim pro lado.,nao
4165930,"Somente pra ele inscrevê
.",nao
4166467,Eu num queria que ela fosse ansim.,nao
4168276,Maria tava ajueiada.,nao
4168337,Maria tava inocente?.,nao
4168449,"entanto, minha mãe despois deu grande, me contou em.",nao
4168457,Se o senhor tivé tempo.,nao
4169501,Vancê vai viver contente.,nao
4170230,Porva vai garrá fedê.,nao
4170550,Branca era tão diferente.,nao
4171210,"Pitoco fui caçá
.",nao
4177468,Com olhos negros de noite que ela mesma querenciou.,nao
4178975,"Vem cá, vem cá, moço não seja ruim.",nao
4188723,But your heart could feel that beat.,nao
4193131,Gregório não foi isolado.,nao
4195152,"Gravata, sapatinho, êta moço bom!.",nao
4199103,"Ela é completa com a sua própria companhia
.",nao
4201720,Sendo-me ela tão necessária.,nao
4202296,"Senhor lá encima no céu
.",nao
4203612,Baby não é possível.,nao
4203897,Câmara um homem divinal.,nao
4205140,"Colo-colo, Colo-colo é campeão.",nao
4206275,Ela quer ser artista.,nao
4207387,Deus o homem é cruel ?.,nao
4212833,Ele foi réu sem ter pecado.,nao
4212919,O lar sem mãe é triste.,nao
4213314,Ele é o reino de glória e paz.,nao
4223306,E ela já estava acordada.,nao
4224000,Deus eu queria poder descobrir se ela está feliz.,nao
4231402,"ela está tão distante
.",nao
4247766,"Torcendo pra que ela mesma descubra no meu jeito de olhar
.",nao
4247769,"Dizer pra ela não é culpa minha, mas é minha solidão.",nao
4249595,"Minas gerais é terra da alegria, é terra da paz!
.",nao
4250018,Já tão secando o leite de minas gerais.,nao
4256970,"Amor, Deus foi tão bom comigo.",nao
4262289,"Amo o sol senhor ardente
.",nao
4266613,Ele não está aqui comigo neste mundo imundo.,nao
4271158,Você deixou ela sozinha.,nao
4273983,O tempo em que ela tão feliz.,nao
4274961,Ela não bronqueia e nem perdoa.,nao
4275940,Parabéns não foi fácil más valeu.,nao
4278896,Não tem raça.,nao
4279976,Se ele fosse seu vizinho.,nao
4280408,A sorte pra ela foi muito pequena.,nao
4285772,"Porque o coração, ele é sempre capaz de amar
.",nao
4286969,"É PENA QUE ELA FIQUE TÃO DISTANTE
.",nao
4289171,Senhor segura em minhas mãos.,nao
4294325,Moça moça eu te prometo eu me viro do avesso.,nao
4294678,Nos fizemos tão meninos livres tão vadios de tanto querer.,nao
4295731,Mas ela chega cheia de chamego.,nao
4298926,Jesus não esperou ser amado por você para também te amar..,nao
4300258,Como homem foi levado a cruz pra provar a morte.,nao
4300977,Rever amigos que um dia em cristo foram feito meus irmãos.,nao
4300997,Cumpriu-se a profecia que ele mesmo falou.,nao
4301048,"lembre-se que voltará, Ele mesmo avisou.
.",nao
4301421,"AÍ, VOU VER SE ELE É MAIS DO QUE EU


.",nao
4301581,Jesus é tão bom estar aqui.,nao
4301997,E Ele não será derrotado pelo inimigo.,nao
4302764,ontem a noite ele estava sozinho.,nao
4302881,"Si, Ele disse vinde a.",nao
4302883,Ele disse vinde a.,nao
4309933,Voltastes estás bem contente.,nao
4314932,"Agora é tarde, Inês é morta.",nao
4315155,Esta mulher vive assim tão humilhada.,nao
4322557,Não sei se ele falava sério.,nao
4329747,Nos barcos os pescadores e um rei escritor.,nao
4332495,Ela já não está comigo.,nao
4338752,"Foi por que ela estava ausente
.",nao
4351544,Cristo também foi traído por.,nao
4361548,"Oh, pátria mãe gentil.",nao
4363107,Que ele dá bom palpite.,nao
4364215,"E o diário de viagem, ele mesmo escreveu,.",nao
4365525,A bênção mãe baiana rezadeira.,nao
4365978,Pra defender a nossa pátria mãe gentil.,nao
4368805,Juca era mestre em valentia.,nao
4372268,O rei mandô cair dentro da folia.,nao
4373945,"És a pátria mãe gentil da amizade
.",nao
4375346,O homem busca novos ideais.,nao
4377267,"Ela já não está presente

.",nao
4377378,O rei ficou ciente.,nao
4386951,"Oh, menina moça saia no portão.",nao
4387998,Brown é verde e branco.,nao
4388118,"Oh mãe africa, da nossa mistura nasceu o samba.",nao
4389115,"Portugueses, povoando a pátria mãe gentil.",nao
4392144,Vamos gritar aos quatro cantos desta pátria mãe gentil.,nao
4392312,Pátria amada idolatrada mãe gentil.,nao
4393091,"Que havia comilança em sua pátria mãe gentil
.",nao
4394507,REFORMAS SOCIAIS ELE PEDIU.,nao
4394743,O rei momo emagreceu.,nao
4395643,Proteja a nossa pátria mãe gentil.,nao
4396338,Quando a atração é o grande rei leão.,nao
4397125,Lindo sonho que é só meu (o rei mandô).,nao
4397559,"CADA SELVA TEM UM REI, CADA REI TEM SUA LEI.",nao
4397615,"Terra querida é luz e cor
.",nao
4397738,"Yogurte é leite, tem saúde e muito mais
.",nao
4399142,"Ora yeyeo, mãe menininha do gantois
.",nao
4400477,"Oxente festeira, acende a fogueira...",nao
4402668,"Minha pátria mãe gentil, meu.",nao
4403604,Nossa pátria mãe gentil.,nao
4404002,Odudua foi regente.,nao
4407739,"E se amasse ele não estaria deitada
.",nao
4409073,"Quero ver esse mineiro voltar de a pé pra minas gerais
.",nao
4416211,"Coração é meu doutor
.",nao
4418656,Perdão foi feito pra curar as feridas.,nao
4421082,"Com certeza, ela mesma vai colher
.",nao
4421101,"Com certeza, ela mesma vai colher.",nao
4422301,Aos homem grande amizade.,nao
4425220,(E guiando os três rei mago.,nao
4425524,Rei está presente.,nao
4425876,Onde ele mesmo veio me falá.,nao
4428422,Ainda a moça acompanhô.,nao
4428533,Maria tá sozinha.,nao
4429194,Rei celestial.,nao
4431474,"Eu sei, a caminhonete é linda, ela tá conservada.",nao
4431554,"Mas ela quis dormir sozinha
.",nao
4438259,Porque ela está fechada.,nao
4438844,Sofro tanto porque ela está distante.,nao
4441963,"Eu já me livrei dessa paixão

.",nao
4442165,Sem ela é muito difícil.,nao
4442276,"Com ele foi sepultado seu companheiro, o violão.",nao
4442511,Mas eu confesso aos senhores jurados.,nao
4442895,Querida mãe natureza resolveu presentear-me.,nao
4446206,"É Jesus, Ele sempre está comigo.",nao
4449079,E os zoínho do menino marejou.,nao
4449614,"E a minha sogra ela mandô chamá
.",nao
4452046,Ele também foi chamado.,nao
4453026,Para que ele fosse livre.,nao
4453425,"Eu dou uma rasteira e faço ele pranchá
.",nao
4453599,Mas homem quando é homem.,nao
4453989,Uma letra que ele mesmo rimou.,nao
4454196,Dos filhos desses solo és mãe gentil.,nao
4457654,Ele fica sossegado.,nao
4466117,alcançava com a mão quem sabe ele seja este homem.,nao
4473806,Minas inteira.,nao
4474430,Com a mulher terceira hoje sou casado.,nao
4475921,Conselho de mãe é uma graça divina.,nao
4478312,É uma pena ela estar tão distante.,nao
4478600,Menina: - O senhor é meu paizinho?.,nao
4479734,O Malaquias foi mordido por um cachorro.,nao
4479919,Ele foi operado e ao passar quarenta anos.,nao
4480080,Depois se ele cisma querê me beijá.,nao
4480394,O amor de mãe é maior que o céu.,nao
4480556,E pra ele nunca esquecê.,nao
4481125,"(""Ó lá, ó lá, ó lá, por miséria ele pensô.",nao
4481130,"mandava ele plantá feijão, mandava!",nao
4481377,"Que elas precisam melhor condução
.",nao
4481738,"(""E ele veio seco pra me agarrá e eu"")
.",nao
4482109,No cartório ele entrô e falou pro escrivão.,nao
4483093,E ele foi derrubado.,nao
4483325,Pro moço foi ofertado.,nao
4483510,Quando encontraram ela morta.,nao
4483584,Ela ia ficá sozinha.,nao
4483607,No dinheiro ela pensô.,nao
4483612,Ele mesmo se arranjô.,nao
4483959,O menino tava morto.,nao
4484219,Pra sua mulher guardá.,nao
4484589,Pra eles ganhá um beijo.,nao
4485785,Ela é minha companheira.,nao
4486382,O rapaz foi socorrido.,nao
4486703,"Majestade, os antigos diziam que para o rei ser completamente feliz ele precisa usar a camisa de um homem feliz.",nao
4493997,A primeira namorada é difícil esquecer.,nao
4494702,"Pra ela saí vazia
.",nao
4495528,O dinheiro ele puxô.,nao
4496305,Quando o moço chegô em casa.,nao
4498874,"Bem, se é assim, o acusado e a senhorita estão dispensados; Podem ir embora.",nao
4498879,Além de perder a namorada ainda vou ficar preso?.,nao
4499174,"Cassino, em nome da lei o senhor está preso.",nao
4500829,Viver sem ela não vivo.,nao
4501196,"Por ela estar ausente
.",nao
4503020,Tirar o som do carro e deixar ele natural.,nao
4512680,"Nem ela mesma sabe o que quer
.",nao
4513274,"Que quando ela esqueceu tava cheio
.",nao
4518983,"Entao tá maneiro, dominou o.",nao
4523402,O canto das minas antigas.,nao
4527140,"Pôr eles juntos é natural!
.",nao
4538752,"Eles não eprdem por esperar,.",nao
4540962,Ele sempre vai fugiiiiiiiiiiir!.,nao
4541186,Uma garota é a razão.,nao
4542765,Que ele está guardado pra você.,nao
4551249,Porque ele não está afim de te abandonar.,nao
4553018,"É verdade que a mulher moderna gosta é de carro e de dinheiro?
.",nao
4558771,"E no entretanto, elas não são iguais.",nao
4559374,Ela já está farta de dizer.,nao
4560028,Menina segura o vestido.,nao
4566743,"Mas o sofrimento não existe, ele é uma ilusão, ele é irreal.",nao
4566746,Tais sórdidas condições do homem é um fato porque a maior porcentagem esmagadora da humanidade se esqueceu de quem é.,nao
4566758,Tais sublimes condições de alguns homens é um fato porque a menor porcentagem esmagadora da humanidade sabe sobre quem é.,nao
4566769,"Universal e por consequência não se apegam a nada, pois compreendem que ele mesmo possui maior valor para a.",nao
4567325,Jesus estão contidos.,nao
4568084,"Daime é centro, trabalho de concentração
.",nao
4568316,"Wakan tanka, grabde mistério, senhor divino.",nao
4568682,"Na expressão da madrinha, por ela fui acolhida.",nao
4569417,"Sem ela é ação de sofrimento e tristeza
.",nao
4569664,Que ao sair ela vá sempre melhor.,nao
4570003,Os conhecimentos do oriente ele concatenou.,nao
4570027,Trajano foi preso e torturado.,nao
4570063,Primeiro a morrer por sua fé ele foi decapitado.,nao
4570171,Da parte mais alta de um templo ele foi lançado.,nao
4570197,"Nero ele foi decapitado
.",nao
4571613,O Mestre ensinando que todos os homens são iguais e filhos de.,nao
4572851,"Embora a inteligência do homem seja grande para criar complicações todos os dias, o.",nao
4572890,"Para ser compassivo antes precisa da consciência de cada homem e mulher existente, e por maior que sejam suas diferenças físicas ou ideológicas, nasce na condição de membro efetivo da família humana e todos são iguais.",nao
