frase_id,frase
1,Carolina é uma menina bem difícil de esquecer.
6,"Inteligente, ela é muito sensual."
51,"Menina bela, menina bela."
798,Ele não é feliz.
1235,"Ela é linda, mas não tem nome."
1277,"Ela é guerreira, ela é uma deusa, ela é mulher de verdade."
1280,Ela é discreta e cultua bons livros.
2327,E passou a menina mais linda.
2601,"Com, jeito de menina brincalhona."
3024,"Ela é inacreditável, você tinha que ver."
3052,Vai pensando que ela é fácil rapaz.
3054,Nem combina com as mulheres vulgares.
4344,Minha pequena deusa africana.
4701,De mulher mais bandida do mundo.
4738,Que a menina é braba e você vai.
4796,Maria é crente e foi orar.
5429,O nome da sua mãe é difícil demais.
5432,"Pra ela também vai ser bom, que vive esquecendo."
5780,"A boa menina ficou braba, hein?"
6383,"Gucci, ela é bem moderna."
6724,Sem enxergar que ela é brilhante.
6725,Que ela é rara.
6794,"Eles fica puto, né?"
7046,Se hoje ela é fria eu que esfriei.
7235,"Fuma um vape com gosto de ""hoje a mãe arrasa"" (Eh) Aprovеita e me leva pra tua casa (Eh-еh) Me promete prazer (Eh), preciso de amor não."
7474,Wall ele não é atoa.
8110,"Martins) (É pra tocar, pra tocar, pra tocar no paredão) Ô, que mina simpática."
8143,"Halls na língua, amor) Que mina simpática."
8295,"Afrodite, ela é a deusa do tesão."
8348,"Ela é linda, mas não tem nome na bolsa dela."
8460,"Um garoto tranquilo, não bebe e nem fuma."
8466,"(joga, joga, joga, joga) Todas elas são atriz, ela jogando para mim."
8552,Que a filha é bandida.
8772,"Eu duvido que outra garota rebola e senta assim, gostosin."
8922,"Que ela é marrenta demais, eu não tô aguentando."
8981,"Que ela é diferente, é difícil de ser ver."
8988,Sua mãe é empresária.
9180,Ela só é gata de filtro.
9994,Se o senhor não tá lembrado.
11004,Mas não tenha pena se ele é matador.
11081,Eu sei que o senhor é bonzinho.
11797,Ela é minha menina.
12618,Eu sou apenas um rapaz latino-americano.
12887,Mas não cantem essa moça bonita.
13271,Se eles são bonitos.
13275,Se eles são famosos.
13484,Mãe gentil.
14358,"E da libido, e pra um garoto introvertido."
14430,"Eles são legais, além do mais, Não querem nem saber."
14630,Todos eles afim de entregar os irmão.
14647,De um ônibus pra outro aquilo para ele era o fim.
15846,Que mulher ruim.
15936,"Homem é homem, mulher é mulher."
16025,A mina era virgem e ainda era menor.
16321,"Mas ela é linda, Muito mais do que linda, Very, very beautiful!"
16332,"Por que ela é linda, Muito mais do que linda, Very, very beautiful!"
16405,Aqui nesse mundinho fechado ela é incrível.
16421,Ela é tão tão vistosa que talvez seja mentira.
16705,Jackie uma menina tão bonita que enjoa.
16927,Menina é gostoso demais te amar.
17578,"Ela era princesa eu era o plebeu, Quem é mais foda que eu?"
17591,"Em fração de segundos meu castelo caiu, A mais bonita da escola rainha passista, Se transformou numa vaca nazista."
17603,"Só se liga nessa, Que mina cabulosa olha só que conversa."
17646,"Ele é safado, Fugiu do."
17690,"Ela está suada, pronta pra se derreter!"
17691,"Ela é puro êxtase, êxtase."
17701,"Vontade de dançar até o amanhecer, Ela está suada, pronta pra se derreter!."
17709,"Ninguém explica, ela é bonita."
17779,Deus que ele é justo.
17793,Porque a confiança é uma mulher ingrata.
17868,"Ela tem força, ela tem sensibilidade, ela é guerreira."
17869,"Ela é uma deusa, ela é mulher de verdade."
18834,"Olha lá, ele não é feliz."
19223,"Fiquei sem chão [Refrão 2x] Menino bonito, menino bonito, ai ai menino bonito, menino bonito ai."
19229,"ô [Refrão 4x] Menino bonito, menino bonito, ai ai menino bonito, menino bonito ai."
20137,Ela é política aplicada e conversas banais.
20138,Se ela tiver muito afim seja perspicaz.
20739,E ela é tão linda.
21106,"Rasga minha roupa, ela é bipolar."
21395,Só vou saber se ela é boa depois que eu tacar.
21712,Eles fica puto que nóis tá lucrando muito.
22006,Que uma mulher foda virou sua ex.
22120,"E, ó que ela foi covarde."
22994,Que ele é o cara errado.
23266,"Mina linda, mas que obra-prima."
23334,Gomes) É ele mesmo.
23564,"Hoje eu vou ser seu, duble de marido yeah."
23610,Hoje eu vou ser seu duble de marido yeah.
23666,Kadu hoje não tá mais pobre.
23846,Que elas tão cheia de malicia.
24166,João tá certo.
24215,"Só porque ele é grande ele pensa que é dois (Quem, quem?) Meu pau."
24216,"Só porque ele é grande ele pensa que é dois (Quem, Digu?) Meu pau."
24508,"Quem conta conta muito e manda a inveja pra lá (Hahaha, a mina tá cara—) Sem camisa, copo na mão e."
24512,"Ela é uma flor, mas ama fumar planta (Hahaha) Transa que transa com a amiga piranha."
24518,Tudo conforme os plano (Sempre) Minha filha rica e eu sou.
24631,Roma dentro da minha goma elas fica pelada.
24899,"É tipo isca pras piranha, elas fica apaixonada."
24978,Ela fica molhada quando vê um vida louca.
25004,Ela é muito gostosa com essa cara de atriz.
25045,"Ela acha cativante, a vida do funk que nóis leva."
25115,Pra comer essas mina linda que cobra 10k.
25159,"Que eu gosto quando quica, quica, quica (ele mesmo) (DJ João."
25242,Fafá é cara e o.
25354,"Dindin não é problema, nas puta taca."
25474,"Quarenta graus, nós pesado, ela é mídia."
25626,"MD, o migo vira vida, a bebida [MC Daniel] Uma mina gostosa incomoda muita gente."
26308,"Ele era pagodeiro, maloqueiro."
26611,Mas só quando ela voltar pros meu braços.
27417,"Quando chega no baile, ela é atração."
27420,Ela é terrível!
27422,"Ela é top, capa de revista."
27435,"OnlyFans) Ela é malandra, é safadinha."
27442,"Ela é malandra, é safadinha."
29099,"Tem mulher solteira, vai, vai."
29638,Ela rebola gostoso.
29653,"Ela tá solteira na pista, voltou pro paredão."
29656,Mas ela prefere ficar sozinha.
30660,"Que mina cavala, vou precisar de uma sela."
30893,Deus que ele é justo!
31017,Bruxo só tem menino selvagem.
31814,"Ela tá solteira, mas não tá carente."
31884,"Não nasceu pra ser mulher solteira nasceu pra mim, pra viver coladim."
32167,Jesus tava comigo.
32205,Que os maloqueiro tá deixando eles forte.
32498,Mãe pode ficar bem tranquila que as conta tá paga.
32675,"Mina doidona taca fogo, passa a goma, compra tudo."
32825,Matheus tá patrão e um salve pro.
32828,Porque aqui só tem menino bom.
32862,"Oh, você joga sujo, mina viciante, o meu ponto fraco."
33074,"Ai, ah, ela faz suruba, mas ela não é puta."
33075,"Ela é solteira, yah-yah-yah."
33077,"Ahn, ahn, ela faz suruba, mas ela não é puta."
33141,"Aí, que ela é putinha da web, faz um cash vendendo conteúdo."
33207,"Baile lotado, mas sem ela é vazio."
33260,"E ela vem tão glamorosa, vestida de rosa."
33281,Várias opção e hoje ela foi a escolhida.
33399,Mais uma vez te vejo tirando a roupa e pessoalmente ela é melhor que na foto.
33771,"Com dezenove tô bagunçando, eles tonto."
33853,Eu sei que tu e ela é rica.
34684,"Toda cabulosa, indecente o tanto que ela é gostosa."
34983,A As mina aqui são braba.
35893,Preto favelado e a menina patricinha.
36122,"Licor 43 espanca, ela fica louca, safadinha."
36171,"Vê só pela passada ela sabe, o menino é caro."
36188,"Eu vi lá, eles não querem ver preto vencedor."
36313,"Ostentação, deixa ela louca, palmeia."
36699,Pra deixa a princesa bruxa.
36807,"Ela é novinha, mas não inocente."
37132,Ela faz mágica comigo.
37206,"Caralho, os paparazzi tirando foto, eles é foda, mano."
37408,Ela era linda e tava carente.
37418,É que eu sou homem só vivo errando.
37526,E o som já tá no alto (o som já tá no alto) Vizinho já tá puto.
37565,"Ela tem muito bom gosto (Okay) Mas eu quero ver mais de perto (Ahn) Baile sem você bebê, p'ra mim parece um deserto."
37758,"Quando você vier, por favor, não coma pouco (yeah) Noites que ela fica louca (uh) Nem sempre tá crazy (uh) (Ela age) como se fosse poucas (poucas, ó) Mas isso só às vezes (só às vezes) Uma dose atrás da outra (ou) Chapa e nem percebe (cê) Só se acaba em motel (mo) Antes que acabe, é check (check) (Uh) minha neblina é aonde acontece (yeah) (Uh) (ahn) igual minha carteira, minha blunt tá verde (yeah) (Uh) (huh) só ando engordando, tô comendo cash (yeah) (Uh) não preciso das que se envolvem com pac (ayy) Goles e goles e goles e goles, yeah."
37836,Hoje ela joga pros mlk do.
38087,"Olhando o céu, ela é cruel."
38390,Ela era diferente.
38446,"Ela é fútil, mas eu gosto."
38619,"Clyde da quebrada (aham) Capa de revista, a minha mandraka (aham) Se eu tô no toque, ela é mochila."
38688,Ele é falso e mentiroso vou chamar de.
38715,Ele é falso e mentiroso vou chamar de loki.
38763,Ela é viciada em cores.
38777,Blunt é bombom uma taça de.
38902,"Ela é insaciável, vem pra cima e já me morde."
39204,"Deus) Ele era trap, agora é pop."
39214,"Ele travou meus royalties, ele é falido."
39215,"Precisa de grana, ele só anda liso (hahaha) Caos, fala mais baixo que eu sou patrão, neguin."
39274,Ela gosta quando eu mando foto do corte (na régua) Debochada e gosta de aventura (ela é debochada) Disse que meu traje combina com suporte.
39475,"Conta as hora e a vantagem (ahn, ahn) Ela já é uma peça, eu nem vou gastar na montagem (ah) Se eu fosse uma luz, taria na mais alta voltagem."
39487,"Meu copo tava pink, joguei cinco e ele ficou muddy."
39554,"Menina maluca, instinto piranha."
39827,Ela é ignorante por cima do pau.
39888,Duda porque ela faz completo.
40344,"Álcool vai subir pro sangue (vem pra base fuder) Ela é tão bonita, pena que quer todos da minha gangue."
40345,"Ela é tão bonita, pena que quer todos da minha gangue."
40575,"[MC Lipi] Tipo ilusão de ótica, quando avistei essa mina gostosa."
40576,"Eita mina perigosa, oloco, será que ela me namora?"
40585,"Eu me encantei, minha futura mulher [MC Piedro] Ela é empoderada, parece que a pele dela brilha como a."
40595,"Ela é muito linda, linda, linda."
40687,Ela é linda e até cego.
40704,"Porque ela é braba, cada sentada dela é uma pancada."
40710,Porque ela é braba [Theus.
40712,"Não notar ela é impossível, seu feitiço é irresistível."
40867,"Que eu gosto quando quica, quica, quica (ele mesmo, DJ João."
41472,"Fuma do kunk, ela se garante, ela ignorante por cima do pau."
41480,Ela ignorante por cima do pau.
41727,Que mina cavala eu vou precisar de uma cela.
42449,Sem saber do que ela é capaz.
42452,Ela é diferente de tudo e de todas que já conheci no mundão.
42453,Ela é linda de vestido colado cabelo alisado sabe bem o que quer.
42456,Ela é linda com o jeito seduzente.
43425,Que ela fosse igual a você...
43988,Por mas que ela dê mole mas respeita a mina.
44661,Elas não são brincadeira.
46169,"Ela é debochada, ela tá que tá."
46498,Ela me ama tanto que ela fica louca.
47142,A minha mãe com ele é um grude.
47381,Natural ele já é bonito.
47698,Ryan tá casado.
47863,É que essa mina é louca.
47885,"Ô, o mundo tem mulheres lindas."
48523,"Como menino inocente, ela levou meu coração."
48609,"Bull, elas fica louca."
48658,Ela é mais forte que todas que eu conheci.
48780,"Ele era pagodeiro, malokeiro."
48938,"Mulher bonita mexe com meu coração mas também não me iludo, não."
49108,Kevin tá solteiro.
49129,"Ela é minha mandraka, né."
49291,Deixa as mina louca.
49295,As mina louca.
49403,"VG] Pego de lado, ela geme gostoso."
49409,Ela é selvagem e faz malabares.
49414,Até mulher tá apaixonada.
49418,"Até mulher tá apaixonada [MC Rodolfinho] Então vai, cai, rebola pro pai."
49434,Acho que eu casei com a mulher gato.
49449,"Ela é rica, não liga também vai pro seu lado."
49558,É que as minas são amigas.
50045,"Só menino bom, atracou de torpedão."
50120,"Cai no golpe quem quer, essa mina é treinada."
50183,Que garota bela como ela é donzela.
50187,Gosto do jeito dela de ser menina mulher.
50644,"Não, já pra confirmar que ele é o rei, pode apitar."
50688,"Pedro é hit, só paga pra ver, tem gostosa na festa."
50703,Ela é bagunceira e tá com a amiguinha.
51067,Ela é gostosa do bundão e gosta dos bigode.
51123,Então deixa vim que ela tá quente pra não perder o time.
51304,"Lá ela é safada, aqui é presença."
51397,"Fartura, loucura, hoje ela quer dar pros maloqueiro."
51581,"Esquema tático, é, menino raro, eu sou."
51623,GBR Essa menina é muito sexy.
51913,"Igual arroz, ela fica soltinha."
53015,Pois sem saber ela é minha alegria.
53144,"Essa menina mulher, da pele preta."
53176,Meia-noite ela jura eterno amor.
53602,"Senão, não se faz um samba não (Senão é como amar uma mulher só linda."
53637,E se hoje ele é branco na poesia.
53638,Se hoje ele é branco na poesia.
53639,"Ele é negro demais no coração (Eu, por exemplo, o capitão do mato."
53749,Eu lembro da moça bonita.
53767,Era a moça mais linda de toda a cidade.
53820,Pense nas meninas cegas inexatas.
53929,Toda menina baiana tem.
54163,Eles são discretos.
55064,"Um preto, um pobre, um estudante, uma mulher sozinha."
55071,"Um rapaz delicado e alegre que canta e requebra, é demais."
55488,É mãe solteira.
55682,Essa menina mulher.
55859,"E malandro é malandro, mané é mané (Podes crer que é) Malandro é malandro e mané é mané."
55869,Diz pra mim (Podes crer que é) Malandro é malandro e mané é mané.
55906,Olha aí (Podes crer que é) Malandro é malandro.
57655,Quando eu falava desses homens sórdidos.
58044,Ela é bela e fera.
58351,Toda menina baiana.
59122,Minha esposa ali tão bela.
59266,"Tô de namoro com uma moça solteirona, a bonitona quer ser a minha patroa, os meus parentes já estão me criticando estão falando que ela é muito coroa, ela é madura já tem mais de trinta anos mas para mim o que importa é a pessoa, não interessa se ela é coroa panela velha é que faz comida boa."
59267,"Menina nova é muito bom mas mete medo não tem segredo e vive falando a toa eu só confio em mulher com mais de trinta, sendo distinta a gente erra ela perdoa, para o capricho pode ser de qualquer raça, ser africana, italiana ou alemoa, não interessa se ela é coroa panela velha é que faz comida boa."
59268,"A nossa vida começa aos quarenta anos, nascem os planos do futuro da pessoa, quem casa cedo logo fica separado, porque a vida de casado as vezes enjoa, dona de casa tem que ser mulher madura, porque ao contrário o problema se amontoa, não interessa se ela é coroa panela velha é que faz comida boa."
59269,"Vou me casar para ganhar o seu carinho, viver sozinho a gente desacossoa e o gaúcho sem mulher não vale nada e que nem peixe viver fora da lagoa, to resolvido vou contrariar meus parentes aquela gente que vive falando a toa, não interessa se ela é coroa panela velha é que faz comida boa."
59444,O Chico foi baleado.
59593,"Tô de namoro com uma moça solteirona, a bonitona quer ser minha patroa, os meus parentes já estão me criticando estão falando que ela é muito coroa, ela é madura já tem mais de trinta anos mais para mim o que importa é a pessoa, não interessa se ela é coroa panela velha é que faz comida boa."
59594,"Menina nova é muito bom mais mete medo não tem segredo e vive falando a toa eu só confio em mulher com mais de trinta sendo distinta a gente erra ela perdoa, vale o capricho pode ser de qualquer raça, ser africana, italiana ou alemoa, não interessa se ela é coroa panela velha é que faz comida boa."
59595,"A nossa vida começa aos quarenta anos, nasce os planos do futuro da pessoa, quem casa cedo logo fica separado, porque a vida de casado as vezes enjoa, dona de casa tem que ser mulher madura, porque ao contrário o problema se amontoa, não interessa se ela é coroa panela velha é que faz comida boa."
59624,Por causa de quem eu amo vou deiar minas gerais.
59699,"Arrume tudo mãe querida, que seu filho vai voltar."
60537,Ela era muito caliente.
60553,Avisa pro meu pai que ele não é mais caseiro.
60554,A partir de hoje ele é fazendeiro.
60664,Ela é linda de chapéu e bota.
61269,É na 4x4 que elas ficam loucas.
62471,Deixei ela plantada linda e maquiada.
62473,E ainda saí falando que ela tava errada.
62665,"Ela é louca, muito louca!"
62668,"Lalaiá, ela é louca demais."
62684,Ela é louca chorus.
62689,Ela é louca hook.
62691,"Lalaiá, ela é louca demais (ela é louca) Laiá, lalaiá."
62697,"E o beijo é caixa e o sexo encaixa, ela é massa fi' verse."
62718,"Lalaiá, ela é louca."
62994,Menina bonita.
63239,"Deusa linda do amor, toma conta de mim."
63316,Ela é maravilhosa.
63831,"Que moço igual não há pela cidade, Mande um recado à minha amada, lua vai..."
64291,Menina sou louco por ti.
65061,Ela já foi esquecida.
66163,Cristo era bandido.
66172,Lúcia era uma menina linda.
66248,Cristo era só ódio por dentro.
66259,Aquela menina boçal pra quem jurei o meu amor.
66331,Ela também estava perdida.
67255,DP Tudo aconteceu quando ela chegou atrasada.
67672,Da mulher aranha.
68001,Fala pra ele que ele foi usado.
68557,Ela é toda safadinha.
68798,"Na minha cabeça, ela só queria forrozar."
69125,Que eu faço a mulher mais feliz desse mundão.
69531,Eu te acho a mina mais linda.
69690,Mas só que a mina é muito linda.
69747,Ela é mó gata.
69783,"Ela é experiente, permanece em presença leve."
69787,"Ela é experiente, sentando me deixa mais leve."
69833,"Antes da realidade, ela é minha flor de mate."
69916,"Hoje eu tô ligado que se existe o paraíso, elas são a passagem."
70041,"Dar uma namorada boa na piscina
."
70235,Mulher bonita mexe com meu coração.
70253,Em quatro paredes a mina meiga virou a.
70831,Olha como ele baba.
70961,Ela é estilosa.
71009,Ela é estilosa (ela é estilosa).
71177,Ele é justo e cabuloso.
71473,"E dessa vez ela não tava errada

."
71819,Tá lotado de mina gostosa.
71921,Ela é covardia demais.
72086,"Um tapa na cara, minha mãe tá certa."
72377,"É ligação, sua mãe fica puta."
72505,E você mulher guerreira.
72616,"Passei e ela tá pousada

."
73160,"Não importa se ele é fraco, sofredor."
73765,"Agora já era, ela já tá desapegada."
73791,Linda mina bela que muda a atmosfera.
74542,Ela é mimada gata e louca.
74567,Menina má.
75111,Era um menino desobediente.
75113,"Menino maduro, coração carente
."
75820,"E ela é namoradeira, mandona da."
75983,"Tu me mostrou que esse ditado, ele tava errado."
76324,E hoje ela tá diferente.
76512,"No filme de terror, ela é a mocinha, eu sou vilão."
76517,"Ela é uma mistura de razão com ficção
."
77829,E nada vale um abraço se ele for falso.
77897,Essa moça é linda.
77946,"Catucando essa mina maluca
."
78844,Ele está sedento de paixão.
79568,Catucando essa mina maluca.
79628,"Olhar feroz ela chega maldosa, nas ideia ela é libidinosa."
79636,"Eu beijo ela e ela bem contente, falo que é resumo se surpreende."
79651,"Menina má é professora, ensina errada."
79652,Má intencionada mas mesmo assim ela é boa.
79951,É tchau para eles fui abençoado.
79987,"Eu confesso um pouquinho de medo, que essa mina é louca

."
80141,"Ela é formada, dá aula, ensina."
80145,"Eu tô sedento, ela sedenta."
80162,"Eu tô sedento, ela é sedenta."
80203,Tem essa pegada de mulher independente.
80355,"Ela é linda demais, é."
80367,Ela é uma deusa grega.
80371,Mas ela é bem gigante.
80579,"Ela é malandra, sacana, safada."
80603,Ela tá brisada.
80606,"Na cama, ela senta, ela é violenta, é isso que resume."
80622,"Estourei, ela é gostosa."
80941,"O nosso amor, ele é feito de um fruto proibido

."
81069,"O menina carente, eu quero te ver sorrindo

."
81099,"O menina carente, eu quero te ver sorrindo
."
81575,Você pensa que ela é calma.
81598,"É cheia de esquema, ela é complicada."
82086,"E se ela é baladeira, nós vamo adiante."
82215,Se ele fica cheio de marra.
82657,"Os menino é ruim, é poucas palavras."
82672,Os menino é ruim.
82732,"Tem mulher pra caralho e os menino é sheik
."
83347,"Ele é pretinho, magrinho, anda cheiroso, e tem 19."
83771,Mas quem pensou que ela tava depressiva em casa.
83940,De uma menina inocente e um homem de verdade.
83970,E no dia do casamento ela tava linda.
83974,E no final da gravidez ela tava tão bela.
84011,"Eita, menina braba."
84072,"Que ela é linda, é mais do que."
84229,"Todo menino é rei mas toda menina que manda
."
84325,Já que ter carro daora pra eles é preciso.
84545,Unha desenhada ela é top de linha.
84589,A menina inocente.
84636,"Lembro como fosse agora, um menino pequeno."
84960,O novinho ficou maluco.
84990,Vários homem bomba.
85011,"Que essa mina é preparada
."
85096,Ela não quer mais namorico.
85172,Não importa se ela é puta.
85175,"Ela é puta, mas também tem sentimento."
85176,"Ela é puta, mas também tem sentimento

."
85187,Ela é puta mas tem sentimento.
85293,"Ela veio quente, e hoje eu tô fervendo."
85294,"Que ela veio quente, hoje eu tô fervendo."
85317,"Ela veio quente, hoje eu tô fervendo."
85569,É só menino bom que tem problema na cabeça.
86007,"Minha filha tava grávida de um filho teu, de um filho teu!
."
86289,"Ela é minha aurora boreal, parte do meu ideal."
86337,Você foi fraco ela é piranha.
86349,"Ela quica demais
."
86594,Então pensa na mulher gostosa.
87037,Essa mina é assanhada.
87385,"Desde menor, minha mãe me diz: Hariel é terrível!."
87421,"Vai, ele não gira, capota."
87476,"Ela é da minha rua, ela é estilosa."
87555,"Garota linda, você é a minha paixão."
87756,"Neymar é gol!

."
87785,"Neymar é gol!
."
88046,Ela é mina de família.
88375,"Porsche, com uma mina top."
88671,Arlequina é estilosa.
88839,KR3 que vai mandar pras mina maluca.
89407,"Ele era funkeiro, mas era pai de família
."
89425,"Outros o criticavam porque ele era funkeiro
."
89444,"Os seus olhos brilhavam, ele estava animado
."
89470,"Ele era funkeiro, mas era pai de família."
89598,"Senta pra caramba, essa menina escangalha."
89599,"Mas chegando no baile funk, ela é a sensação."
90010,Sou mulher independente não aceito opressão.
90013,"Sou mulher destemida, minha marra vem do gueto."
90533,"Ele é quentinho com refri não tem mistério
."
90612,Ela é uma mescla de sagacidade.
91299,"Deus que ele é justo, mas o mundo não."
91346,"Meu, ele é foda, eu sou fã desse cara
."
91398,"Djonga é foda, eu sou fã desse cara
."
91491,Quem olha pensa que ela é princesinha.
91548,Ela é boa na pista.
91686,A mina mais linda do bairro.
91696,(Mina maluca).
91776,"Ela é perita no blefe, danada, me olhando nos olhos nem pisca."
91789,"Ela é braba no que faz, exala sagacidade."
92241,"Olha só, eles são iguais!."
92684,Com essas mina maluca.
92890,Lula foi preso.
93026,"Mais uma vez, ela tá solteira."
93064,Tem que ser uma mulher bonita.
93071,"Ela é mulher, não depende da gente."
93126,"Eu sou todo largado, ela é toda discreta."
93127,"Eu falo tudo errado, ela é toda correta."
93147,"Sou todo largado, ela é toda discreta."
93301,Porque ela é bem gostosa.
93472,Depois de uma mina gata que tava assistindo o show.
93563,"As minas eram gêmeas, mano, pra nossa surpresa."
93720,Mas ele é bem fraco.
93773,"Ela quica,ela para."
93791,"Ela quica,ela trava,para."
93951,Mulher gostosa.
94030,"Vive intensamente, mina caliente
."
94190,E no mato ela foi encontrada.
94194,Um sentimento por ela igual nois tem pela nossa favela.
94237,Um homem direito.
95147,Hoje elas não quer social.
95322,"Ô, menina louca."
95364,"Ela é esnobe, mas corre atrás."
95366,"Faz cara feia, me doma, menina mandona."
95919,A sua brincadeira é ser uma mina séria.
96171,Ela é pura perfeição.
96435,"Desce, cachoalha, ela é preparada."
96695,"Ela dança um funk, ela quica demais."
96697,"Ela dança um funk, ela quica demais
."
96910,Jesus está comigo pra sempre me levantar.
97346,Que ela é toda marruda .
97350,Que ela é toda marruda.
97553,"Ela é mimada, gata e louca
."
97569,"Entrou clima, louca menina, menina má."
98296,Pois se ele está comigo podes crer não é à toa.
98374,Sua mãe fica puta com os meus gritos no seu portão.
98513,"Se tem outra mina, ela fica bolada."
98633,"Na faixa de gaza, só homem bomba,."
98642,"Mulher ouro e poder,."
98857,As mulheres lindas que tem no.
98874,Um homem consciente age sempre na moral.
99063,"Olha, a mina louca tá dançando."
99117,"Elas tão doida, tão louca,."
99268,"Mundo mágico, menino mulherengo.."
100008,"Mais pra dançar com essa menina se liga o bagulho é doido ela senta ela senta ela kika ela kika rebolando bem gostoso
."
100137,E eu sou menino novo.
100287,Dennis tá fácil.
101650,Porque ela é impossível.
101654,Ela é impossível.
101863,Ela fico descontrolada.
102059,Lembro legal que nois era pivete.
102266,Ela é uma gracinha.
102277,Elas estão descontroladas.
102293,vai...elas estão descontroladas.
102294,"vai...vai...elas estão descontroladas


."
102314,"vai...vai...elas estão descontroladas
."
102473,Mais enjoado que mulher grávida.
102558,O desejo dessa mina é sua humilhação.
102649,"Não é atoa que eles fala: as mina é foda
."
102667,Não é atoa que eles fala as mina é foda.
102779,"Minha mente, ela é ambiciosa, sou vitorioso, você pode crer."
102864,"É que eles são bandido ruim, e ninguém trabalha."
103019,"nois é quebrada, nois é zul, norte e oeste,."
103160,"Se eu já fui escuridão, hoje ela é a luz da minha vida."
103615,Minha mansão sempre estará lotada de mulheres belas.
103708,"Barro ou mulher bonita,  tá tranquilo, vamo que vamo."
103729,Quer deixar ele feliz?
103882,De lingerie elas vem louca pra me seduzir.
104027,"Essa história não é minha, mas só que ela é real."
104068,Falei pra ele mano isso não é vida.
104196,Deixa ela ofegante.
104227,"Ai que mulher gostosa, toma no cu."
104342,"Enquanto ele era álcool, puta e cocaína."
104768,"Bota o dedo pro alto, deixa os homens loucos."
104933,Que eu vou comer aquela mina gostosa.
104985,Morrer como homem é o prêmio da guerra.
105238,Ele era funkeiro.
105282,"E bem antes da hora ele já estava arrumado
."
105286,Ele estava animado.
105365,"Essa mina é uma loucura, sabe por quê?
."
105386,"Essa mina é uma loucura, uma loucura."
105636,"Ela anda sexy, toda guapetona."
105637,Ela não é amante.
105639,Ela é fiel.
106149,"Pois ele é chpa quente, e fecha com a familia.
."
106185,Essa mina é uma riqueza.
106228,"Essa mina é uma riqueza
."
106268,Garota envolvente do sorriso atraente.
106273,"Ela é funkeira, baladeira e não quer compromisso."
106394,Alô galera..parei de zoar..agora sou um rapaz sério muito sério.
107000,Gente inteligente e mulheres belas.
107605,"Garota impossível, do sorriso incrível."
107690,Hoje ela é a luz da minha vida.
108152,"Ele é muito maneiro, qualquer um pode mandar."
108207,"Já quer embrasar, ela fica maluca."
108235,Olha que mina gostosa.
108236,Que mulher maravilhosa.
109066,Essa é as mina zica da balada.
109280,"Nois vai raja, bota eles pra volta

."
109326,"Nois vai raja, bota eles pra volta."
109579,Só tem mulher solteira.
109823,"Que minha meta na favela é só pegar mina perversa!
."
109838,"Que minha meta na favela é só pegar mina perversa
."
109887,Solo és mãe gentil.
111023,E pode acredita dj rennan é midia.
111201,"Boto tudo pra fudê,Senta firme (2x), ela ta louca ta xapada."
111246,A Mãe pensa que ela é santa.
111247,"O pai pensa que ela é moça, a."
111248,Vó pensa que ela é virgem.
111280,"Essa mina é louca, louca."
111310,"Corpo pega fogo, essa mina é louca."
111315,"Essa mina é louca, toda noite quer meter."
111515,Quando chega no baile ela é atração.
111518,"Rá ela é terrível!
."
111560,"Ai que homem gostoso, vem que vem quero de novo."
111587,"Ai que homem gostoso, vem que vem quero de novo
."
111606,"Ela é boa na moto, ela é boa na cama."
111610,"Ela é inteligente, ela é chapa quente, ela estoura os cofres.
."
111613,"O quê que um homem procura, é uma mina segura."
112300,"Hoje ele é profissional, jogador do seu time."
112916,Ela é obra do divino.
112929,Essa menina é sagaz.
112948,"Menina imperfeita, que acaba sendo perfeita."
113063,"Agora só um rapaz sério, muito sério."
113082,"Essa mina é maneira, que brisa."
113084,"Ela fica quente, sensualiza daora."
113097,Ela é racional e curte um.
113100,Anitta só que ela é mais gostosa.
113114,"Mano, a mina tá mandada."
113144,E ela tava esquecida igual.
114138,De um menino inocente e um homem de verdade.
114353,"Eu sou pretinho, ela é loirinha, do olho azul."
114390,"As dama faz gostoso, quer casar e pôr sufoco."
114638,Mulher gostosa não é.
114687,Menina carinhosa brincando com sua.
114737,"Serviço garantido, ela achou legal."
115086,Quero ver as mina louca.
115549,"Jesus foi pregado na cruz porque ele confiou,
."
115588,"Jesus foi pregado na cruz porque ele confio,."
115811,"Menina não é mulher e mulher não é menina
."
115842,"Essas mulheres lindas, eu catucando seu pulmão."
115888,Via que ele cabisbaixo.
116261,Nós que deixou ele rico.
116483,Quem vê desacredita do que ela é capaz.
116484,Ela é cheia de malícia e de quem peça pra parar.
116488,Ela é a abusada.
116494,Ela é abusada.
116514,"Ela é abusada
."
116547,Ela não é santa.
116626,"Que ela brisa, ela era gostosa."
117032,E o regime até ele mesmo teme.
117254,A mina troca mó idéia.
117266,É que as menina é tenebrosa.
117381,Ela é a sensação.
117430,"Whisky e energético, quanta mulher boa, hahaha."
117434,Ela é chata demais.
117651,Senão é como amar uma mulher só linda.
117773,Ele é negro demais no coração  .
117935,Que a casa de um homem é um templo.
117981,Que ele mesmo levantara.
118113,De um homem pobre e esquecido.
118657,De quando ele era seu professor.
118731,E é por ela ser assim tão delicada.
119134,Não rima com mãe gentil.
119257,É como amar uma mulher só linda.
119351,É juntinho que ele fica bom.
119693,Ao abri-los ela não estará mais presente.
119891,Neste momento todos os bares estão repletos de homens vazios.
119894,Todas as mulheres estão atentas.
119900,Há um homem rico que se mata.
119978,"Na verdade, o homem não era necessário."
120153,Ele era um menino.
120248,"Você, seu moço estrangeiro."
120804,A mulher amazonense.
120811,A mulher carioca.
120974,Que só tem de seu as costeletas e a namorada pequenina.
120999,Tende piedade dos homens úteis como os dentistas.
121003,Tende piedade dos homens públicos e em particular dos políticos.
121011,Tende piedade da moça feia que serve na vida.
121012,"De casa, comida e roupa lavada da moça bonita."
121013,Mas tende mais piedade ainda da moça bonita.
121034,Mas tende piedade também das mulheres casadas.
121036,"Tende piedade, Senhor, das mulheres chamadas vagabundas."
121061,"Dos meninos velhos, dos homens humilhados - sede enfim."
121179,"Sorrirá: - Rei morto, rei posto..."
121352,"uma cidade de homens felizes, homens que sintam a vida em toda a sua plenitude, em toda a sua fragilidade; homens que compreendam o valor das coisas puras..."" - E que fosse como a imagem do."
121361,"E, à grande convocação que conclamava o povo para a gigantesca tarefa começaram a chegar de todos os cantos da imensa pátria os trabalhadores: os homens simples e quietos, com pés de raiz, rostos de couro e mãos de pedra, e que, no calcanho, em carro de boi, em lombo de burro, em paus-de-arara, por todas as formas possíveis e imagináveis, começaram a chegar de todos os lados da imensa pátria, sobretudo do."
121422,Locutor n 2 - Uma cidade de homens felizes...
121625,Um dia ele chegou tão diferente.
121924,"E porque eu me levanto para recolher você no meu abraço, e o mato à nossa volta se faz murmuroso e se enche de vaga-lumes enquanto a noite desce com seus segredos, suas mortes, seus espantos - eu sei, ah, eu sei que o meu amor por você é feito de todos os amores que eu já tive, e você é a filha dileta de todas as mulheres que eu amei; e que todas as mulheres que eu amei, como tristes estátuas ao longo da aléia de um jardim noturno, foram passando você de mão em mão até mim, cuspindo no seu rosto e enfrentando a sua fronte de grinaldas; foram passando você até mim entre cantos, súplicas e vociferações - porque você é linda, porque você é meiga e sobretudo porque você é uma menina com uma flor."
122018,Ela é uma bagunceira.
122513,Menina mãe.
122532,Da menina prostituta.
122558,"Meus amigos, meus irmãos, cegai os olhos da mulher morena."
122559,Que os olhos da mulher morena estão me envolvendo.
122561,"Meus amigos, meus irmãos, cortai os lábios da mulher morena."
122562,Eles são maduros e úmidos e inquietos.
122565,Cortai os peitos da mulher morena.
122570,Salva-me dos braços da mulher morena.
122576,"Vida, compra o meu corpo da mulher morena."
122579,"Branca avozinha dos caminhos, reza para ir embora a mulher morena."
122580,Reza para murcharem as pernas da mulher morena.
122581,Reza para a velhice roer dentro da mulher morena.
122582,Que a mulher morena está encurvando os meus ombros.
122585,Dai morte cruel à mulher morena!
122606,"Menina bonita, pra onde é ""qu'ocê"" vai."
122632,"Menina bonita, não vá para o mar."
122646,Menina bonita que foi para o mar.
122926,"E as mulheres estão ficando loucas, e há legiões delas carpindo."
123715,"Ela é carioca, ela é carioca."
123728,E pra mim ela é linda demais.
123730,"Ela é carioca, ela é carioca  ."
123761,Que ele ainda não está maduro.
123974,"IV - Minha senhora, lamento muito, mas é meu dever informá-la de que seu marido é portador de um tumor maligno no fígado..."
123980,"- Seu pai ainda é um homem forte, vai agüentar bem a intervenção..."
123981,"- Sua avó está muito velhinha, mas nós faremos o possível..."
124066,"Com o menino livre e feliz que foi, com o tempo da infância."
124173,A mesma mulher pronta pra dizer.
124247,"Dora, rainha cafuza de um maracatu."
124357,Quanta mulher nua na.
124438,Menina fidalga!
124443,Não vi mais meninas puras.
124444,Menina pura.
124724,A moça violentar.
125489,E eu que era um menino puro.
125803,O rei mestiço de.
125979,"Meu coração pedia sombra, água fresca e colo de moça bonita."
126081,"Drummond tem escrito ótimos poemas, mas eu larguei o."
126158,"Ele seja feliz também, e forte, e se lembre com saudades."
127559,Ô Menina bonita do vestido verde.
127626,Se ela é tua é minha também.
127792,"Chega mais perto, moço bonito."
127795,Mas com você ela é cheia de sol.
127978,Ela é carioca.
128000,Ela é carioca  .
128013,Luiza é bonito pra chuchu.
128022,Luiza é bonito como o quê.
128303,Ele é dono da mata e do sertão.
129253,Pixinguinha é inconteste.
129670,"E, como eu fui para ele muito boa."
129896,"Bem, não vá deixar a sua mãe aflita."
129905,E veja como sofre um homem infeliz.
130265,E acho que enfim eu vi um homem ser feliz.
130278,E acho que enfim eu vi o homem ser feliz.
130323,Se o homem foi feito pra voar.
130365,E os meninos tão bonitos.
130791,Tira a mãe preta do cerrado.
132451,"Menino vadio, tensão flutuante do."
133419,De mãe preta carinhosa.
136637,"Todo dia ele faz diferente, não sei se ele volta da rua."
137346,O homem sério que contava dinheiro parou.
137350,A moça triste que vivia calada sorriu.
137357,A moça feia debruçou na janela.
137872,Basta se dizer que ele é amigo de.
138454,Rapazes muito decentes.
138514,"(repete refrão) Ela era virgem, feito maria, Ou, feito um dia de sol na janela."
138841,Moço bonito.
140032,Deixa eu dizer que ela é cheia.
140037,Hoje ela canta sozinha.
141186,"Todas elas feitas de tic tac, todas elas iguaizinhas."
141195,Os rapazes ficam ricos e formam uma família.
141517,Tem mulher maluca que atura porrada.
142311,Pedro é preto.
142460,Será que ela é moça.
142461,Será que ela é triste.
142864,"F#7/5+ Bm7/9  E7/13  A6 Foice  velha, mulher nova."
144090,E o grito do homem voador.
144111,Eu sou o homem comum.
144397,Dá novo vigor a senhores idosos.
145043,Levar teu corpo de moça tão puro.
145046,Esse seu corpo de moça tão branco.
146046,Que nem viu ele vivo  - Tem até donativo.
146062,Que nem viu ele vivo  - Tem até um passivo.
146161,"Rei morto, rei posto não tá mais aí  ."
146563,Preciso encontrar um homem bom.
148059,"Menina bonita pra onde ""quo´cê"" vai."
148075,Menina bonita não vá para o mar.
148303,Bota o rei congo no congado.
148650,Como ele mesmo diz: É o branco mais preto do.
149364,Sou um homem feliz.
149380,Um homem feliz.
150269,Jorge sou dragão  .
151006,E se hoje ele é branco.
151008,Se hoje ele é branco.
151010,Ele é negro demais.
151901,"Sou uma mulher nova, mas também não sou."
152421,"Mas enquanto ela ficava quietinha lá dentro, que felicidade!"
152747,Pobre menina tão rica.
153095,Com tanto rapaz direito.
153291,Ela é minha vida.
153840,Não digam que ele é medroso.
153841,Que ele é bem corajoso.
153842,Que ele é o campeão.
153889,Sou moço guloso é de viver.
154350,Elas são a tolerância.
154575,Que os homens são tudo irmão.
155044,Ele será promovido.
155108,Senhor está quebrado.
155889,Ele está ficando velho  .
155929,Eu só vejo mulher nua.
156070,A moça virgem que ele quer.
156243,"É, será que ela é dona de mim."
156250,Será que é por ela ser donzela.
156406,O homem feliz é sozinho.
156782,Soares é japonesa ou não?
156890,Do que ele mesmo criou.
157984,Chora a nossa pátria mãe gentil.
158062,Ela era triste.
159219,E que mulher forte e danada.
159292,Porque ele é feito somente de paz e de amor.
159725,Quando ele é fácil de cantar.
160905,Ele é bom bom bom bom.
160924,Senhor mandou prender negro.
160964,Inês já é morta do lado de cá  .
161020,Canta pra subir que a moça tá engravidada.
161024,"Oh, Vera hermafrodita mãe gentil."
162471,"Oh, Deus como sou infeliz."
162482,"Oh, Deus como sou infeliz, infeliz."
162485,"Oh, Deus como sou infeliz  ."
163690,Que mulheres muito invejosas fazem de tudo para tira-lo de mim?
163691,Mas sei que ele é forte e resiste assim como tem resistido à dor.
164778,Quando vem da mulher alheia.
167349,Bento tinha bom peito.
168136,Esperando ele vortar.
168374,"De moça prosa morena,morena ro- sa."
168726,Abençoado o colo dessa mãe antiga.
169287,"Se ela é tua, é minha também!"
169335,"Cabelos cor da noite, Pele de alvorada, Cacique entregou ao branco, A filha amada, Raízes de."
169337,"Abençoado solo, Dessa mãe antiga, Por quatrocentos anos, Feitos de cantiga, Naquele doce embalo, Da canção tupi."
169359,Dizendo que se ela for chique.
169372,"Ele é vesgo, pois a profissão ensina, A ter um olho na esquina e outro olho no freguês, Assim de vez em quando ele escapa, Gozando a cara do ""rapa"", Que bobeou outra vez."
169436,"Pra ele próprio depois derrubar, derrubar, derrubar."
169583,"Enquanto ela deu duro, não deram valor."
169602,Tereza era tão bela.
169651,Enquanto o que eles querem é diferente.
169793,A mulher mal amada.
170284,E como eu fui pra ele muito boa.
170310,Procuro um homem direito.
170313,Nessa mulher tão coitada.
170492,"Moço solitário, poeta benquisto."
172268,Disseram que ela era maioral.
173481,Valentão é brigão.
173844,Igual a tia ziata.
174182,"É mensalão, mensalinho, ele é meu amigo, ele é meu padrinho."
175011,"Bem se ve que ele é safado, Safadinho ele é."
175012,Cuidado minha gente que ele é saliente.
175016,"Ele é bonito, tão cheiroso e aprumado, Que a gente fica ate desconfiado, Então, tome cuidado, Meu bem, tome cuidado."
175017,"Porque o gato é bonitinho, Mas porem ele é safado  ."
175635,"A moça triste que vivia calada, sorriu."
175880,Moça cheia de esperança.
176443,Mulheres perfeitas.
176646,"Pensa que ele é feliz, coitado."
177229,Em mulher passarinho.
178623,"Porque ela já tem um namorado legal, Descolado, tranquilo e astral, Que é até meu amigo..."
179329,Denise é soberana.
179335,Denise é primavera.
179591,Se pra ela é champagne e caviar.
179686,Sabe que ele é o senhor.
179731,Ele é o sol.
179733,Ele é um dom.
179737,Ele é amor.
180193,Ser mulher direita.
180532,Você menina moça.
180950,Sem ela sou tão triste.
181115,Oxum senhora bonita.
181149,"Anabela é caprichosa, nesse trunfo ele é bidu."
181298,"Ele é pai, é corvo também."
181566,E tanta moça bonita para a gente elogiar.
181584,Em favor da eternidade onde o rei dos reis é rei.
181728,"Ela é igual a mim -Não é, não -E sim, é sim!"
181862,Moça flor.
181874,Moça flor vai chorar.
182006,Pela décima vez ela está inocente nem sabe o que fez  .
182727,Ela estará sempre presente.
182875,"Ao se aninhar nos labirintos do meu coração, Vá que ela fique amuada."
183323,Faz tempo que ele está vazio.
184264,Menina bonita não chora.
185786,Eu sou essa mulher tão triste.
186065,O senhor é dono.
186625,"Um mulher diferente, De olhar e voz envolvente, Que atingisse a perfeição."
186628,"Essa mulher fantasia: Dei-lhe a voz de dulcinéia, A malícia de frinéia."
187996,E ela alegre a noite inteira.
188896,Eles não querem ser profundos.
189714,Você mulher perfeita.
189949,Emengarda num é mais pura i neim donzela aquele cabra safado num quis si cazá cum ela ´gora ela vive aí prus canto chorano como cundenada quano ela passa todo mundo diz: - Coitada da.
190150,"""Mãe negra amamentou."
190163,Minha mãe é tão linda.
190180,"Minha mãe é minha deusa, minha musa, minha super, minha superstar  ."
190209,Moça tão bela e faceira.
190306,"O mágico e a mulher barbada causando enorme sensação e um boiadeiro dançando ""catira"" batendo os pés nos chão."
190344,"Ah seu doutor, me perdoe o impropério mas se eu saí do sério é porque eu já me enchi de viver ""duro"", comendo batata frita enquanto o senhor ""agita"" um belo."
190424,Falam até que o homem é o dono do mundo.
190486,Quem é você pra querer julgar o mundo dizendo que ele é imundo se a sua própria mente você não pode limpar ?
190670,"tanta injustiça, tantos crimes sociais, tanta miséria, tantos homens marginais..."
191204,"Do homem mais sozinho, A sonhar, A sonhar ""Os."
191953,"Ele é bom, bom, bom, bom."
192492,Ela é mais enrolada.
192635,"É Pra que falar, Nem vou pensar, Ela vai var."
192749,"Se essa vida é bonita, ela é feita pra sonhar."
192915,"Garota coqueta, Metida bacana, Que vive na praia."
192980,A vida dum rapaz legal.
193346,"Vem, menina feia."
193975,"mulher bonita assim, carioca assim, Rio."
194792,"Ou pelo espinho da flor, Cruel que você ama, Amante do drama, Vem pra minha cama, Por querer, sem me perguntar me fez sofrer, E eu que me julguei forte, E eu que me senti, Serei um fraco, Quando outras delas vir, Se o barato é louco e o processo é lento, No momento, Deixa eu caminhar contra o vento, Do que adianta eu ser durão e o coração ser vulnerável, O vento não, ele é suave, mas é frio e implacável, (É quente) borrou a letra triste do poeta, (Só) correu no rosto pardo do profeta."
194809,"-Esse brown aí é cheio de querer ser, Deixa ele moscar e cantar na quebrada, Vamo ver se é isso tudo quando ver as quadrada, Periferia nada, só pensa nele mesmo, Montado no dinheiro e cês aí no veneno, E a cara dele truta?"
194830,"- Se só de pensar em matar já matou, Eu prefiro ouvir o pastor: - Filho meu,não inveje o homem violento e nem siga nenhum dos seus caminhos..."
195169,Você só aparece pra me destruir [...] Eu vou beber pra te esquecer...
195198,"Vem gostosinha vem, vem gostosinha   (2x) Ela é toda gostosinha."
195275,Ô menina doida...
196847,"Ou na festa junina: O garoto magrela caiu, Minha sina cair."
196942,Mas posso ver que ele é sincero.
196956,Era uma mulher comum.
196980,Homens imorais.
197660,Já fui rei aventureiro.
197931,Quero ser namorado marido seu amante.
197933,Voce ah mulher perfeita eh tao bom te amar.
198514,És a deusa asistral no meu mundo irreal.
199740,Eu me entrego com meus versos de moça poeta.
200129,"Ó mãe amada, tu és assim, perfume de rosas um doce pra mim."
203546,Ele é meu encanto.
203863,Que me faz uma mulher feliz.
204328,Pois ele é santo e santos nos quer.
204468,"Sacerdote, Rei glorioso."
204476,Rei eterno em tudo tem poder.
204690,"Bahia que não me sai do pensamento ai, ai que saudade eu tenho da bahia ai, se eu escutasse o que mamãe dizia: ""bem, não vá deixar a sua mãe aflita a gente faz o que o coração dita mas esse mundo é feito de maldade e ilusão"" ai, se eu escutasse hoje não sofria ai, esta saudade dentro do meu peito ai, se ter saudade é ter algum defeito eu, pelo menos, mereço o direito de ter alguém com quem eu possa me confessar ponha-se no meu lugar e veja como sofre um homem infeliz que teve que desabafar dizendo a todo mundo o que ninguém diz vejam que situação e vejam como sofre um pobre coração pobre de quem acredita na glória e no dinheiro para ser feliz  ."
204856,"Ele é poderoso, Ele está por cima."
204991,Ele é ungido e nasceu pra bilhar.
204992,Ele é diferente e ainda digo mais.
205544,"Igarassú, cadê tuas moças bonitas."
205771,A mãe passava neocid no piolho do filho.
205950,Eles eram tão úteis.
206157,Ela é tão indiscreta.
206764,O senhor sexagenário.
206853,O doutor dirley é tão legal.
208444,Ilumina a mina escura e funda.
208833,Tu és a dama mais formosa.
208845,Tu és a dama mais tesuda.
208958,Rapaz casado com dez filhos.
209204,Por causa dela sou um rapaz muito capaz de trabalhar.
210704,Tem a moça quituteira.
210737,Moça flor é você a mais flor.
210748,Moça flor vai chorar é o amor  .
211168,A mulher perfeita tem que ser decidida.
211176,Talvez a mulher perfeita seja pura ilusão.
211643,Sempre parecendo um bom rapaz foi tão fácil de me convencer.
212814,O fodão e a donzela felizes e sem fim.
212857,Ainda que ela fosse tão bacana.
212898,"Meu homem experiente,vacilou."
213273,Jovens moças indecentes.
213635,"Avistar mina mais linda, logo que amanhecer."
213696,Que mulher gulosa.
213839,"Ai ela é cheirosa, ela é charmosa, ela é um tesão."
213841,"Ela é cheirosa, ela é charmosa, ela é um tesão."
214262,Pegava onda e mil garotas afim..
216807,Ela é tão sexy (Uoo).
216825,Ela é tão sexy.
216923,Mulheres linda.
217693,Que ela é avó.
218749,Se ela não fosse casada eu lhe passava uma cantada.
219105,O homem já tá velho demais.
219111,O homem fica amargo demais..
219349,era um homem lindo.
219444,"Ele sai elegante, e o que é que ele quer?."
219639,Elídio que ele desce mais gelado.
220287,Ele é molhado e fedido.
220288,Ele é fedido e molhado.
221443,Se ela for saciada.
221585,Você é dessas meninas deslumbrantes.
221586,Que só namora com homens perfeitos.
221751,ele tá deprimido e sabe bem o que fazer.
221755,e sabe que sua namorada está certa.
221760,Paulão tá puto com as rádios vendidas que não tocam seu som.
221973,"Todas as mulheres são belas, todas elas merecem."
222173,Elas sabem ser chatas quando querem.
222395,Mulher bunduda e burra vale mais a pena (x2).
222396,Já tive namorada economista.
222413,Já tive namorada proctologista.
222415,Já tive namorada esteticista.
222428,Já tive namorada nutricionista (han).
222528,Homem é bicho idiota.
222552,E ele desempregado.
222599,Mauro é fã de black sabbath e diz que ozzy osborne.
222732,"Mulher maluca, de onde você saiu."
222976,nas mãos de uma mulher cruel.
223071,E quem está só acha todas as mulheres fatais.
223119,Ela anda tão arrependida.
223161,Ela tá cheia de vertigens.
223175,Que não existe mulher feia.
223184,Onze e meia - ela é muito burguesinha.
223415,E por falar em teses e na pátria amada mãe gentil.
223496,"Maria rita, menina linda, tu nunca me dá bola."
223915,E elas sabem ser chatas quando querem por que elas tem.
224263,Transar com mulher nova tira a nossa paz.
224803,Com a mãe doente numa cama de hospital.
225556,"Dudu já tá alucinado, já é meio caminho andado."
225558,E pro rapaz não ficar triste nóis vamo onde as nêga são ativa.
225919,Ela era linda e gente fina.
225925,Uma garota tão legal.
226181,Ela é perigosa....
226394,Lanterna tá quebrada.
226581,Sheldon era tão consciente.
226583,Sheldon era muito exigente.
226614,Não deu jeito ele foi ser garçon.
227084,"Mulher dona-de-casa, mulher pra presidente."
227090,Tanto faz se ela é machista ou se é feminista.
227246,eu seria o homem certo pra você.
227277,Ela é ingênua e otimista.
228080,O homem ainda é o lobo do homem.
228688,Ela é capaz de fazer.
228828,As garotas são fáceis.
229405,Somos os garotos loucos.
229831,Rapaz inteligente.
230140,Ele é natural e muito eficaz.
230195,Eu poderia ser o homem mais feliz do mundo.
230539,Ele está sozinho.
230565,Ele gosta de garotas quentes.
230568,Ele é doido.
230579,Ele gosta de garotas frias.
230627,Se existem reis capazes de nos manter na linha.
230778,Ela é a rainha.
230898,Ele está aqui sozinho de novo.
231125,"Sua cama bagunçada, me diz que ele estava triste."
231617,Isso tudo me torna um homem melhor.
231627,Então agora eu sou um homem melhor?.
231766,"Eu fico louco por ele, ele é meu amor."
231771,Ele é fantástico!.
232291,como um garoto sozinho.
232558,"Até que ele descubra, ele está sozinho?."
232784,"Eu conheço, uma garota estranha."
232807,"Sua alma fria, me diz que você é uma garota depressiva."
232820,"Sua alma fria, me diz que você é uma garota diferente."
232870,Ele é meu amigo.
233009,"Sujo e fedido, homem perfeito."
233059,Ela é minha amiga (ela está aqui).
233109,"Ela é rápida, e contagiante."
233112,"Ela é rápida, e contagiante, ah!."
233136,"Ela é rápida, e contagiante, sim, sim!."
233137,"Ela é rápida, e contagiante, contagiante."
233138,"Ela é rápida, e contagiante, ah, ah!."
233139,Ela é perfeita.
233147,Ela segura minha mão.
233160,E ela está perdida dentro de min.
233164,Dentro de min ela segura minha mão.
233530,Ele era perfeito.
233802,Você diz que ele é pálido!.
233823,Você diz que ele é pálido.
235243,"Todo homem quer ser feliz, até aquele que vai se enforcar!."
236830,Todos os homens são iguais.
237311,"Mas ela é linda, só falta uns dentinhos."
238735,"Sou rapaz honesto, trabalhador."
239226,Nora namora um homem casado.
239844,"Mas ela é linda, muito mais do que linda."
239853,"Porque ela é linda, muito mais do que linda."
240970,"Ela tava doida, agora a culpa é minha?."
241128,"Eu quero você, mulher robot."
241129,"Pra sempre você, mulher robot."
241136,"Eu quero você, mulher robot sempre você, mulher robot."
241244,"Um pouco dela, uma mulher sincera."
241854,De que ele não foi capaz de compreender o que ela.
243052,Ela quer ser chique.
243121,"Ele é o dono, ela é o cão."
243124,Ele é o senhor.
243125,Ela é a escrava.
243126,Ele é o doutor.
243143,"Ele é o senhor, ela é o bicho."
243144,"Ele é o doutor, ela é o lixo."
244441,"Argentina com uma pintora judia, casou-se pela segunda vez com uma princesa africana no."
244467,Turista francesa fotografada semi-nua com o namorado árabe na baixada fluminense..
244751,"Me imaginei na foto chorando, ele ainda deve tá triste,."
244768,"Imaginei na foto chorando, ele ainda deve tá triste."
245390,Morre o homem sadio.
245640,Cristo não é biscoito.
245919,Ele foi feliz.
247573,"Transa só menina casada, ele é mesmo o cão."
247696,Ela é inocente.
247796,Ela era irmã do.
247799,"E eu era apenas um rapaz pobre, então...."
247807,Que ela era irmã do.
247845,ela tava certa.
248052,Tapa na cara do homem hipócrita....
248881,Das mulheres mais bonitas do povo mais feliz.
248982,"Menina doce, tão fatal."
249078,Ela é tão simples quanto a poesia.
249552,A mulher brasileira está consagrada.
249570,"O que eu vou dizer não há como negar, mulher brasileira em primeiro lugar."
249574,Que toda mulher brasileira está consagrada em primeiro lugar.
249846,Ele vem cheio de tara no olhar.
250016,A gente pensa que ela é fácil como é..
250680,"Yeah, ah, ah ela é toda vitamina."
250682,"Yeah, ah, ah, ela é toda adrenalina."
250860,Sandrinha era caçadora e os ômi a caça.
250870,Sandrinha é vagabunda.
250878,"Sandrinha é punk, funk, junk."
250880,"Sandrinha é santa, é fera, e rasta pode, pode ser."
251137,"Ela está suada, pronta prá se derreter."
251138,Ela é puro êxtase.
251436,"Ela é demais, ela é nota 10."
251875,O namorado é lutador de jiu-jitsu.
251956,Ele é tão animal.
251957,Ele é o terror.
252065,"Ele sem-vergonha, o povo sem dente."
252971,Essa mulher completa a minha tara.
253052,"O homem preto bate o sino, é o sinal."
253213,Ela é toda vitamina.
253215,Ela é toda anfetamina.
253288,"Benedito é preto, pobre e velho."
253297,Esculachado mas jamais ele foi marginal.
253325,Essa menina é bacana.
253337,Ela é alto astral.
254908,Ela é fashion!!.
255406,"como ela é tão gata, como ela é tão gata."
255780,Mulher insatisfeita é um perigo..
255803,Mulher insatisfeita é um perigo:.
257349,Ele é o dono da noite.
257370,"Ele é o dono da noite, eu sou a dama da noite...."
257510,É que as mulheres disfarçam bem melhor.
258660,Mulher bonita.
258673,Eu sou o homem mais feliz.
258676,To coladinho na menina mais charmosa.
259344,Como ele é tão perfeito.
260552,Ela já foi namorada.
260572,Ela é feita pra apanhar!.
260573,Ela é boa de cuspir!.
260600,Ela é feita pra apanhar.
260601,Ela é boa de cuspir.
260614,E ao deitar com homem tão nobre.
260676,"é canção de vida, é mulher divina e vou mostrar por quê."
260703,Nunca vi rapaz solteiro.
261163,Quis ser reconhecido no futuro.
261458,Ela foi mais feliz.
262300,Estava um homem paralítico em.
262401,"Porque o senhor é meu pastor, o."
262429,"E Ele foi fiel comigo,."
262836,O menino lindo.
262899,Ele é o amor e eu quero ser também.
263308,Morreu o homem velho.
263841,Ele é abrigo.
263854,Porque ele é contigo.
264100,meu futuro é ele e ele é o lugar.
264403,É que homem apaixonado fica bobo.
265380,"O Senhor é meu pastor e nada me faltará,."
265433,"Ele é abrigo, Seu amigo.."
265475,"Ele é pai, e eu sou filho."
265575,Ele foi fiel comigo.
265585,Jesus é lindo.
266117,Pois com ele seguro serás.
266444,(Ele é maravilhoso).
268155,"Ando pela rua, vejo uma garota desfilar."
268158,"Olho na calçada, vejo um homem rejeitado pelos seus."
268231,"Um desacreditado, menino novo qualquer."
268283,Senhor muito feliz eu fiquei.
268608,"Ele é o sol que brilha, pra todos na escuridão."
268617,"Ele é o sol que brilhar, pra todos na escuridão."
268706,"Ele é o som da vida, Jesus em minha vida."
268731,Ele é o cordeiro que vem do céu.
268877,Era um menino protegido por meus pais.
269040,Ele é meu salvador.
269041,Ele é meu redentor.
269260,"Ele é o criador da terra, ceu e mar."
269339,Um homem natural.
269617,"Não manche as vestes, Ele é fiel."
269954,"Tu és o rei eterno, que morreu por mim."
270102,Senhor estava pronto pra lutar.
271138,Ele está comigo.
274875,Eles estão parados de pé.
274907,Eles para serem eles mesmos e quando por instinto.
278059,porque ele é eterno em te comprometer.
278446,"Se todas eram problema, ela é solução."
278447,Pra minha loucura ela é a cura.
278453,"Ela é sincera, fora do padrão."
278454,Dama na rua mas na cama ela é perdição.
278526,"Ela é uma sextape, um clássico no sense."
278677,Ela é minha cara.
278792,"Que ela é toda imoral, de olhar já passo mal."
279028,Ela é onda de lisérgica é o paraíso.
279224,"Mulher insana, quer causar meu fim."
279252,"Ela é ninfo, sex simbol, ela que me devorou."
279711,"se ele é possessivo, só quer te prender."
279736,"se ele é emotivo, eu sou mais racional."
280100,Porque ela é bipolar e com todos os defeitos.
280101,"Quando quer, ela é perfeita pra ser minha mulher."
280120,Porque ela é bipolar e com todos os defeitos quando quer.
280277,Esse amor que nunca vem.
281462,Ela está pronta e se vestiu pra matar.
282808,perdido agora como um homem cego num mudo de silêncio.
283645,Ele é tão chato que podia morar num envelope.
284953,"Ele é bom, é o bom, é o bom,."
284963,"""Ele é o bom, é o bom demais!""."
285106,Se tinha uma garota que ele fica afim.
285184,"Xuxa é muito feia, não é boa."
285247,Ele ficou agressivo.
287982,Eu tô sabendo que ela é namoradeira.
288506,"Ele é bom,."
288805,E ela dengosa suspirou e até sorriu.
289414,Talvez nós podemos ser a visão do sonho de um homem perfeito.
290435,Rosa é cor de gay.
290735,Ele é nosso amigo e sua palavra.
292263,Ela é fofa assim.
293365,(ela é fabulosa) !.
294664,Se ele é um homem triste.
296351,Nem solos de guitarra ou namorado pop-star.
296903,"Presta atenção,meu namorado é o carlão."
297471,Pra puxar o fio da paixão.
297883,Ela é suave assim.
298635,"Se ela está presente, eu vou."
298646,Se ela está presente eu vou...
298684,"Se ela está presente eu vou, eu vou."
299076,O sangue de um homem mau.
300169,Ela flutuava lépida.
300178,Ela despertou-se tímida.
300415,Se ela é tão bela.
300585,Todas elas juntas vão dizer: é tarde.
300713,"Blás, homem galante."
300870,Charles agora é o rei mais novo.
301055,Moça preta do.
301081,Moça linda do.
301267,Zilda ta sozinha com os filhos pra criar.
301835,Menina mulher da pele branca.
301941,Até dizem que o senhor é incapacitado.
301947,"Acerca de homem cego, quem tem vista dá o mote."
302660,O homem é um lobo.
304629,Mina bonita.
304781,"Ele é o bom, é o bom, é o bom."
304804,"- Ele é o bom, é o bom demais."
307222,Ele é livre e moderno nem grinalda nem terno.
309339,Traz de volta o tempo que ele mesmo levou.
311541,Eu era um homem santo mas agora.
312218,"Ele é lindão, ele é lindão, Jesus lindão."
312220,"Ele é lindão, Jesus lindão, é meu pai grandão."
312431,Menina linda se anima e vem comigo.
312681,Toda menina baiana tem um santo.
312683,Toda menina baiana tem encanto.
312685,Toda menina baiana tem um jeito.
312687,Toda menina baiana tem defeitos também.
313457,Da mulher carioca!.
313458,Mulher carioca da pele morena.
313468,Mulher carioca não é brincadeira.
314149,Ele é todinho seu.
314194,"Ela é necessária, é o escândalo geral."
314211,Mas ela é necessária é o escândalo geral.
314760,Ele é o dono do poder.
314863,Mas comigo ele foi covarde e malvado.
314907,Ele é digno.
315311,Ele é exaltado.
315498,Ele é fiel!.
315714,"O Senhor é bom e eterna é a sua misericórdia,."
316017,Menina linda.
316022,"Chega de papo e enrrolação, escute essa canção você pra mim não tem mulher igual."
316914,Menino impossível.
317353,Ilumina a mina escura.
318614,Uma era a mulher ideal.
318645,Lembro que ele estava inteiro direito.
318852,"Que não comete loucuras se ela é tão linda, se ela tão."
322760,Sou menino cantador que só quer falar de amor.
323933,"Ela é fera, muito fera."
324256,Mulher bonita e cheirosa a pressão vai a mil.
324460,Já tinha selecionado mulheres bonitas e feias.
324461,Tenho os lábios calejados de beijar mulher alheia.
324686,"Por que ele é sincera, não é igual aquela ingrata."
325285,se ela é tão louca.
325708,"O ponteiro, moço novo."
325753,"Joãozinho foi infeliz, à partir desse momento."
326032,Companheiros ela vive tão distante.
326142,A moça rica por amar um moço pobre.
326257,Não manche o nome de um homem inocente.
326396,Se quiser que eles sejam embalado.
326502,O astro rei majestoso nas manhãs mais coloridas.
326701,Ela é minha companheira nas minhas contrariedades.
326858,Quero ver esse mineiro voltar de a pe pra minas gerais.
326891,Pra sua mãe dizia cheio de fé.
326898,Senhor é um velhinho muito pobre.
326904,O inocente vendo aquele homem barbudo.
327120,Querida mãezinha eu te agradeço.
328785,Tá pra nascer a mulher capaz de me fazer chorar.
328942,Tá pra nascer uma mulher capaz.
328948,"Chiquinha, menina nova."
329238,Ela é muito mulher..
329249,Realmente ela é a mulher.
329369,"Gosto de mulher viúva,de solteira ou desquitada."
329370,"E por respeito ao marido, evito mulher casada."
329404,Voce flaa casaento e ele já fica nervoso.
329405,Voce nunca percebeu o quanto ele é maldoso.
329507,Os pés de moça bonita moram dentro do chinelo.
329875,"Minha mãe tava muito doente, pra mim foi um golpe dolorido."
330035,Moça delicada é a flor da bonança.
330040,Ela é fazendera de muitas finança.
330068,Menina bonita que eu tanto amei.
330153,Ele cheio de esperança.
330261,Ela era minha maezinha adorada.
330338,Menina muito bonita que parecia um botão de rosa.
330347,A flor que estava em leilão por todas moça foi cobiçada.
330356,"Só não trouxe ela comigo porque eu já sou um homem casado ai, ai, ai."
330415,E ele mesmo envelheceu sem nada.
330532,Pobre mulher tinha sido obrigada.
330571,O senhor vai ficar véio.
330640,Onde se mata um homem bom.
330708,Ele é perigoso.
331098,"Menina linda, o que você fez com a minha sanidade?."
331111,Menina linda eu não entendo porque tanta indiferença.
331284,Ela é tão linda.
331288,Ela é uma gata.
331304,Ela é bela.
331378,"Ela é linda, linda."
331380,"Ela é linda, linda linda."
331402,Até chegar lumiar.
332034,"Menino pobre, tão carente."
332294,Ela estava infeliz e magoada.
332297,Ela estava deprimida.
332462,"Verso encantado usei, meu namorado é rei."
332552,Também entrou uma moça igual um botão de flor.
332553,Achando a moça tão bela o rapaz falou pra ela.
332560,Você é um rapaz tão pobre não namoro pé rapado.
333072,"Rosinha estava mais linda, como uma flor parecia.."
333191,Quando eu vi a morena que moça bonita.
333498,E a filha está abandonada..
333532,Deixei ela sozinha num banco chorando.
333568,"Porque o homem é feito de sonhos, ideais e compromissos.."
333632,"Ela é culpada ê, ê, ê, boi."
333889,O senhor mesmo foi o vigário.
333904,Por penitencia senhor vigário.
333916,Senhora sertaneja dona do meu mundo.
334001,Serviço de seis peões ele sozinho me fez..
334263,Combater o rei tirano homem ruim a religião..
334272,Quase louco envaidecido lhe falou o rei maldito.
336414,Natalia é muito paia.
336417,Ela é tão legal ela me ama.
336853,Pedi perdão e disse adeus ao homem triste.
337879,"Serei enfim, um homem livre."
338098,A maldição de homens maus.
339848,"Mas, ele é indurável."
340540,Homens santos de.
340544,"Deus, homens santos de."
342114,Ela é real.
343526,Menina preciso dizer.
345260,Ela é uma rainha e tem.
345705,E um garoto pobre o que é que pode?.
346229,Então de repente ele chega arrebatador.
346254,"Ela é predadora, um animal selvagem."
346988,"Ela era a rainha da noite, sua corte, seus servos."
347006,Ela era a rainha na cama generosa nascente do amor.
347009,"Ela era a rainha vadia, indefesa era como uma flor."
347351,Eu estava olhando aquela menina perfeita.
347454,Eu vejo gigante e penso como ele é grande.
347462,"Sou impotente, ele é onipotente."
347810,Ele é tão bonito.
347949,"A promessa é certa, Deus é fiel pra fazer cumprir."
348141,Ele é fiel.
348727,Ele é meu refúgio contra as águas do mar.
348776,Ele é meu refugio.
349460,"Ele é fiel, para cumprir."
349532,"Jesus é legal!""."
351568,Foi ela mesma quem me disse pra eu te procurar.
351717,Menina linda na parada de baú.
351820,"""Essa menina é massa,vai te deixar arretado""."
351863,"Gamei na coisinha linda e ela dá alguns mole pra mim, tremenda de uma princesa linda, fina flor do meu jardim."
352009,"Agora ela é viciada, sorriso de orelha a orelha."
352025,Ela é fêmea e eu sou macho.
352362,Porque em moça bonita não se bate.
352441,Sua mulher já tá cansada e não dá nenhum valor.
352534,"Ela é gostosa, ela é gostosa e meia,."
352771,É uma cobra serpentina que só ataca mulher boa.
352982,Que aquela menina linda me deixou.
354226,Menina feia.
354231,Luci é feia.
354237,"Luci é livre, a verdade então."
354239,Luci é linda.
354517,Essa menina é uma delícia.
354529,Ela é uma classe diferente de mulher.
354541,Na segunda ela muscula pra perder sua barriga.
354674,Ela é teúda no grau e é graúda no pau.
354712,"Bombom, camarão, mulher boa é violão,."
354785,"- ""Menino doido!"
355273,Era uma garota feia desdentada do cabelo ruim.
355276,"pela mulher mais feia da região""."
355287,Juro por deus era a mulher mais feia que eu já vi.
355808,Eu já conheço as pistoleira e cansei de mulher rampeira.
356002,Moça bonita do jeito que a nêga grita.
356106,"Menina linda quente, fora do normal."
357319,Menina linda estava ali sem par.
357329,"Nunca se esqueça, menina travessa."
357797,Sou um homem direito.
358096,Não que ela seja importante assim.
358171,Olha só como ela é linda.
358371,"Olha só como ela é linda, a vida é toda fina."
358426,Ela é tão linda e de longe eu não dava nada.
359076,Ele nunca esteve tão feliz.
359083,E ele nunca esteve tão feliz.
359677,Homens cegos guiam os perdidos.
361522,"Ela é tão linda , Dissimulada."
362686,Faz ela feliz.
363126,"Eita mina top, toda empinandinha, sainha colada."
363129,"cara de safada, essa mina é muito louca."
363425,"Maria eram gêmeas, feliz juntinhas crescia."
363434,Maria que ela vai passeá.
363704,Deus mandasse ele mesmo que fosse aleijado.
363890,Depois arrumo uma agulha com barbante e a minha filha rosina te remenda num instante.
363999,Ele é inocente.
364287,Hoje eu posso dizer menina linda.
364400,A menina mais linda que eu já vi.
364461,A menina mais linda.
364518,Por isso que eu digo que um rapaz solteiro.
364751,gostei de uma mulher foi minha infelicidade aluguei um.
364753,A mulher era bonita muito cheia de vaidade imobilhei o.
364768,"Titio era cuiabano, nessa lida também me criei."
364769,"Ele era criador de gado, no seu regime me acostumei."
364901,Era uma garota linda.
365373,Quem é você moço estranho?.
365382,"Que o senhor mesmo matou, ai."
365550,E a menina quase morta.
365721,Carreirinho é apelido de violeiro.
366549,Um homem quando tá apaixonado se arruma se perfuma e manda flor.
366551,Um homem quando tá apaixonado se arrisca e vai com tudo pra valer.
366986,Homem bem alto pensa ser o maioral.
366997,Homem careca tem mania de dizer.
367007,Homem bem gordo vive contando vantagem.
367017,Homem baixinho diz que faz economia.
367028,Moça gorda era a.
367194,Mas a menina inocente.
367279,Quero a morte para ele ser feliz.
367322,Jacozinho já tava impedido.
367470,mesmo ela sendo tão jovem e eu um homem casado.
367500,Para mim ela hoje é uma sombra.
367633,Moça bonita é a.
367805,Na planície do oceano.
367983,O homem é bicho tratante.
368136,"Eu sou igual a vocês, um homem simples do povo."
368178,Eis aqui ombro a ombro comigo um homem simples do povo.
368727,É neste ponto senhor juiz que eu queria ter chegado.
368729,Chamando a sua atenção e dos senhores jurados.
368732,Ouçam a voz da consciência julguem senhores jurados.
368769,Um moço triste entrou e disse.
369039,Eu sou rapaz solteiro atrás não deixo pensão.
369060,Sua esposa era leviana.
369078,Para ver ela feliz.
369288,Eliana é paraguaia.
369293,Eliana é fazendeira.
369297,Ela é considerada.
369298,Uma dama brasileira.
369511,Logo ele foi convidado.
369555,Adalto era um moço pobre.
369574,Um moço rico apreparado.
369747,Rosinha estava mais linda com uma flor parecia.
369854,Ver minha mãe querida inerte num caixão.
369920,Ela é bem afinada que nem clarineta.
370167,"Na selva ele é o soberano ai, ai."
370313,Faz carinho pra mulher casada.
370639,É a garota mais bonita que já vi.
370724,Vai até minas gerais.
370732,Chegando em minas gerais.
371164,Eu sou um homem solitário nessa vida.
371188,Flor menina misteriosa.
371279,Foi uma princesa branca.
371372,E eu deixo ele nervoso.
371386,Você deixa ele louco.
371558,"Se seu pai descobre, ele é chumbo quente."
372680,Tenho certeza que ela está desesperada.
372752,Me apaixonei de repente por uma mulher bonita.
372765,Ela é água cristalina.
372938,Mamãe é tão boazinha e não merece morrer.
373005,E ela contente só junto de mim.
373045,não era assassino nem homem covarde dizia a verdade.
373063,sabendo a verdade o rei soberano tracou varios planos.
373199,Pernambuco ele foi nascido.
373302,Senhor radialista lhe escrevo esta carta.
373306,"E muito obrigado, senhor radialista."
373341,Enquanto ele vive fraco.
374217,"Choro de mulher é arma,."
374224,"Pra não ver o homem triste,."
374328,Um homem muito sozinho.
374650,O homem já milionário.
374655,Ele estava acostumado.
374682,Ele era mesmo mesquinho.
374762,Ele foi acorrentado.
374764,O rapaz foi algemado.
374963,Marlene era tão devota.
374968,Porque era um moço ateu.
375147,"(nossa, ela era tão linda agora tá grande."
375149,Não existe mulher feia.
375721,A sua filha é minha nora.
375974,Mas por enquanto deixa ela quieta.
376145,Gumercindo pro revanche logo ele foi convidado.
376236,Ser heroi de alguem e melhor ainda ter do lado a mulher maravilha.
376277,Ela estava tão linda na quela janela.
376294,Eu acho ela top.
376296,Eu acho ela boa demais.
376302,Eu acho ela boa demais..
376597,Quando ela fica louca.
376668,Minha flor querida é tão amorosa.
377090,"Sem aliança, mãe solteira."
377093,"Mãe solteira, que importa?."
377201,Meus amigos dizem que ela está contente.
377209,Meus dizem que ela está contente.
377566,"Deus tarde, mas não falta, Ele é justo."
377668,Mas ele fica feliz mesmo até recompensado.
377766,Carrego moças bonitas.
377999,Visitei minas gerais que é o berço onde nasci.
378028,"Vendo minha mãe paralítica, sem um sinal de melhora,."
378029,Levei ela confiante ao.
379217,que ela era a mulher que tanto esperei.
379235,Deus oh senhor poderoso eu lhe faço um pedido.
379309,Ela é culpada auê uê uê ê boi.
379311,Ela é culpada auê uê uê ê boi de eu viver nas estradas.
379652,Com grande esperança ele luta sozinho.
379673,Minha esposa muito linda.
379712,"Deus sabe, minha gente."
379937,Se ela é feliz.
380222,neste instante respondeu um homem sou reporter de um.
380310,Mas se eu pegá esse gato eu vô fazê ele miá em dó maior.
380357,Com a moça brasileira.
380506,Me disseram que ela foi vista com outro.
380563,Ele era valentão só gostava de arrelia.
380577,A mulher ficou contente quando viu o garotinho.
380580,Não sabia essa inocente que o menino era um diabinho.
380713,Augusto era um moço pobre.
380750,A minha filha querida.
380969,Deus que mulher bonita.
380993,As moças bonitas dançavam comigo.
381182,Ele mesmo recebeu.
381472,"Conheci um moço pobre, era um simples lavrador."
381491,"senhor pode fazer pra mim, acho que só senhor memo."
381853,Essa mulher fascinante.
382345,moça bunita perdedéra.
382358,moça bunita laço de amô.
382574,Uma mulher insensível.
382790,"Aparece as macacoas, ele já fica cabreiro."
383299,Tá com a filha mal casada.
383504,Ela é casada por justa união.
383971,"Se tem muita cerveja, também tem mulher bonita."
384219,Pra te fazer sentir a mulher mais feliz do mundo.
384813,Rapaz é difícil demais gostar.
384882,Esse homem sujo e cheio de remorso já sofreu demais.
385347,É muita mulher boa.
385418,"ele tá sujo, todo amassado,."
385528,"Ela chega linda, chega e apavora."
385569,Se ele faz gostoso então você faz melhor que ele.
385605,Já descobri que ele é seu ex.
385653,"Ela não é difícil, não é diferente."
385769,"Ela perde o controle, ela fica animadinha."
385788,"Ela é top, elite é modelo classe a."
385875,A mulher tá largada de mim.
386385,Bebe la a cachaça ela é muito boa.
386452,eutão da licença seu moço zumbi por zumbi ja vivi.
386468,Ela era sua esposa.
386555,Bebe lá a cachaça ela é muito boa.
388976,Zé tava casado.
389255,Pra cantá ele tá morto.
389289,Quando ela tá magoada vem se queixar no meu braço..
390286,Quando eu vejo uma mulher bonita.
390290,Mulher bonita e carinhosa.
390463,"Mulheres lindas, extravagantes, perfumadas."
390566,Ser mulher direita conforme ela era.
390940,A juruti canta triste quando ela tá sozinha.
391134,"sonho com as madrugada,."
391605,Lindas meninas praianas.
392011,Caboclo é feliz no seu rancho de páia.
392124,"Quando ela quis casar,nao achou nenhum rapaz é desengano da vida,que o tempo leva e ano traz,ficou sozinha no mundo quando morreram seus pais,hoje vive com a saldade que do seu peito nao sai.."
392528,Minha mulher doce amiga e companheira.
392867,"E, se ela está feliz igual as rosas no jardim."
392896,Igual menina nova.
393062,"Tô de namoro com uma moça solteirona,."
393065,"que ela é muito coroa, ela é madura já."
393068,não interessa se ela é coroa panela velha é que faz comida boa.
393069,Menina nova é muito bom mais mete medo não.
393074,"ou alemoa, não interessa se ela é coroa."
393080,"tem que ser mulher madura, porque ao contrário o problema se amontoa,."
393502,Diz que ela é muito forte comigo vai embaraçar.
393522,Ela é muito nervosa manda meu tio pros quinto.
393534,é que ela é uma baleia.
393535,e beijo de mulher feia.
393569,Assim fez de um homem honesto e honrado.
393638,Mas a moça é uma parada.
393863,Ele foi o criador.
393874,Herói foi consagrado.
393940,"Meu pai foi peão paulista, minha mãe foi boiadeira.."
393949,"A rainha camponesa era fia do patrão,."
393989,a nossa mãe carinhosa ajudava a levantá..
394069,"Ai, moça delicada."
394071,"Ai, moça caprichosa,."
394204,"As moças namoradeiras cumprimentando primeiro, ai, ai!."
394311,Minha mãe foi pioneira.
394315,Hoje sou um homem casado.
394360,Moça feia e marmanjão.
394495,ela é miss universo é o orgulho da nação.
395104,Ela está sempre presente..
395132,A bênção oh mãe querida..
395188,"Meu pai, mãe é sempre mãe, nossa imagem tão querida."
395277,Se ela é rica ela tem muito conforto.
395278,Mai se ela é pobre muitas veis tem que sofre.
395292,Por que ela é a razão de nós vive.
395807,Moça bonita não paga.
395887,A partir desse momenteo santo reis é meu protetor.
396150,Pra mim morar com ela bem pertinho do céu.
396185,O natal de um menino órfão.
396203,Ele também sofreu calado ausente do paizinhos seus.
396609,Ele foi aprisionado.
396611,Ele então foi enforcado.
396714,Ela é ciumenta.
396849,Também vi o seu fracasso de mulher pobre caída.
397066,Essa menina é a perdição da minha vida”).
397125,Ou serei o homem mais triste da terra sem você aqui..
397186,Senhor vigário no altar.
397194,mãe solteira.
397556,"O Brasil caboclo, ele é vosso e é meu!."
397853,Companherada é hora da partida.
398045,Eu sou uma rapaz solteiro pra traz não deixo pensão.
398200,"O rapaz triste, chorando."
398335,Vancê é ingrata.
398780,Passa mês e passa ano e a minha vida levo a chorar.
398790,Ele é nacioná.
399214,A moça é dona do meu coração.
399981,Ela é a mulher mais bela.
400099,Eu provei que eles tavam enganados.
400166,Todos perguntam por que sou um homem triste.
400171,Porque razão sou um homem triste assim.
400185,"Não fiz vingança, mas tornei-me um homem triste."
400186,Um homem triste sem parentes e amigos.
400228,Se elas vivem carentes sofrendo na solidão.
400292,Ele foi crucificado.
400303,Que nasceu o menino deus.
400312,Pro menino deus saudar.
400354,Veja quem foi moço forte.
400454,Ela é tão simplesinha.
400528,Moça solteira é piranha.
400529,Mulher casada é cadela.
400884,Eu me sinto o homem mais feliz do mundo.
400897,Ela é muito dengosa gosta mesmo é de parpar.
400908,"Ela é muito dengosa, gosta mesmo é de parpar."
400977,Ela é muito dengosa gosta mesmo é parpar.
401059,Ela é a luz que me ilumina.
401543,O rapaz era casado e a mulher deu de implicar.
401653,Vai bebê menino feio.
401827,E cunhataí é moça pequena..
401994,Com outro ela foi morá.
402107,Chico foi baleado.
402576,a rainha sertaneja caipirinha do arraiá.
402636,Uma moça muito triste sem riso da esperança.
402642,"Minha mãe doente, já sem esperança."
403119,E ela ainda era uma moça rebelde.
403129,"Hoje, a moça rebelde e eu estamos juntos."
403268,Ela estava linda.
403503,Ela é minha patroa.
403576,Mas ela é minha alegria.
403999,Esta menina tá distante demais.
404015,"Por você, mulher querida."
404109,Uma menina meiga e sem juízo.
404116,Diz que a filha é muito nova.
404235,Sempre ouvi dizer que mulher é coisa boa.
404256,Onde ela tenta esconder imensa dor.
404361,Ela é charmosa e me faz cosquinha.
404362,"O pai dela sai, deixa ela sozinha."
404568,Ele não é meu amigo sempre faz tudo errado.
404683,Sou um homem diferente que não penso em nada.
404728,"Menina linda, coisinha louca."
404790,Pra ter certeza e ela ser liberada.
404796,Desde quando ela era mocinha.
404806,Além de tudo a moça é muito bela.
404875,Eu casei com uma moça bonita pra danar.
404884,Chá de picão que ela tá muito amarela.
405102,Ela pra mim foi a mulher mais bela.
405103,Eu sou um homem tão desvaído.
405234,Jogo na cassino com as mulheres mais belas.
405246,Arnaldo tá estourado vem.
405307,De mulher vulgar vai virar madame.
405475,e ela disse vagabundo.
405590,Sou um homem pobre nas ruas vazias.
405729,"Carreiro é um moço alegre,."
405923,A você moça bonita.
405953,pego na cintura dela que ela tarraca em mim.
405959,pego na cintura d'ela que ela tarraca em mim!.
406151,Senhora não lastimo mais a sorte.
406559,Aos homens grande amizade.
406842,"Moça feia e marmanjão, na garupa a mula pula."
406923,"Com ele foi interrado,."
406963,"A madrasta ruim, perversa, muito da mocinha judiô.."
406967,A madrasta feiticeira com a sua farsidade.
406974,Oiando caixão sumindo da sua filha querida.
407500,Ele era o garçom..
407520,"Ele era freguês,."
407626,Ela é culpada.
407771,Pra pegar moça bonita e também mulher casada.
407777,Pegou uma moça bonita que o meu coração gamou.
408089,"E quando o ex-gordinho passa, elas ficam loucas."
408416,O moço era obediente.
408603,Uma mulher carinhosa.
408661,Na estrada da vida de um homem errante nao existe flores beirando caminho e nem poderia seguir entre flores quem em sua vida só plantou espinhou é nesse martilho que hoje eu vivo sigo tropessando na estrada da vida e uma ramagem cheia de espinho cobriu minha estrada cercou meu caminho.
408754,E eu sou apenas um homem triste.
408792,Astro rei se os homens poderosos da super potencia.
409005,Uma mulher bonita que meu coração gamou.
409134,estão falando que ela é nova pra mim.
409137,ela é novinha tem menos de 20 anos.
409141,menina nova gosta de homem maduro.
409147,só não arrisco mexer com mulher casada.
409790,Ele foi o ponto final.
410157,quando liga o som elas ficam assanhadas.
410378,"Enquanto eu não acho a mulher certa, com as errada eu vou!."
410699,Mais o menino franzino descendente de jessé.
410715,"Não vem fazer charminho pra me ter,."
411065,E mulher boa.
412058,E se ele achar ruim eu mando ele.
412064,"E se ele achar ruim, eu mando ele vir beber (Repete)."
412233,Depois da meia noite só entra mulher nua.
412566,Michelle é musa a musa de minha canção.
412577,rapaz carente querendo teu doce amor.
412732,ou ou ou menina preciso tanto dizer amo amo amo amo muito voce.
412920,Sinto o ciúme ardendo demais ela é linda rica e poderosa.
412990,"Eu sou mesmo um homem santo,."
413478,Ela é linda.
413481,homem casado pirar.
413683,mas ela foi infeliz.
413872,"Ei, ela é minha namorada."
413878,"Ei,ela é minha namorada."
413887,"Ei,ela é minha namorada!."
414474,Só ando com mulher bonita.
414603,Mulher feia sai pra lá.
414629,Mulher feia.
415084,"Minha mulher maravilha,."
415413,Você me fazia um homem feliz.
415464,Ela é uma coisa boa.
416006,Pra ver de deixo ela mais contente.
417271,"Menina indecente, que finge ser carente."
417448,"Que ela já tá louca, louca pra dançar."
417452,"Com dedinho na boca, ela tá pirada."
417659,A uma deusa nua.
418370,Fiz moça orgulhosa chorar e sorrir.
418378,Com talento e traquejo do progresso sertanejo ele foi o pioneiro.
418492,Menina menina você se apirica.
418828,no pé de amora quem tiver mulher bonita cuidado que eu.
418967,E nois ia conversano.
419136,João-de-Barro fez a casa hoje ele é proprietário..
419300,ele era criador de gado.
419354,"O ponteiro moço novo, muito desembaraçado."
419511,mulher bonita e riquesa.
419599,Homem que tem mulher braba.
420039,"A viola está chorando, saudade sente também...ela foi a companheira, parceira como ninguém...num soluço de saudade fazendo ponto...."
420163,Era uma garota linda vinha vindo no volante.
420942,"O rei vai ficar sozinho, e a rainha vai comigo...."
420965,A esposa é uma santa mulher divina.
421004,Ai mulher ingrata você me maltrata não tem compaixão..
421362,Era um homem diferente.
421634,"O amor quebra opinião, de qualquer homem valente...."
421645,Infelizmente ela é flor proibida.
421698,Homem valente eu já fiz virar medroso.
421706,Joãozinho menino pobre numa escola no sertão.
421708,Um outro menino rico só pra fazer judiação.
421714,O pai do menino mau perdeu as propriedades.
421720,Que um menino agonizante fora da igreja tombou.
421830,Filhos de homem direito.
421896,E a mulher namoradeira eu passo o coro e mando embora.
422013,Deus que mãe bonita.
422016,Deus que filha linda.
422021,A filha morena clara.
422022,A mãe é cor de canela.
422126,Eu chego a ficar doente por uma mulher bonita.
422226,Lá existe homem valente as mulheres são sinceras.
422227,É as meninas são descente ai a juventude sadia estudando noite e dia.
422238,"Por ele ser bom patrão ai, ai."
422242,Ele foi aluno bão sem férias e sem recreio.
422252,Oswaldo é sobrinho.
422351,Ela estava tão divina.
422359,"Ela é uma doçura, beleza com distinção."
422526,Menina nova e bonita.
422532,A menina tão formosa.
422651,"ó mestre lá nas alturas meu senhor onipotente, seu poder é infinito....."
422859,Com ele vai ser ferido....
423040,"Gavião tava contente de gravatinha vermelha,."
423166,Quando saía de viagem sua esposa prevenia.
423379,Com ele era dividido.
423395,"O menino estava vivo, seu pai disse a soluçar.."
423443,"Nem mesmo estando doente ele cantava contente e nunca se retrocedeu,."
424605,Eu não pensava que ela fosse tão maldosa.
424889,Homem sério perde a linha.
424977,"Tinha uma menina doente, um médico a mãe pediu."
425002,Maria é muito bonitinho.
425188,Garoto perdeu a vida nas mãos de um homem ruim..
425468,Conheci um moço pobre.
425479,Casou-se com uma moça rica.
425553,Enganou moça inocente.
425566,Vendo a filha mãe solteira.
425567,E sua esposa infiel.
425637,Quantas meninas bonitas eu vejo aqui do meu lado.
425774,Como eu era um homem forte.
425799,Pra um menino mau criado.
425806,ele desapareçeu.
425874,"Mariazinha, menina rica, e o pobre zezinho era seu empregado.."
425880,"A minha filha é menina rica, está nas alturas, você não alcança.."
425884,"Existe um bom deus, que está nas alturas, ele é bom demais, faz tudo perfeito.."
425901,Pois sem ela não consigo ser feliz na minha vida....
426516,E o rapaz interiorano dando provas de humildade.
426532,Eu vi minha mãe doente de um mal quase sem cura.
426709,Eu sou da mulher mais bela.
427001,Só caso com mulher rica para dar conforto a ela.
427005,Dinheiro e mulher bonita eu sempre andei atrás.
427146,"Onde tem moça bonita, de certo que tem namoro."
427240,A menina inconsciente com sacrifício tirou.
427353,O rapaz era casado e a mulher deu de implicar..
427370,"O senhor vai ficar velho, e comigo vem morar,."
427794,"acho ela muito boa,."
427847,acho ela muito boa.
427971,Tem que ser moço direito.
428040,Sei que tem homem casado.
428897,A moça muito faceira.
428957,Dentro dela mora uma mulher sincera..
428972,"Por ser uma mulher falsa, não cumpriu o que jurou."
429022,Rainha mãe.
429109,pra ele é café pequeno.
429147,"Quase chorando, lá na janela pra mulher ingrata...."
429148,Mulher bonita venha na janela....
429154,Mulher bonita estou desenganado....
429278,"Na frente o candeeiro, menino de pé no chão, ele era apaixonado pela filha do patrão."
429286,Hoje ela é casada está morando na cidade.
429344,Pra ele não farta amor.
429376,Meu futuro sogro é um homem direito.
429468,Além da moça ser rica.
429673,Eu também sofri na unha de um senhor muito malvado.
429680,Nas mãos de um senhor malvado boiadeiro é boi também.
429889,E pode ter certeza que ele será seu protetor.
430562,Minha mãe é uma santa.
430868,Joãozinho menino pobre numa escola do sertão..
430870,Um outro menino rico só pra fazer judiação..
430876,O pai do menino mau perdeu as propriedades..
430949,Filhos de homem direito perde o nome em tabelião..
430978,Eu vou contar uma historia ela é pura e real que ate hoje no.
431002,Ela é uma doçura.
431161,Por ser uma mulher falsa não cumpriu o que jurou.
431180,E a mulher namoradeira.
431231,Ela foi cruel ao renunciar meu amor sincero.
431412,Pra cobrir o corpo da mulher mais bela.
431423,"(""Mulher maravilha modelo do mundo."
431430,Pra colar no corpo da mulher mais linda.
431618,"Nunca vi homem pequeno, que ele nao fosse papudo."
431621,"nunca vi homem direito, vesti calça de veludo."
431800,"Vou vencer esta batalha, a menina é a medalha...."
431863,Titio era cuiabano nessa lida também me criei.
431864,Ele era criador de gado no seu regime me acostumei.
432075,Júlia era sabida.
432298,Ela é a luz que ilumina meu ser.
432309,"Porém o rei soberano, que na opulência vivia."
432314,Por ver a rainha santa que no seu avental trazia.
432326,Em lugar de ouro e prata castigando o rei ateu.
433645,O homem fraco é aquele que se vinga.
433646,E o homem forte é aquele que perdoa.
433737,Mariazinha menina rica e o pobre.
433752,A minha filha é menina rica está nas alturas.
433763,ele é bom demais faz tudo perfeito.
433959,O pobre rapaz escutava calado.
433978,Ele foi um gavião sem asa.
433990,Mas ela voltou virgem e pura.
434013,Ele era apaixonado.
434025,"Hoje ela é casada,."
434061,Mas deixei ela mansinha.
434132,Eu também sofri na unha de um senhor muito malvado..
434138,Nas mãos de um senhor malvado boiadeiro é boi também..
434147,Além da moça ser rica dona de grande beleza.
434457,Pelos caminhos da vida ela está sempre presente.
434884,Mas se ele for casado também leva na lembrança.
435062,Picasso fosse vivo ia pintar tabuleta.
435657,Vestido de militar mulher rica consegui.
435689,Presidente não congele beijos de mulher bonita..
435809,Pois ela era uma boneca encantadora.
436146,Quando fui moço fui feliz e fui feliz.
436463,Vestido de militar mulher rica consegui..
436911,"Mulher virtuosa, quem a achará?"
437269,Rei maior eu sempre hei de adorar.
437649,Ela é a porquinha mais formosa que há.
437743,Ele é tão jovem e já pratica o mal.
437744,Ela é pequena e já aprende a ser tão sensual.
437754,Que faz do homem escravo de um mundo sem perdão.
438489,Filha menina escolhida por.
439309,E um homem doente em sua visão.
439334,Um homem doente em sua visão.
440068,Senhor é bom.
440219,O vosso rei saudai.
440260,"Mulher virtuosa, quem achará?."
441063,"Negra à beira mar, César é cego de um olho."
441736,Sou apenas um homem cansado.
441909,"Quando ele pulsa, ela sangra vermelha."
441925,"O homem é o lobo do homem, o lobo."
441950,Mulher barriguda que vai ter menino.
441958,"Mulher barriguda, tomara que não!."
442698,Pois o homem é o exercício que faz.
442727,"É um menino tão sabido, doutor."
442744,"Ela não quer ser tratada, doutor."
442746,"A minha filha tá solteira, doutor."
442757,Ela fica cheia de mistério.
442962,Ele é um sujeito distraído demais.
443058,Ela foi educada pra cuidar e servir.
444454,Esta entidade é formada pelos homens mais poderosos do país.
445389,"que o homem que matou o homem mal, era mal também.."
445918,"Tudo que incomoda a eles, eles dizem está errado então quem é o marginal?."
446259,Ela é a rainha do.
446272,Ela é a esposa do deus.
447031,Ela é linda como sempre sonhei.
447276,Ela quer ficar sozinha.
447299,E mesmo se gritar ela não pode ser ouvida.
448155,Se o menino for bonzinho e normal.
448190,Mulher não é melancia.
448191,Mulher não é samambaia.
448194,Moça bonita da bundinha empinada.
448286,Só espero que ela seja bem guardada....
448364,Ele é monumental!.
448680,"Ele é negão, dissem que é bixa."
449015,Ela usa mini saia sem calcinha.
449089,Carolina você sabe que esse homem era um lobo.
449364,Mulheres pobres sonham com dinheiro.
449395,Quando ela vai presa.
449577,tu deixa um homem louco.
449664,Ouça agora mulher estranha.
450959,"Ela não encana, nem acha gay!."
450966,Ela é otaku!.
451155,A marca é boa ele tá novinho.
451168,Mas ela é nova.
451361,Não que eu achasse que ela não fosse capaz....
451845,Acho humildemente que ele tá errado.
451857,Hilton é sexo hardcore.
453819,A TELA PLANA NÃO DEIXA ELE PERCEBER.
453924,Eles estão surdos!.
455703,"O amor, ele mesmo, em carne e osso."
455780,Ou então trocar uma menina quente e macia.
456753,"Que ele é perfeito, Que é pura crueldade."
456865,"Mesmo errando, ela tá certa."
457039,"A mãe doente e dois ""irmão""."
457693,Ela está pronta.
458267,Um menino selvagem era novo na cidade.
458280,E ele bem alto gritava ao pé do ouvido.
458285,Mas um menino selvagem era novo na cidade.
458401,Ela quer ser feliz como você.
458415,Não importa se ela é pesada.
458482,"Não pode cobiçar toda mulher alheia,."
458484,"Assim ""cê"" vai passar a eternidade com uma mulher feia."
459088,Eu acredito quando você diz que ele é legal.
459211,Ela sempre foi garota do movimento.
459436,"Moça linda por favor, guarde todo esse amor pra um."
459512,a moça feia lá da ponte.
459762,"Então se liga, moça carente."
461393,"Ele é punk, ele é punk."
461394,Ele é punk mesmo!.
461400,Ele é punk mermo!.
461687,"Tô em terra de mulher boa, praia, sol e camarão."
462216,"ela é feita de hemp, duma planta que tem lá."
462237,"E tem muito mais, moça bonita nao paga, mas se bobear leva.)."
462354,Quando chega na balada ela é sensação.
463032,Ele é bigno e.
463208,"O caminho do homem é tão escuro,."
463630,"Sendo eu homem adulto, como pode isso assim acontecer?."
465203,"Ele é pobre, não vai me entender."
465976,Ela agora é pop star.
466005,"Yeah, ela é pop star."
466427,"Menina linda, tão linda de se ver."
466904,"Um rei momo, sem dono, sem trono."
466929,Ela é linda e sabe muito bem.
466935,Ela é simples e interessante.
468168,Ela é a garçonete.
468259,"MULHER MALUCA, DEIXA DE TANTA MALDADE."
468369,"ESTA MULHER É A RAZÃO DA MINHA VIDA,."
468982,"(fitness, ele é fitness, ela é fitness."
469105,Ele era um visionário.
469123,ÔÔ homem sincero.
469997,Essa mina cadela qualquer homem passa mal.
469998,Ei menina sapeca.
470004,Ei menina sapeca fica na moral.
470024,Ei menina sapeca fica namoral.
470046,Que mina linda não falo do corpo.
470049,Ela é a mais top ela é musa do morrão.
470050,Garota linda não falo do corpo.
470053,Made in favela ela é musa do morrão.
470061,"Menina linda, sorriso estonteante."
470082,"Menina bonita, o perfeito sorriso."
470137,Hoje ele ta carente.
470138,Não pode ver uma boca que ele fica contente.
470141,Em questão de segundos ele ficou felizão.
470356,Senão ela acha ruim.
470735,Garoto bonito.
471492,"As invejosas comentando, que hoje ela tá feia!."
471668,Ele está presente ali.
471697,Ele é grande já determinou.
471801,"Minha vizinha,uma mulher casada,."
471833,"Não é de raça, porém ele é diferente."
471914,Ela é casada e eu também sou.
472019,Silva homem forte.
472026,Zé não era homem tolo.
472093,Tá deixando ele louco.
472118,Tem tanta mulher bonita e cada vez chegando mais.
472127,Onde tem mulher bonita pode crê que to no meio.
472138,Mas ela foi franca ao falar comigo.
472227,Tem mulher maravilhosa.
472373,Com uma moça tão linda.
472399,Esta mulher é mesmo especial.
472400,Ela é safada sem qualidade nenhuma.
472417,É vida de um homem sozinho.
472446,ELE É LEVADO À BRECA.
472493,Dançava véio com moça solteira.
472494,E a rapaziada com mulher casada.
472510,Pra mulher carente.
472514,Ela é pura energia.
472658,"(Sendo mulher bonita,pode chover a vontade !)."
472659,"Eu estou bem preparado,quero que chova á vontade,sendo de mulher bonita estou querendo tempestade,o fenômeno é raro,eu não sei se vai voltar,se for um sonho somente,peço encarecidamente,deixa eu dormir e sonhar.."
472721,Uma moça encantadora na hora se ofereceu.
472819,Ela é beleza pura.
472946,Qualquer homem fica louco.
472964,Ela voou fiquei sozinho tô num desespero só.
472989,"Sua filha é especial, adora minha mãe também."
473025,Aqui tem mulher bonita e cerveja gelada.
473165,Pra apagar o fogo dessa moça é foda.
473408,"-Alô meu povo, é hoje que o chão treme a casa cai, mulher dexo marido, filha mama no pai, só pra segui a turma do chapéu que sabe a onde vai."
473410,"onde tem mulher bonita ja vou caindo na dança,."
473417,"-Eu gosto de mulher alta, tanbem gosto das baixinhas,."
473418,"eu gosto de mulher magra, tanbem gosto das gordinhas, eu gosto de uma morena, sou tarado nas loirinhas, mas o que eu gostaria mesmo, é que eles fossem todas minhas."
473438,Ela é bonita e eu tô nesse rala e rola.
473457,"Toda noite a mesma coisa, ela ta ficando desconfiada."
473575,E eu casei com uma mulher ciumenta.
473639,Minha namorada é uma gracinha.
473646,"Taca silicone, que ela fica bela."
474294,Ricardão vai ficar louco com essa onça de batom.
474484,Diz que a mulher apronta.
474545,Da linda mulher gaúcha.
474577,O homem rico tem medo de ficar pobre.
474579,eu ja sai com uma mulher bonita e quase.
474962,Mulher bonita está chegando de bando.
475088,Eu arrumei um enguiço com uma mulher ciumenta.
475097,Se ela continuar nervosa não sei se vou aguentar.
475148,"tem alguem que eu adoro, ela é minha ilusão."
475279,onde tem mulher bonita eu não sinto solidão.
475355,Elas tão bem loucas.
475540,Só ataca mulher boa.
475561,Lima se ele é seu amigo.
475679,Terra de mulher bonita eu quase fiquei ali.
475696,eu que era um homem rude feito um touro de rodeio.
475724,Pois ele está carregado.
475766,SEM ESSA MULHER NADA FAZ SENTIDO.
475911,Gosto de mulher bonita.
475915,E quando mulher bonita.
475958,De abandonar minha esposa fiel.
476020,"Peão valente, cachaça e mulher bonita."
476035,Pelo rodeio e pelas mulheres bonitas.
476107,Mas ela inocente da realidade.
476225,E ela ficava sozinha.
476343,"Minha mulher é bonita, dessas de cair o queixo."
476560,Mulher é coisa sublime.
476580,Vi muita mulher bonita.
476604,Homem chorando por uma mulher bonita.
476607,Eu sempre fui um homem namorador.
476767,Aquela que o senhor foi avalista do sampaio.
476852,Onde tem mulher bonita.
477118,Não existe homem feio.
477134,Quem quiser mulher bonita não poder ser ao contrario.
477135,Essa é pura verdade mulher boa custa caro.
477139,As mulheres estão esperta quer bastante mordomia.
477169,O moço zequinha amava a priminha.
477311,O clube estava lotado só tinha mulher bonita quanto ela pintou na fita.
477390,"Mulher bonita é um perigo, quando sai de mini saia."
477392,"Por uma mulher gostosa, gavião cai na arapuca."
477395,Mulher bonita é trem bão demais.
477397,Mulher bonita é jóia rara.
477399,"Gosto de mulher bonita, mais eu sei bem onde eu piso."
477402,"Mais se for mulher casada é cilada, é bravaiada, é gelada, é cãibra danada, to fora...."
477485,E se for mulher bonita eu aceito a companhia.
477507,Pois sempre foi uma mulher carente.
477523,Eta mulher chorona chora feito uma sanfona.
477529,Mulher chorona chega de chorar.(2x).
477536,Mulher chorona chega de chorar.(3x).
477608,A sua esposa querida.
477622,Ela é morena dos olhos castanhos.
477637,Tem tanta mulher boa.
477650,Pode ser mulher comum.
477752,"Ela é bonita, bonita até demais (repete)."
477924,prefiro mulher bonita.
478292,Ontem era um homem forte.
478387,as mulheres mal amadas.
478554,Quem rouba mulher alheia.
478594,Virão também do governo alguns homens importantes.
478674,A mulher não é bola pra homem meter o pé.
478681,A mulher é a beleza mais perfeita desse mundo.
478692,Quero ver se ele é valente trancado numa gaiola.
478850,Sou um homem ciumento.
478891,Estou sentindo cheiro de mulher bonita.
479037,"Essa mulher é viúva negra,."
479100,E não tem marido bravo.
479180,"Esse garoto e filho de mãe solteira,vive falando besteira e do meu pe ele não sai."
479181,A sua mãe vive cheia de esperança querendo minha herança mas disso não abro mão.
479195,"Esse menino é esperto ate demais,onde eu vou ele vai e nao pára de me seguir."
479197,"Acho que ela nao está boa da cabeça, mas antes que o mal cresca eu vo ter que me virar.."
479218,No meio da rua tem mulher bonita.
479420,A maior tristeza de um homem casado.
479460,Ela é mala e não tem dó.
479570,"Ela é tão linda, é tão meiga, é tão bela."
479572,"Ela é tão pura, de beleza tão singela."
479713,Por ela ser tão bonita você se apaixonou.
479714,Faz de conta que ela é feia e que você nunca amou.
479732,Ela é a mulher que a vida inteira sonhei pra mim é brasa que queima dia e noite em meu coração.
479754,"Minha mulher é baixinha, mas é o maior barato."
479898,Ela é safada mais eu gosto dela.
479900,Ela é safada mas eu gosto dela.
479903,Essa mulher é mesmo complicada.
479904,Ela é safada bem pior que eu.
479977,"A mulher mais amada deste mundo, mora lá em casa.."
480038,"Mulher ingrata não me maltrata, tem dó de mim."
480429,Se a mulher é boa a coisa fica feia.
480522,Mulher solteira hoje arranja marido.
480523,"Mulher sozinha tô na cola, tô na fita."
480524,Eu tô querendo colo de mulher bonita.
480758,"Mulher bonita e cerveja, coisas que não abro mão."
480939,O amor que sinto por ela é igual polia e correia.
481043,Ela é tempestade e eu sou furação.
481169,Mulher feia eu não agüento.
481258,"Tô numa cilada, mulher casada cheira chumbo."
481261,"Que o homem é brabo, que o homem é brabo."
481270,A mulher é linda e o seu marido é um baita macho.
481273,De hoje em diante mulher casada é homem prá mim.
481274,"Mulher casada cheira chumbo, cheira chumbo."
481312,Mulher cheirosa....
481320,"Corpo de mulher bonita,."
481328,"Cheiro de mulher bonita,."
481412,Ele é machão mas só bate em mulher.
481504,"Ele muito enciumado, na hora virou uma fera."
481631,"Mulher madura, bonita, inteligente."
481708,Eu conheço um homem forte.
481712,Eu já vi mulher bonita.
482088,Uma garota muito alegre e brincalhona.
482098,Ela é briguenta mas eu não fico sem ela.
482196,Flertar mulher casada.
482407,"Aqui tem loira e morena, tem mulher grande."
482411,Com tanta mulher bonita é hoje que o trem apita.
482687,pra quebra galho não existe mulher feia.
482809,O homem é bicho tratante e vê no seu semelhante.
482856,Se ele está feliz contigo.
482857,E ela está feliz comigo.
483131,"Na arena do amor, ela é cobaia das suas vontades."
483289,Meu pai era um homem forte.
483290,Minha mãe muito alegre e novinha.
483429,"Homem sério de verdade,por ela se apaixona.."
483536,Ela é fértil até demais..
483600,A garota é cuca fresca..
483613,Ela não tem nada fixo..
483623,Ela tá arrumadinha..
483680,Ela é muito inteligente ela só falta fala.
483707,"Com um rapaz importante, honesto e inteligente."
483717,"O tal moço inteligente, honesto e importante."
483858,Você é a mistura perfeita menina mulher.
483942,Por viver sempre cercado de mulher gostosa.
483977,Essa vanera é pra menina carinhosa.
484307,Pra beijar minha mãe velha minha prenda e meus piás.
484824,Homem fantasma apareça.
485068,Ela é ciumenta mais eu sou gamado nela.
485337,Noel vai trazer muito presente.
485566,"Foge comigo mulher maravilha,."
485742,Se o homem é traira.
485752,Se o homem é safado.
485762,Tem homem que esquece que a esposa é uma rainha.
486124,"Eu sou mais forte que um touro, valente como um leão, mulher cheirosa e bonita comigo não tem perdão."
486128,"Não gosto de mulher feia, dessas bucha de canhão."
486129,Gosto de mulher mimosa que me chama de tigrão.
486252,Cuidado que essa moça é fatal.
486668,"Eles eram leigos, por não saberem ler."
486859,Ele é bom.
486882,Ele é bom porque.
486884,Ele é bom porque liberta.
487163,Não sabiam que este homem tinha poder.
487281,Ele é o ar que eu respiro.
487546,Ele é poderoso.
487639,Ele é fiel e nunca deixa um filho seu sozinho com o.
487992,Que ela fica doidinha.
488113,Eu vou atrás de rodeio e mulher gostosa isso é bom demais.
488913,Dá cachaça pra ela que ela bebe fica louca.
489211,"Por que ela é boa de mais,."
490159,Ele desce confiante sabe que é mais uma prova.
490374,"Ele é meu pastor nada vai faltar,."
490973,Jesus é feliz demais..
490977,Jesus é feliz demais.
491044,"Senhor está comigo, não há o que temer."
491112,"pra te guardar dos homens maus,."
491276,As tuas lágrimas ele mesmo recolheu.
491344,"Jesus é feliz demais, eu sou feliz demais."
491350,Jesus está comigo ele é o meu amigo.
492584,Gosto de mulher beleza gosto de mulher princesa.
492586,Eu já tive mulher fina já tiver mulher menina.
492810,"Ele é justo, Ele é o forte, Ele é aquele que é fiel."
492814,"Ele é o príncipe da paz, o."
492854,"Ele é digno de louvor e glória,."
492938,Ele vai cheio de poder.
492997,Quem é que ouve o choro da mulher esteril.
493211,Ele é especialista em curar.
493221,Ele é doutor especialista.
493249,"Porque ele é grande, forte, cheio de poder."
493289,"É de vitória em vitória, sempre confiando, se jesus é comigo, não corro perigo em nenhum momento."
493292,"Jesus é comigo, estou protegido a todo momento."
493430,"Ele é maior, maior que o inimigo."
493446,Ele é fiel e nunca deixa um filho.
494088,Ele faz do homem fraco ficar forte.
494203,Ó Senhora escuta minha oração ele é trabalhador.
494435,Havia aqui um homem cego.
494621,No volante ele é o cara.
494622,No romance ele é o cara.
494723,"Ela é coroa, mas bate um bolão."
494921,"É impressionante, ele é diferente."
495388,No dia que eu como frango ela fica revoltada.
495392,Com a casa cheia de neto e nem uma filha casada.
495500,Tem muita moça bonita.
495659,Por você ela foi desprezada.
495788,É o carinho da mulher sincera.
495848,Que eu sou um homem sorridente.
495867,Boa noite pras moça bonita.
495875,É lá que a moça bonita.
495905,Da ilusão da moça nova.
496037,Uma mulher mais errante do que eu.
496052,Porque o homem mesmo sendo um boêmio.
496063,Ele foi considerado.
496072,Mas eu fiquei um homem imprestável.
496100,Como pode um homem rico.
496287,Mulher seja preta ou branca.
496579,Surgiu um moço granfino do meio da multidão.
496619,Surgiu atrás do peão um homem rico importante.
496646,Ele ficou tão contente.
496775,A pobre mãe ficou louca este homem foi pra prisão.
496780,Conheci um moço pobre honrado e trabalhador.
497288,Porque amanhã eu serei um homem casado.
497293,Eu quero a tua imagem querida sempre presente.
497297,"Aos carinhos teus, mulher errante."
497444,E ele então muito aflito com a esposa a lhe ajudar.
497453,A comida é do senhor nóis não pode por a mão.
497820,Jesus foi perdoado.
497845,Dois menino inocente.
497929,Armando é um homem rico.
497933,Julieta é filha única.
497939,Joãozinho é rapaz galante.
497992,Veja que homem judeu.
498334,Só que ele é malandro.
498462,Eles andam prevenido.
498503,Essa mulher tão faceira e tão bonita.
498576,Por ela estar nervosa ainda mais entristeceu.
498591,Quando encontraram ela morta os policia se comoveu.
498610,Menina muito bonita.
498647,"Porque já sou um homem casado ai, ai."
498809,Ele era um vigarista.
498924,Muito dinheiro ele apostô.
499299,querida fazê-la feliz.
499366,Ela era moça nova bonita que nem uma flor.
499881,menina mulher.
500078,Vou acessar o seu orkut menina tutty fruty.
500322,Eu quero ouvir o grito de todas as mulheres independentes.
500936,Olha aquela doida que namora o menino beijoqueiro.
502564,Por ele sou capaz.
502777,Que o moço tava acompanhado.
502790,"O moço tava acompanhado com a irmã dele,."
503427,"Ela é especial, fora do comum."
503429,Ela é diferenciada demais.
503832,"Mãe não tem sido fácil eu sei,."
504076,Minha filha inocente.
504243,não interessa se ela é coroa panela velha é que faz comida boa..
504244,Menina nova é muito bom mas mete medo não.
504250,não interessa se ela é coroa.
504322,O homem é valente sem vaidade.
505258,Um homem rico de uma cidade.
505264,"Um homem feliz contente cantando, peça a ele."
505287,Foi que o homem rico então compreendeu.
505523,Quando eu era moço novo pra mim tudi era alegria.
505532,Quando eu era moço novo para tudo era capaz.
505537,Quando eu era moço novo era um índio muito macho.
505547,Ela é bonita e requebra pra danar.
505549,Ela é uma gostosura ela é boa de lascar.
505591,Tem mulher bonita e apaixonado eu tô.
505642,Adeus rainha matogrossense não sei se foi meu bem ou meu mal.
505845,"Por fora mulher é linda,."
506067,Que ilumina a mina escura.
506147,Tudo que é moça solteira.
506662,Ao terminar minha prece era um homem diferente.
506751,o coração de um homem fica mudo e chora.
507877,Se tiver mulher bonita avisa que eu vou aí.
507905,Se tiver mulher bonita avisa que eu vou ai.
508064,"Religiosos, os reis homens religiosos."
508080,Que além dos três reis magos outro.
508526,Nosso senhor é um velhinho muito pobre.
508588,"E a mãe aflita, aperta logo o seu rosário,."
508643,Nos pés desse homem bom.
508649,Ele é um mensageiro.
508659,Ele é um homem bom.
508662,Ele é nosso irmão.
508678,Só sei que é um homem bom.
510554,Quem só fumava charuto e andava com mulher boa.
510940,Tem mulher bonita cerveja gelada e viola.
511182,"a mulher mais linda, que adoro tanto,."
511361,Linda menina é tão bom te amar.
511772,E as mulher solteira.
511945,Ela é tão envolvente e eu tão carente.
512025,Mulher bonita e cheirosa.
512243,Achando a moça tão bela.
512255,Vocë é um rapaz tão pobre.
512257,O rapaz muito educado.
512936,Gosto de mulher princesa.
512939,Já tive mulher menina.
513442,nada ser mulher direita conforme ela era ela decidiu.
513630,E o seu namorado besta na sua mão foi comendo.
514502,Por ser um homem sincero.
514598,Prá cumprir sua promessa a moça veio ligeiro.
515160,ele é igualzinho ao seu.
516368,Que ela não fique maluca.
516583,Ela é bandida e sabe me provocar.
517902,O Chico foi baleado por um homem desconhecido.
517925,O rapaz quando é solteiro anda limpo que nem santo.
517930,"A moça quando é solteira, se lambuza de pintura."
518217,ela é culpada auê uê uê ê boi de eu viver nas estradas uê boi.
518498,Deus o senhor poderoso eu lhe faço um pedido.
518611,Que o homem seja livre.
518718,Mãe purdença inda num cuieu o ai.
518741,E fui dançar com a mulher mais linda.
518926,"Homens fortes de mãos calejadas,."
519425,Ele bate forte por você.
519673,"Ele vai ser seu amigo, te chamar pra tomar uma."
519994,Tem muita mulher bonita.
520090,só gosta mesmo é de mulher tranqueira.
520404,Só tinha mulher top.
520805,Que mulher gostosa ela tá fogosa tá doida pra amar.
520862,É um homem explosivo.
520996,pra deixar a mulher contente.
522243,Se ela quis ficar contigo.
522318,Menina linda tô ficando sem noção.
522830,"Se ela ta chata, chocolate e flores."
523012,"Porque ela é mó vibe, vibe, vibe."
523015,Ela é mó vibe.
524081,Sabe aquela história do pobre menino rico.
524675,"Meu pensamento, ela é dona."
525528,"A vida as vezes te machuca, e ela mesma da a cura."
527194,"tudo bem ele era o bicho,."
527460,ela é linda.
527868,pra ele é um trunfo.
528038,"bum, bum, bum, o homem bomba."
528045,o homem bomba se esconde como um terrorista.
528096,Cristo como ele era mulato.
528881,Hoje eu sou um homem mais sincero.
528884,Hoje eu sou um homem mais sincero e.
528943,"não tô devendo, mas a vida de homem é assim mesmo."
529396,Uma menina mulher.
531198,Olha só que menina bonitinha.
532681,O homem coletivo sente a necessidade de lutar.
534872,"Ele é chamado de doutor, é sim senhor."
535439,"E se ela tá afim, a gente se manda."
535482,"de amor, delicadeza a ela mesma."
535589,com aquele rapaz tão bossal.
535707,Frank é mais palco que palanque até.
535772,Bruno era tão bom moço.
536649,Se nem tudo experimentou.
537090,"Não apresse o rio, ele corre sozinho."
537092,Ele corre sozinho.
537982,Olho pra ela e começo adimirar como ela é linda.
538652,Dia azul e ela é infeliz.
538656,Ela quer ser feliz.
538678,Ela já é feliz.
538771,Um cartaz de mulher nua.
538807,Ela é menina.
538994,mulher infiel.
539038,É o homem mais alegre do lugar.
539302,Menino bonito.
539606,A tua mina tá gamada hey boy.
540400,"Se eles são bonitos, sou."
540403,"Se eles são famosos, sou."
540453,Hebe camargo com um rei mago.
541846,Ela é sempre igual.
543124,Moça bonita assim tão triste parte o coração.
543421,"Tem homem corno, homem baixo, homem gordo, homem grato, safado, careca, cabeludo, veado, ousado."
543886,Sempre te vejo pelo espelho do meu carro.
544229,Ele foi tão falso.
545321,Por que tadinho ele é tão ocupado.
545917,Todas elas estão loucas pra saber.
549029,Garoto fenomenal.
549854,"Eita menino mais chato, ""cê"" enche o meu saco."
550156,"Porque ele é meu remédio, a minha insulina."
550162,"Ele é meu cateter, a minha vacina."
550196,Sou mulher independente.
551166,"Se achando homem moderno, com um terno desse modelo.."
552067,"Paulo, menino grande."
552071,Não tem a sua mãe preta.
552770,Pra mim ela é linda demais.
552771,"E além do mais, ela é carioca."
553233,la vem o homem homem homem.
553243,la vem o homem homem e o que e que ele tem.
553546,"No outro lado da moeda ela é fiel,."
553596,ela é brasileira.
553603,ela é nota 10.
553620,ela é sambista.
553830,O destino ninguem muda ele é perfeito.
554009,Ela é poderosa.
554055,"Ela é poderosa, ela sabe como faz pra conquistar."
554117,Quem é a mulher mais linda desse universo.
555083,Com uma mulher maravilhosa.
555656,Ela é trilha de boiada.
556251,Ela era uma aranha.
556301,Ela é muito nova e me cheira perigo.
556306,Ela é moderna e até meio louca.
556329,"A mulher da minha vida, minha musa preferida."
556600,Mulher independente.
556842,Rapaziada boa e mulher bonita.
557091,Ela é a estrela que clareia o meu chão.
557170,"rapaziada boa e mulher bonita, onde a gente chega a."
557966,O homem honesto perdeu seu valor.
558135,"Ela é pantera, eu sou leão."
558309,deixa qualquer homem louco.
559512,Uma mulher fogosa.
559518,Cerveja gelada e a boca molhada de uma mulher bonita.
559761,Vou buscar ela ligeiro.
559875,Mulher bonita é mais fácil.
560406,Amor ele é feito de coisas pequenas.
561192,"vez ela judia, Deus do céu que covardia."
561275,O amor por essa moça é tão grande.
561291,O meu amor por essa moça é tão grande.
562297,"homem é capaz, se quiser pode mudar, porque você tem a."
563149,Vovô era retireiro.
563364,Olhar de homem desprezado é cacimba.
563456,Que ela é dona desse porre.
563459,Ela é envolvente e bonita.
563465,"Te tenho assim, mulher manequim."
563467,"Te quero assim, mulher manequim."
563620,Ela é comprometida.
563634,Que mulher difícil.
563791,Que o que ela fez foi ruim.
564202,Adeus rainha matogrossense.
564756,Senhor preciso de vc.
565174,Ele é o amor maior que sinto.
565571,"Ele é pai, Ele escuta o que pede o meu coração."
565815,"Contry, é cowboy nois é fazendeiro, nois tem gado nois tem roça e nois tem dinheiro."
565820,"Nois é motoqueiro,."
565824,Nois semos lindo nois é herói nois é mocinho nois é praiboy.
565825,Nois semos lindo nois é herói nois é metido nois é cowboy.
566273,Essa mulher é venenosa.
566278,Essa mulher é uma loucura.
566937,Toda gostosa e ela é poderosa.
567147,Eu já fiz ela feliz.
567669,E a paraguaia tão querida lá ficô.
567714,É pras moça bonitinha.
567733,Ela é dona das pipoca.
567818,Moça feia e marmanjão na garupa a mula pula.
567866,A moça tava montada.
567940,Quem sabe eu venha a encontrar outra moça muito fina.
567988,"Eu era um rapaz gordinho, tenho emagrecido."
568012,Homem baixo e muié arta é mais sucedido.
568107,"Vancê vai viver contente, nada, nada te aborrece."
568207,"Ela é bem morena, cor que não descora."
568503,Todas quinze ele ganhô.
568736,Essa moça foi dizêno nóis pode fazê o torneio.
569493,Sou mais um homem carente.
569496,Sou mais um homem sozinho.
569634,"Mulher vitaminada,."
569656,"Essa mulher foje muito,."
569679,Elas são tão parecidas.
570453,"Ele é feliz, triste, amargurado, esperançoso."
570524,Eu tenho um marido pobre.
570969,A mulher é independente.
570985,Hoje a mulher carente.
571115,"Ela se se entrega aos seus reis falsos,."
571390,Ele é o único menino cínico.
571603,Casquinha é bom de se tirar.
572501,"Ela estava tão bonita, linda assim como ninguém."
572627,Uma garota nova e sem juízo.
572640,Mamãe está tão triste.
573555,É só mulher bonita e muita bebedeira.
573834,Outra vez ela judia.
574090,é uma mulher envolvente.
574241,Com ela fui feliz eu sei.
574288,"Ela é dona da saudade que te envolve,."
574657,"Sertanejo é bailão,."
575784,Será que ele é melhor que eu.
576337,A mulher namoradeira.
576653,E todo homem fica brega por causa de uma mulher.
577314,Ela vai deixando vazio o quarto e o coração.
577859,Maravilhosa deusa louca assim gostosa.
580083,"Maluca, mas por mim ela é apaixonada."
580088,"Ela é leoa, ela é tigresa."
580096,Mas por mim eu vou falar: por ela sou apaixonado.
580421,"Faço de tudo pra dominar a fera, ela é leoa, ela é."
580428,Mas por mim eu vou falar por ela sou apaixonado.
580433,"Faço de tudo pra dominar a fera, ela é leoa ela é."
580488,Hoje eu descobri que ela foi infiel.
581407,Tem mulher mineira e do sul matogrossense.
581408,"Tem mulher goiana, gaúcha e catarinense."
581423,Só mandou mulher bonita.
581442,"Tem mulher verruguenta, com a bunda caida, com a teta mucha parecendo minha tia.."
581445,tem mulher baranga com bafo de onça tem umas que nem quer tomar banho.
582523,"Mas se volto pra ela, meu mundo sem ela também é vazio.."
582661,Tem um homem apaixonado louco pra te dar amor..
582990,Ela tá louco pra pegar outro mané.
583740,"Ela fica aborrecida, ela qué cama e comida."
584571,Eu sou homem casado.
584901,"Ela é mistério, é um caso sério, é fenomenal."
584952,Ela é feia pirracenta e mandona.
584957,Melhor ficar com uma mulher feia e rica.
584969,Ela é madura ta passada dos setenta.
585588,"Ela dança gostoso, sensual, meio safada."
585876,"Ela dança gostoso, sensual meio safada."
585920,"Deus, ela foi capaz de me dizer que gosta de outra pessoa,."
586265,"Um homem ereto, preso à uma asa de pano."
586323,No rodeio ele é peão.
586560,Remexe o corpo e vem e na balada ela é astral.
586972,Minha musa preferida.
587205,Eu quero futebol e ela quer aeróbica.
587206,Eu tomo uísque e gelo e ela pura vodca.
587227,Olha a menina bonita.
589195,Só eu sei que os meus olhos.
589239,Pra ela não preciso dar nenhuma explicação.
589260,Ele é poderoso e sereno.
589286,Ele é tão delicado.
589354,Se tentar morder o travesseiro vai rasgar ele inteiro você não vai aguentar.
591291,ela é rara e preciosa.
591486,"Ela é linda, um corpo sedutor."
591842,"Se ela for presa, eu também vou em cana."
592253,mulher querida amada..
592299,"TÃO DIZENDO QUE VIREI MANÉ, POR ESTA MULHER SOU QUAL."
592446,Só me ver que ela fica animadinha.
592914,Mulher bonita de montão.
592961,Menina estou intrigado este seu noivado já não tem mais fim.
593014,Ela fica louca.
593379,Ela é penetrante é a voz de.
593504,Ele faz careta.
593636,Ele é santo príncipe da paz.
593640,"Jesus é teu amigo, Ele está contigo por onde for."
594145,"Ele agora está mais firme,."
594466,"Que o homem seja livre,."
594468,Assim como os três reis magos.
594474,Que o rei será bendito.
594608,Menina manhosa.
594840,"Ai cantando conseguiu, me fazer um homem honrado,."
595261,"Moças bonitas vinha à janela,."
595281,O ponto era um moço novo muito desembaraçado.
595316,"Detestam homens violeiros, não defendem a tradição."
595533,Eu lhe considero a mulher mais bela.
595755,E de homens competentes.
595779,Minas é florido.
595931,minha filha caçula namora homem casado.
596568,Mas os homens estão esquecidos.
596767,Se a mulher é bonita.
597322,Arranjou menina nova.
597443,"O rapaz era descrente, nunca teve religião."
597634,Se ela vive feliz em meus braços.
597635,Junto a ela feliz eu estou.
598012,"Moça feia e marmanjão,."
598111,"Quantas meninas bonitas, eu fiz chorar de saudade.."
598302,O santo nome de mãe é a palavra mais querida.
598304,"Para todo meu afeto à você, mãe brasileira""."
598317,Se ela é rica ela tem todos conforto.
598318,Mas se ela é pobre muitas vez tem que sofrer.
598347,Mulher feiosa não me facina.
598503,Se ela é rica ela tem todo o conforto.
599001,Nem se ela é feita de ouro.
599490,"E digo, mulher querida."
599847,Uma menina linda e sem juízo.
599852,Diz que a filha ainda é muito nova.
600117,Que ela foi dama de vermelho e foi de branco.
600118,Mas amanhã ela era dama de preto.
600209,Eu recebi um convite veio de minas gerais.
600240,Dormindo sobre ele como era bom sonhar.
600310,Lá na rua sou homem feliz.
600602,Mas no tempo que eu fui moço forte.
600620,Das moças bonitas eu ganhei muito abraço.
600758,De mulher feia e bonita.
601050,Ele louco de ciúme foi chegando devagá.
601236,Que mulher igual a minha.
601389,Ela foi encontrada morta.
602101,"Ana era morena, tinha os olhos verdes."
602109,Que o moço rico era um grande covarde.
602111,O olhar tão lindo da moça bonita.
602124,Ana foi chamada no banco de olhos.
603327,A moça quando é bonita.
603597,Jorge é bom cavaleiro.
603717,Senhora dona da casa.
604486,Seu amor por ele não é verdadeiro.
605119,Onde ele fica deslumbrado a contemplar.
605658,Chaleira é mulher velha.
605665,Ali ela foi princesa.
605688,Ela está louca da vida.
606607,Já me disseram que ela foi vista com outro.
606639,"Eh mulher bandida,."
606862,"Locutor, sei que ela foi bandida."
606959,"Gosto de você assim, menina mulher."
607099,Torcendo pra que ela mesma descubra no meu jeito de olhar.
607102,"Dizer pra ela não é culpa minha, mas é minha solidão.."
607350,"Se ela tiver mal humorada, foge."
607848,e se tiver mulher bonita aí a lenha tá acesa..
609041,As mina é louca tão pedindo.
609252,Ela é pró na arte.
609511,Ninguém acha ela normal.
609517,Essa menina faladeira.
609519,Ela é uma princesa.
610324,Foi levado pro deserto aonde ele foi tentado.
610378,"Minha mãe, minha vida, você é a mulher mais querida."
610980,ela mora bem distante.
611006,Uma mulher tão bela.
611179,"sou um homem direito e não tenho mais vida,."
611211,Faz homem grande chorar.
611212,Saudade que as vezes é gostosa deixa a mulher mais dengosa.
611245,Mulher menina.
611343,"Ela é séria e não enrola, pois quando eu pisei na bola."
611348,"Ela gasta muito pouco, ela é coisa de louco."
611515,Essa mulher é tão bela.
611753,Porque estou sofrendo tanto se ela está ausente?.
612127,ôôô mulher tô doidão.
612133,"Ela é toda boa, ela é a patroa ela é poderosa."
612533,compraria um carrão e ela ficaria afim..
612563,ela é deliciosa.
612572,compraria um carrão e ela ficaria afim.
613056,"Ela é top, safadinha."
613545,Essa menina baladeira.
613567,Ela é linda demais.
613759,"Aquela mina tão difícil, deixou o ego de lado."
613766,"Mas quando está sã, ela é muito mala."
613842,"Ele é ciumento, isso vai dar confusão."
614148,Elas ficam loucas querendo passear.
614547,Mulher não quer dinheiro ela quer ser amada.
614555,"Ele larga tudo, esquece da farra, para de beber."
615039,Ele era novo no momento em que o primeiro apareceu.
616303,"Mulher difícil, que sacrifício."
616910,As coisas que eles fazem parecem muito frias.
617642,E eles ficam muito felizes.
617716,Ou o homem é gay.
617758,Que o homem é viado..
617839,"O que eu sei, é que eles são esquisitos."
618213,Alguns dizem que ele é chato.
618436,Pra mim você é uma garota irresistível.
620360,Jesus ainda amava o prefeito mesmo ele sendo um ateu.
620625,"E Adão até foi expulso, pois."
620735,"Onde o rei está morto, e o carrasco no trono é quem toca o tambor."
620763,"E aquela senhora outrora tão jovem, já parece morta."
621173,"Eu ví o futuro, baby, ele é passado."
621328,"E assim ela seguiu sozinha, tentando pertencer."
621381,"Mas ele é fraco, é covarde, é frouxo, ele nunca me encara de frente."
621553,Se era estrangeira mãe esposa ou outra..
621658,"Eu pulei fora, eu juro senhor juiz."
622356,E elas eram tão sujas.
624186,"O nosso ódio, ele é reciproco."
624274,"Nem tenho grana, minha mulher está grávida e noite passada."
624318,o homem é um monstro e a mulher é horrível.
624645,Uma menina tão singela..
624884,Então eu percebi que ela estava acordada.
624995,"""O homem branco do velho mundo...""."
625515,antecipada ela é sua rainha.
625551,Ela é carne para uma rainha.
625560,antes de esfriar eu sabia ela estava morta.
625569,Por uma deusa suja nós vamos dançar.
625576,Ela é carne para uma rainha...
625759,A brava mãe virgem.
625794,O homem caucasiano do rebanho de.
626356,"Mas ela é linda,."
626372,"Por que ela é linda,."
626455,"Só porque ele é lindo, loiro e forte."
626499,"Nadando com graça, fugindo da caça dos homens humanos."
626500,"O homem é corno e cruel, mata a baleia que não chifra."
626616,"Ela é uma vaca, eu sou um touro."
626623,"Ela é uma vaaaaaaaaaaaca, eu sou um touroooo!!."
627099,Não interessa se ela é coroa.
627293,é ele mesmo e eu esqueço.
627402,A Sheyla é uma garota muito bela e recatada.
627415,"A Sheyla era maneira, ela era sensacional."
628925,Mas o que pra eles é defeito.
630594,"Mães zelosas, pais corujas."
630929,Ronaldo é meio punk.
630939,Ronaldo é futurista.
632742,Um filme de mulheres nuas.
635273,Na balada ele é o cara.
635963,Por ela fui fiel.
636230,Ele não é malandro?.
636947,Mulher bebê...
637266,"Ela é vagaba, interesseira."
637697,Ela ficou triste quando eu a deixei.
637973,"Uma menina linda, tão gostosa adicionei."
637982,"Porque ela é fake, fake, fake, fake, fake."
637984,"Mas ela é fake, fake, fake, fake, fake."
638601,Me chama de homem aranha.
638606,Minha mulher gato.
638801,Aquela menina era a felicidade.
638823,"Ela é como namorada, companheira de deprê!."
639303,Mulher perfeita toda uma beleza meiga luz.
639810,"Ela é tão pura, não sabe do mal."
639839,um doce ela é minha irmã.
640294,Quero uma mulher carinhosa.
640296,Quero ser um homem livre.
640330,Eu sou menino sonhador.
641515,Que ela pode ser cruel.
642056,"O homem nasce livre, mas parece esquecido."
642672,"Julgamento popular, ele não é merecedor."
642980,Você foi a garota mais importante.
642996,Nenhuma outra garota deu certo na minha vida.
643456,É cor do pecado que deixa elas malucas.
643971,Ela é ciumenta demais.
643975,Ela é ciumenta de mais.
643988,"Eu falo que sei la, ela fica enlouquecida."
644375,Isso deixa ela confusa.
644767,No véu da cambraia ela deixa louco.
645868,Se ela é tão louca....
646501,"E da libido, e prum garoto introvertido."
647277,Menina linda eu te adoro.
647714,Ela é má pode até te dar um choque.
647728,Deus do céu como ela é maldosa.
648455,Ela já fica feliz.
648628,"Pega o gato com jeito que ele azunha,."
648707,Ele é ruim demais.
649222,"Ela é anarquista, ela é terrorista."
649982,"Cristina era mesmo legal – ""partimo"" até pro coisa e."
650067,ela é branca é negra é de raça.
650570,Mas lendo atingi o bom senso.
650787,Todo menino é um rei.
651052,Oxossi é caçador.
651235,Um dia desse ela tava descuidada.
651316,Ele nervoso perto do portão.
651322,Se eu fosse um homem branco.
651582,O jeito que você olha pra ela é uma mentira.
652057,Pra mulher sereia.
652768,Menina sou dependente do seu beijo.
652796,Um homem carente de amor também chora.
653333,Moça bonita pode entrar à vontade.
653334,"Homem barbado, quanto menos é melhor."
653443,Faz qualquer homem valente cair de joelhos no chão.
653467,O Chico tava feliz.
653519,A mulher mais bela que um dia encontrei.
654402,Ela estava tão linda naquela janela.
654407,Pois se ela for mesmo embora.
654523,"Alô, alô, alô, mulher loira ou morena."
654709,Mulher bonita perambulando sozinha.
654914,Ela foi a testemunha.
655048,"Se a mulher bobeia,vem um cara e passa a mão."
655075,"Alô,alô,alô,mulher loira ou morena,eu não faço muita escolha."
656277,"A moça era esperta, não brincava não."
658488,que ilumina a mina escura.
658716,Ele é mesmo bom assim em tudo o que ele faz.
659089,A mãe vem pedir constante oração.
659099,Senhora tranquilos deixou.
660603,Não sei se ela está sozinha..
660895,-Esta mulher hoje é rica e tem de tudo..
660904,-Minha mulher hoje é rica e tem de tudo..
660917,Ela é uma bonequinha..
660952,"Lá na terra dos judeos,o homem mau sem coração.."
661047,Posso até jurar que o homem mais triste do mundo sou.
661245,Menina bonita olha pra mim..
661335,Ela estava enfezada.
661359,"Ela estava aborrecida,estava nervosa demais.."
661474,"Olha que garota linda,àquela.."
661486,Homem cabeludo ela não gosta..
661487,Tem o tipo de garota bacana..
661492,Hum!Que garota super-bacana!.
661493,"Ela é muito pra frente,ela é uma praça,mora!.."
661504,Menina linda coisinha louca.
662683,"Sou morena faceira, menina brejeira."
663975,Todos homens são distintos demais.
664682,Moça bonita que eu gosto de amar.
664691,Por que ela é amorosa e sabe amar..
664703,Por que ela é amorosa e sabe amar.
664911,Ela é bonitinha até no andar..
664912,Ela não é alta e não é baixinha..
664920,"Ela é minha esposa,sou o marido dela.."
664961,A minha vó ela é mesmo assanhadinha.
665099,Faraó foi destruído.
665213,Vem menino bonito.
665718,Sua filha aqui distante não se cansa de esperar.
666057,"Ele é fiel, quando você não for."
666206,Ele é fiel!
666407,"sou louco por ela é grande a nossa paixão, mais na."
666566,"Ele está contigo, Vai."
666570,Ele está contigo é só buscar!.
667077,Mulher ingrata.
667107,Ela é a esperança.
667233,Moça branca e direita com o preto véio casou.
667254,o menino estava morto por um cascavér picado.
667950,Se o marido é violeiro.
667957,Que pena ele ser casado.
668062,"Ai, ai, ai, ai garota enxuta."
668402,Companheira mulher ideal.
668613,Pra você serei sempre a mulher ideal.
668884,Ela é deusa que passa.
668890,Essa menina é bandida.
669616,"Linda, menina linda."
669966,E as mulheres mais bonitas eram minha.
671923,"Ela foi má, não soube te querer."
672895,Ele é meu amigo e ela sempre foi parceira.
673328,É que ele é lindo demais.
673473,"Menina morena,."
673635,Muitos homens pais de família.
673844,Com ela agora é só garrafinha d'água.
675079,Menina nova é muito bom mas mete medo.
675087,Mulher casada é bom também mas é um perigo.
675294,"João foi nascido a criado na roça, não tinha maldade."
675667,Com os teus braços de mãe protegei nossas crianças.
675974,Uma mulher muito bonita de umas vinte primaveras.
676360,Fale da mãe iemanjá.
676638,Defendo as mulheres carentes de afeto.
677201,Se eu pudesse te dar meu nome seria um homem muito feliz.
677330,E se amasse ele não estaria deitada.
677392,Ela é uma menina tímida e calada.
677781,No sorriso da mulher querida..
677976,Um homem triste apaixonado sofre muito.
678279,Eu confesso querida pequena.
678363,Ela ansiosa com a chuva preocupada.
678387,Se me entreguei a ti.
678830,Embora o senhor seja conhecido e venha pedir pela primeira vez.
679131,"Minha mãe apenas, outra mãe solteira."
679560,"Casei com a filha mais nova, a sorte sorriu pra mim."
679774,"Uma mulher bonita, um coração sozinho."
679864,A mulher mais cobiçada.
680267,Se for de mulher bonita.
680469,É você minha mãe morena meu consolo e adrenalina.
682337,"Por isso é que se diz, como ele é sentimental.."
682419,Sou o homem mais pobre dos homens.
682430,Este foi o homem mais rico dos homens.
682462,Te rendo graças por tornar-me um homem forte.
683098,No espaço ela é a lua.
683159,Ela é minha mulher.
683204,De um homem normal.
683691,Tanto que me gabei ser um homem forte.
683752,"Ela é cruel, perigosa e matadeira."
683821,Enquanto ela vive contente feliz.
683936,Saiu com o menino doente.
683947,O menino amedrontado chamou sua mãe querida.
683953,Ali ele foi transformado numa estátua e chicote na mão.
684040,A mulher é igual a cobra tem veneno e tem peçonha.
684176,Mulher madura sabe o que quer.
684177,Mulher madura é mais mulher.
684186,Mulher madura é noite suave.
684541,Virgem negra mãe bendita.
685097,Ela era muito ciumenta.
685140,De mulheres traiçoeiras.
685266,É hoje que sol levanta com tanta mulher bonita.
685271,Enquanto mulher fogosa mostra o que tem de bom.
685279,E o amarguinho que ele tem é inofensivo.
685462,Arrasa dá ibope ela é capa de revista.
685467,Ela é uma delicia.
685468,Ela é toda sensual.
685469,Ela é toda linda.
685470,É garota nacional.
687368,Vem com ele duetar.
687492,Muitas mulheres bonitas me querem.
687578,Com ele distante a dor me consome.
688676,O ponteiro moço novo muito desembaraçado.
688816,Ela era quase criança nos sonhos bons de menina.
688969,Ele é bonita e desimpedida.
689949,Mulher bonita eu abraço homem eu corto na peia.
690029,"Deus, eu queria saber se ela está feliz."
690310,Em pedro leopoldo em minas gerais.
690709,E a filha tá abandonada.
691215,Ela é abelha pousando nas flores.
691218,Ela é estrela que brilha no drama.
691220,Ela é atriz coberta de fama.
691227,A deusa divina da minha canção.
691280,Me cansei de ser um homem humilde e usado.
691349,Sou um homem triste rolando na vida.
691351,Sou um homem triste vagando no mundo.
691456,Pois minha deusa querida.
691457,"Fez de mim, um homem triste."
691658,A minha chefe mãe padroeira.
692327,Mané era pernambucano.
692917,"Sereia é coisa de mar, garota é coisa de bar.."
694188,Mulher ciumenta que vive de marcação.
694388,Faço a ela tres pedidos.
694498,Se mulher é parte fraca.
694879,Mas o coração da mulher querida parece.
694953,"É melhor eu ser assim, embora sendo um homem triste."
695184,Se ele ficar valente tocamos zum.
695252,E com ela preciso encontrar..
695726,Mas sou um rapaz faceiro.
696502,Ela é gostosa é maravilhosa e mexe com a gente.
696504,Ela é diferente.
696506,Ela é cheirosa é misteriosa é menina mulher.
696997,Daqui a pouco eu visto a roupa e vou embora.
697174,"Se ela é novinha, novinha."
698548,Ela é delícia.
698552,E o tanto que ela é bonita.
699451,Pra deixar ele maluco e você mais desejada.
699686,Lhe digo mulher querida.
699983,"Você sabe menina bonita, prestimosa, santa e pura."
700146,Sou um homem diferente.
700205,Esta mulher está sendo mal-amada.
700211,Que ela é muito mais bonita.
700433,Tinha uma quadrilha de homens valentes.
701520,O homem é bom.
702558,"Passou no salão, fez o pé e mão, agora ela tá solteira."
702701,Se tiver mulher solteira arrasto tudo lá pra casa.
702798,"Amor da minha vida, a musa preferida."
703185,Ela é mistério.
703187,Ele é bagunçado.
703193,Ele tá formado.
703835,Eu já nem se sou o homem ideal da sua vida.
704078,Seu guarda sou o cara que o senhor pensou ser vagabundo.
704133,Com a agência ele deixou acertado.
704384,Com a mulher mais linda.
704699,Que você é a garota mais linda que eu pude ter.
705529,Tô mais que convencida que não tem homem perfeito.
706158,Nunca vão superar uma mulher real.
706196,E ela é companheira.
706493,"Ela tá magoada, ela tá sentida."
706495,"O negócio é com ela, ela tá resolvida."
706497,"Ela foi enganada, ela quer da o troco, ela foi traída."
706507,Mas ela foi traída.
706513,Se perdeu a 'responsa' perdeu a mulher verdadeira.
706525,"Ela foi traída, ela tá ferida."
706563,"Menina nova gosta disso também,."
706569,Mulher casada gosta disso também.
706770,Anjo em forma humana mãe doce mãe meu coração.
706775,se eles estão perdidos.
707066,Essa menina não dá mole.
707103,Me sinto o homem mais triste do mundo.
707321,Menina inocente pura e sincera.
707392,Que seu namorado tá ficando bravo.
707715,Achei a mulher perfeita.
707716,Moça distinta e direita.
708120,Ela também foi traída.
708279,Tirando o casamento e homem ciumento.
708866,Meu namorado tava pobre.
708999,"Ela é independente, curte a vida livremente."
709971,Ela é a batida de um coração?.
709974,Ela é maravilha ou é sofrimento?.
709975,Ela é alegria ou lamento?.
710924,E do rei faquir.
711008,Ela tá sarada turbinada processda envenenada.
711470,Faz do homem gentil um calhorda.
711926,Se aquela mulher é vaidosa eu não sei.
712393,Por isso é que se diz como ela é sentimental.
713549,"Me chamam mãe d'água, por onde caminho."
713763,Ele é bonito de ver.
713928,Era um menino muito legal.
714708,E as senhoras como sempre nervosas:.
715875,E ele fica mudo.
717572,Ela é dark.
717613,Ela é a joaninha dark.
719057,Faça com que eles recuerdem.
720303,Tudo pra ela é comum.
720304,Tudo com ela é viável.
721131,"Ela foi cinéfila, só ia ao belas artes."
721167,Ela não é igual a gata que eu vi na.
721171,Nem é como a mina linda linda que dá medo.
721188,Ela é linda linda linda linda.
721203,Ela não é a bonita do.
721208,Ela não é a baiana bela do.
721829,"*moça bonita, eu te amo (em guarani)."
721842,Ele é lindão.
722423,Com teu homem querido.
722652,Das mulheres famintas.
722889,Ilumina a mina escura e funda o trem da minha vida.2x.
723549,Dedicado a um rei triste e solitário.
723601,Creda e audiemedes trazer seus cavalos e da rainha do poli os bois do rei giriao outro gigante para enfrentar e para cômodo do jardim de pering matar a serda o cão do mau os doze trabalhos de.
723811,Mas um homem normal.
723820,Pois o homem normal.
725406,"Oh, minha mãe gentil."
725761,A musa inglória partiu.
726063,Ela é tão rica e eu tão pobre.
726064,"Eu sou plebeu, ela é nobre."
727257,Ela é uma morena sensacional.
727895,Um homem grave vende risos.
728439,Ela é colorida.
728440,Ela é multicolor.
728896,"Mulher nova, bonita e carinhosa."
728910,Mulher nova bonita e carinhosa.
728919,Se não fosse a mulher mimosa flor.
729025,"Ela é formosa,."
729043,Mas é que ela é cobiçada.
729083,Só por elas mais forte que paixão.
729715,Menina colorida.
732378,ela ficou super contente.
732445,e ela achava mais linda ainda.
732456,metade ela era companheira.
732662,E eu não passo de um rapaz comum.
732968,Na boca vermelha de uma dama louca.
733079,Quantos homens eram inverno.
733366,Porventura se a mulher for casada.
733600,"e toda paixão recomeça, ela eh bonita, é demais."
733603,"Eu digo e ela não acredita ela eh bonita, demais."
733604,"Eu digo e ela não acredita ela eh bonita, eh bonita."
733791,Ele não é um doutor nem mesmo tem posição.
734531,Minha filha inocente veio pra mim toda contente.
735722,Que é que tem nessa cabeça saiba que ela não pode irmão.
736171,Ele é negro.
736172,Ele é estranho.
736736,Ela tão satisfeita por mim.
737558,Achando todos que ela era a sedutora.
737873,Ele não é goiaba.
738533,Vê como ele está lindo.
738803,Se ele era raso e não sentia o coração.
739062,Um homem bonito que planos.
739569,Vi que és um homem lindo e que se acaso a sina.
739570,De um menino infeliz não se nos ilumina.
740364,E que namora um menino eletricista.
740396,Eu sou rapaz direito.
740397,E fui escolhido pela menina mais bonita.
740880,Ei menino branco o que é que você faz aqui.
742168,Há um homem preto de olhos machucados.
742171,Rindo do meu jeito ele é um anjo.
742176,Que vivi mas ele é diferente.
742185,"Anjo, ele é um anjo."
742415,Se eu tivesse outra ela achava bom.
742517,Mas e outras coisas via um moço forte.
742518,E a mulher macia dentro da escuridão.
744472,Jesus foi traído com um beijo.
745303,Clarisse está trancada no seu quarto.
746196,o sonho de toda menina inocente querendo viver um.
746200,esperança que ainda existia um rapaz perfeito.
746213,a minha esperança ke ainda existia um rapaz perfeito.
747776,Ele joga baixo.
747778,Ele paga caro.
748329,Ela é bonita pra caramba.
748730,Ele é seu sagrado.
748854,"Homem livre, céu risonho,."
749503,Quem era a menina cabocla num rosto sereno qualquer.
750046,E quem sabe dançar a sinfonia os homens gris.
750280,Ela é dona do pedaço.
750557,"Pois ela é luz a me guiar, a me guiar, a me guiar."
751294,Rei é um rei soberano.
751308,Ele é imperialmente poderoso.
751309,Ele é imparcialmente misericordioso.
751315,Ele é o salvador do pecador.
751324,Ele é pré-eminente.
751327,Ele é o problema supremo na alta crítica.
751331,Ele é o milagre do século.
751334,Ele está disponível ao tentado e ao atribulado.
751355,Ele é o caminho da paz.
751359,Ele é o mestre dos poderosos.
751360,Ele é o capitão dos conquistadores.
751362,Ele é o líder dos legisladores.
751363,Ele é o superintendente dos vencedores.
751364,Ele é o governador dos governadores.
751365,Ele é o príncipe dos príncipes.
751389,Ele é indescritível...
751391,Rei é indescritível.
751393,Ele é incompreensível.
751394,Ele é invencível.
751395,Ele é irresistível.
755707,Suzy era uma garota inocente.
755715,"Uma garota inocente, inconsequente, se aproximou."
755854,Ela indiferente abraça a vida como se não fosse mais.
756276,"Linda demais, mina brilhante."
757112,Dizem que ele é brasileiro.
757806,"Ela é doce, é gostosa como mel."
757822,"Ela é minha, ela é minha toxina voyeur."
758239,A mina é quente quente quente.
758426,"Tem gente feliz, as mina é sensacional."
759186,Quando uma menina linda.
760332,E ela ativa o modo safadagem.
760338,O último deixou ela ainda mais frágil.
760415,Ela é minha paixão meu desejo de mulher.
760533,Ela não é qualquer menina.
760540,"Ela tá junto, ela é parceira."
760643,"Mulher solteira tem os montes, tá sobrando."
762983,"E eu me derreto, me esqueço, que ele é um vira-lata."
763650,Maria era bem discreta.
763653,Maria é gente fina.
767125,Moacir era casado.
767716,A senhor só dar bom dia.
768301,"Não, ela é uma luz que chega de repente."
768946,O saravá menina mineira que é filha de.
769347,vou seguir a sonhar.
769572,Pela décima vez ela está inocente nem sabe o que fez.
769943,Quem tiver mulher bonita.
770071,Que esta moça é donzela.
770072,Esta moça é donzela.
770273,Mulher igual.
771737,Ela é bonitinha toda santinha.
771821,Mulher brasileira.
771878,Esse menino não é capaz.
774432,Ela era bonitinha.
774433,Ela era engracadinha.
774589,E esse andar de moça prosa morena.
774707,e veja como sofre um homem infeliz.
775213,Ele é o farol.
775247,Naná tá danada.
775385,Menina bela e formosa.
776258,Ela não tá disponível.
776262,Essa moça é minha prenda.
776339,"O que um menino tão novo,."
776424,Se na verdade não andiantou nada ser mulher direita conforme ela era.
776554,O rapaz foi perdoado.
776738,Você já mereceu você é um menino esperto.
777534,Um menino folgazão.
777589,"Você era uma menina feia,."
777616,"O tempo transformou aquela menina feia,."
777679,"És menina, mulher tão brejeira."
777930,ela está tão distante.
777985,"Ela veio sorridente, com uma cara de pu...xa vida, como ela tavalinda!."
778206,"Jesus é bom comigo,."
778286,"Cheio de mulher bonita, loira, morena e mulata."
778291,"Mulher bonita, sempre fez minha cabeça."
778901,Mulher bonita igual a minha ninguém tem.
778913,Fui um perdido hoje sou um homem bom.
779149,"Eu era um rapaz faceiro,."
779183,O menino inteligente.
779319,Ela é dengosa e faceira.
779389,"No meio da rua tem mulher bonita,."
779469,"A sua mãe vive cheia de esperança, querendo a minha herança, mas disso eu não abro mão."
779473,"Esse menino é esperto ate demais, onde eu vou ele vai não para de me seguir."
779475,"Acho que ela não tá boa da cabeça, mas antes que o mal cresça eu vou ter que me virar."
779513,E muita mulher bonita.
779579,"Pra cumprir sua promessa, a moça veio ligeiro."
779902,Ela larga de mim eu fico mal.
780281,"Mulher bonita e gostosa, nóis ganha de montão."
780417,Ela ta cismada que a mulherada tá dando no meu pé.
780467,Mas se vê mulher bonita aparece seu defeito.
781202,"Nós só quer mulher bonita, nós só gosta de filé."
781324,Ela é novinha tá subindo nas paredes.
781338,Ela segura e ele pega no tranco.
781382,"Menina linda, eu te juro que chegou a nossa hora."
781406,Tatá tá embola embola aí.
782310,Tem cerveja gelada e mulher quente no salão.
782416,Mulher bonita e cerveja.
782609,Mulher bonita de olhar esperto.
783114,"To numa cilada mulher casada cheira chumbo,."
783130,Mulher casada cheira chumbo.
783161,Tá pra nascer a mulher capaz.
783531,"Perdão, mas como ela é sua amiga?."
783947,"Cai fora que essa menina doida é mesmo um perigo,."
784383,"Eu chego junto, ô menina doida, como é que eu fico."
784571,"Chega agora um moço alto, de olho azul, pelo sotaque notei que era do sul."
784864,"Mulher madura, bonita, inteligente,."
785285,"De um homem egoísta, covarde e ignorante!."
785396,Mulher bandida quando quer fazer sofrer.
785430,Mulher bonita gente boa coisa fina.
786310,Ela não tá sozinha.
786615,"Sou comprometido, sou homem casado."
786692,"Mais que menina boba, eu falo isso pra todas."
786698,Menina maluquete eu gosto é de piriguete.
786706,Tem uma menina linda que é uma coisinha rica.
786709,Seu pai é muito valente a menina é muito bela.
788211,"Sou abelha, ela é flor."
788844,Ela chegou correndo demais imprudente bateu e arrebentou meu.
789123,a cachaça e moça branca num gole vai pra cabeça.
789215,"Porque o homem é feito de sonhos, ideais e compromissos."
789458,"Ela faz pobre beber, faz rico ficar na lona."
789460,Homem sério de verdade por ela se apaixona.
790147,E ele está guardado pra você.
790605,Ela é tão doce e linda.
791914,Pra uma mulher inteligente.
791944,Ela é a dona do meu coração.
791956,Ela faz carinho ela é uma flor.
791960,Ela é uma deusa ela tem valor.
792170,A mulher só é difícil quando ela é mal cantada.
792172,A moça quando é bonita não demora ta casada.
792302,Se eu fosse um homem cibernético.
792576,Homem bonito e sarado.
792685,"Ele é pai,é filho,é espirito santo."
792686,ele é o poder.
792902,"Menina tola,eu vou te colocar na linha..."
792905,Ela é bonita.
792906,Ela é gostosa.
795220,"""Sassinhora"" como ela é gostosa rebolando."
795249,"""Sassinhora"" como ela tá gostosa rebolando."
796371,"Ela ta louca, pirada, maluca, danada."
796406,"Ela é diferente, ela é muito top."
798066,Garota chega aqui mais pertinho.
798213,Ela é linda é demais quando ela passa não tem.
798768,E é ai que o homem forte.
799048,"E o papo que eu era a moça certa, me deixava apaixonada...."
799084,Por ele sou capaz de crime passional.
801134,Tem uma menina linda.
801140,a menina é muito bela.
801859,"Eu queria dizer pra ela que ela é nova, inteligente."
802349,Agora eu tô preparado sou homem cheio de coragem.
802470,"Eu juro homem covarde tem que ser tratado assim,."
802548,Quando a gente ama de verdade o coração não muda.
802964,"E elas não são bobas, tão na festa das."
802967,"E elas não são bobas, tão nas festa das."
802994,Que ela era a flor mais linda do jardim.
803603,Tá sempre sorridente ela tá sempre bela.
803652,Morreu a mulher carinhosa e fiel que te amava.
804097,Ela rebola é sensacional.
804098,Se trombar com ela é perca total.
804108,"Traz chandon, deixa ela suave."
804111,Nesse bonde só deu mina linda.
804370,Um mulher bela e sedutora.
804422,"Mais igual, não vê, era a moça mais bonita."
804443,Ela estava mais bonita com ramo de flor na mão.
805636,Ele é digno de adoração.
807909,Homens e mulheres comuns.
809135,Pitoco ta feliz.
809142,Pitoco ta contente.
809459,Se na verdade não adiantou nada ser mulher direita conforme ela era.
810795,Tem o homem manso.
810944,Ele era muito cachaceiro.
811039,Ele é dono de tv.
811058,Luciano é bom demais.
811426,Minha mãe tava sozinha.
811440,Mas ela tinha um marido muito sério.
811448,Mas ela era muito esperta e escondia.
811515,Mas ela tem um marido muito forte.
811728,Ela é minha proteção.
811759,você é meu grande mal uma mulher animal mas eu te amo.
811799,Foi quando passou moço rico.
811811,moço rico arrependido.
811935,Brasil de mulheres lindas.
812024,Sou homem muito grato.
812082,Uma mulher bonita e rica.
812099,Seja loira ou moreno mulher grande ou pequena.
812266,Ela é pura gostosura.
812270,Ela é pura vitamina.
813247,Tenho uma gaúcha linda e por ela sou amado.
813679,Mas a menina inocente chamou seu pai pra mostrar.
814241,"Patrão, o senhor desculpe."
814329,"Ao festão danado, cheio de mulher bonita."
814386,Você se acostumou com esses meninos frouxos..
815592,Pra mim não tem mulher feia eu adoro as cachaceiras.
815765,"Vem sambar menina linda, no pagode sertanejo."
815781,Menina linda chega mais perto de mim.
815807,Ele muito bobo de saudade chora.
816108,Eita mulher encrenqueira.
816359,A mulher mais perfeira que eu sonhei em ter pra mim.
816937,Para de fala dessa mulher bandida.
817267,que mulher brava igual ela.
818131,Deus ó senhor poderoso eu lhe faço um pedido.
818156,traz ela denovo pra mim.
818338,Seu namorado louco quer pegar eu e você.
818593,cachorro campeiro que esta reis é perigosa!.
818605,Ela é culpada auê-uê-uê-ê boi se vivo nas estradas!.
820762,A mulher mais linda desta cidade.
821119,Ela é a deusa que passa.
821125,Essa menina eh bandida.
821176,"Se a mulher é boa, eu vou firme com meu papo."
821180,"Estou sempre aceso, onde tem mulher bonita."
821360,A mulher mais feliz...
821465,O mulher cachaceira.
821768,Homem mais forte do planeta.
822384,Senhores contemporâneos.
822539,Esse moço é neurótico.
822860,Inês é morta.
823400,A mulher foi feita pro amor e pro perdão.
823407,"no mais das vezes ela anda distante,."
824105,Via show de mulher nua..
824126,Aos seus senhores infalíveis..
824432,"Como um grito profano, profundo;."
824586,Eu não sou mulher suficiente.
825174,Ele é o beija-flor.
826489,"Crato, nasce um homem pobre."
826602,De repente eu vejo se transformar num menino igual à mim.
827380,"Homens poderosos dessa terra,."
828118,"mas ela logo despis - ta,."
829263,"Eu sou brasileiro, Deus é brasileiro."
829330,Não há homem justo sobre a terra.
829577,Homem sábio e profundo.
829588,mas ela resoveu seguir sozinha.
830466,Minha mãe é linda.
830552,"""Dos filhos deste solo és mãe gentil pátri amada."
830602,O menino trombadinha..
831151,Porque ele não é serio de mais.
831253,"Vovó é genial, da casa é a mais normal,."
831846,"Menina mãe,."
833194,Se ela usa preto e ouve rock roll.
833584,nós cuidamos da ideia ou ela é só ideia?.
833956,Jhony é bacana.
833957,Menino vivo não sem engana.
834050,Nasce um homem pobre.
834453,Ela é feita pra sonhar.
834919,"Moça nova e solteirona, cabra macho e moço alegre."
835474,Homem justo luta quando é preciso.
835595,Mas fazer o que se ela rebola tão bonito.
835680,Você minha princesa é tanta formosura.
835818,como se ele fosse um santo.
836839,Minha filha linda bochechuda querida.
839269,No entanto ela ficou tão insegura.
839274,"Torta, ela está desengonçada."
839279,O fato é que ela está muito abatida.
839281,Ela está triste pra caramba.
839291,Por isso é que ela está tão esquisita.
839292,Por isso é que ela está tão insegura.
839302,Você não sabe que ela velha.
839359,"Tem mulher amada, o homem que olhou e nada viu."
839959,Mulheres são a mãe de todos nós.
839960,Mulheres são legais.
839962,Mulheres sabem ser fatais.
839970,Todas elas são tão iguais.
839974,Mulheres lindas na gravidez.
840662,Faz um homem capaz.
840859,Ela é iniciada em ocultismo e coisas do astral.
843115,Como ele é sentimental.
843353,Esse negócio da mãe preta.
843829,Que a menina moça é donzela.
844019,Ele não é dado pra ciúme.
844576,"Ele é dono do tempo, do vento,."
845674,Há muito tempo ela andava distante.
845971,O homem louco aparece.
846534,"Ela é uma gracinha, menininha fino trato."
848008,Ele não é mais abrigo de amores perdidos.
849178,É que ele é meu benzinho.
849197,É que ele é meu bemzinho.
849473,Essa moça tá diferente..
851182,"A minha voz não soa á toa, ela é tão boa."
851195,"A minha voz não soa à toa, ela é tão boa."
852057,"mas só leve moça bonita, muito hóme ele não qué !."
852203,Arranjei uma namorada muito bem arrumadinha.
852382,"De um modo desajeitado, chamando ela prum lado."
852539,"que o pai do menino te manda matá ""."
853666,Ela não quer ser tratada - Doutor.
853668,E minha filha está solteira - Doutor.
854592,"""Bem, não vá deixar a sua mãe aflita."
854724,"A terra fértil, mãe feliz, e tudo aceita."
854732,"Mas que mulher exuberante, a primavera."
854733,Ela é a prima mais querida do verão.
855041,E eu menina louca.
855814,Toda mulher é mulher da vida.
855841,Mulheres confusas de guerra e de paz.
857194,"Deus do céu, como ela é maldosa."
858578,"Ele é bilíngue mano, não tem outra resposta."
858681,Pra vê minha mãe feliz.
859290,"Sim, ela estava linda."
861879,Homem simples seringueiro.
862214,As mulheres são morenas.
862215,Os homens serão felizes.
862313,Que ele é um pote até aqui de mágoa.
862374,Por um moço requintado.
864956,"Abraão serei coberto,."
864963,"Noé serei guardado,."
865064,Diz que ela é princesa.
865701,"Homem de bem, homem certo."
865817,Padim era maior que o seu.
865846,Ciço era inimigo de.
865941,Menino passaro.
866981,"Minha mina preciosa, meu império."
867255,Rei desejado é rei coroado.
867473,Se ela é viagem.
867752,Ela tem nome de mulher guerreira.
867760,Ela é livre e ser livre a faz brilhar.
867761,"Ela é filha da terra, céu e mar."
867874,Menino gigante.
868311,Ele era um aspirante a poeta.
868312,Ela era inspiração.
868360,Ele é sozinho.
870164,Dizia que homem covarde.
870253,Mas ser mulher é pior.
870256,Homem é grão de poeira.
870666,O homem não pode ser escravo do homem.
871303,Mulher viuva pra sofrer.
871894,Satanáz diz que ele é seu pai.
871910,Homem mulher velho criança e cão.
872145,Zeferino ta morto no mato.
872916,Mas não cante essa moça bonita.
873903,Do senhor mais bem casado.
874670,Ela ficou super contente.
874758,Metade ela era companheira.
875057,Sou tua mulher robô.
875251,Ele é um homem que ninguém entende.
875261,Ele é um homem só.
875785,"família, desprezo, rapaz ruim,."
875789,"família,desprezo,rapaz ruim."
875880,O bom homem mau.
876131,"Ela está amarrada, ela não pode atender o telefone."
876608,"Menina louca, agora vai ter que provar."
877245,O homem é sentimental.
877254,O homem é esperto mas a morte é mais.
877801,Ela é tensa só porque seu amor não vive em.
877807,Ela tem andado meio frígida.
877817,Ela era atriz no underground.
877822,Mas mesmo assim ela não fica leve.
877887,Um homem comum.
877895,"Eu sou um homem , um homem comum."
877923,Com uma garota estranha.......e mandou sua ordenança.
877977,"Ela está bem diferente, ama ser independente."
878654,Seu novo namorado era um roqueiro.
878656,Ele é o rei do visual.
879246,"Mães assassinas, filhas de."
879251,Toda mulher quer ser amada.
879252,Toda mulher quer ser feliz.
879279,"Socialites plebéias, rainhas decadentes."
879281,"Madrastas malditas, superhomem sapatas."
879837,Olhou pra mim e logo vi que ele era bom de amor.
880721,Ele é um homem como qualquer um.
880821,Na vida ele é bamba.
880863,Venus foi roubado.
881787,Deusa pagã do butantã.
881870,Rainha anarquista.
882356,"Eu moça simples,nem chique nem fina."
883450,"Na mesa do homem pobre falta arroz , falta."
883460,"não ter noção do que esse ""homem pobre""."
883816,a lei do homem branco continua.
883844,mulher namoradeira fica só com.
883973,Aonde tem mulher bonita e ninguém pra aborrecer.
884356,Mas também sou homem honrado.
884975,Ele é músico-problema.
884988,Porque ele é músico-problema.
885614,"Mulheres locomotivas, panteras e panterinhas."
886247,Ele é o coringa e o rei.
886551,ò mãe gentil.
886831,Ela é má pode.
886856,Como ela é maldosa....
886918,"E minha filha está solteira, doutor."
886987,"moça bonita, só de boca fechada,."
886988,"Menina feia, um travesseiro na cara,."
887121,"Tudo envelhece, só ele parece eterno."
887735,Ele sempre foi cafajeste.
887951,Que tal uma princesa chique.
888899,Tupini-King-Kong tem dengo tem dengue.
889038,"Se eles são bonitos, eu sou a."
889041,"Se eles são famosos, I'm."
889208,"Nas rêivi ela é véri, véri krêizi."
889226,Toda menina baiana vive na maior moleza.
889317,Toda menina baiana vive na maior moleza..
894771,Dance menina louca quero beijar.
895417,Ela é toda patricinha.
895461,Deus do céu essa mulher tá acabada.
895468,Ela tá toda metralhada.
895691,essa mina é assanhada.
895785,Ela é chave de cadeia.
895948,"Ela disse bem alto, minha mãe ficou braba,."
896586,Mulher amante seja a minha rainha.
897250,Ele é o motivo.
897556,Agora você parece um homem solitário.
897680,"Ela puro é rock, eu já sou do rap."
897691,"Ela é toda linda, toda boa e cheirosa."
897781,"Ela é mala, marrenta, provoca, ignora."
897907,Ele é loiro alto lindo sexy e tesudo.
897928,Se sozinho ele é quente e com elas vai ferver.
897988,Mulher certa e erradas.
898178,"Deixo ela louca, ela só fica de salto."
898303,Mulher mais sexy desse baile.
898355,"Vem menina linda, entra na minha vida."
898845,"Ela é tão linda, poderosa, pode ser meu abismo."
898853,Nunca imaginei que mulher deixa um homem louco.
898874,Sei que todas mulheres são especiais.
898883,"firme como gelo, vem garota aqui é louco!."
899653,Nunca me deparei com uma mulher tão delicada.
900333,As garotas dançam bem melhor!.
901223,"[Paula]Eu sou a dona do pedaço, todo garoto fica bobo quando eu passo."
901228,Eu sou rainha soberana.
901271,[Paula] Todo garoto fica bobo quando eu passo.
901276,[Paula] Eu sou rainha soberana.
901801,Que mina loka hein.
901815,Êta mina safadinha.
901819,Que mina loka hein fi.
901975,"Ela tá revoltada, tá cheia de marra."
901987,Ela tá pronta pra curtir.
902078,Ela é pipa solta só quer voar.
902128,Ela é debochada e o bumbum dela.
902609,Eu gosto de mulher bonita.
902612,A mulher quando é bonita.
902702,"Hoje fiquei sabendo que ela é orgulhosa, convencida."
902785,Si o senhor não está lembrado.
902921,"Por isso, ele tava caído."
902965,Que ele não esteja acuado.
902967,Pra ele estar sossegado.
903463,"'Quando pobre come galinha, ou ele tá doente ou a galinha'.""."
903695,"Ele tá doidão, vai carregado pra casa."
904148,"Ele é o céu, água do mar."
905615,Ele é o espelho do espelho que sou eu.
905689,Inês já é morta do lado de cá..
905888,Luciana é bacana mas chega na cama só enrola.
906691,"ele fica doido, já ficou lélé, quando viu a."
906709,ele fica doido já ficou lélé quando viu a dança.
906929,O Cupido era cuspida.
907119,Ele fica doido.
907538,Menino brasileiro.
907853,Ela é rainha.
907942,Como um menino travesso.
908028,Ele é o rei na verde-rosa da mangueira.
909394,"Amores pretos, novos, velhos, não são fáceis, eles são difíceis."
909534,"Menina linda, dengosa."
910037,A mãe se senta na areia esperando ele vortar.
910531,"Dora,rainha cafusa de um maracatu."
910843,Meu namorado é rei.
910958,De rei tão cruel!.
911114,Bento tinha bom peito | <- 2x.
912278,Respira menino moreno.
912280,Respira menino caboclo.
912585,és a rainha eterna mulher.
913779,Ele foi prisioneiro.
913794,O homem ficou maluco.
914506,Ele já foi um transporte do sertão para a cidade.
914742,"Enquanto ela fala, ele fica mudo."
914965,A mulher fica nervosa e brava que nem pimenta.
914968,Minha mulher é ciumenta e detesta bebedeira.
914970,Ela fica enfezada pega tudo e arrebenta.
915037,Ela foi lobo e quem confia hoje é bobo.
915064,"Sua mãe era menina, tão sapeca quanto eu."
915742,"Amei, lutei para ter vitória e ela mesma me derrotou."
915809,Se for moça esperta e ladina.
915815,Quando eu vejo uma moça bonita.
916339,Aquele homem estranho ao.
916343,O rapaz tão inocente a sua mala abriu.
916829,A mulher difícil que me apresenta.
917439,Moça tão pura com essência de menina.
917739,Ele ficou tão contente por ter aquele netinho.
917871,"Aonde o homem é livre, prepara a terra e semeia."
917982,Nesse caso ele é o dono.
918041,uma musa internacional.
918114,E o coração de outro homem foi eleito.
918134,Adão foi despedido.
918535,Vieram me contar que aquele homem maldito.
918545,Na terra que eu nasci um homem é homem de verdade.
918620,O homem quando é homem não perde seu valor.
918804,Maria fui criada num convento.
921030,Senhor é um velhinho muito pobre barba comprida.
921076,Onde está aquele menino feliz.
921079,Onde que foi aquele moço forte.
921138,"lá a mãe era senhora e o pai era sera senhor,."
921144,"lá o homem era mais homem, mais humano e mais gentil,."
921341,Você era uma menina feia.
921350,Seu marido apaixonado cheio de amor e fé.
921368,O tempo transformou aquela menina feia.
921378,Tenho fé que este menino vai fazer boa figura.
921395,Pelo toque o povo fala é o menino caçador.
921486,É uma menina triste.
921490,Essa menina é a menina dos meus olhos.
921549,Não me conformo que ela foi tão volúvel.
921746,Mãe menininha me protegeu na bahia.
921747,Mãe menininha tá do jeito que eu queria.
922198,De tanta mulher bonita.
923252,Sou homem maduro.
923518,Ela é orgulhosa mais eu sou jeitoso.
923912,E o que você fez a ele está muito certo.
923995,Deus se ela sofre igual eu sofro sem querer ninguém.
924215,No meu ombro ela foi carregada..
924347,Que o rei para ser rei precisa ser muito educado.
924617,Ela era a luz desta minha vida.
924688,"preciso de homem forte pra cuidar da plantação,."
925009,"Ditinho era um moço pobre, muito honesto e competente."
925011,Ele namorou uma moça filha de um homem valente.
925030,"Ponha logo as alianças, quero ver os dois no laço, o velho falou depois homem grande não é dois pequeno não é pedaço."
925067,"Ela era a estrela guia, luz da minha madrugada."
925256,Destruindo lar honrado enganou moça inocente.
925292,Ele é rei do céu.
925300,"Cristo, Ele é o mensageiro."
925397,Depois de moça a minha filha mais velha.
925411,Fui procurar as duas filhas ricas.
925413,Pra filha pobre eu não fui pedir ajuda.
925506,Sua esposa era estéril.
925610,Era uma menina rica nascida em berço de ouro.
925611,Eu era um garoto pobre só tinha mãe como tesouro..
925617,"Mandou ela prum colégio, pra ficar longe de mim –."
925694,Mas existe uma inocente é nossa filha legitima.
925749,Que ela não chores por mim.
925813,"A moça tão amorosa, construiu grande paixão,."
925907,A mulher mais linda estava quase nua.
925948,"sou um homem simples pobre pataneiro,."
926031,Por uma esposa carinhosa e fiel.
926048,Acariciando o menino pertinho dela deitou.
926317,Sua mãe é a roseira que te deu carinho.
926765,"Ele é o bom, é o bom demais."
926768,"Ele é o bom, é o bom, é o bom demais."
927190,"É, mulher bandida."
927689,A capital se orgulhava por ela ser afamada.
927726,Moça bonita trata dele com cuidado.
927959,Esta roupinha que com ela estou vestido.
928161,Tinha uma filha moça mais linda que a flor do ipê..
928170,Com minha filha inocente..
928175,Menina ficou tristonha quase morta de vergonha..
928430,Entre eles está o nortista nadando em dinheiro.
928474,Uma mulher preferida.
928594,"Musa inspiradora, razão porque."
928614,Me casei com mulher tão ciumenta.
928621,Ela fica nervosa.
928650,Casar com mulher bonita é a coisa que mais me inclina.
928776,Senhor onipotente.
928906,Será que ela ainda é falsa como antes?.
928975,Nem vê que ela é a flor mais bela.
929177,por sua mulher amanda..
929245,Ele inocente foi pregado.
929352,O homem bonito que se diz conquistador.
929406,"ira perdoar, os homens ateus."
929435,Ela foi iludida por um bandido.
929509,Se ela é infeliz como eu.
929562,Ele muito enciumado.
929834,Eu sou um moço sincero.
930089,Ela é a mistura do meu arroz com feijão.
930096,É meu prato preferido aquela mulher bonita.
930600,Não existiria poesia pois ela é a musa que o poeta.
931094,Quem casa com moça gorda.
931098,Quem tem uma mulher magra.
931283,"(falado) Ê, negócio de homem não é comigo, não, gente!."
931907,Minha mãe tava muito doente.
932083,Bento hoje é religioso.
932084,Homem bom e caridoso e bom chefe de família.
932170,Quando nóis chama por ele é certo que tá presente.
932185,Jesus foi cravado.
932226,"É anssim, senhor delegado, que na igreja eu fui rezá."
932276,Ela é muito caipirinha.
932292,Ela é trabalhadeira.
932414,"Além da moça ser rica, dona de grande beleza."
932464,Uma menina bonita demais.
932751,O dono é um senhor decente.
932875,Ela é feita de.
933126,"Com ela sou tão feliz, assim o destino quis."
933140,Eu disse a ele contente senhor tem muitos clientes.
933157,Mas uma esposa sincera enfrenta tudo o que vier.
933243,"o rapaz era casado e a muie deu de imprica,."
933259,"o senhor vai ficar velho e comigo vem morar,."
933300,"Pra gente grande ele é manso, é cortês quem nem café."
933301,Pras crianças ele é doce.
933481,Leu sua sorte e diz que ela era tirana.
933658,Dentro dela tem uma mulher sincera.
933798,Sem seu amor sou o homem mais pobre da terra.
934046,Tinha uma filha tão linda que se chamava.
934096,A minha mulher é rica mas não foi pelo dinheiro.
934212,"Minha menina bonita, me desculpe."
934448,Seu pai é muito valente e a menina é muito bela.
934561,Se não acabo me tornando um homem louco.
934818,Viu uma fotografia daquela moça tão bela.
935683,"Ela foi pra boate sozinha, ela tá magoada, ela tá sentida."
935684,"Ela nem chamou as amigas, o negócio é com ela, ela tá resolvida."
935686,"Ela foi enganada, ela vai dar o troco, ela foi traída."
935692,"Ela tá ferida, ela tá ferida."
935700,Ela é tão bela.
936463,Esta noite eu sou o homem mais feliz que o amor já fez.
936494,O homem mais feliz.
936619,Meu mundo sem ela também é vazio.
936718,"Moça linda, por favor."
936743,"Mulher casada, tô fora, tem cheiro de chumbo quente."
936932,Ela nunca tá contente.
937870,tem tanta mulher boa por aí jogada fora.
937874,nao quero mulher de luxo gosto de mulher comum.
938150,"Elas tao afim, elas tão afim."
938344,"Você é cabeça feita, a musa perfeita que qualquer poeta quer."
938758,Que um cão pela lealdade de tudo ele é capaz.
938847,"Amei aquela mulher querida, a vida da minha vida,."
939175,"Ela é culpada, uê, uê, uê, boi."
939237,E todas elas preciso provar.
939651,Ela é casada e tem o seu lar.
939936,E a mãe ficou solteira.
939965,Que um dia o homem direito ia ter desilusão.
939966,O homem correto tem vergonha da situação.
940298,Ela é uma criança.
940413,Ela é criança de tudo.
940414,E eu sou um homem casado.
940504,Como pode um homem forte virar fraco.
940994,Meu pai era um homem forte minha mãe muito alegre.
941163,A mulher desquitada é livre.
941416,Com ele foi enterrado a sua viola de pinho.
941561,Ela tá machucada.
942363,"Ele é puro demais, é profundo."
942662,Mas só quando ela voltar pros meus braços.
942769,Da mulher mais bela.
943575,Pro rapaz cansado no ônibus.
943757,Ele nem imagina o que a filha é capaz.
945223,Tem cada mulher bonita.
945775,"Ela é especial, sua história não é lenda."
946070,Que eu sou sua musa preferida.
946612,Um homem quando ama fica assim meio criança.
946630,Um negro levando um menino louro pela mão.
947242,Ela tá doida tá.
947243,Ela tá louca.
947251,"Pose de madame, mulher evoluída."
947255,Ao som do tamborzão ela é delícia.
947257,"Ela tá doida, ela tá louca, querendo beijar."
947258,"Ela tá doida tá, ela tá louca."
947264,"Ela tá doida tá, querendo beijar."
947265,"Ela tá louca tá, querendo beijar."
947975,Ela é mais popular.
948080,E tá bombando no twitter que eu deixo as meninas loucas.
948098,Rá ela é terrível !.
948115,"Leo , bara bere, deixa ela mexer, por isso que ela é top bola."
948187,"Ô mãe ela é patricinha e tá uma delicinha,."
948460,Tem muita mulher bonita..
949213,Nois tá na rádio pode ouvir nois é bacana.
949221,Nois tá na radio pode ouvir nois é bacana.
950080,Ela é uma mulher menina.
950094,Garotas inocentes não merecem chorar.
950766,"Já vi mulher bonita, mas você apela."
951017,Só não vale mulher feia..
952479,"Você é um rapaz tão pobre, não namoro pé rapado."
953263,Que hoje ela ta feia.
954310,Você sempre foi a menina mais linda.
954868,Essa mina é zica.
955292,Qualquer homem durão nesse momento chora.
955334,Hoje ela é rainha.
955342,Mulher é mesmo diferente.
955527,Uma menina séria e um sonhador.
955919,"Entre quatro paredes, ela é doida, ela é demais."
956067,Ela é minha musa da praia.
956425,"Ela só vai se tem camarote, ela é diferente, ela é muito top."
956486,"Em qualquer roupa ela fica gostosa, maravilhosa."
956617,Já consigo ver essas minas assadinha.
958834,ela é ciumenta.
958944,Zé firmino era um homem desonesto.
959301,Ela não é sua escrava.
959303,Se ela é boa companheira.
959364,Que ela é boa todo mundo sabe.
959379,Porque ela é muita areia pro seu caminhão.
959566,Menina bonita anjo encantador.
959635,Você é maldosa menina cheirosa não faz assim.
959774,Era ela mãe solteira no mundo estava sozinha.
959793,Nem o médico sabia que era sua filha querida.
959811,Se ela tem novo amor não fique assim triste.
959817,Quem homem sempre é homem até debaixo d'água.
959819,Só sei que eles são lindos morrer.
959969,"- Papai, quem é aquele homem feio que quer matar todo mundo, hein?."
960085,Morta havia um homem valente..
960146,Com ferro ele foi ferido.
960156,"Ele é bonzinho, conversou muito comigo."
960176,E o doutor disse pra ele muito triste.
960186,Triste chorava aquele homem valentão.
960302,Com mulheres vulgares a quem eu entregava.
960348,"Ela é magrinha, é baixinha, mas é linda."
960354,Por ela sou apaixonado e sofredor.
960373,Homem valente comigo não cava nada.
960793,"Ela é bonita, é gostosa e é prendada,."
961052,ele é mesmo bom de samba e de bola.
961431,Me sentiria neste mundo o homem mais feliz.
962372,"Ela é jovem, é bonita e muito charmosa,."
962373,Pra você ele é tão carinhosa você a ama com todo fervor.
962517,Te pedimos que abençoe o estado de minas gerias.
962899,Venho pedir para o senhor bom presidente.
962994,Mas ela é inocente nem sabe que o trem entrou.
963088,Onde ele chega é recebido.
963501,Ele luta sozinho.
963531,Ele é o produtor.
963552,"Eu sou o homem mau, eu sou mau, mau mesmo."
963579,Toma!Aprenda a respeitar o homem mau..
963661,Pra ser mais tarde uma moça competente.
963663,Moça bonita comum diploma na mão.
963684,Daí a pouco ela voltava arrependida.
964062,Muitos homens corruptos.
964097,"(“- Pai, o homem vortô."
964270,Fala aqui com a minha mão.
964791,Aqui nesse lugar mulher bonita.
965356,"Por você mulher brasileira,."
965367,Moça bonita do campo.
965515,Ao ver seu pai e sua mãe tristes calados.
965517,Viveu no ventre de sua mãe igual.
965522,Chamou seu pai chamou também sua mãe querida.
965568,Pra esquentar uma briguinha será muito divertido.
965596,Navegando ele consegue esquecer tamanha dor.
965661,Menina linda eu estou apaixonado.
965722,Minha esposa já doente.
965743,Disse o rei divino.
965867,Quem ama mulher casada.
965926,Eu gosto demais de uma mulher pilantra.
966008,Tem muito homem pior que é um bicho.
966035,Constantemente ela é muito bem guardada.
966109,Mesmo assim acho você a mulher mais linda do mundo.
966366,conduzindo os reis magos.
966414,Escute filha querida.
966461,Sou seu menino homem e você mulher menina.
966462,Me conta menina triste.
966556,"José foi carpinteiro, Pedro foi um pescador."
966685,"Virgem santa milagrosa, mãe adorada, mãe querida."
966704,Ela é mulher de um conhecido meu.
966709,Se ela fosse pobre eu lhe daria tudo.
966711,Seu marido é jovem e muito atraente.
966713,E o pior é que ele é mais rico que eu.
966902,Ela era diferente quem te viu e quem te vê.
966971,Que ela nunca foi prioridade.
967169,Uma pobre moça tão pequena.
967509,"Ela tá louca, amor, tá um veneno."
967655,"Pegar mulher fácil, metida e feia,."
968016,Pois ela é a musa que o poeta quer.
968017,Ela é uma coisa divina.
968200,Você querida estava tão bonita.
968468,Com outras sou um homem infeliz.
968866,Com minha esposa fiel.
969068,brigava e matava com ele não tinha bom.
969198,Ele é honesto e muito honrado.
969205,A sua mãe está doente ela vai morrer a qualquer hora.
969274,Faz tanto tempo que um menino muito pobre.
969323,O povo já corria ele era um terror..
969430,A moça é muito rica tem dinheiro de montão.
969442,Sem saber que ela seria mais amarga que o fel.
969457,Tenha dó senhor juiz eu quero me divorciar.
969477,a mulher mais bonita do mundo.
969497,"Mim índio louco, por mim ela índia louca."
969605,"Oi, menina cheirosa,."
969714,A Dinha é uma moça muito bela.
969719,Eu acho ela muito bonitinha.
969792,"Termina a colheita, ele está inseguro."
970017,- pois é senhor cascavel!
970244,Eu sou seu rei ela é minha rainha.
971233,Quando ele sai contigo.
971352,Jeitinho doce de moça brejeira.
971383,"E até moça solteira,."
971430,Se ela é real.
972133,E de repente uma garota muito linda.
972458,"Menina charmosa, meu anjo, meu."
973092,quis dar um beijo nessa garota sapeca.
973136,Eu sempre fui um homem forte porém tive que separar.
973283,Com ela vou viver feliz.
973404,Êta namorado safado.
973452,Eu tô amando uma mulher tão linda..
973584,Ela é patricinha.
973864,Ela é turbinada.
973870,"Hum, mas ela é linda demais!."
973913,Ela é top heim.
974186,Na madrugada é perigoso uma mulher sozinha.
974288,Diz que ela é muito nova.
974332,"Ela é safada, mas gosta de apanhar."
974418,o homem é só um rascunho pra mulher ficar perfeita.
974424,Ele é mesmo bom demais meu.
974629,Ela é a mulher da minha vida.
975077,Ele foi tão covarde fazendo você sofrer.
976207,Se ele é feio.
976355,É só o jeito de um rapaz caipira.
976365,Esse é o jeito de um rapaz caipira.
977075,"São cavalos beirando o rio, é o corpo da menina ofegante ali do lado."
977079,Não demore ela é donzela mas conhece outra mulher.
977127,"Senhora dona da casa, a bandeira passou."
977234,Ele era um homem feito para luta.
977495,A minha mãe tão pobrezinha.
977620,Meu namorado é um sujeito ocupado.
978692,Minha madrasta bem vinda no caminho.
978705,Minha madrasta bem vinda.
978876,E elas são tão belas.
978947,E as moças donzelas.
979031,Hoje ela é triste e feia.
979145,Laço de fita vale uma moça bonita.
979792,Desculpe moça bonita o chuvaréu veio cedo.
979823,Eu era um moço longo de pescoço.
979931,Moça boa e bem disposta.
980282,No final do dia ele cansado.
980323,Por ela ser audaz e coisa louca.
980698,E o homem simples.
980885,Eu sou um menino grande.
980935,Eu sou um homem calmo sertanejo.
981132,Ganha a menina mais linda do reino.
981165,Somos mulheres resistentes.
981649,Menina linda de quem é o seu amor.
981662,Ela quer tubaína.
982704,Ela era virgem.
982711,E ela era só maresia em dia de tempestade.
983336,"Era um menino estranho, um homem tamanho."
983425,Pega a moça bacana.
983781,"Vem, meu menino vadio."
983818,"Bom dia moça apressada, bom dia."
983892,"Senão, é como amar uma mulher só linda."
983920,E se hoje ele é grande na poesia.
984327,Ele é profeta brincalhão da.
984338,Ele é discípulo de mestre.
984404,A mãe preta ralha com o menino.
984942,"Todos falam: ""ele é mesmo assim,."
984943,"Metido, maluco ele é pretensioso""."
985134,Sonho de moça sozinha no cine.
985684,Senhora descasada namorando firme pra poder casar de véu.
985845,Ela é cadente...
985904,"menino vagalume, flor, menino estrela, a brisa mais forte veio te buscar."
986008,"Nem toda moça é sozinha, nem todo mundo é de um só."
986242,"De um rapaz novo, encantado,."
987061,Não ligava para moda ele era original.
988594,"À primeira vista, ela é moça direita."
989119,Tem gente que acha que ela é algodão.
989131,Sei que toda mãe é santa.
989280,Diva dona dos milagres.
989964,E a cédula tronco é cédula mãe solteira.
990140,eles deus.
991484,E ele era assim meio anormal.
991756,A moça estranha do sobrado.
991771,Até o homem incomum.
991772,"Até o homem incomum, (vira poeira)."
992351,O homem feminino e a mulher guerreira.
992358,Ghandi tava vivo pra sempre.
992359,"E Jesus era hippie, Beethoven era roqueiro e."
992589,Ela é tão bela sua beleza me acendeu.
993446,Ele é feio que é dando.
993794,Ela é um furação encarnado em mulher.
994716,Ele disse bem baixinho.
994935,"Eu deus, tu deus, ele deus, nós deus, vós deus, ..., eles deus."
996674,Eu quero diante desses homens tão obscenos.
996682,Esses homens tão pequenos.
997627,e quem é o machão que não teve surpresa de ser humilhado igual feio na festa e menino mijão?.
997901,Como manda esse menino doido.
997925,Por ela vivo aos trancos e barrancos.
998457,Ele é o remédio certo pra tua ferida.
998964,Ele é pleno amor...
999600,O homem tolo se põe a lutar por um lado.
999603,Ele é o alvo da própria violência.
1001454,"Cada extremo reunido, cada homem gêmeo da mulher."
1001532,Caetano é leão e sempre vai reinar.
1001695,"Ah, todo rei é babaca."
1001707,Sim todo rei é gordinho.
1001709,"Sim, todo rei é sozinho."
1001728,É quando o rei está nu e só.
1002129,"Três reis magos, três presentes."
1002475,"mina d'água, azul, poesia."
1002525,E ela era bem bonitinha.
1002714,se a menina é louca.
1002718,José é fraco.
1002720,João é forte.
1002923,Cabral foi navegante da.
1002981,Ela é uma jararaca meu.
1003802,Eles ficaram ofendidos com a afirmação.
1005406,O menino voltou voltou mais velho e chorou.
1005785,Homem é homem e mulher.
1005805,Mulher é cadeira.
1005812,Mulher é sapiência.
1005814,O homem não é homem.
1005815,A mulher não é mulher.
1005819,O homem é homem.
1005820,A mulher é mulher.
1005938,"Sou homem bom, sei que sou.."
1005939,"Sou homem bom, sei que sou."
1006051,Ela é tão bonita.
1006052,Ela tão bonita que na certa.
1006172,Fez-me um homem destemido.
1006490,"Menino bom, menino meu, meu rei."
1007149,Ele é feio que é danado mas ele é bom caçador.
1007213,Meninas iguais.
1008705,Mas prá eles é careta.
1009151,"Minha vida toda, ela inteira,."
1009292,Das cantigas de homens normais.
1009296,Mulheres respondonas.
1009536,"Ele é o bom, é o bom, é o bom, é o bom, é o boooom,."
1009537,"Ele é o bom, é o bom, é o bom, é o bom, é o...."
1009604,Mamãe aqui tá mais escuro.
1009691,Vem cá mulher dexa de manha.
1010019,Ele é cordial com os peixes.
1010397,E até as mulheres ditas escravas.
1010400,Da mãe serpente.
1010615,Ele é o dia da vida.
1011174,"A mulher estridente,."
1011196,Um rei zulu?.
1011452,Revés é bandido.
1012006,"Oh, menina linda."
1012235,Pra que cassaste com um homem tão sisudo.
1012444,Lena é facilitadora leal.
1013476,Deus porque ele é brasileiro.
1013929,E girar ele mais rápido.
1013971,E ele é acusado de.
1014353,Menina flor eu já não sei o que fazer.
1014598,Um homem é responsável por tudo que fala e canta.
1014626,eles vão ser patrão.
1014643,Por carro e mulher gostosa pra dizer que é fodão.
1014754,E que nunca mais eu vou abrir.
1015978,Filha única do meu amigo.
1017211,Ela é mais sentimental que eu.
1017407,Vem moça bonita.
1018058,Com essa rosa no cabelo e esse andar de moça prosa.
1021084,Que não gostava de meninos tão largados.
1021221,"Essa menina é sinistra, rapá."
1021278,A menina aflita.
1021913,Ataulfo é nobre-lobo.
1021915,Arnulfo é águia e lobo.
1021918,Leonardo é leão forte.
1021920,Bernardo é urso forte.
1021929,Bárbara é estrangeira.
1026250,Seu pai é um homem indomável.
1026251,Um provável homem doce.
1026316,No sofá que por ele não foi feito.
1026687,Ela era a atmosfera.
1026970,Se fosse uma menina ruiva.
1026971,Chamaria nossa filha ruiva.
1027084,Oh musa inspiradora.
1027092,Pra musa inspiradora.
1027839,Um dia ele chegou tão diferente do seu jeito de sempre.
1028864,Que eles ficam melhores.
1028869,Deus que homem forte.
1029249,A morte que nos toma a mãe insubstituível de repente.
1029270,"Não é por isso que ela não possa estar feliz,."
1030048,"Não há idéia que alcance ou seja parecida com a imagem da menina esguia, a bolsa a tiracolo."
1030501,"é lindo vê-lo bailando ele é tão pierrô, pierrô."
1030668,"Maria é moça nova,."
1031181,Amo tanto e de tanto amar acho que ela é bonita..
1031967,Mas ele está melhor.
1033169,Um homem melhor.
1033362,Eles estavam livres.
1033407,Percebi que o lencinho da moça estava molhado.
1033410,Em minha vida inteira jamais moça tão linda eu vira.
1033421,"""Ela é minha irmã e está muito doente"" ele foi logo dizendo."
1034056,Será sempre a mulher como é minha mãe.
1034471,Brazil és diferente.
1034518,"Ela é penetra, essa miquinha amestrada."
1035176,Elas tecem longos bordados.
1035298,Mulher barriguda.
1035344,"Que homem foi feito direito, do jeito que é feito o."
1035371,Será que ela não fica afoita pra dançar na chama da batalha?.
1035504,"Eu sou tio, ela é tia."
1035775,"Maria é muito prosa, é mentirosa, mas é gostosa demais."
1036004,Johnny é executivo de uma multilegal.
1036612,"A lua poderosa, mulher muito fogosa."
1037689,A moça é capaz de se aborrecer.
1037690,Por trás de um homem triste.
1037691,Há sempre uma mulher feliz.
1037693,Mil homens sempre tão gentis.
1038473,Ele é filho do verde.
1038474,Ele é filho da mata.
1038502,Ele é filho do rei.
1039015,Ele é o cordeiro infinito.
1039022,Ele é o céu prometido.
1039411,"Ele e ela sempre juntos, a caveira e seu amor."
1039714,Ela está sempre aberta e tem língua de serpente.
1040674,O homem mais forte do planeta.
1040809,"Ela é surda, ela é muda."
1040820,"Ela é cega, ela é burra."
1040821,Ela é explosão.
1041342,Ele é o amor da sua vida.
1041344,Seu namorado é um cuzão.
1041349,Ele é o cara e eu sou só mais um.
1041405,"Um namorado bonito, loiro, alto e rico."
1041499,A reza forte da mãe negra pra espantar o mau-olhado.
1041905,E ele fica tonto.
1047144,"Eu quero uma mulher normal do povo,."
1047145,Não quero uma mulher global de novo.
1049513,Ela é populosa.
1050104,se está com ele está sozinha.
1051162,Finalmente entendam porque eles ficam tão furiosos.
1054964,Princesa d'água dos sonhos dourados.
1056091,Te fez mulher bem brasileira.
1056125,"Menina pobre, menina rica."
1056310,Só tem mulher desinibida.
1056314,Com tanta mulher bonita.
1056413,Quando vê menino novo.
1056421,Dizem que ela é uma santa sem imagem.
1056558,Era um menino tocador.
1056634,Menina tão louca.
1056777,Menino lindo onde você for eu vou.
1056930,Suas mulheres ficaram estéreis.
1057358,uma mulher cheirosa tão linda como uma flor.
1057484,Ela fica muito louca.
1057617,Oh menina linda veja o que você fez comigo (x2).
1057670,"Ai caramba, que mina maluca."
1057972,"E ele é feliz, ele é feliz."
1057973,"E ela é feliz, ela,ela."
1057981,Então ele é suspeito.
1058233,Mara oh mulher maravilhosa.
1058447,"Menina gostosinha, eu sou o seu neguinho."
1059836,Corpo nu deusa lunar.
1059932,A noite é princesa caída por mim.
1061353,Uma garota tão perdida.
1061484,Pra não esquecer - sua oferta ela boa.
1061643,Ele é meu boy.
1062909,Ela é guerreira.
1062910,Ela é uma deusa.
1062911,Ela é mulher de verdade.
1062917,Ela é discreta.
1062929,Mesmo ele sendo irreal.
1064149,"que ela é linda, ela é sua."
1064471,Ela pode ser bonita.
1065556,EU SÓ SEI ELA É DEMAIS.
1065558,"FAÇO ASSIM ""Ô"", ELE É DEMAIS."
1065559,"ELE É DEMAIS, ELE É DEMAIS.."
1065560,TIPO ASSIM ELE É DEMAIS.
1065561,"ELA É DEMAIS, ELA É DEMAIS.."
1065562,TIPO ASSIM ELA É DEMAIS.
1065568,"ELE É DEMAIS, MUITO DEMAIS."
1065570,"ELA É DEMAIS, MUITO DEMAIS.."
1065599,ELE É DEMAIS.
1065601,ELA É DEMAIS.
1066478,Menina é muito triste dizer.
1066597,Que mulher decente fica na cozinha.
1066622,Ele é um fantoche?.
1067287,Ela gira.
1067722,O menino franzino do morro.
1067730,Sou menino humilde de um país.
1067735,Por que o jogo ele é duro e vale um campeonato.
1068527,O homem era feliz enquanto deus assim quis..
1068758,Ela agora é importante.
1069456,Eles estão doidinhos.
1070571,Menina tão dengosa.
1071367,Quando a menina travessa.
1072494,Pra uma menina linda.
1073150,"Menina bacana, me leva pro."
1073530,Menina é bacana me enrola na cama me namora.
1073710,porque o homem quando está apaixonado.
1073917,uma moça pantaneira.
1074283,Vem ver o céu a deusa nua.
1074399,Se ele fôr dançador.
1076021,Sou um menino pobre.
1076030,Com esses meninos pobres.
1076035,Esta dor de um menino pobre.
1077274,Esqueço tudo sou um menino feliz.
1078084,Mulher sou a receita pra curar a tua dor.
1079671,Ele não foi reconhecido.
1080518,sou um homem apaixonado(apaixonado).
1080616,Ele fica doente chorando de dor.
1081374,Mulher grande ou pequena.
1081483,Tenho falado à mulher companheira.
1082301,Ele é dono do mundo e eu sou filho do dono..
1083112,"Nunca vi mãe amorosa, dos filho não ter saudade."
1083969,"é que ninguem tem nadahaver com meus problemas,,até de mim eu consegui me esconder,,,mais esse homem forte tão determinado,,que pode tudo não aceita se entregar."
1084160,um homem sofredor.
1084181,"|Eu estou perdido, nem sei que dia é hoje da semana."
1084426,com ele era dividido.
1084455,o menino estava vivo.
1084721,Não entendo você com seu jeito de ser de menina manhosa.
1085286,Se ela não fosse casada.
1085421,Pode maltratar você já não é mais mulher sentimental.
1085895,Que ela já foi esquecida.
1086499,E pra ele sarar urgente vai ter que amar de novo.
1087212,eu não tenho culpa se elas tem sexto sentido.
1087402,Minha menina e o rapaz faceiro ouve esse som sem.
1087601,você é do tipo mulher fatal...
1088278,UMA MOÇA MUITO LINDA.
1088541,ELA SAIU SEM DIZER NADA.
1088547,ELA É DONA DE MIM.
1088552,SE ELA NÃO APARECER.
1089350,Senhora é a luz do meu caminho.
1089372,Ele é dono do mundo e eu sou filho do dono.
1089528,Conhecido homem bravo.
1089672,De moça namoradeira.
1089993,É uma mulher envolvente.
1090408,mulher feia fica linda veja o que a cachaça faz.
1090751,Quem me vê com mulher feia pode crer que eu to doente.
1090896,"Ele é seu amigo, seu namorado."
1091389,Menina maluquinha.
1091929,Homem é o animal da terra que mais manda.
1091998,a moça veio ligeiro.
1092424,"Domingo lá vem ela caminhando sempre bela, me consolar."
1092615,Faz algum tempo que ele anda descontente.
1092944,torcendo pra que ela mesma descubra no meu jeito de olhar.
1092947,"dizer pra ela não é culpa minha, mas é minha solidão."
1093123,Já está preparada a mulher mais amada.
1093130,Na hora do amor você é mulher amante menina.
1094767,"Deus me livre desse cara, ele é nó cego."
1096495,Nunca vi mãe amorosa.
1097619,"Eu entrei numa roubada, ela tava melhorzinha quando eu peguei."
1098018,Viola eu me lembro ainda ela estava tão linda naquela janela.
1098716,"Mulher bonita e viola,."
1100466,Seria um homem muito feliz.
1100880,Ou serei o homem mais triste da terra sem você aqui.
1101436,"Eu chego junto, ó menina doida, como é que eu fico?."
1101657,Ela só quer ser feliz.
1101811,Ele está aqui comigo.
1102111,Minha mulher faceira.
1102304,Em homenagem a menina mais amada.
1102640,"Tente escutar o vento, ele traz bem lento, este canto meu."
1102721,Se na verdade não andiantou nada ser mulher direita.
1102853,Com seu jeito de mulher amante.
1104341,"com tanta mulher bonita,."
1104680,e dar pra ele a mulher mais perfeita.
1105185,Surgiu um moço grã-fino no meio da multidão.
1105979,homem maduro mas na sua frente.
1105984,sou homem maduro mais na sua frente.
1106511,Ele era um rei.
1106513,Ele foi filho de carpinteiro.
1106518,Mas na vida ele foi doutor.
1106891,Joia adorada namorada amante.
1107076,Estoura essa champanhe que elas ficam louca.
1107191,Que homem assim não é bom pra mulher..
1107532,"Eles são bravos, são tão fortes,."
1107535,Eles são pura emoção.
1107548,São sempre meninos cowboys.
1107555,"Menina moça, loucamente apaixonada."
1107943,Eu sou um moça sincera.
1109060,Ele melhor que eu.
1109121,"homem objeto, quero ser um cara serio amarrar meu."
1109706,Só sei que ela é linda demais.
1109709,Aquela menina misteriosa.
1110099,As meninas ficam louca.
1110292,"Ela tá solteira, ela não tem dono..."
1110294,"Ela é muito top, essa mina é sensacional."
1110301,"Musa perfeita, ela incendeia."
1110518,"Ela é exigente, só toma bebida quente,."
1110526,"O menina exigente, ela só toma destilado."
1111052,Era minha mulher feia torcendo a minha orelha.
1111394,Adeus rainha mato-grossense.
1111529,só que ela foi capaz do nosso rancho abandonar.
1111961,"A mulher que engravidasse, se não fosse ela casada,."
1112142,Vem me namorar e vem ser a minha menina mulher.
1112157,"Ele é malhado, eu sou gordinho,."
1112159,"Eu sou gordinho, ele é malhado,."
1112705,Pára de me olhar com esse jeitinho de mulher carente querendo beijinho.
1113808,A mulher honesta de um homem ruim.
1113901,Eu nunca quis ter comigo uma mulher preferida.
1114083,A menina mais querida que me dá inspiração.
1114097,Menina bonita você não me ama.
1114418,Porque um homem verdadeiro sabe caminhar.
1114435,Na moça alegre que pedia pra me acompanhar.
1114587,Eu era um bom moço caseiro e certinho.
1114710,Eu nunca passei tão bem com farra e mulher bunita.
1115116,Homem esperto é aquele que não trabalha.
1115524,"eu so um rapaz solteiro,."
1115636,"Um homem forte e guerreiro,."
1115640,"Me faça mais positivo, homem forte."
1115839,"Só tem mulher bunita, só mulher sapeca."
1115918,"Ele fica sozinho, mas carrega no peito a certeza."
1116060,Mulher bonita e gostosa já peguei mais de mil.
1116220,Minha mulher é parceira.
1116401,Primeira vez que este homem forte e matuto.
1116640,O gosto de uma família é ver a filha bem casada.
1116794,Ela é minha lágrima mesmo sendo prazer.
1116992,Pagando amor à mulher estranha.
1117038,Sou um homem não sou mais menino.
1117429,Se passo a noite no jogo ela não acha ruim.
1117695,Sabendo que ela é comprometida.
1117741,"Não tenho culpa, se você a moça crente."
1117819,Ela tem seus defeitos de mulher explosiva.
1117908,Ela era quase criança.
1118059,mulher feia.
1118175,Ela é muito boa.
1118176,Que ela é tranqueira e que 'nois' dois não entoa.
1118178,Ela é muito boa (3x).
1118184,Ela é casada e seu marido é 'brabo'.
1118193,Ela é muito boa (2x).
1118203,Ela é muito boa(2x).
1118325,Onde tem mulher baixinha tem relia e desaforo.
1118328,"Amor de mulher usguenta, catinga, jaratataca."
1118699,conheci o namorado da minha filha caçula.
1118950,"A tereza tá junto, ela é feliz e eu demais com ela."
1119039,Cheio de mulher bonita e as minhas modas cantando.
1119601,Foi me mostrando a menina baladeira que cê é.
1119616,"Deixa ela dançar, deixa ela ser feliz."
1119617,Se alguém falar que ela é vulgar não sabe o que diz.
1119679,Mas só a mulher goiana.
1119681,"Mulher bonita e gostosa, já peguei mais de mil."
1119686,Mas descobri que ela não era comportada.
1119715,Ele é feijão com arroz.
1119727,João já ta veiáco.
1119879,Grande rei violeiro que hoje descansa em paz.
1120401,"Santa me consola, me ajude a vender a viola pra salvar minha mãe querida.."
1120477,Muita mulher bonita.
1120730,"Porque ela é pistoleira,."
1120736,"Ela é ligeira,."
1121874,Ele é único e me diz.
1121888,Wiski do bom e mulher bonita.
1121895,Eu tô com ela porque ela é rica.
1121906,"É muito feia, ela é uma traira, é o clone da lacraia,."
1122451,No meu ver a mulher é a dama.
1122500,Fui um grande homem feliz ao seu lado.
1122712,É que esse homem é fraco por um silicone.
1122985,Ela é bonitinha.
1122986,"Ela só tá magrela,."
1123342,"Peguei loira e morena, mulher grande e pequena."
1123529,Essa mulher é fatal um terror.
1123734,A mulher mais linda que eu conheci....
1123903,"Não existe mulher feia, se for também não me importa."
1123981,Eu sou bilhete ela é a loteria.
1124261,Ela é caolha tem unha encravada boca desdentada barriga dobrada tirando a camisa o peito bate no chão ela.
1124395,"Brasil de mulher bonita mais igual aqui não há,."
1124508,Mais comigo ela foi malvada e me deixou no abandono.
1124644,Eta mulher xucra.
1124649,A mulher sertaneja.
1124650,Na beleza ela é campeã.
1125519,Senhora dona eu lhe dou meu coração.
1125523,Senhora deusa da paixão.
1125528,Senhora dona da paixão...
1126524,Qual mulher sensacional - ponto e vírgula.
1126571,Você quer ver ele contente ?.
1126814,"Garota boa, está pra mim,."
1127122,"Tem tanta garota roxa,."
1127177,A inconfidência de minas gerais..
1127235,"Empreste a tua namorada tetéo,."
1127708,Ó que dama divinal!.
1128109,"Sou moça decente,."
1128779,Ela foi culpada !.
1128787,"A princesa morena,."
1130290,"Quando a mulher é boa,."
1130294,"Também quando ela é feia,."
1130508,E se ele não vem ligeiro / Nem cinzas vai.
1130787,"O vovô sempre foi, um homem feliz,."
1131239,"no mis das vezes ela anda distante,."
1131263,Legião de homens negros como a noite.
1131289,Musa libérrima audaz.
1131293,A tribo dos homens nús.
1131297,"Homens simples, fortes, bravos."
1131302,Viveram moças gentis.
1131508,ele vem seguro e vencendo estrada e muro.
1131512,e ve que ele mesmo era.
1131660,"São menina amarela, metade de gente."
1131661,"São menino safado, levado, insolente."
1132502,"Com tanta mulher boa,."
1133182,Se assustou com a moça linda.
1133204,Que os homens tão loucos.
1133423,"Vem, meu menino vadio,."
1133504,"Todo dia ele faz diferente,."
1133815,Veja como ele está lindo.
1134413,"Rainha negra da voz, mãe de todos nós...."
1135725,"É juntinho que ele fica bom,."
1135963,Ele é dono do meu destino até o fim.
1135994,"Oxum era rainha,."
1136275,Ele estar nu..
1136617,"Essa mulher é muito boa,."
1137085,"Esse menino é gay,."
1137089,"Um dia ele é gatinho,."
1137090,"No outro ele é gatão,."
1137180,"Que garota boa,."
1137314,És um senhor tão bonito.
1137764,Bárbara é santa que me clareia (2x).
1137774,Bárbara é santa que me clareia.
1137784,Ela é a menina dos olhos de.
1138058,Ele é casado e eu sou a outra na vida dele.
1138060,Ele é casado e eu sou a outra que o mundo difama.
1138247,"Meninos maus, mulheres nuas."
1138275,E ele é meu rapaz.
1138639,"Homem comigo não vai,."
1138642,"Garota boa, é quem comanda a guarnição,."
1139132,Ela é da bossa e o marido é um boçal!.
1139152,"O homem pode ser careca,."
1139545,"Legiões de homens negros como a noite,."
1139568,"Musa libérrima, audaz!."
1139572,A tribo dos homens nus....
1139576,"Homens simples, fortes, bravos...."
1139582,Viveram moças gentis....
1139989,"Moças operárias, prostitutas meninas."
1139993,A mulher brasileira.
1140208,Mulher mais adorada!.
1140509,"Dorme, menino grande."
1140956,"Leopoldo é homem sossegado,."
1141870,"Ele vem feliz, pois ele vem voltando."
1141912,"Sempre menina franzina, traquina."
1142006,"Tudo são trechos que escuto, vem dela, pois minha mãe é minha voz, como será que isso era?"
1143372,"Olha a moça bonita vestida de branco,."
1143377,"E a moça bonita, desceu a ladeira,."
1143383,"A moça bonita enfeitou os cabelos,."
1143618,"Ela nervosa, enfim,."
1144336,Mas o seu marido era rude e calado.
1144776,"Ilumina, ilumina, ilumina, senhora divina, ilumina."
1145593,"Ele é sonho, é som, é sol, é cor, é vida."
1145792,Da mãe preta carinhosa.
1146209,"Ela não quer ser vedete, não !."
1146348,A tecnologia trás a musa ideal.
1147008,Com você sou um homem forte.
1147364,"Com você, sou um homem forte."
1147616,Vou proteger nossa filha indefesa.
1147653,Coitado do rapaz foi perseguido.
1147662,E desde então o moço bonitão.
1147852,"Ele é casado e eu sou a outra,."
1148392,Ele é o homem.
1149469,Inverno pra ela é pleno verão..
1151314,Homem bom.
1151397,E o homem virgem que tinha aqui.
1151944,Que ele está apressado.
1152098,De quem falo ele é feio e bonito.
1152107,Ela é carioca da gema.
1152127,Ela é total colorida.
1152603,Mulher amada (mulher amada).
1153075,"Menina linda, por que me olha?."
1154432,"Menina bonita bordada de flor,."
1154433,Menina bonita bordada de flor..
1155736,Um homem bom.
1155763,e lá vai menino lambendo podre delícia.
1156047,Ele é meu homem.
1156218,A mina bela de pele lisa.
1157158,"Miguel é bom barqueiro, Aleluia."
1157203,Ele é filho do mestre.
1158843,Desde menina sou búzio da minha terra.
1159838,"Com tanta mulher bonita,."
1160219,"Mulher casada,."
1160228,"Homem casado,."
1160371,"Com mulher rica,."
1160925,senhores ingratos..
1161260,Ela acorda mais bonita.
1161384,Eu sou um homem comum.
1161422,Para moças flores janelas e quintais.
1162425,Criança menina flor.
1162601,Ele agora é um passarinho.
1162773,Tu és minha menina caprichosa.
1163165,A mulher é chata e o cachorro late.
1163169,A mulher tá gorda e a mãe dela é sogra.
1163257,"Que ele é tão sincero,não deve findar."
1165564,Esse menino é show.
1166247,É uma menina bonita.
1166698,é quando ele é sincero.
1167544,"Rei morto, rei posto."
1167625,Ele buscando-a sem tino.
1167636,E vê que ele mesmo era.
1167928,"O moço ficou tão empolgado,."
1168991,O menino é o dono do mundo.
1169820,e tem conversas com a mãe ausente.
1173493,Para a filha predileta.
1173498,A nossa princesa nagô.
1173594,O rei foi coroado.
1173620,Ele é livre como os ventos.
1175542,No caminho dessa cidade as mulheres são morenas.
1176039,Ela é humana e é divina essa voz.
1176041,Ela é a voz de todos nós.
1176748,Então pensei: ela é bela.
1177061,Ela é a cobra do meu paraíso.
1177062,Ela é a dobra do meu paraíso.
1177063,Ela é a sobra do meu paraíso.
1177064,Ela é a sombra do meu paraíso.
1177065,Ela é a cobra.
1177720,Eu queria ser como ele assim cruel como o mundo.
1177737,Eu queria ser assim como ele cruel como o mundo.
1177794,Vem justiceira mãe majestosa.
1177959,"Homem feliz, mulher carente."
1178449,Ela entra divina beleza em meu coração.
1178698,Moço lindo do.
1180069,Ele dançava bem melhor.
1180143,Filho de mãe solteira.
1181175,Soldado menino soldado de louça.
1181304,Um velho e pobre homem estanca.
1181552,Ela é a cara do custo de vida.
1183197,A mãe me ensina que ela é bela.
1183204,Mulher e homem é o amor.
1183230,A mãe ensina que ela é sábia.
1183302,E lá vai menino lambendo podre delícia.
1185274,Ela brilha igual mussafera.
1185607,Mina interessante.
1185893,Ela tá muito louca.
1185917,Ela tá mó brisada.
1185983,Essa garota parecia forte.
1187079,"Olha, será que ela é moça, será que ela é triste."
1187227,E o menino brasileiro.
1189008,A garota mais bonita também era a mais rica.
1189219,Uma garota bacana.
1189874,Menina bonita com o céu azul.
1189875,Ela é uma beleza.
1190437,Pois ele é guerreiro.
1190438,Ele é bandoleiro.
1190439,Ele é justiceiro.
1190440,Ele é mandingueiro.
1190446,"Pois ele é sentimental, é humano, é nobre,."
1190880,"""Ele é um homem e entende tudo""."
1191488,"a (ha) mulher ideal, assim."
1191490,muito menos homem ideal.
1191492,a(ha) mulher ideal não tá ai.
1191500,a(ha) mulher ideal não tá aí.
1193062,"Cuidado, com ela bela menina,."
1193063,"Cuidado, pois ela é palestina.."
1193070,"Quando ela larga seu fuzil e quase nua,."
1193084,"Cuidado, pois ela é palestina."
1194386,E um homem é mais sólido que a maré.
1195106,Ela é mais sentimental que eu!.
1195932,O menino mais bonito que me apareceu.
1196505,Um homem sábio nunca vai se entregar.
1196886,Ela é toda dor e toda mágoa.
1197401,Desses homens sórdidos.
1198686,Perdão a namorada é uma coisa normal.
1199709,A minha mina é figurativa.
1199713,a minha mina é maluca.
1200102,Ele é claro e é negro e na noite.
1200882,E o homem é mau.
1201937,Eu descobri um mundo teu e ele é manso.
1202250,"Ó, minha menina bonitinha eu te dei."
1202259,"Ó, minha menina bonitinha, eu te dei."
1202511,"Ele não sabe ser melhor, viu?."
1202540,Um homem bem mais feliz.
1202693,Que eu sou teu homem vil.
1205700,De braços abertos essa mãe ossuda.
1205910,"Nega, menina direita."
1206179,Ele não é viado.
1207491,Se o homem nasceu bom.
1208142,Ele era tão pobre que seu dinheiro.
1208145,Ele era tão cego que só via.
1208148,Ele era tão frágil.
1208152,Ele era tão triste que não podia.
1208158,Ele era tão normal.
1208714,Ela era tão bonita que ensandecia a tropa.
1208726,Ela é a moça certa carregando aquela tocha.
1209798,senhora datilógrafa anota aí na máquina.
1210711,Ele quer ser famoso ele quer ser pop star.
1210832,"O garoto prodígio, perdeste o dom."
1210839,Pra um rapaz tão viril.
1210976,talvez uma garota estranha.
1211215,Pra comprovar que as meninas tem melhor educação.
1212551,Ela anda sozinha encharcando seus pés.
1212653,Ele está preocupado em dar o dinheiro.
1212909,"Para mim ele é lindo, para outros talvez."
1213551,Eu dou um cutuco e ela rola gostoso.
1214289,Ele é o bom é o bom demais.
1214630,Ele é dono de tudo.
1214634,Ele é o dono da festa.
1214636,Ele sempre está certo.
1214638,Ele é o maioral.
1214639,Ele é o bonzão.
1214659,Ele é o campeão.
1215300,O homem branco e o homem negro.
1215499,O Rei está nu.
1216346,Por uma mulher fria.
1217029,"o homem nú estava preso, o homem nú se libertou."
1217030,"o homem nú está aqui, o homem nú te faz tão mal."
1217031,porque tanto desconforto com o homem nú?.
1217035,"o homem nú assaltou um banco, o homem nú perdeu a razão."
1217040,o homem nú subiu ao palco e fez o que você não quis.
1217041,o homem nu não te tocou mas você se sentiu invadido.
1217043,o homem nu rasgou a bíblia mesmo não tendo religião.
1217206,"E ai poderemos sorrir como mulheres negras,."
1218013,Eles darão novas respostas.
1218366,Seremos homens melhores.
1219027,"E os seus amigos, eles são patéticos demais pra mim.."
1219284,"Eles são caretas, doentes, não sabem ver beleza."
1219691,Elas já estão prontas!.
1221433,Uma mulher gostosa sentou ao meu lado.
1221508,Ela é uma mulher que tem personalidade.
1221516,Ela é sinistra e eu admiro ela demais.
1221545,"Ela é parceira, ela é gostosa."
1221546,"Se garante, é poderosa, ela é mulher, ela é sagaz."
1222841,"Sua trança bonita, ela é badauê."
1222857,Menino baiano tem um jeito de dançar.
1223207,"Cheiro, de uma princesa linda."
1224758,"Eles são legais, além do mais,."
1224886,Ela era a filha mais bela.
1224943,Ele é careta.
1224946,Ela é um capeta.
1224949,Ele é porreta.
1224958,Ela é fumeta.
1224961,Ele é um planeta.
1224987,E ela é um capeta.
1225000,E ela é fumeta.
1225004,Mas ele é um planeta.
1225816,ela está pronta pra recomeçar.
1230439,"um estudante, uma mulher sozinha."
1231864,Que eu quero contar.
1232252,Garoto fique esperto.
1233067,primeiro ele foi sonhado lá no céu.
1233221,Gentileza é importante e também faz parte.
1233959,Da nossa mãe preta bahia.
1234085,armário de mulher dama.
1234547,Tipo senhorita criticada quando atual.
1234767,Eles são tão complicados.
1234795,"Mulher fatal, menininha indefesa."
1235579,Ele é profundo mano.
1235746,Elas são autoria do sono.
1235794,As mina louca pra tirar a roupa.
1236062,"Ela é linda, ela é diva ela sabe e gosta."
1236192,"Linda, ela incrivel tipo a minha melhor rima."
1236211,"Mas ela era tão linda, então não entendia."
1236298,Eles tão incriveis pra mim.
1236781,Mulher é verdade.
1238669,Moça preta do curuzú.
1239196,"não são fáceis, eles são difíceis."
1239286,Por que tenho a princesa mais linda.
1239439,sua menina loca.
1239457,"Menina linda eu te adoro, aahh."
1239458,"Menina pura como a flor, uououou,ah."
1239464,Menina linda do cateretê.
1239496,Paulo é samba no berço da madrugada.
1239551,Menina bela.
1239887,Em donzelas tímidas.
1240344,"Se ela é dança, se ela é grude."
1240449,"a esperança perdida, de um homem carente."
1241480,Ela canta lindo.
1241724,"Somos deusas, mulheres incríveis."
1241728,Todas deusas são mulheres.
1242105,Que ela já era morta tava livre da ilusão.
1242112,Tá fazendo muitos anos que ela foi falecida.
1242212,Tudo quanto não prestava por ele era fim dado.
1243163,vê gente nova mulheres bonitas.
1243511,Pois ele foi tão covarde levou minha alegria.
1243661,Ele é meu aconchego é minha paixão é meu cobertor.
1244098,Ela é imponente dona da situação.
1244293,"NÓS ""TÁ"" POR CIMA, ELES TÃO POR BAIXO."
1244296,"ELES TÃO POR BAIXO E NÓS ""TÁ"" POR CIMA."
1244397,sofrendo por ela chorando por ela louco de paixão.
1244582,sou o homem ideal.
1244607,Pra você serei sempre o homem ideal.
1244744,E mulher bonita.
1246025,Quando eu vi uma mulher tão diferente.
1246210,"E os meus amigos me dizendo, ela está afim.."
1247189,Nossos sonhos pois eles estão escondidos lá.
1247502,Eu sou um pobre menino rico.
1248088,E ela é violenta.
1248246,Ela é a deusa que passa que deixa sem brilho a lua.
1248248,Com essa deusa menina o amor tem que ser com fúria.
1248249,"Essa menina é bandida, é uma deusa é furacão."
1249691,Mais se ela voltasse ia ser diferente.
1249794,Imagina ela solteira.
1249871,"Todo homem tá cansado, já chifrou, já foi chifrado."
1249878,Vai atrás de menina loucamente apaixonada.
1249990,Sensual é menina mulher.
1249998,Mas no fundo ela é legal.
1250008,Com outra sou um homem infeliz.
1251281,"Glamurosa, top, ela é capa de revista."
1252340,Em ser uma mãe solteira.
1252428,Eu serei a mulher mais feliz deste mundo.
1253110,Fazer de mim a mulher mais feliz do mundo.
1253371,Quero ser com você um homem amoroso.
1253869,E ela ainda estava acordada.
1253982,Ela esquece que é moça fiel.
1254544,Quem gosta de homem bonito é viado.
1254787,Se tiver mulher bonita.
1254797,Adão não foi avisado.
1254799,Adão não era viado.
1254993,Que a mulher bonita tem.
1255140,Larai quer dizer homem direito.
1255292,Ele sendo homem direito.
1255958,Tem tantas moças bonitas parece um romper da aurora.
1256161,eu sou um homem muito franco.
1256169,Foi um homem fazendeiro.
1256177,Por isso ele foi traído.
1256180,Pois um homem boiadeiro.
1256190,Silvério sendo um homem ativo.
1256495,Ela foi bandida e me abandonou.
1256591,A mulher batia mole.
1256603,"Quem tiver moça bonita,."
1256644,Talves seja melhor assim.
1256869,Tem mulher bonita e apaixonado eu to.
1257627,O beijo da mulher goiana.
1257647,Tem muito homem esperto que não trabalha.
1257720,Homem criança que vive sonhando mesmo acordado.
1257782,Mulher boa me balança mas a viola muito mais.
1257783,No batido do pagode balançei minas gerais.
1257944,Pois a meu lado ele não era feliz.
1258239,Meu nome ele fala bem canoeira do.
1258677,Mulher bandida.
1259831,Tinha um homem grandalhão.
1259965,A ilusão da moça nova.
1260106,A minha esposa sincera.
1260245,"Açúcar quero saber ele certo,."
1260301,Pureza era bela em sua humildade.
1260305,Pureza era pobre e sofria a pobreza.
1260309,Pureza era pura como o próprio nome.
1260331,As mulher são igual a cachaça.
1260390,eu vou garantir seu nome pois eu sei que ele é homem.
1260429,Mulher seja preta ou seja branca.
1260431,Por elas preto e branco.
1260465,"E a minha mulher, ela é uma coitada."
1260467,Por moda de viola ela é apaixonada.
1260477,Aquele moço estava sendo castigado.
1260666,Estão na memória de um moço exigente.
1260720,Amado é pepino japonês.
1260856,Surgiu um moço granfino.
1261094,Estou esperando uma boca de encontrar ela sozinha.
1261099,O meu papo foi furado a mina ficou maluca.
1261133,O pensionista tinha uma filha linda.
1261138,E um homem ativo nem não deu satisfação.
1261218,Antônio foi padrinho.
1262302,Quero uma mulher bonita.
1262382,Deus que moça bruta.
1262849,E casar com mulher velha minha mãe não vai gostar.
1262929,Ele é seu irmão.
1263004,Pensa numa mulher ruim.
1263111,E se ela for mesmo embora.
1263113,Viola estou muito triste.
1263464,"Conheci um moço pobre, honrado e trabalhador."
1263524,De moças bonitas do rosto corado.
1263533,Formaram equipe de homens direito.
1263579,Nas novenas pra chover ele ia meio na marra.
1263770,Voltei pra minas gerais.
1264069,"Que nada meu chapa, é filha única, bicho!."
1264105,Cheguei a turma pra frente quero ver homem valente.
1264225,de um certo tempo pra cá ela tá desconfiada.
1264261,O marido bravo desce o porrete.
1264328,Ela será mulher casada.
1264438,Casa com mulher ciumenta os seus gosto pouco atura.
1264467,Disse ao velhinho com o gesto de homem mal.
1264472,E o senhor pode morrer bem sossegado.
1264515,Essas moça namorista só garrega fantasia.
1264527,As moças namoradeira eu tenho pena das coitada.
1264565,De um rapaz cortês.
1264573,Quando a minha mãe aflita.
1264600,Eu não sou um bom marido mesmo assim ela me ama.
1264615,Eu sou um homem feliz desde quando eu pus aliança.
1264697,Já fui um moço ciumento fiquei velho fiquei pior.
1264814,Menina moça não chores tanto.
1264842,A menina mais bonita.
1264904,"Veio uma moça linda, nunca vi assim."
1265150,Marido vadio tem desculpa gozada.
1265154,Mulher envelhece fica desbeiçada.
1265161,Mulher ciumenta é o que ele detesta.
1265530,Ela foi muito maldosa.
1265798,"Eu cresci e mudei, ela sim sempre linda e bela."
1266127,Cheio de mulher bonita e minhas modas ponteando.
1266171,"Ela é moderna, é patricinha."
1266384,Na minha teoria ela é a prática.
1266508,"Quem fere a ferro, com ele vai ser ferido."
1266707,É neste ponto senhor juiz.
1266718,Julguem senhores jurados.
1266900,Deus que mulher bandida.
1267024,Se a filha for bonita.
1267129,Mulher ingrata vai dormir na rua..
1267292,A senhora muito triste.
1268016,Vestido da mãe é verde.
1268018,A mãe é muito mancinha.
1268019,Mas a filha é muito braba.
1268038,Veja que mulher bonita.
1268309,Com moço pobre eu não caso.
1268610,"Você era uma menina feia, de chinelinhos nos pés."
1268629,"O tempo transformou, aquela menina feia."
1268633,seu marido apaixonado cheio de amor e fé.
1268746,"Ela é pura emoção, aah aah pura emoção."
1268796,Dou meu comprimento a ela não dá bom dia pra mim.
1269555,Mas o homem estava morto tinha sido castigado.
1269562,Mas ela é verdadeira só o bom caminho ensina.
1269566,Marido bonito e a mulher faceira.
1269592,Ela é grande na beleza.
1269598,Ela não é estrangeira.
1269599,Ela é brasileira pura.
1269640,Por ser uma mulher falsa.
1270041,As moças bonitas na sala saiu.
1270044,"Vendo moça bonita, das feia eu desvio."
1270141,Maneco dois homens aventureiro.
1270557,Eu já vi homem valente.
1270596,Cantando vou defendê menina namoradeira.
1270904,Enquanto eles vivem felizes.
1271667,Até ontem eu era a mina perfeita.
1272539,Ser homem solteiro.
1273037,Isso é forte demais faz um homem sentir-se incapaz.
1273632,Essa vaneira vai pra todas as meninas carinhosas....
1273633,"Essa vaneira é pra menina carinhosa, que dá beijinho quando a gente sai lá fora,."
1273634,"essa vaneira é pra menina carinhosa, que faz denguinho quando a gente vai embora,."
1273725,Mulher feia é ciumenta.
1273953,"Eita mulher difícil, complicada assim não há,."
1273975,"Pra beijar minha mãe velha, minha prenda e os meus piás.."
1274714,"Ela é sol a meia noite, ela é luz do horizonte."
1274993,"Sereia é coisa de mar, mulher é coisa de bar."
1275506,Ela é luz do horizonte.
1275964,Tem tanta mulher boa por ai jogada fora.
1275971,Gosto de mulher comum.
1276423,"E se a cerveja está gelada, ela fica mais bonita."
1276829,Ela é inteira e quer alguém.
1276994,Com ela sou feliz.
1278123,Menina morena.
1278188,"Menina linda, tão bela."
1278375,A moça não é nenhuma miss.
1278404,"""Ela é virgem, só que morou no."
1278458,Minha mulher maravilha.
1278519,"Ele é amor, a força e o poder."
1278699,Vou ser um rapaz direito.
1278913,Essa vaneira é pra menina carinhosa.
1279315,"ele é grande, ele é tudo, ele é mais."
1280267,Essa mulher é uma loucura tem olhar fatal.
1280508,ela é vidrada em televisão.
1281485,Você uma mãe solteira abandonada pelo ex marido.
1282486,E é por isso que ele já foi censurado.
1282914,"Mulher bonita e muita cerveja gelada,."
1283446,Sou homem maduro mas na sua frente nao sou mais que um menino.
1283450,Sou homem maduro mas na sua frente não sou mais que um menino.
1283458,Sou homem maduro mas na sua frente pareço um menino.
1284091,Porque só mulher bonita.
1284111,Porque só mulher bonita é.
1285075,"Você era uma menina feia, de chinelinho nos pés."
1285687,Que ela já tá louca.
1285696,Ela tá pirada.
1285733,Beijar a menina mais linda do lugar.
1286028,Desço um pouco de uísque pra elas liberar geral.
1286780,Que ele é perfeito pra você.
1287581,E a mulher aguentando quieta.
1287593,E a mulher aguentando quieta dormindo sem ter o treco.
1288085,Que a moça não era minha namorada.
1288181,Essa mulher é minha vida.
1288183,Ela é dona de mim.
1288638,Já não tem mais mulher feia.
1289004,CORAÇÃO TA PREPARADO ESPERANDO ELA CHEGAR.
1289428,"Deus, tira da minha vida essa mulher bandida."
1289471,Com ela é forte.
1290111,Ele é livre pra voar.
1291201,Cumade ta diferente e você nem desconfia.
1291250,Hoje quem manda é as mulher solteira.
1291884,O assunto é que homem não consegue ser fiel.
1292052,"Ela é gostosa, só faz isso pra me provocar,."
1292358,Mas que menina indecente.
1292856,"Só porque ela é bonita, uma mulher maravilhosa."
1292888,Duas mulheres é bom.
1293009,Ela é mulher sensual.
1293252,Mas se tem mulher bonita.
1293290,Mulher bonita eu pego no abraço.
1293291,Menina moça a gente namora.
1293559,Ela foi bem criada.
1293578,Ela é a gata do poder.
1294951,Ela é a menina dos meus sonhos.
1295011,"Ela é discreta, ela é legal, minha amiga."
1295157,Ela é toda nervosinha.
1295169,Ela é toda mimada.
1295280,"Ela é uma mina decidida, é inteligente, é minha amiga e sabe o que quer."
1295296,"Mulher independente, ela só quer aproveitar."
1295300,Essa mina é linda.
1295305,"Ah, essa mina é linda."
1295307,Ela é aquela música que eu não sei escrever.
1295395,E Se o sonho do menino hoje é ser jogador.
1295626,"Eu sou comprometido, eu sou homem casado...."
1295627,"Menina bonita dos zói ingatinhado,."
1295719,Aqui não paga entrada mas moça bonita.
1295728,Passei o fim de semana com uma menina bacana.
1295732,Minha mulher é ciumenta mais brava que pimenta.
1295736,Ela tá virada no peba essa mulher tá com feitiço no coro.
1295771,Aqui não paga pra andar moça bonita.
1296585,"Pra mulher zangada, presente é um calmante."
1297191,"Ela é top, é filé,."
1297195,"Ela envolve, ela é quente."
1297526,"Poxa, como ela tava linda."
1297830,Menina doce.
1297856,Que menina louca.
1297859,"Ela fica louca, quer beijar na boca."
1297945,"Menina faceira, fera no cio."
1297985,"Ela fica louca, louquinha, perde a razão."
1298914,Fiquei sabendo que você tá de namorado novo.
1298968,E quando eu pego uma menina é papapa.
1299236,Instagram ela é top da balada.
1299237,Pessoalmente ela é toda instagrada.
1299761,Ela tá louca de uísque.
1299897,Essa mina é esperta.
1299902,Ela é a marreta que te arrebenta.
1300905,Um homem quando tá apaixonado.
1301258,Jeito triste de um menino tão carente.
1301642,Será que ele não é competente.
1301731,E do meu lado eu só quero mulher solteira.
1301884,Tira o olho dessa mina ela é a filha do patrão.
1301896,Se ela é linda demais.
1302248,Ela tá colecionando bobo.
1302706,E uns cabides que ele é espaçoso.
1302819,Pega mulher feia pra fazer o amigo feliz.
1303010,Quis ser dono do teu pensamento.
1304699,"Ela é imponente, dona da situação."
1305021,Que mulher bandida!.
1305249,"Sua mãe foi mãe, e foi pai."
1305677,Hoje é fazer ela feliz.
1306180,E tem mulher bonita esperando quem vencer.
1306213,que mulher bonita.
1306348,Vou procurar uma mulher bonita.
1306375,Mas quero o coração de uma mulher xonada.
1306970,A mulher mais bela que eu tanto amava.
1307002,aconteceu porque perdi minha mulher querida.
1307124,Só a mulher é capaz de me fazer chorar a toa.
1307309,Ela é cara deu pau.
1307674,Enquanto ele dá presente.
1307704,Pode se ir embora mulher traiçoeira.
1307710,A minha esposa é mulher sincera.
1307768,Seu marido é ruim.
1307774,Ele é mais bonito.
1307776,Seu marido é pão duro.
1307784,Seu homem é mal acabado.
1307789,E larga esse homem frouxo.
1308255,Sou homem independente.
1308455,Eu sou um homem direito pode crer que sou perfeito.
1308528,Eu dei um beijo nela ela é bonitinha.
1308789,"Ela veio sorridente, com uma cara de pu...xa vida, como ela tava linda!."
1308939,quero uma mina porreta.
1308993,"Eles querem jogar bonito, eu só quero é por pra."
1309135,A Eva é possuída.
1309173,"Deus, que filha linda."
1309174,Mulheres iguais à elas no mundo.
1309218,Mulher iguais à elas no mundo.
1309401,que mulher brava igual.
1309493,Tem mulher solteira aí?
1309581,Qualquer homem exigente logo fica apaixonado.
1309766,(A oooooh moçada ele ficou sozinho na estrada numa poeira danada!).
1309769,Pra o corcel dois ela passou obrigada.
1310422,Dar um cheiro na cumade pra ela não ficar sozinha..
1311029,Mulher é bom concordo plenamente.
1311031,Mulher é igual carro novo na garagem.
1311085,Nois semos lindo nois é herói nois é mocinho nois é.
1311087,Nois semos lindo nois é herói nois é metido nois é.
1311121,"Mulher bonita e gostosa, nóis ganha é de montão,."
1311303,Mulher bonita gosta de dinheiro.
1311307,Mulher bonita tem muito valor.
1311314,Em mulher bonita é o meu investimento.
1311318,Mulher bonita tem no mundo inteiro.
1311609,Senhor verdadeiro.
1311729,Eles desconhecem tão grande paixão.
1311760,És a mulher mais querida.
1311817,Menina bonita não chore assim.
1311829,"(""Ô menina bonita!."
1311913,Esta que é a deusa linda dos meus sonhos.
1312037,Com ela vivo sonhando.
1312110,Ou serei o homem mais triste da.
1312153,"baile com pouca mulher é fácil de arrumar encrenca,."
1312156,ela veio sorridente com uma cara de....
1312157,"puxa vida com ela tava linda,."
1312355,Goiano é apaixonado e o mineiro não fica pra trás.
1312404,A moça era milionária filha de um fazendeiro.
1312405,O moço era bem pobre mas muito bom violeiro.
1312416,E hoje por ele ser pobre.
1312469,O homem é preciso ter reservas de energia.
1312859,Fico de longe se acho mulher casada.
1313315,Mas eles estão enganados toda noite sou feliz.
1313660,"Ah, ela é brincadeira, é porta bandeira."
1313746,"safada, manhosa, menina faceira."
1314159,"Ela pode, ela é top."
1314164,Essa garota fascina.
1314786,Minha garota manhosa.
1314993,A mulher é coisa boa não existe discussão.
1314995,E o homem fica preso já ta de papel passado.
1315004,Homem casado é aquele que leva doce na festa.
1315048,Sou homem comum.
1315715,Ouvi a voz da menina mais carinhosa.
1315764,Sou o homem mais feliz do mundo.
1316038,mulher bonita de olhar esperto.
1316157,Homem manchudado sabe.
1316499,"Em breve o senhor padre, vai selar nossa união."
1316640,Em meu ombro ela foi carregada.
1316757,"Será essa mulher querida, amante amiga desse meu viver."
1316847,"sorrindo ela veio quase despida, se atirou nos meus braços ofereceu seu amor, sai arrassado daquele lugar, triste."
1317556,Ela é alérgica de vários temperos.
1317580,Eu queria ser um homem pássaro.
1317693,Ela linda no altar.
1317825,Parecia um menino inconsequente sem destino.
1318041,Essa moça tão linda nem sequer imagina.
1318080,Se ele ainda bate forte e diz que não passou.
1318115,Safada manhosa menina faceira.
1319297,Deus ela é igualzinha a você.
1319815,"Ninguém faz amor comigo do jeito que ela fez, ela é a bola da vez, ela é a bola da vez.."
1319820,Ela tem o feitiço ela é dona do meu corpo e do meu coração..
1319836,"Ninguém faz amor comigo do jeito que ela fez, ela é a bola da vez, ela é a bola da vez."
1319996,Itaúna tem moça bonita.
1320071,mulher bonita gente boa coisa fina.
1320547,"Minha mulher é feia demais, mas tem dinheiro bisurdo!"
1320554,Mas ela é cheia da nota e o meu nome tá crescendo.
1320555,"Ela é tão feia, mas é de família nobre."
1320559,"Minha mulher é feia, mas vamo lá minha gente!"
1320562,Ela estava enfuazada querendo me agredir.
1320565,Hoje estou rico e tenho mulher ciumenta.
1320582,O meu chão sagrado de mulher bonita.
1320767,"preciso lutar com a vida para lhe dar, mãe querida."
1320875,Mais barato pra um homem roceiro.
1320963,Um homem apaixonado vai ficando intediado.
1321038,A moça é linda demais.
1321039,Por uma mulher bonita.
1321079,Tenho uma mulher bonita.
1321114,Com a mulher mais linda desta região.
1321201,Ela vive tão distante.
1321415,Cheguei a turma pra frente quero ver o homem valente.
1321469,Mulher é bom de mais eu quero é namora.
1321547,Ela é triste demais.
1321718,"Oh, minha mulher amante."
1322012,Ela era igual a você.
1322112,Maria agora está ficando muito rica.
1322129,Sou italiano minha mãe é espanhola.
1322147,Ela é bonita e diz que me ama.
1322150,Bonita de cima em baixo essa mulher é uma loucura.
1322158,Ela é uma jóia rara não se encontra por ai.
1322776,Solidao é dor que vem pra machucar.
1322962,No verão faz frio e quando é inverno ele fica quente..
1323479,Um monte de menina linda vai cair na minha rede.
1323579,A mulher mais feliz.
1323864,Eu era um homem feliz da vida.
1324020,Ele veio sozinho.
1324400,Ela é a paz que está dentro de mim.
1324402,Ela é a essência desse amor que me domina.
1324405,Ela é a essência da minha felicidade.
1324406,Ela é a saudade.
1324737,Se ela for cheirosa eu não posso resistir.
1324887,Machuca como é grande a dor.
1324983,Que vem da mina mais bonita que se viu.
1325182,Até as moça granfina.
1325246,Pois uma mulher ingrata fez morada no meu coração.
1325308,Por mais que o homem tenta ser insuperável.
1325477,Homens honestos que lutaram pra vencer.
1325760,O fazendeiro homem rico e caprichoso.
1325834,Pois ele foi operário e hoje é um forte empresário.
1325966,Essa moça caipira uma hora.
1325977,Não tô preocupado ela é minha rainha.
1326240,Ele passava folgado.
1326675,A mulher mais linda que adoro tanto.
1326716,"Onde tem mulher bonita, to chegando pra ficar."
1327422,Ela é jovem bonita é linda demais.
1327428,Sabe de tudo mulher inteligente.
1327493,Eu gosto muito dela ela vai ser minha senhora.
1327700,ela sozinha estava na calçada.
1327840,Só eu e ela sozinhos no carro.
1327994,"Pois era ela, minha esposa amante."
1328323,Ele é um cavalinho equipado.
1329108,Um dia desse ela chegou cheia de prosa.
1329113,"Ela muito assanhadinha, não deu pra segurá."
1329157,De ser um homem feliz em eterna união.
1329257,Isto ele mesmo afirmava.
1329357,Ele é honesto é muito honrado.
1329441,"Iraci, uma mulher fiel."
1329625,Ele é presente em qualquer lugar.
1329758,Entre as flores da estrada ela é a rainha.
1329760,Se ela vive sozinha na carreta apaixonada.
1329858,Ela foi minha riqueza.
1329862,Mulher é a felicidade.
1329863,Mulher é a fonte do prazer.
1330650,"Ela dar pra nois que nois é patrao, ela da pra nois que nois é patrão ,ela da pra nois que nois é patrão olha a contravenção (bis)."
1330833,"Gosto de mulher bonita, de viola e cantoria."
1330843,Dourado é um peixe que pula quando ele é bem fisgado.
1330852,Ela tá maluca.
1330861,Ela tá doida pra comprar.
1330917,moça tão bonita bonita chama minha atenção.
1331186,"Ela,ela ela é uma cadela."
1331265,Tome cuidado com a mulher bandida.
1331276,Diz que ela é pura na gastura meu irmão.
1331579,"Ele é completo,."
1331789,"Menina piveta, da natureza divina."
1332035,Com a mãe loura você malha todo dia.
1332042,E com a mãe loura calorias vai perdendo.
1332060,Com a mãe loira.
1332422,vem vem menina tarada.
1332715,Ele foi consciente é pra enxergar.
1332944,"Porque ela é impossível,."
1332950,"Ela é impossível,."
1333109,Mina cheia de marra de bam.
1333627,Ela é surreal quando rebola senta e kika.
1333628,Ela é surreal que delicinha de menina.
1333629,Ela é surreal com esse corpinho me alucina.
1333630,Ela é surreal quando ela para empina assim.
1333631,Ela é top capa de revista.
1333636,Ela é surreal.
1333800,ela quica ela quica ela quica assim.
1333843,"aí eu falei: 'porra, ela era bonitinha né, de roupa, vamo vê depois que ela fica pelada'."
1334152,"Mina caolha,."
1334157,"As mulher feia,."
1334177,Mulher perneta.
1334181,As mulher feia.
1334275,"Mas, se chegar outro, ela fica bolada."
1334495,"Viu pela foto uma mulher bonita, uma gatinha do corpo."
1334505,"Mais quando tu viu, você gritou: Caraaaaaaaaacaaaaa, ela é feia demais."
1335925,Uma mulher quase nua.
1336038,Se minha mulher descobrir tô perdido..
1336962,"Na madrugada, Na favela, Mamada se desentoca, De vestido pequenininho, À procura de piroca, Os amigos 'tão' cheio de ódio, Cansado de trocar tiro, Elas são a solução e."
1337230,ela contagiou geral.
1337451,Tu quer se tonar mulher novinha?.
1337638,Que só quer homem casado.
1338066,O namorado é meeeeeeu.
1338111,ele é peludinho e gostosinho de apertar.
1338274,"Chic é nada, ela é cachorra na."
1338292,"Na frente da familia, ela é comportadinha,."
1338293,"matem o seu estilo: de garota patricinha,."
1338308,ela é cachorra na.
1339812,"Ela é cínica, mas ela."
1339831,"Ela é quente, ela é carente."
1339832,Ela é a mistura mais potente.
1340159,============ Refrão ==============.
1340976,mas ela pressente que ele não existe.
1341675,Ela é muito bonita podes crer que ninguém viu..
1341772,Ela é muito bonita podes crer que ninguém viu.
1341803,quatro paredes ela fico maluquinha e o pau no cinco ela.
1341872,Mais ela é muito feia.
1341965,"Ela é muito engraçada,."
1342115,"Ui, ui, ela quica."
1342600,"Para o senhor estar comigo,."
1342746,Ele é o rei do quadradinho.
1342979,No baile ela ta louca.
1343214,Eita que mina maluca..
1343334,"que a fiel fala que ele é meu,."
1343340,"Mas a fiel fala ele é meu,."
1343349,por qualquer mulher imunda.
1343357,"a fiel fala ele é meu,."
1343457,Essa mina é uma uva.
1343605,princesa natural.
1343895,"Ele era funkeiro, mas era pai de família.."
1343912,Outros o criticavam porque ele era funkeiro..
1344501,"Seu menino lindo, seu menino lindo."
1344502,Seu menino lindo.
1344506,"Minha menina linda, minha menina linda."
1344507,Minha menina linda.
1344535,"Sou tua mina linda, sou tua mina linda."
1344536,Tua mina linda.
1344630,Eu sou diferente menina chapa-quente.
1345165,Sai garoto chato.
1345500,Senhor cavaleiro da paz.
1345594,",entenda de uma vez ela é a mulher que tu quis."
1345693,Deixa a mãe feliz e a família bem.
1345810,E como é que eles fika mano ?.
1345895,Hoje amanheceu e ela acordou disposta.
1345915,Amanheceu e ela acordou disposta.
1346098,"ela é impossível,."
1346279,Mano é mó beleza o cabelo da morena é lindo de natureza.
1346320,Sua loira é muito feia ela é a loira do banheiro.
1346357,Ela é tão branca que parece o vermelho.
1346369,Deixa eu falar sua mina é muito feia.
1346401,Mano aqui não assa tá ligado é desse jeito.
1346479,Pra todas namorada maluca do.
1346486,homem casado ja tenho minha pretinha pra fazer.
1346595,ela é cadela.
1346659,lá vem ela é a larguinha da favela.
1346678,lá vem ela é a larguinha da favelaaa.
1346685,lá vem ela é a gatinha da favelaaa.
1346718,Mas essas minas são sinistras e.
1346839,"Insiste que ela é feia, mas gosto não se discute."
1346939,As mulheres safadinhas.
1347055,"Ela é impossível, que novinha terrível."
1347194,nois não é modelo porra so vamo faze um show.
1347454,Ai que homem gostoso.
1347559,"ela tá bolada,tá nervosa,tá querendo aparecer."
1347628,quanta mulher boa...ahahaha.
1347633,Ela chata demais...
1347799,Uma mina tão linda fez eu me apaixonar.
1347923,Nóis tem mulher coroa e já nem sei quantas novinhas.
1349192,Ela é negra.
1349275,Do meu lado me fazendo o homem mais feliz.
1349414,"Ela sobe ela desce, ela quica no meu."
1349938,"Oh yes, essa garota é nota 10."
1349946,Eu conheci uma menina muito atraente.
1350279,"bolada, ela tá nervosa, tá querendo aparecer."
1350352,Ela quer descer lindinha.
1350482,"É viciante, ela é feita de açúcar."
1350487,Ela é mais quente que pimenta malagueta.
1350705,Com a mãe loira agacha e levanta..
1350817,E ai mãe loira tá no ponto ?.
1350818,Com a mãe loira você malha todo dia.
1350822,E com a mãe loira calorias vai perdendo.
1351317,Senhor é digno de toda honra.
1351351,Jesus sou enviado.
1351557,Nem toda mulher é vaca.
1351671,"O tatu foi homem pobre,."
1351694,VAI CUIDAR DA TUA MULHER SIRIGAITA ESSA POLACA.
1351849,Ou um lenço de mulher vulgar.
1355078,Há muitos homens importantes.
1355544,Todos as vezes que o homem velho.
1356197,"Veja bem, sou homem maduro."
1356276,Mas o rapaz ficou paralisado e em silêncio.
1356757,Um garoto imbecil a se repetir...
1357091,"E sim, ele estava tão feliz...."
1357290,e elas são tão secas..
1357975,Mulher rendeira.
1358000,os pais da namorada libanesa.
1359341,O Tião é um homem valente.
1359355,Se toda mulher é viúva negra.
1359363,É de homem vaidoso ou metrossexual.
1359371,"De mulher rica, livre e poderosa."
1359372,"Eu, homem objeto; ela mulher incompleta."
1359382,Para seu desejo de mulher fatal.
1359393,"Quis ser feliz, pagou o preço."
1359843,Com a vida de homem casado.
1359934,E você a musa imperadora dessa canção.
1360044,Não sou mais aquele moço afoito.
1360047,Com ela tem que ser moço arrojado.
1360189,Olha pra esses homens sérios e seus futuros perfeitos..
1361945,Bueller está solto.
1362786,"Caymmi, a moça prosa."
1362787,E a musa inspiradora.
1362834,Que é todas elas juntas num só ser.
1363111,Luiz hoje está feliz.
1364048,"ela andava livre pelas ruas,."
1365195,Ela é muito elegante.
1365881,Mas ele foi cruel com você.
1366202,menino genioso e impulsivo..
1367726,Dormia a nossa pátria mãe tão distraída.
1368349,Zumbi foi eleito.
1371174,Ela é filha dos raios.
1371373,Oh filha mais bela do sangue.
1371666,E as mãos delicadas de esposa carinhosa.
1371745,Se os homens não aram desertos;.
1372092,E às suas coxas de mulher fatal.
1372149,Ou se ela foi fiel.
1372439,Nosso cheiro de homem bruto.
1372472,Que você é mulher moderna.
1372538,Menina moça brincando.
1372837,Ela é sua felicidade impossível.
1372847,Feito um homem estranho ao mundo.
1373501,"""Senão é como amar uma mulher só linda."
1374666,Ela é minha delícia.
1374671,Ela é minha festa.
1374677,Ela é minha sina.
1374685,Ela é minha orgia.
1375003,Toda ela bela.
1375042,Ele é um jogador acima da média fora do normal.
1375044,Mas todos querem ver ele dar show ele é o artista.
1375633,Tanto faz se o rei pirateou.
1376420,Da garota bonita esnobando a loser.
1377208,"Moça flor, tem a cor do amor."
1377212,"Moça flor, esta lágrima pura."
1377216,"Moça flor, tem a cor do amor..."
1377307,"Vai correndo ver como ela está feia,."
1378661,Mas ninguém repara que ele está pelado.
1378939,Tantos homens virtuais.
1379096,Será que ele ainda tá muito zangado comigo.
1379799,Bebete vamos simbora!.
1380413,Do homem terrível.
1381025,Vai cuidar da tua mulher sirigaita esta polaca.
1381040,"As moças já estão rosadas, também com tanta grossura."
1381338,Com passarinheiro e mulher sardenta é bom se cuidar.
1381595,O CORPO DA PRINCESA NA RAIZ DA MANDIOCA E RÊ.
1381695,Jorge sou dragão.
1381767,Ele é um herói.
1382170,Por trás de um homem triste há sempre uma mulher feliz.
1382171,E atrás dessa mulher mil homens sempre tão gentis.
1382826,"Pra que se preocupar, Jesus está presente."
1382860,"Ele foi humilhado, pisoteado, tudo por nós."
1383200,Ele é o dono da vitória.
1383208,Senhor é poderoso.
1383492,Feito ela ser macio.
1385529,"ela é surda, ela é muda."
1385540,"ela é cega, ela é burra."
1386836,Grita mulher velha grita:.
1387590,Mãe amorosa.
1388665,Ela é maldade em estado puro.
1388675,Ela é a cidade.
1389167,Da menina feia querendo casar.
1389168,"Da mulher cansada, louça pra lavar."
1389840,Ela é culpada eu eu eu boi.
1391001,Eu sei que na verdade ele é filho do javé.
1391129,A minha filha mais velha.
1391321,E a menina bonita girando o cabelo.
1391335,Liga pro seu amigo e diz que ele é irmão.
1391373,E a menina triste morrendo de rir.
1391619,Que a moça triste ia sorrir.
1391712,Mas não é uma sapa atoa cuida da filha mais bela.
1391733,E já bateu pra ela sou atleta de primeira.
1392231,O meu corpo ele tocô.
1392280,Belinho ta lotado.
1392425,Senhor limpa o seu coração.
1393580,E quando era moço foi soldado.
1393691,homem decente.
1393734,Sua mulher antiga.
1394033,Senhor preciso tanto entregar o meu coração.
1394445,Vejo homens verdes.
1396041,"Ele é sexy, Ele é sexy, Ele é sexagenário (2X)."
1396079,Que ela é dona do chuá.
1396290,Orejebola.
1396685,Janaína é passageira.
1397498,Bicho feroz é mulher mal amada.
1397661,Homem quando ama fica cego.
1397895,Moça muito nova é chave de cadeia.
1399126,A garota mais linda.
1399969,Minha musa viro escravo teu.
1399978,"Ela é carioca, ela tem tempero."
1399979,Ela é a dona desse rio de janeiro.
1399980,"Ela é carioca, ela é o samba."
1399982,Ela é bamba e ninguém manda.
1399996,"Ela é carnaval, ela tem paixão."
1399997,"Ela é sensual, fora do normal, bate o coração."
1400561,Nois é moço pra casar.
1400674,E eu só quero elas nuas quando isso acabar yah.
1400978,Tem que ficar esperto e escolher a mina certa.
1401071,Eu acabo bem suado e ela bem despida.
1402168,pela filosofia de platão é fácil conquistar alguém.
1405358,Ela fica mais bonita.
1406663,E só ver mulher nua na.
1406677,Ele é fingido.
1406750,"Ela é má, pode até te dar um choque.."
1406762,Deus do ceu como ela é maldosa.
1407477,Mãe maiamba que comanda o centro.
1407887,Menina tão linda que alucina.
1407949,"Menina muito linda, por favor não se iluda."
1407961,ela desce gostoso.
1409018,Mulher insatisfeita é um perigo.
1410914,Ela é sofisticada.
1410915,"E mesmo em cima da mesa, ela é delicada."
1411171,Veria que ele é o cara errado.
1411208,"Que tava fácil, que ela tava afim."
1411591,Se tem mulher fruta.
1411592,Agora tem mulher muamba.
1412826,Ela é mistério esse jeito sério.
1412830,Ela é tão bonita que até.
1412833,Ela é teimosa ela é toda prosa.
1412840,Pega essa menina segura esse peão.
1412847,Aposto que ela é pura emoção.
1413222,"Ela é atriz, ela faz cena,."
1413318,Ela é deusa do amor.
1413957,Ela é feita de açúcar.
1413958,Ela é pura sedução.
1413960,É a moça mais bonita que eu já vi no.
1414144,Ela tá maravilhosa.
1414148,Ela tá pura malícia.
1414154,Ela tá top de mais.
1414313,Deixou ela sozinha.
1414882,"Ela é linda,."
1414998,"Sou tão comum, ela é diferente."
1415059,Tá na orelha da minha mulher direto.
1415131,O homem é meio misterioso.
1415134,Ter a filha tão bacana pela qual me apaixonei.
1416079,Que mulher diferente.
1416178,"Na moral, essa menina ela 13, ela louca."
1416271,"Ela é linda, mas interesseira."
1416589,Ela é cidade eu sou fazenda.
1416590,Eu sou cachaça ela é nutella.
1417355,Mas ela quis dormir sozinha.
1418218,"Ela é coberta de ouro, a deusa da ostentação."
1418262,Toda a banda agora ta tocando um batidão.
1418284,Ela é aposentada mãe.
1418319,Tereza é danada demais.
1418758,"Ela é internacional, ela é tipo."
1418997,E se ele perceber vai dar ruim.
1419036,"Tá top sensual, ela tá deliciosa."
1419277,Um garoto imperfeito não merece seu amor.
1419536,Ela tava certinha a farra já tava marcada.
1420719,"Se acha, ela é uma gata."
1420721,E ela é uó do borogodó.
1420822,Esse homem é cego.
1421102,Minha mulher é só pressão.
1421486,Ela é linda charmosa é uma.
1421628,Ela linda no altar toda de branco.
1421646,Na mesa só mulher gata.
1421666,"Ai danada, que mina maluca!."
1421679,"Ela tá maluca, ela tá doidinha."
1421681,"Ela tá doidona, fora da casinha."
1421755,É o preço do pecado quando o homem é ateu.
1422014,O senhor está comigo.
1422195,Terra de mulher bonito fiquei lá uma semana.
1422505,"Você é do tipo mulher fatal, desejo animal."
1423777,"As meninas soltinhas, os parceiros pegando."
1423857,Torcendo pra que ela mesma descubra no meu jeito de.
1424571,Mas ela é muito safada.
1424611,"Ela é bandida, ela é descarada."
1424872,E tá rolando no twitter que eu deixo as meninas loucas.
1424908,"Ela é gostosa demais, a gata é um tesão."
1424911,Pois ele é ciumento e vai fazer confusão.
1425035,O meu sonho de menino era ser um peão.
1426122,Que faz ela feliz.
1426137,Que faz ela feliz!.
1426523,Essa minha namorada não larga do meu pé.
1426605,"Mas ela é safadinha, é sapequinha."
1426610,"Ela é safadinha, é assanhadinha."
1426617,"Mas ela é safadinha, é assanhadinha."
1426622,"Ela é assanhadinha, é patricinha."
1426848,"Bull, quanta mulher boa."
1426852,"A mais top da galaxia, ela é pura tentação."
1426874,cachaça e mulher bonita são a minha perdição..
1427620,Isso não é coisa de mulher casada.
1427977,Um menino sonhador também aprendeu a voar.
1429196,uma mulher perfeita e ainda não achou.
1429375,"Que havia um homem d'água ai, ai."
1429407,Porque o homem d'água.
1430322,Eu vou arrumar outra moça bonita.
1431515,tem muita mulher bonita e muito homem solteiro.
1431669,sem ela estou sozinho.
1432613,Ela era minha vida mandava em meu coração.
1432666,Eu conheço mulher feia.
1432677,Sapateia mulher feia.
1432729,E toda vez que vê uma mulher bonita.
1433136,Ela é sensacional.
1433150,Ela é boa de cama.
1433300,Ele não vai fazer feio.
1433399,ela fica triste e chora e me pede pra ficar.
1433599,Uma mulher tão bonita e atraente.
1433799,Ao receber a notícia ele ficou desesperado.
1433922,Ela é uma loucura.
1434105,Eu conheci uma menina atraente.
1434200,Não olha em mulher casada.
1434367,"É a mulher brasileira, rainha do carnaval."
1434371,"É a mulher brasileira, é fogo de sedução."
1434435,"Uns acham o cacete lindo, outros acham ele feio,."
1434549,Ali existia uma moça bonita.
1434557,Ele muito tímido porém satisfeito.
1434576,Quando fica preto ele é mais bonito.
1434977,"Basta só eu dar um toque, ela fica esperta."
1435074,Por eu ser um moço forte.
1435107,Mulher engabela a gente.
1435142,E todas elas são eternas.
1435330,Hoje ela veio quase louca de desejo.
1435593,Eta homem tagarela deixa eu ver a novela....
1435692,"Mau, que menino mau."
1435753,se ele é indefinido.
1436189,"Ela é clichê, é complicada, mas no fundo."
1436190,Ela só quer ser amada.
1436191,"Ela é clichê, e é perfeita."
1436266,Quem tiver mulher bonita cuidado que eu levo embora.
1436670,Que a mulher moderna.
1436673,O homem maduro entrou em ação.
1436734,da menina gostosa que rebola.
1436775,Tem mulher bonita.
1436886,A minha namorada era legal.
1436888,Que ela é cara de pau.
1436921,Tô procurando essa menina sapeca.
1437002,Se me ver com mulher feia.
1437516,Ela está sempre presente.
1437716,Se a moça linda procura paixão.
1437889,Ele é o bão só ele sabe de tudo.
1437900,Mulher bonita quer ficar do seu lado.
1437963,Vem uma cerveja e elas tão loucas.
1438887,Era a garota mais feia da escola.
1438910,Mas ela se tornou garota popular.
1439269,"Aonde tá a galera, tem mulher boa eu vou pra lá."
1439275,"Ó menina linda, vem cá, quero do teu beijo provar."
1439683,Só que ela é frigideira.
1440054,Que ela tá livre como um passarinho.
1440488,Sai fora garota não vivo de ilusão.
1441672,De onde é que vem essa garota tão bonita?.
1441816,"Lá só vai mulher bonita, lá é só felicidade,."
1441960,Eu tenho uma filha linda que se chama.
1442596,"Ela é bruxa, mas é linda."
1442856,Nem ela é santa.
1443099,Tudo que ela não gosta ela vai ficar maluca.
1443201,Essa mulher é louca por você.
1444101,Mulher bonita muita grana na parada.
1444108,Se me ver com mulher feia pode separar que é briga.
1444359,Luciana é alegria.
1444380,Essas minas tão armadas.
1444466,Se os trem que ela faz é bão.
1444486,Se os trem que ele faz é bão.
1445282,Não sei se ela é pedra noventa.
1446502,com uma mulher tão bela....
1446617,Janaína era menina.
1447389,Maria era linha de frente.
1447392,"Menina carente, veio do."
1447510,"Tudo pra ele é real, para o povo é só fetiche."
1448101,A filha é bacana.
1449095,Pedra sol rei solar.
1449898,"AÍ ELE QUIS LOGO BRIGA , TU TINHA QUE TÁ LÁ PRA VER , USEI DE CARA CAPOEIRA ,DEPOIS DEI UM CATERETÊ , MANDEI-LHE UM VATAPÁ NA CARA E UM ACARAJÉ PRA REBATER , ENTÃO ELE CORREU PRO MATO."
1449911,São eles velhos malandros maneiros.
1449939,São eles velhos malandros maneiros....
1450279,Senhoras dona de casa.
1450371,Com essa cara de menino cínico.
1451418,E ela é soberana.
1451433,Pois ela é pura prenda.
1451987,"Ele cheio de experiência, conhece a ciência de improvisar com inteligência muita competência, não perde a cadencia ele saber versar.."
1452272,"Tião motorista tire, tire ê ê, mãe menininha e seus laôs."
1452524,"Mulher melhor, mulher."
1452532,Salve a mulher brasileira.
1452607,"Vai um rapaz delicado, de olhar espichado, imagine pra quem."
1453156,Se o amor no moço velho.
1456059,Uma mulher brasileira.
1456069,Uma mulher cigana.
1456848,A tua mina é maneirona.
1457128,Os homens maus não tinham compaixão.
1457215,A nossa energia ela é muito maior.
1457250,Meu amor por ela é forte.
1457365,Ela não larga mais.
1457389,Ele não dá mole.
1457404,Ele é o rei da pista.
1457406,Ele é fundamental.
1457407,Ele é solidário.
1457419,Minha mina é feia mas não tem problema.
1457422,Eu sei que ela é feia mas eu dou valor.
1457430,Caiu na teia de uma mina feia.
1457618,Ele tá junto sempre firme.
1457644,A noite ela é uma estrela.
1457925,Joana é preciso compreender.
1457928,Ela é difícil de se convencer.
1457929,Ela é igual a urubu.
1458124,Tem mãe preta na cozinha.
1458511,Ele é o rei do.
1461711,"Ela é campeã, um pedaço de maçã, um arraso no pedaço."
1461721,Â“oh menina gostosa que passa cheirosa.
1461754,Ela é bipolar.
1461922,Mademoiselle és capaz de me fazer sorrir.
1462031,"Meia-noite ela jura eterno amor,."
1462189,Inteligente ela é muito sensual.
1462400,Ela é selvagem.
1462519,Ela é amiga da minha mulher.
1462525,Se fosse mulher feia tava tudo certo.
1463745,"Ela chegou bem famosa, toda venenosa pra me seduzir."
1464757,Deixar ela maluca.
1465123,Tem homem muito velhaco.
1465991,"Mulher ingrata, mulher fingida."
1466478,Que homem é aquele artista.
1467928,Ela é a mulher da minha vida eu sou o seu fã.
1468036,Ela tá cismada que a mulherada tá dando no meu pé.
1468807,Ele é sensacional.
1470118,Ela é uma garota bem interessante.
1470531,"Ela não adimite, diz que eu to mentindo."
1470534,Ela ta enganada....
1471224,Pra fazer amor gostoso e deixar o homem louco.
1471229,O homem fica maluco mas se tem o vucu-vucu.
1472079,"Mas ela vem, rebola minha musa cheirosa."
1472298,Que ela tá afim de namorar.
1473327,Já sei o que fazer com essa mulher bandida.
1473332,Vou levar ela prum motel mais caro da cidade.
1473340,Mulher mercenária.
1473341,"Oh, mulher mercenária!."
1473346,Já sei o que fazer com essa mulher bandida....
1473347,Mulher mercenária....
1473739,Uma mulher bandida.
1475418,O locutor agita é só mulher bonita querendo beijar..
1475907,O menina linda vou deixar tudo rolar.
1477267,Pra atender essas mulheres mal amadas.
1477477,"Mas, comigo ele foi covarde e malvado."
1478256,Ela estava acompanhada.
1478260,"É Andrezinho é complicado, Mas como somos amigos."
1478300,Se ele era irmão.
1478311,Às vezes ela é dengosa.
1479273,Uma namorada linda e verdadeira.
1479762,Ela é uma tentação.
1480548,tô amando de verdade uma mulher muito louca.
1481444,E ela chega firme.
1481446,"Ela é top, ela cai pra cima."
1481450,"Gracinha, ela tá soltinha."
1481458,Essa mina é uma delicia.
1481473,Ela tá solta igual arroz.
1482939,eu sou o homem dela ela é minha mulher.
1483493,"A garota mais bonita, também era a mais rica."
1483636,"Menina bonita, do centro da cidade."
1483639,Convidar ela prum charme.
1483649,"Que moça bonita, que moça bonita."
1483662,"Moça bonita, brinco de ouro de princesa."
1484079,Vou ser o homem mais feliz.
1484325,ela estava acompanhada com um cara que eu nunca vi.
1484350,(C) Ele era alto?.
1484362,(R) Como eu ia saber se ele era irmão?.
1487647,Teu jeito de mulher fatal.
1487681,Minha namorada é nota dez.
1487702,Ela negra negritude que fascina.
1487703,"Senhora menina, menina senhora me descontrolou."
1488723,Se ela fosse uma estrela.
1489124,Mas ele é tão gostoso.
1489765,E toda menina baiana que eu via.
1489889,Ela tão empolgada.
1489917,É me cansei de curtir paixão/hojê eu sou o homem mais fiel.
1490036,"Menina linda, coisa louca."
1490373,Menina é gostoso.
1491460,Ela é prima de um amigo que eu trombei num rolê.
1491482,"E vai pensando que ela é fácil, rapaz."
1491932,Pois quando a gente ama eu sou o homem mais feliz.
1493148,Ele lembrou como ela era magrinha e desajeitada.
1493163,"Ele tinha 18, ela novinha 16."
1493199,Que a mulher mais linda do.
1493380,"Ela é linda, é uma delícia."
1493521,Ela é puro excesso.
1494116,Ela é inteligente e sabe se cuidar.
1496069,Mãe pequena me conhece não sou de vacilação.
1496388,De homem forte virei um menino.
1496859,Essa mulher é minha ê ê.
1498368,"Ela é maravilhosa, tem um sorriso maroto."
1499506,Quando o homem é camarada.
1499512,Todo homem aventureiro.
1499870,"A minha preta pensa que eu sou um santo e essa fama até que eu banco mas não sou nenhum guri, ela é a preta mais bonita da favela e no desfile da."
1499923,"Fox, tiete era moça fanática,."
1499990,"Do cheiro do cravo, da rosa da moça formosa e de mais."
1501966,Com esse teu jeito de mulher fatal.
1502343,É triste um garoto pobre.
1504098,"Não se condena, você fez tudo que podia pra fazer essa mina contente.."
1504233,Ele é meio atrevido.
1504824,Me contaram que a menina moça é donzela.
1505691,Vou lhe dar pudim gelatina chinesa o colo do rei momo pra ele sentar.
1505730,O carinho de pai e de mãe é verdade.
1506859,"E o pior de tudo, é que ele é meu amigo."
1506897,"Ele fica meio tímido, confundi a amizade.."
1507654,ela é a namorada do meu melhor amigo..
1509154,"Menina linda, o seu lindo requebrado."
1509605,"Ela é capaz de me encantar, caramba!."
1509993,Mulher perversa como essa eu nunca vi.
1510976,"Menina linda e tristonha, que não cansa de."
1510979,"Garota bela e fagueira, formosura sem igual,."
1512439,Menina sapequinha mostra aí como é que faz.
1512486,"A mina é top, desfilando é a mais bela."
1512532,Ela é muito safada.
1512559,Ela também é bagaceira.
1512565,Agora ela é bagaceira.
1512566,Mariazinha é uma menina tão danada.
1512864,"Sandreco ela só foi legal com você, ela tá."
1513026,Hoje ela é empresária.
1513035,Ela é muito bacana.
1513486,"Ela é malandrona, uma tremenda ""171""."
1514087,"Minha musa inspiradora, minha fé, minha paixão."
1514173,Dizem que a mulher é a parte fraca.
1514176,O homem não tendo é bem capaz de roubar.
1514232,"Diz que sua mãe é crente, mais seu pai nunca fez jura."
1514911,Ela é tão cheia de graça.
1516166,"Tião não foi rei sozinho, O seu parceiro pardinho,."
1516238,"Ela é muito importante,."
1516263,"A rainha defensora,."
1516688,Sou menino brincalhão.
1517116,homem menino menina mulher.
1517336,Inez já é morta.
1517364,Era um homem muito forte.
1517372,Pra ele eram vagabundos.
1517373,E as mulheres sem-vergonhas.
1517681,Ela é vacilona deu bola na zona.
1517701,as nuances africanas que mantém vovó em pé é que ela traz como herança orixas do candomblé o seu santo de cabeça faz o bem sem ver a quem ajudando a quem mereça ajuda vovó também ela só não está contente com o preconceito racial ela só quer cozinhar com sua colher de pau.
1517711,Zeca foi sensacional.
1518076,Menino inocente e sozinho.
1518114,Cangote de moça bonita.
1518592,Ela é tão linda me fez tão contente.
1519067,Menina moça quer casar de branco.
1519069,Menina nova nunca perde tempo.
1519310,"Cantores e compositores, temos divas sensacionais."
1519422,"Pitbull é picanha, rotweiller é filé."
1519699,Ele é reprodutor.
1519700,Ele é competidor.
1519708,Ele hoje é suvenir.
1519764,marido infiel vai levar rasteira.
1521077,Ela é tão fascinante.
1521078,Ela é minha paixão.
1521079,Ela é amada amante.
1522173,"É só beber, que ela fica animadinha."
1522174,"É só beber, que ela fica perigosa."
1522195,"Vai tequila, vai cerveja, essa mina não é mole não."
1522414,"Vote em mim para presidente ele pede, ele é insistente."
1522429,"Todo povo ele iludi fria, não se toca, não renuncia."
1523609,"Ela é preta na cor,."
1523800,mulher carinhosa é falsa.
1523804,ela preta da cor mas é loira do cabelo.
1524352,Na mina quente do aço.
1524883,Mulher bonita um samba lá no fundo de quintal.
1524933,Minha namorada não é mole não.
1525215,Se veste toda sensual tipo mulher fatal.
1525486,A mina iludida acha que ele é herói.
1525984,Mas ela é sexy é sexy sexy.
1525985,Mas ela é sexy comigo mexe assim.
1525998,Ela é sexy quando passa as mãos nos cabelos.
1526001,Ela é sexy quando faz amor.
1526555,ela é muito gatinha ai meu.
1527150,Mina gostosa sabe como é né.
1527598,"Eu to querendo me dar bem no seu espaço mas a fila é grande é grande pra danado.Ela estasiou todo o salão todos de boca aberta de olho no popozão, ela é preferencia nacional, de ponta a ponta não tem nada igual.."
1527599,"Quando ela dança da um show a parte, ela é mais gostosa do que barra de chocolate, agora vem vai pega no joelinho põe a mão na boca e rebola de mansinho.."
1528450,menina baiana que desce a ladeira.
1528600,"Amante amigo, teu sol, meu abrigo."
1529067,Mulher brasileira eu quero você pra mim.
1529075,É conseguir bota uma mulher brasileira na minha vida.
1529081,"Mulher brasileira você me faz muito, muito, muito bem."
1529084,"Mulher brasileia, és a melhor do universo."
1529091,"Eu quero mulher, quero mulher brasileira."
1529600,Uma garota tão bonita é um alvo excitante.
1529608,Ela é uma garota espetacular.
1529963,Que uma delas é um homem irresponsável.
1530145,Fica com ela não acho certo.
1531331,Ele é amigo companheiro.
1531799,Dia e noite noite e dia eu e ela pura harmonia !.
1531877,Minha princesa rainha.
1532983,Ele está doente.
1534097,"Ela é uma gatinha moreninha e sensual, é o meu prazer."
1534657,Minha eterna namorada dona do meu coração.
1535055,"Quis ser diferente, só que não rolou."
1535361,"Seios de uma deusa grega, sensual."
1535481,Quis ser diferente só que não rolou.
1535705,"""Tá"" cheio de mulher bonita."
1535863,Hoje em dia ela é madame chique contando.
1536096,Não importa se é gorda ou se ela é magrinha.
1536678,Que as mina são chapa quente.
1536842,Essa mina é feiticeira não tá fe brincadeira.
1536844,Essa mina é feiticeira não tá de bobeira.
1536960,Se ela for sapatão.
1537070,Rio de janeiro tem carnaval tem mulher bonita e futebol.
1537407,Não é a toa que eles fala: - as mina é foda.
1537513,Aquelas menina interesseira.
1537988,Mulheres muito atraentes.
1538233,Ela é top de luxo.
1538243,"Ela é perigosa, mulher do patrão."
1538365,"Agora estou assim, virei um rapaz maroto."
1538415,Ela ficou feliz.
1539111,Nosso sangue é derramado pra eles é só ibope to.
1539548,"Nosso sangue é derramado, pra eles é só ibope,."
1539557,Acelerando a hornet elas ficam bem doidinha.
1539559,Garota safadinha quer curtir não namora.
1539729,ai que homem gostoso.
1539730,vem que homem gostoso.
1540275,Chuck 22 ele é um caçacheiro.
1540540,"Bagdá, vou mandar um papo reto, não to de sacanagem, um monte de homem bomba no."
1540645,Aquele mundo de gostosa eu só tinha mulher boa.
1541576,As menina fica louca.
1541743,Oh os menino aqui é bruxo e bota a chapa pra esquentar.
1541752,Oi os menino aqui é zika e o jogo é objetivo.
1541951,Bruninho tá ligado e sempre me acompanhou sua.
1542063,OOh menina louca.
1542072,Menina louca.
1542220,Eric está bolado está vindo de.
1542249,Daniel tá resgatado e os detento deu nu pé.
1542674,Ela fica loucona e senta.
1542870,Essa mina é diferente eu não posso perder não.
1542923,Tudo lembra você minha garota linda.
1543161,Jesus sou conduzido.
1543251,Ela fica louca beijando na boca.
1543466,Sou garota melancia.
1543510,Muito menos de homem duro.
1543517,Homem bobo eu esculacho.
1543529,"Mulher boa, todo homem gosta,."
1543530,"Mulher boa, todo homem baba,."
1543606,"Que homem maluco, ciumento."
1544000,"Ela dá pra nóis que nois é patrão, ela dá pra nóis que nois é patrão."
1544003,Ela dá pra nóis que nois é patrão.
1544006,"Ela dá pra nóis que nois é patrão, oi, ela dá pra nóis que nois é patrão."
1544011,"Quando a gente ama não vemos defeito, ela é a dona do meu cora...."
1544034,"ta que ta que ta que ta ela tá ela tá doidinha pra an, doidinha pra ui, doidinha pra hum."
1544048,Minha cama é king-box ela não é muito pequena o bagulho é louco mais a brincadeira.
1544528,"Tu é uma mina braba, faz de tudo e não reclama."
1544539,"Mina fiquei intrigado, e não desvendei a trama."
1544861,"Ela é louca, se transforma."
1544890,Ela é louca se transforma.
1545050,O Senhor é meu pastor e nada me faltará.
1545148,Ela mexe bem louca.
1545484,Homem tão bom.
1545491,Meu pai um homem tão bom.
1545499,Ele foi preso de cabeça baixa.
1545536,Deus usando mais um homem mano eu vou te falar.
1545562,Não esqueci do amor dos meus pais mas a senhora é minha riqueza...
1545815,Ela é mercenária.
1545912,Pois eu sei que o senhor é fiel.
1546365,mulheres sedutoras gostosas com expressão.
1546564,"Só tem menina bonita, gostosa e de mente aberta."
1546581,Ai ela ficou nervosa.
1546618,Zé tava duro e andava de trem..
1546654,"Ela é top rapaz, empina a bunda pra trás."
1546981,aí eu gostei ela mamo diferente.
1547006,"Ela dá pra nois que nois é patrão,."
1547007,"ela dá pra nois que nois é patrão,."
1547017,ela dá pra nois que nois é patrão...
1547205,"Eoeoeoeoeoeoeoeo não estou iskulachano as muié, maismaismais."
1547412,"Depois da mulher filé a mulher goiaba,."
1547415,"Mulher cereja, mulher jaca..."
1547976,"Ela é inteligente, ela é chapa quente, ela estoura os cofres."
1548076,"Ela tá louca, louca, louca,."
1548081,"Ela tá louca e eu também enlouqueci,."
1548088,"Porque ela é zica, porque ela é bela.."
1548094,"Ela tá louca de whisky e energético, e aí fica frenético,."
1548108,"Ela é louca, louca consciente,."
1548111,"Ela tá louca, louca, louca."
1548172,Léo está trancado.
1548239,Ela é cheia do poder.
1548823,"Whisky energético, quanta mulher boa."
1548832,Ela é profissional amigo.
1549031,"agora sou um rapaz sério, muito sério."
1550319,"com a mulher mais linda, quente ,claro é você !."
1550405,desce ela sobe geral passa mal.
1550707,"O ""blá-blá-blá"" do homem mau querendo pegar geral."
1550769,Menina mais linda eu sei que não tem.
1551227,De nossa senhora iemanjá.
1551861,Laurant sou preto perfumado.
1551979,Ela é pura explosão.
1551981,essa mina é chapa quente.
1552250,Que eu sou uma mulher foguenta.
1552255,Eu sou uma mulher gostosa.
1552256,Eu sou uma mulher foguenta.
1552417,Sonhei que a mulher gato me arranhava a todo instante.
1552900,"Chego a mulher melão,."
1552910,"Ela já foi consagrada,."
1553214,Com a mulher mais linda que de cara é você.
1553722,"Se a banca tá formada, ela nunca tá sozinha (x2)."
1553924,"Essas mina é baladeira, elas dançam a noite inteira."
1553927,"Olha pro lado, se liga moleque, que mina gostosa ""tum""."
1553928,"Olha pro lado, dj marcelinho, que mina gostosa ""tum""."
1553930,"Olha pro lado, se liga moleque, que mina gostosa."
1554713,Se tem mulher solteira por favor levanta a mão..
1554720,"Tem jogo do meu time ele vai ser campeão,."
1554749,Byano é foda.
1554832,Ele fica parado.
1555324,"As mulher são nacional, mas a bebida é importada."
1555336,"Várias mulher gostosa, muito dinheiro e poder.."
1555747,Ele é parceiro antigo.
1556853,Treva a mais negra sobre homens tristes.
1557033,"Ela senta, ela quica, não pode parar."
1557061,"Que senta ela quica, não pode parar."
1557114,"Ela dança, ela quica, não pode parar."
1558955,Ela mesma se cuida.
1560144,Do que ela é capaz.
1560145,Ela é cheia de malícia.
1560523,Mas ele certo fingia que não notava.
1560555,Dadá é linda e uma beleza de garota.
1562177,"Ah, meu garoto querido."
1562196,E minha esposa querida.
1562246,Várias mulheres lindas rebolando até o chão.
1562661,O rei tá bolado.
1563213,"A musa mais bonita,linda noiva no veu.."
1563277,Ela tá doidona ahn.
1563278,Ela tá doidona e não disfarça.
1563299,Ela desce gostoso.
1563343,Ela tá loucona ahn.
1563543,Atualidade das princesas diferente da.
1563740,Olha a mina louca tá dançando.
1563745,A mina louca tá dançando.
1564001,"Ela é gata, delicia de fazer pirar."
1564010,Onde ela passa faz geral babar.
1564015,Ela é tão vaidosa.
1564018,Menina mulher.
1564020,Ela é muito atrevida.
1564389,"Delícia, menina perfeita."
1564491,"Eu fico ""very crazy"", quase que passando mal, só tem mulher gostosa no país do carnaval!."
1564691,"Adoro provocar, fingir que to na tua, mulher fatal, menina indefesa, objeto sexual, aha coitados .."
1564845,Essa mina é louca.
1565033,Toda mulher sexy (Ai...).
1565659,Esse é o funck de uma mulher sofredora.
1566231,"essa mina é safada se liga o que eu tô dizendo,."
1566237,Pra toda mulher solteira.
1566243,Se tiver mulher solteira.
1566246,Se tiver mulher tarada.
1566297,ela tá cansada de dar o cu.
1566421,"Ai cheguei na hora h, deixei ela maluquinha."
1566470,Dançando tá sem limite que menina perigosa.
1566508,Isso é um absurdo o juíz vai apitar ele não pode ser expulso..
1566509,Gosto quando ele faz gool.
1566657,Eu não posso mais sair na rua que ele fica cheio de.
1566819,Aqui só tem mulher bandida.
1566847,A mulher quando é certinha nunca é valorizada.
1566880,Mulheres fiquei rico.
1567507,"pra todas as mulheres solteiras aí,."
1567518,"Pra todas as mulheres solteiras aí,."
1567527,"Elas são braba, essas mina esculacha."
1567550,"elas ficou cheia de marra,."
1567664,Ela quica e trava.
1569109,Algumas moças rezadeiras que vieram.
1570082,Um rapaz muito diferente.
1570095,Lessa era goleiro do.
1570126,Reparei que o rapaz era muito inteligente.
1570313,Esse homem medicante.
1571049,"Que ela é minha vida, a musa dos meus sonhos."
1571082,"Bem, não vai deixar a sua mãe aflita,."
1571091,"E veja como sofre um homem infeliz,."
1571910,"Pois ele é rei, rei, rei."
1572228,Na voz de uma mulher sagrada.
1572585,Ele é um tuareg.
1572593,Pois ele é sentimental.
1572844,Chega mais perto moço bonito.
1573198,Eu sou um rapaz considerado simpático.
1573476,Ela é médica.
1573888,Ou apenas senhores feudais.
1573924,No seu peito de homem direito.
1574527,Se oferece a olho a boca à mão.
1575505,"etá, etá tá rá tá tá."
1575669,Quem sabe se ela é donzela.
1575815,ELA VEM TODA DE BRANCO.
1575820,"ELA VEM TODA DE BRANCO,MEIGA E MUITO TÍMIDA."
1576682,E todos eles ficaram cheios de espírito santo e principiaram a falar em línguas diferentes..
1576887,Ele ficou bom.
1577642,Os homens são mortais.
1577909,E se ele não vem ligeiro.
1578243,minha mãe menininha.
1578618,Mãe falou ruim pra diabo.
1578871,Ele mesmo quis.
1578873,Ele mesmo matou.
1579338,Pena que ela ache tão estranha minha maneira de ser.
1579344,Mas tudo é só porque ela está sozinha.
1580412,Bom rapaz direitinho.
1580592,Quatro homens dependentes e carentes.
1580951,"Que ele não seja branco, não tenha cultura."
1581338,"Deus, a mãe é a voz."
1581437,Eu sou um homem tão sozinho.
1581467,Ela é a lua.
1581615,"De nada importar, se para o homem mortal."
1582257,Via com seus olhos de menino esperto.
1582999,ele não está sozinho não.
1583469,A menina muito contente.
1584803,Sou um homem tão comun.
1585521,Sei que o senhor é pago pra suspeitar.
1585677,Menina direita.
1585678,Menina suspeita.
1585680,Menina barata.
1585988,Essa é pra moça dengosa.
1586049,Todas elas detentoras.
1586198,Ele vive calmo.
1586228,"Musa única, mulher."
1587455,Sofisticada dama infeliz.
1587828,Velhas senhoras mineiras.
1587905,Tomara que o amor te estrague.
1588799,Eu canto aos homens sós.
1588812,lembranças de esposas sombrias.
1592081,Esse negócio da mãe preta ser leiteira.
1592087,Do menino infeliz não se nos ilumina.
1592603,Nem ligar pro rei guerreiro.
1592608,Porque o povo é o rei primeiro.
1592618,Mas o que o mal do rei é o bem.
1592624,E era a voz do rei guerreiro.
1592988,Vi toda beleza e ela andava nua..
1593011,os reis magros do carnaval.
1593181,Um menino diferente.
1594440,"Não tenha medo, meu menino povo."
1594630,Aquele moço fulano de tal.
1595538,É uma deusa louca.
1596525,"sua mãe é ranheta, seu pai é careta."
1596526,e você é uma garota certa.
1597053,O homem predador não pensa no que faz.
1597403,um homem benevolente e bendito.
1598509,Do menino infeliz se nos ilumina.
1598617,Dorival é ím-par.
1598619,Dorival é par.
1598623,Dorival é mar.
1598635,Dorival é bom.
1598641,Dorival vai can-tar.
1598688,Dorival é limão.
1598692,Dorival é pai.
1598723,Dorival é ín-dio.
1599165,Diabliu de menino internetinho.
1599481,Corpo eterno e nobre de um rei nagô.
1600747,"Ela é perfeita, é perfeita, meu bem."
1600755,Dessa mulher tão irritante.
1600792,Ela é poderosa!.
1601353,Aquele homem groover.
1601782,"Neo-asiática, ela é supralusitana."
1601861,Aurora agora é bela.
1602259,Joana é mulher.
1602665,Coisa pra ele bonita e comum.
1603753,Mamãe falou que eu era um menino muito feliz.
1604949,"Moça bonita, seu corpo cheira."
1604956,"Moça bonita, seu olho brilha."
1604963,"Moça bonita, seu beijo pode."
1605314,é bem maior do que poemas.
1605346,"E toda paixão recomeça ela é bonita, é demais."
1605349,Eu digo e ela não acredita ela é bonita demais.
1605350,"Eu digo e ela não acredita ela é bonita, é bonita."
1606172,Aruera é pau pesado.
1606734,Tem pilares sólidos..
1606763,"Que os homens sisudos,."
1607447,tudo para ela é muito especial.
1607449,Ela é muito especial.
1608107,onde as mulheres são lindas e tardam a envelhecer.
1609690,Thereza é presa da fome!.
1609741,O que beleza também é a cor da mulher brasileira.
1609894,E por isso ele hoje é ex-amor.
1610694,Que elas foram tão felizes para sempre.
1610950,"Tenha paciência, Deus está contigo."
1610971,E quando a mulher desequilibra.
1610982,Quando a mulher desequilibra.
1611975,Que esta menina hoje é uma mulher.
1611976,E que esta mulher é uma menina.
1612126,"Labutar é preciso, ô mãe."
1612134,"No ""ponto"" e volto pra casa com ele cansado com."
1612138,Labutar é preciso.
1612474,Suas mulheres guerreiras fazem a vida lá longe do coração da cidade.
1612635,Por ser homem bem disciplinado.
1612968,ela é louca.
1613960,Essa menina biônica.
1614663,o menino brilhante e precoce que eles viam em mim.
1614880,Ela é a garota.
1615104,"Ela fica piradinha, dinha, dinha, dinha, dinha."
1615882,"Luau, mina bonita, social na costa do farol."
1616048,e as revistas de mulheres nuas.
1616160,Quando trombo com a mina mais linda da madrugada.
1617740,"hoje é mulher bonita, whisky e cerveja."
1617916,Ela é muito louca muito louca bem legar.
1618690,Mas eles mesmos não fazem por onde.
1618818,Ah garota esperta.
1618830,Garota esperta safada.
1619272,Mãe preciso te dizer.
1619413,"Pode crê, Batuque é dom!."
1619684,Pra ele ficar inteirinho.
1620503,Ela é muito linda.
1620673,Quando ela passa sorridente na avenida.
1621052,Quem quiser mapa da mina descambe pra.
1622656,Hermeto já era livre.
1622930,Perdão foi feito pra gente pedir.
1623038,Mestiço não é mulato.
1623446,Mas de meninos sonhadores em serem jogadores.
1623570,"Menina tão linda, que traz sempre um sorriso."
1624118,"Ninguém sabe se ele é branco,."
1626166,Ele sempre foi menino.
1626472,Agora ele é um pássaro sonhador.
1627165,Do sol o pôr que ele mesmo quis.
1627166,Pôr que ele mesmo matou.
1627565,Mas ele derruba tudo o que ele mesmo constrói.
1627566,Ele fica perdido no dia a dia.
1627702,Ela é tão interessante e eu aqui pichando muro.
1627704,Ela é tão diferente.
1627735,Pra essa menina linda vou escrever um som.
1627737,"Ela continua linda, ela continua bela!."
1627761,ela é a menina mais incrível desse mundo!.
1627818,Ela só pode estar afim.
1627899,Homens criminal mentes criminal.
1628067,homens criminal mentes criminal.
1628262,"Ela é gata, eu vou."
1628263,Mulher bonita e vagabundo sempre combinou.
1628454,"O MANO FOI EMBORA ELE SUMIU MANDOU SUA FAMILIA PRA PUTA QUE PARIU, FALOU MUITA BESTEIRA FOLGOU FOI ABUSADO E EU ESTOU LIGADO QUE ELE ESTAVA DROGADO, AGIU DE FORMA ERRADA AGIU DE FORMA BRUTA XINGOU ATE A MAE, E DAÍ O FILHA DA PUTA FUGIU DA ÁREA NEM PAGOU O MEU DINHEIRO TOMA VERGONHA NESTA CARA CALOTEIRO TA QUENTE QUE ABAFA QUE ESTA FAMOSO SEU SONHO E SER DOUTOR OU SENAO UM MAFIOSO COM CARRO,DINHEIRO,REVOLVER,MULHER E PO SEM MISERIA SENDO O MANO OUTRO DIA FOI PRO SACO ELE ACHOU ENGRAÇADO ELE TIROU UM BARATO ELE RI ELE TIRA TODO MUNDO DE CUSAO FALOU VACILAO ELE PASSOU AQUI NA AREA OUTRO DIA VEJA EM UM ESCORTE CONVERSIVEL PRATEADO COM UMA VAGABUNDA DO LADO A MINA ME TIRANDO O OLHO FEIO SORRIU MANDA ESTA VACA PRA PUTA QUE PARIU."
1628479,Brown não deve ser consumido por pessoas simpáticas.
1628663,"Menina linda eu quero morar na sua rua,."
1629146,"Estúpido ele fica, assim ela é linda,."
1629147,"ela vem, ela abala, ela é má!."
1629394,"Pimp eu sou, ela é gata, eu vou."
1630438,Além de tudo tem mulheres muito lindas.
1631036,Um namorado muito louco.
1631246,Que ele é louco e vagabundo.
1631828,"Dos filhos deste solo és mãe gentil,."
1633305,Ela estava ali sozinha querendo atenção.
1633566,Dizem que ele é bom.
1633738,"Mas, dizem que eles disseram bem melhor."
1636413,"ilumina mina escura e funda,."
1636428,"ilumina a mina escura e funda,."
1636609,Onde as pessoas pudessem escrever o quanto elas são felizes ou não.
1636715,Ela é pra ele tão perfeita.
1636734,Ele é um peixe suicida.
1636959,Sou homem maduro mas na sua frente.
1637270,Puta mulher bacana.
1637281,Ela é resolvida.
1638458,Ele é meu lado de dentro.
1638994,Convences as mulheres convences.
1639196,"Ela é mais do que eu possa dizer, ela é a menina mais."
1639440,Hoje eu sou um homem mais justo.
1639443,Hoje eu sou um homem mais justo e.
1639936,O homem imoral trabalha o mês inteiro e revoltado.
1640312,"Menininha da família, pai promíscuo e mãe otária se apaixona pelo mundo que."
1640320,Mas ela é forte e sincera.
1640920,"Vem que eu te quero também, menina linda."
1640923,"Vem que eu te quero também, menina linda, vem."
1640993,"Chorão não é fraco não, pesa várias toneladas."
1643016,Ela é uma pessoa.
1643038,Ela é uma rainha.
1644706,Que elas mesmas escolheram.
1644911,Eu sei se uma mulher não é sincera.
1645728,"ninguém sabe se ele é branco, é mulato ou negro."
1645813,De manhã ela mesma traz o lanche.
1647144,"Pra essa menina linda, eu vou fazer um som."
1647157,Ela é a menina mais special desse mundo.
1647267,"Nós somos tudo maloqueiro, eles são tudo cuzão."
1647440,Ele está mais bonito e afiou o seu novo tridente.
1649154,Eu quero a garota mais linda do bar.
1650918,Menino caramanchão.
1650919,Menino fui sapateiro.
1650921,Menino fui cangaceiro.
1651246,Pois as mulheres são tão iguais.
1651762,Moça branca como a neve.
1651766,Menina branca de neve.
1651798,Ele é mesmo veiaco.
1651799,Ele é o rei dos veneno.
1651900,Martelo de homem simples só pega.
1653530,Esses moços pobres moços.
1653634,A princesa mais bonita.
1653802,"Nós somos assim, ela é parte de mim, meu motivo maior pra voltar."
1654945,Se ele foi tão ruim.
1654948,Ele foi capaz.
1656096,Pensam que a pobreza é lixo e que rapaz pobre.
1656487,por ser homem bem disciplinado.
1656879,Inês já é morta do lado de cá.
1657800,sou um homem feliz.
1657817,um homem feliz.
1657973,Que ilumina os meninos risonhos.
1657999,Doce ilusão moça bela.
1658164,E ele neco de se apaixonar.
1661162,"Ela é bonita, é demais."
1661168,"Ela é bonita, demais."
1661170,"Ela é bonita, é bonita."
1661187,"Ela é bonita, é bonita, demais."
1661232,"Só o senhor tá disconforme, então vai ser logo encanado."
1661748,que ela vai ser sempre apaixonada..
1662151,"Teu marido é bom, muié."
1662230,Mulher gato.
1662355,De manha eu durmo e ela limpa a casa correndo.
1662517,"e não para não, Que mulher furacão."
1662591,Ela é a mãe dos seres vivos.
1662979,É um menino nú.
1663372,E Inês é morta sem cor.
1663767,A mulher homem bacante.
1663814,É você menina mais linda.
1663837,Ela é tão inteligente.
1663843,Que ela é aquela menina.
1663852,Ela é incrível em tudo que faz.
1664479,[Clarice é interrompida].
1665115,"Moto loca, lota o carro, entope só de mina top."
1666030,"""Cuide bem dessa rosa, trate ela melhor do que tratou a mim""."
1666528,Por ser uma menina má.
1666836,"Menina ousada, menina abusada."
1666922,Ela é dengosa e sabe o jeito.
1666928,Ela é mulher da vida.
1666997,Eles estão despreocupados.
1667894,Ele não saber ser mais viril.
1668406,Pois não há ponto virgem nessa garota virgem.
1668734,Ela é formada em contabilidade.
1668756,"Ela é linda e cruel, é viciante."
1669336,"""Ele é um homem e entende tudo""...."
1669917,Ele é mais leve que o ar.
1670030,Ela já esteve nua.
1670497,Os meninos satisfeitos.
1670895,Mina linda eu quero morar na sua rua.
1671571,Você nem imagina do que ele é capaz.
1671744,É bem fácil pois ele é mais fraco.
1671840,"Demorou, mas finalmente ela voltou cansada."
1671918,"E da porta ele gritou orgulhoso,."
1672027,Eles fizeram pior.
1672500,E bem mais facíl pois ele é mais fraco.
1672569,"E Adão até foi expulso, pois quis desobedecer."
1672841,Com os reis magos que ela mesma fez.
1673080,Quem acha que eles andam preocupados com você.
1674200,Ele é muito mais familiar do que eu gostaria de admitir.
1674331,Já falei: Essa garota é maluca.
1674341,Já falei: Essa que essa garota é lesada.
1675134,Se fez de sobremesa pra esposa japonesa.
1675165,ele era independente.
1675169,ele era diferente.
1675298,E acha os homens chatos.
1676289,"""Miguel era um ladrão de banco, ele andava injuriado."
1676305,E com uma bala na barriga ele foi trancafiado.
1676580,"""Homem forte todos diziam, o seu poder todos sabiam."
1676581,"Ele não é vulnerável, nada pode lhe machucar."
1676582,"Homem forte, homem forte, homem forte."
1676592,"Homem forte, homem forte, homem forte""."
1676826,Ser como eles banais.
1677155,Pra ser um homem feliz.
1677195,"O garoto morreu, ele foi massacrado, a camisa que ele usava era do time errado."
1677224,E as garotas são iguais.
1677614,Ela foi tão gentil.
1677808,"Garotas bonitas,fugas espetaculares."
1677810,"Garotas bonitas,amores impossiveis."
1677852,"Que ele é feito, que ele é feito para se machucar."
1678049,"Judy é uma garota punk, Suzy gosta de metal."
1678106,Não é que ela fosse pobre.
1678125,Até aqui ela era tida como louca por conversar com planetas.
1678273,Ainda faz dela uma garota forte.
1679640,E um homem solitário no cais.
1679740,Minh’alma me tornava um homem rico.
1679901,Garotas sinceras de sorriso bem pequeno.
1680016,"Ela é loira, galega, é infame."
1680315,"Me abraça qual filha pequena,."
1680385,"Ela é branca como a neve, paraíso andino."
1680624,Numa outra encarnação ela era a deusa da verdade.
1680630,Essa mulher é uma fogueta.
1680635,Essa garota é uma fogueta e aconteça o que aconteça.
1680637,Essa garota é uma fogueta.
1680909,Ela é a garota mais bonita do colégio.
1680937,garota espetacular..
1681016,Ela estava debruçada sobre a mesa de sinuca.
1682298,Será que ele está perdido.
1682317,Será que ele não está errado.
1682395,Me abraça qual filha pequena.
1682466,Daquela garota tão cheia de solidão que era há anos atrás.
1682686,Ás vezes vejo o homem velho.
1682705,Às vezes vejo o homem velho.
1682785,E ela é ignorada.
1682911,Porém ele era o cantor de jazz.
1682917,Pois ele era o cantor de jazz.
1683448,Tão miserável como um homem rico.
1683462,"A mim bastava o teu calor, só isso eu seria um homem rico mesmo sem grana”."
1683803,"Era aquela, toda tarde ele ia ver tão bela."
1683874,Rainha falsa sem rei.
1683916,A mãe da minha garota é uma tentação.
1687167,João não é brinquedo.
1687258,Ele é o mito desse sertão.
1688604,Foi quando conheci uma garota especial.
1688614,Não continuo com a garota especial.
1688885,"Eu já cansei de zóio gordo, talarico e mina zica."
1689444,Zumbi é santo sim que eu sei.
1689604,Mulher boa é todo dia.
1691619,E diziam que aos 8 ele iria ser cantor.
1691631,Ou ele foi egoísta?.
1692144,Ela anda calada.
1692269,"disponha, ele é tão descompensado."
1693544,"Mara, ô mulher maravilhosa."
1697400,Que mina loka.
1698621,Garota excitante vem ser minha amante.
1699162,"Ele é fazendeiro, eu não quero dinheiro."
1699739,Menina linda eu vou te levar.
1700517,Perdão foi feito pra se pedir.
1702455,Hoje sou mulher não sou mais menina (2x).
1702554,Sei que essa ariranha gosta de homem casado.
1702573,Eu sei que essa ariranha gosta de homem casado.
1702796,Menina tão louca eu quero te beijar.
1702991,Mexendo ela não é brincadeira.
1703547,Mulher bonita o ano inteiro.
1703571,Ela sorridente e eu quase louco.
1703602,Tem sempre homens diferentes.
1704105,Só ela mesma.
1705199,Abraçar moça bonita.
1705211,As garotas carinhosas.
1705737,Ela é triste de mais e lembra você.
1705953,Que menina elegante.
1706600,Que é sempre o marido quando vem sendo traído.
1706764,Me fazendo com que eu sinta o homem mais feliz do mundo isso é real pra mim.
1707047,Mas o homem preguiçoso só sabe ficar na cama.
1707216,"Veja que felicidade, a mulher já tá gordinha."
1707770,O homem era valente.
1707994,A família dessa moça é uma gente cretina.
1708062,Fiquei um moço ladino..
1708092,Eu sou um moço ladino.
1708321,Eu sempre fui um rapaz decente.
1708362,a garota era muito bacana.
1708470,Tem uma mulher bonita.
1708525,Mas meu argumento ele é tão pequeno.
1708630,a mulher quando é mal criada.
1709191,Ele é capaz de mover montanhas.
1709628,"Minha musa inspiradora, minha miss."
1709718,Sou um homem infeliz.
1710093,Certa fez me perguntaram porque sou um homem triste.
1710181,Apesar de homem rude.
1710554,No jogo desta vida mulher é loteria.
1710854,Muitas mulheres bonitas de distantes paradeiros.
1710928,Fiquei um homem descrente.
1710948,Se vejo mulher bonita.
1711089,Uma joia de menina mais bonita que uma flor.
1711382,"É fascinante, muito bonita a mulher carioca."
1711387,É muito culta e trabalhadora a mulher paulista.
1711391,Pode ser linda qual uma jóia a mulher goiana.
1711415,Brasil a mulher gentil do.
1711639,Conheço a sensível mulher brasileira de tranças compridas.
1711657,Meu senhor onipotente.
1711852,Depois o seriado de um homem biônico.
1712014,A menina é linda e o seu pai é uma fera.
1712023,E por um momento deixou a filha sozinha.
1712107,Minha linda mulher maravilha.
1712328,"Ela é a rainha, eu sou um coitado."
1712365,A mulher mais bonita do mundo.
1712482,Será que ela está feliz.
1712491,O homem mais triste do mundo.
1712516,Da mulher mais bonita do mundo!).
1712517,O homem mais feliz do mundo.
1712519,"Ela é a mulher mais divina,."
1712560,e ela inteira lambuzada.
1712608,O menina bonitinha.
1712627,O menina danadinha.
1712676,"Ser filho, ser filha não é brincadeira."
1712763,Se ela der mole.
1712790,é sua mãe e ele mesmo não sabe.
1712792,como ela é covarde ela manchou.
1713239,Sou o seu marido não sou objeto.
1713261,ela é muito gostosa e safada demais.
1713265,ela é sensual e adora andar na rua se mostrando.
1713350,Mulher mal amada sofre mais não perde a posição.
1713453,Mulher loira ou morena.
1713711,que por ela também estava apaixonado.
1713972,Menina mulher já sabe bem o que quer.
1714189,"Ô mulher perigosa,."
1714570,"E ela, é uma menina linda."
1715052,Era a moça mais bonita.
1715126,O mundo habitado por homens leais.
1715583,De um certo tempo pra cá me tornei um homem chato.
1715622,Se mandou pra outras bandas ninguém sabe onde ele anda e a filha tá abandonada.
1715636,Ela é tão bonita parece uma flor.
1716367,se transformou em mulher moderna.
1716472,A senhora é responsável por um sucesso aparente.
1716476,"Minha mãe é a lavoura de milho, arroz e feijão."
1716542,"Mulher maravilha, modelo do mundo,."
1716549,"Pra colar no corpo, da mulher mais linda,."
1716622,E você não vê que ela é mulher não é só na cama.
1716625,Mulher é a beleza do mundo.
1716896,que mulher divina tão cheia de glória.
1716898,que mulher divina cheia de graça.
1717307,dar uma surra na mulher mais bela.
1717310,Desta vez a menina bonita vai apanhar no fim da novela.
1717346,Olhei para ela vi tão diferente.
1717461,A moça mais linda que eu conheci.
1717496,hoje ela volta quase louca de desejo.
1717565,ela estava tão divina seu corpinho de menina.
1717569,ela é tão atraente seu jeitinho.
1717601,Uma mulher bem bonita e atraente.
1717617,"É amiga e senhora, é uma deusa é uma dama."
1717618,Ela é muito sincera.
1717624,É mulher perfeita.
1718028,"Musa perfeita, olhos de luar."
1718303,Ela é gostosa e vai pra balada toda cheirosa.
1718304,"Ela é metida, e chama atenção ela tá carente."
1718646,De namorado agora é seu ex.
1719202,Mulher bonita e gostosa que não pára de chegar.
1719219,Se me vê com mulher feia pode crer que eu tô doente.
1719520,"Oi, menina cheirosa, corpinho enxuto, coisa gostosa."
1719729,Carnavá é amor carnavá é calor.
1719812,De repente eu vi uma deusa real.
1719975,enquanto ela está feliz em outros braços.
1720007,Ela estava tão carente e tão aflita.
1720220,"Ele é boiola, um boi boiola."
1720222,"Ele é boiola, ele é boiola."
1720236,"Ele é boiola, é o boi boiola."
1720304,"É a mulher mais linda do mundo, sempre a vejo no mesmo lugar."
1720851,"Esposa boa e direita,."
1721003,vem com ele duetar.
1721215,Já é madrugada e ela está cansada.
1722561,Mas ele é bem mais forte.
1722636,"Eu encontrei, queridas, um homem diferente."
1722782,Mas hoje ela é vilã.
1722783,"Ela é vilã, ela é vilã."
1723145,Sou um moço pobre porém muito honesto.
1723167,Sou um moço pobre.
1723701,Ele é boa pinta mais tem muita vergonha.
1723730,Quer me enlouquecer nesse close de mulher fatal.
1723734,Fonte de prazer que mulher gostosa.
1723904,Se ela continuar nervosa.
1725102,Sou um rei vagabundo.
1725642,Não era um homem comum.
1725754,O homem já foi roubado.
1726005,Mesmo que ela seja infiel.
1726501,Ela não é uma equação.
1726632,Pois de fato minha gente ele é muito original.
1727438,"Ela é manequim, já fez desfiles em."
1727445,Ela não é flor pro seu jardim.
1727544,"nem faz idéia do que ela é capaz,."
1727691,E um homem velho se acercou e assim falou.
1728253,Menina vem aqui ligeiro.
1728291,Se o pai dessa moça é gringo.
1728533,"Com perfume da mulher amada fica embriagado, dominado."
1728655,"Ela é muito atraente,."
1728683,Ela é a deusa que todo homem quer.
1728684,Ela é musa do meu coração.
1728815,sou o homem mais feliz do mundo.
1728833,QUE SÓ DÁ MULHER SOLTEIRA.
1729132,"UMA MULHER LINDA, BOA E DIREITA."
1729285,Ela é muito desbocada.
1731151,"Ela é negra, negritude que fascina."
1731152,"Senhora menina, menina senhora."
1731224,Não sei se ela é pagodeira.
1731378,A mulher é a mulher.
1731423,MULHER brasileira!!!.
1731467,É que o homem é peixe graúdo.
1731524,Nasceu um menino pobre.
1731541,"Anísio é samba, amor e amizade."
1731545,Sou menino pobre da favela.
1731549,Olha seu moço sou um rapaz decente.
1732226,Ela é negra negritude que fascina.
1732227,Senhora menina menina senhora me descontrolou.
1732494,"Se tem mulher bonita,."
1732713,Mulher carinhosa a gente faz o que ela quer.
1732716,Mulher motorista é charme na direção.
1732721,Pra mulher bonita não existe homem bravo.
1732722,Foi uma mulher charmosa que libertou os escravos.
1733043,Ela é musa!
1733044,Ela é gata!
1733190,Deixa a gente sem destino faz o homem ser menino.
1734116,Eu sou seu velho namorado novo.
1734268,Ela fica grilada se eu vou pra balada.
1734487,Ela é minha amiga eu não posso falhar.
1734780,Agora ela ficou louca.
1734896,Mulher bonita é fruta no pé madura.
1734911,Amigo mulher bonita é perigosa.
1734922,em casa ela é a rainha.
1735010,"Sobe na mesa quando ela fica louca,."
1735229,menina linda.
1735388,se o pai dessa moça é gringo.
1735558,"ai, ai, ai tem muita mulher bonita."
1735560,"ai, ai, ai mas como tem homem feio."
1736016,Sou um menino sou sonhador.
1736565,Ele andava tristonho.
1736875,"Se o homem nasceu bom, e bom não se conservou,."
1737474,Senhor é impossível andar.
1737549,Ele é fiel e verdadeiro..
1737571,Ele é fácil resolver.
1737764,ele é o caminho serto para voçê seguir.
1738037,Ele pode estar certo que sem bênçãos.
1738127,Pra salvar o homem vil.
1738450,E esse homem é o filho que com ele vai morar.
1738544,ele é justo e é fiel e jamais esquece os seus.
1738552,Ele é o consolador que enchuga o planto seu.
1738598,Tereza era uma menina linda.
1738665,Tereza era uma menina linda que vivia na.
1738939,Pra mim elas são iguais.
1739184,Atendia a qualquer um: doutores ou homens comuns.
1739333,Ela não merecia tamanha ingratidão.
1739805,Maria era muito legal.
1740163,"Ou um homem pequenino, que tem medo de mulhé,."
1740164,"Ou um homem pequenino, que tem medo de mulhé...."
1740874,Ela é boa demais..
1740899,"para ela ficar mais bonita,."
1741601,Deus quanta mulher bonita.
1741830,E a mulher namoradeira eu passo o coro e.
1742211,Deus que filha linda...
1742215,a filha morena clara a mãe é cor de canela.
1742223,Mulheres iguais a elas no mundo...
1742238,Deus que filha linda..
1742253,Mulheres iguais à elas no mundo...
1743248,"de uma mulher urbana, e."
1743477,"Eu fico ruim, ela acha ruim."
1743725,Tem até mulher bonita.
1743823,"Só quer prazer, mulher ruim, fantoche sexual.."
1744175,Ele tá desesperado liga todo dia.
1744554,Ela não tem noção do quanto ela é linda.
1744764,O meu pai com uma mulher diferente.
1745103,Me dá pena pensar nessas mulheres lindas amanhã de ressaca.
1745326,Ele é o vencedor da cruz.
1745917,"Ele era um rapaz humilhado, calado e sofrido."
1745951,Ele agora é amigo e servo do.
1746020,"Um certo homem fazendeiro, cheio do dinheiro, irreverente ateu."
1746023,"Mas ele tinha um agregado, um homem honrado servo do."
1746139,A ponte móvel ele atento manejava.
1746143,Aquele homem caprichoso e dedicado.
1746145,Em quanto ele trabalhava ali contente.
1746151,"Seu filho não escutou, ele ficou desnorteado."
1746231,Ele é professor.
1746302,O homem mal será jugado.
1746424,"A alma do homem redimi, o amor não oprime."
1746455,Quando ele aqui viveu foi um homem destemido.
1746554,cinco pães e dois peixinhos para ele sozinho estavam bom.
1746736,Ela é veterana da guerra da itália.
1746786,"Fox, tiete era moça fanática."
1747070,Filó não era mole não.
1747305,"Nascimento, esse bandido me detesta, se eu não sou mulher honesta, ele ofendia o meu pudor""."
1747565,Desses que já não tem mais (E ele era ainda bem rapaz!).
1748563,Não é porque ele é meu pai.
1748579,Esse homem tão direito.
1749011,que ela é maravilhosa e que eu tô afim.
1749031,"ela é charmosa, um tremendo avião."
1749196,Sou um homem maduro e estou mais do que pronto.
1749262,Mesmo que você não volte eu vou te esperar.
1749788,"ela ainda é virgem, não tem hora pra voltar,."
1749791,"Essa garota é top, ela é rock roll,."
1749793,"Essa garota é top, ela é rock star,."
1750076,Tá de namorado novo.
1750135,Nossa ela é doce de mais.
1750139,Ela é doce de mais.
1750332,Ela ta feliz agora.
1751535,Elas tão loucas!.
1751536,"É só chegar e beijar, elas tão loucas."
1751540,E as meninas estão loucas na balada.
1751947,"Ela é maravilhosa, olha que sorriso lindo."
1752163,Essa mulher é tentação.
1752177,Essa mulher é meio louca.
1752183,tá sempre sorridente ela tá sempre bela.
1752251,Nazaré porque ele é fiel.
1752327,Ele é meu equilíbrio.
1752332,Com ele sou valente.
1752367,Um dia você vai pagar por tudo que fez sendo um homem cruel.
1752726,Ele foi fiel em seus ensinamentos.
1752783,"Ele está o lobo não passa, e no seu rediu não pode chegar."
1752795,Ele é vencedor sem comparação.
1752815,Ele é justo e é fiel e jamais esquece os seus.
1752822,Ele é o consolador que enxuga o planto seu.
1752979,"Ele aqui viveu foi um homem destemido, demonstrou fé e coragem.."
1753025,"Chico é forte, vai passar no teste."
1753192,Ele é caminho o resto é vereda.
1753372,Ele está pronto para festejar de novo.
1753412,Da mulher mais bonita do mundo!.
1753415,Ela é a mulher mais divina.
1753534,"Ele é amigo, ele é justo é fiel."
1753946,porque sou um homem casado e arrumei outra mulher.
1753957,minha mulher é bonita e é faceira.
1753985,Pra ele é o fim; mas a tua história.
1753996,Pra ele é o fim mas a tua história.
1754099,Há uma menina frágil e angelical...
1754179,"Mulher maravilha, modelo do mundo."
1754192,"Mulher bonita, festa e cerveja gelada."
1754242,E ela é uma artista coberta de fama.
1754243,Ela é a deusa divina do mundo.
1754248,Da mulher mais linda que droga de vida.
1755054,Sem ela sou bom dia de ressaca em dia de segunda-feira.
1755135,"Garota adolescente, senhorita minha jovem senhora, dona."
1755650,As vezes eu acho que ela é miragem.
1755651,Ela é covardia.
1755653,Ela é uma viagem.
1755655,Ela é uma deusa e eu sou submisso.
1756001,Sou menino maluquinho caidinho por você.
1756243,"Domingo lá vem ela caminhando sempre bela, me consolar.."
1756362,Do pecado todo homem pecador.
1756478,Confesso pra você ele é o cara perfeito.
1756596,E no meio da balada ela chega atrapalhada.
1756676,Ele somos bons amigos.
1756678,"Eu sou o menino, Ele é o colo pra eu deitar.."
1756679,"Eu sou a ovelha, Ele é o pastor jamais vai me deixar.."
1756909,Ele é capaz de entrar..
1757006,Ele está presente.
1757315,"Ele é soberano, se importa com os humanos."
1757420,Sabe que ele é dono do.
1757439,"Eu sirvo a ele, adoro ele, dependo dele, ele é meu rei."
1757556,"Porque ele é dono de tudo, dono da vida que eu levo;."
1757603,Menino mata gigante.
1757642,Sabe que ele é o dono do poder.
1757663,"Dependo dele, Ele é meu rei."
1757758,Nosso rei é muito forte.
1757908,O quanto ele é grande e fiel.
1757929,"Deus é cem por cento, adore e glorifique, ele é o rei da glória."
1757953,"Elias homem forte, servo do."
1757993,Ele é poderoso eu provo pra vocês.
1758257,E você por ele vai ser coroado.
1758315,Essa mulher não pesta.
1759033,Vai cartinha querida guiada pela minha dor.
1759506,Esposa boa e direita.
1759957,"Ela é jovem, tão bonita."
1760200,Se a mulher é boa eu vou firme com o meu papo.
1760204,Estou sempre aceso onde tem mulher bonita.
1760214,Isso tá tirando o sono de um homem simples como eu.
1760853,Ai nois vai dormir tranqüilo pra no outro dia nois.
1760954,Mas ela é dona do pedaço.
1761591,Ela é cheia de axé.
1761622,"Ela é alegria,."
1761626,Alo mulher brasileira.
1761822,"Na mão de moça bonita, mais uma jóia ele tem."
1761894,Porque ele é o mentor do que há.
1762094,Ele agora é guerreiro do universo e tem fogo em suas.
1762102,E Deus sempre esta por perto porque ele é fiel.
1762154,"Jesus que te ama, se você olhar de lado vai notar, sua presença sem falência, ele é o amigo mais preciso, se você olhar pra frente vai caminhar mais contente pois na frente te espera um paraíso.."
1762499,Ele está pronto pra lutar contigo.
1762796,Ele está pronto pra sempre ficar do seu lado.
1762921,Nosso rei é vencedor.
1763692,E a minha namorada é sua amiga.
1763953,Se ela é doida eu sou mais.
1764099,"Vovó disse, quando eu nascer esse menino vai ser rei."
1764173,"Arranjei uma gata, ela é bonita, é um avião."
1764190,Corro de mulher briguenta.
1764226,Eu faço ela ficar louca só na base do retoço.
1764388,Pra você homem chorando deve ser muito engraçado.
1764419,"Ela é malcriada, só fica provocando."
1764687,ENQUANTO ELES BEBEM.
1764694,ELES BEBEM PRA CARAI.
1765545,O Homem preto e pobre é uma espécie em extinção.
1766658,Descobriu que eu sou o homem certo pra viver.
1767218,"Eu sou o homem mais feliz, eu sou feliz."
1769266,Ela é comprometida ela já tem namorado.
1769344,"Se ela é ciumenta, muito chato isso é normal."
1769345,"Se ela foi escolhida, é porque é especial e não."
1769763,Gonzaga era preto e era o rei do baião.
1769796,Negra mulher preta.
1770652,A mulher escolheria o homem certo.
1771210,Pequena princesa és a primavera.
1771223,pequena princesa és a primavera.
1773201,Com seu marido nobre ela não se deu bem.
1773680,Ela é filha de.
1773874,A moça linda vive a pensar.
1774197,Sou filho de mãe preta.
1774484,Eu sou um menino bem bamba.
1774485,Eu sou um garoto bem bamba.
1774656,Trocou seu amor ardente por um moço requintado.
1774760,"Mulher preguiçosa, mulher tão dengosa, mulher."
1774762,"Mulher tão bacana e cheia de grana, mulher."
1774766,"Olha que moça bonita,."
1774767,"Olhando pra moça mimosa e faceira,."
1774775,"Olha a moça inteligente,."
1775003,||: O homem não é um animal.
1775140,Ele é o líder da comunidade.
1775718,Deixa ele ser moleque dessa mulher.
1775937,Mulher brasileira que vai ao mercado e pechincha na feira.
1775939,Mulher brasileira.......mulher brasileira.
1775947,Mulher brasileira.......cidadã brasileira.
1775950,"Ela é delegada, ela é deputada, prefeita e juíza."
1776828,Pensando em você menina dona do meu coração.
1777059,Existem homens maus.
1777076,Que vira homem bom.
1777258,que ele é sinistro não deixa passar.
1777388,Bündchen é preta.
1777551,"Ela é breve, ela linda é comovente."
1778121,Do coração de um homem bom.
1778350,Menino é bom ficar de olho aí.
1780805,Minha deusa é uma mulher.
1780912,MENINA MOÇA É QUEM MANDA NA ALDEIA.
1781108,Eu que fui menino pobre.
1781511,Mulher boa é aqui.
1781514,Mulher boa dá em qualquer lugar....
1781523,E mulher feia?.
1781524,Não existe mulher feia gente boa.
1781531,"Mulher brasileira, cidadã brasileira."
1781532,E mulher burra?.
1781534,Não me fale em mulher burra.
1781552,Que vamos descolar umas mulheres inteligentes....
1781713,Segure a menina rapaz.
1781893,Essa mina era jóia.
1781894,Essa mina era bela.
1781899,Ela era gordinha.
1782143,Ela ficou tão feliz.
1783779,Nóis tem que quebrar eles diferente.
1784372,Torno um homem mais forte com destreza coragem o os.
1784577,Garoto suburbano tipo como: Rio de.
1785168,"Ele é rei, coroado pela gente..."
1786101,Ela estava errada e eu também.
1786117,E sofre também.
1786686,Ela é uma luz que chega de repente.
1786734,Ela é a terra virgem.
1786787,Que nem mulher traiçoeira.
1787089,Garota prodígio.
1787091,Menina legal.
1788348,que o homem que matou o homem mau era mau também..
1788437,"Ele é um sujeito distraído demais,."
1789541,Um sagaz homem fumaça.
1790025,Mané é mané.
1790591,"Molambo,bendita, princesa bonita, formosa que me conquistou."
1791864,"Poderosa, empoderada, Ela é livre."
1791871,Ela forte igual.
1791878,"Que ela zika memo, muita chuva pra sua garoa."
1792177,Eu não sou senhor feudal mas te prometo um reinado.
1792921,"Lisboa menina moça, menina."
1793310,"Zukuta, menino zukuta."
1793610,ele é filho de.
1793657,que ele é rei da floresta.
1793663,que ele é rei na floresta.
1793974,"Ela é de bahia, ela é feiticeira."
1794238,Êta mulher traiçoeira.
1794348,Maninha é rainha ginga.
1794374,Lara é fruta rara.
1795458,"Menina lavadeira, da beira, beira da estrada."
1795551,"Traga flores também, para minha mãe iemanjá."
1795568,"Moça morena, vizinha das águas também."
1796045,Se tu é homem mané.
1796356,Menino vadio.
1796799,"Ela é a fulana de tal,."
1796804,"Ela é gente bem,."
1797172,Num tem mulher nova comadre.
1798312,Ela é mãe solteira não tem tempo pra zoeira não.
1798695,Ela tá sendo mal comida então que se intrometer.
1798773,"Ti avisei, com ele nunca vai ser igual."
1798984,Namorada sinhazinha.
1799205,Quando o rei mais confiante.
1799215,A idéia do rei foi genial.
1799265,Moça bonita e sapeca.
1799471,Só queria moço rico.
1799479,Tinha que ser moço louro.
1799806,Muitas querem um homem casado pra curtir.
1800006,"Estranhamente, o homem branco chegou."
1800602,Quando moça foi bonita.
1800621,Mulher feia e sem vintém.
1800796,Sou mamãe e ele é papai.
1800997,De madrugada uma dama fuleira fez um tempo quente.
1801688,MENINA MOÇA.
1801697,"Você, menina moça,."
1801886,"Vai dizer que ela é a razão dos meus ais,."
1802167,"Aquela bonita, nega!) (Coitado está azarado!)."
1802492,essa mulher ao seu lado é uma mina mais forte que o.
1802600,o homem estava abilolado.
1802708,Ela anda arrependida de tudo o que fez.
1802789,"Atenção, senhoras senhores, vamos rir até o fim da viagem."
1802946,Com seu decote italiano ela é tão bela.
1803102,No meio de homens fortes - eu estava jogando com a sorte.
1803182,Porque ela é tão boa.
1803313,E eu sou um homem feliz.
1803476,Pela padroeira ela foi bem contemplada.
1803511,"Ela ficou zangada, me fez “mal-criação”."
1803605,"Sou nordestino, um homem fino, com diploma de doutor –."
1803674,Procuro para minha companheira uma deusa faceira.
1803768,Você mulher é uma chave de cadeia.
1804538,"Bahia, ela é feiticeira."
1806861,Menina tanajura jura que nasceu pra mim.
1806909,UM MENINO FORTE E BONITÃO.
1807216,Não há mulher mais bonita.
1807449,As mina ficam doida no estilo do negão.
1808331,Moça bonita segura a saia pra eu não pensar besteira.
1812762,Ela é ótima.
1812930,Que menina cheia de saúde.
1813560,Sou honesto sim senhor traição me dá vertigem.
1813919,É bom a gente deixar ele quieto.
1814704,No estado civil ser homem casado.
1814771,Mistura de menina inocente com malicia no olhar.
1815255,"Ela é linda, é novidade."
1819566,Me descrever um homem ruim.
1819643,"Você pode sofrer, esquece essa mulher casada!"
1819837,Garota sexy vem me dar um beijo.
1820099,"Se ele é teu herói, eu sou mais corajoso."
1820101,"Se ele é o ator, eu sou realidade."
1820106,"Ele foi traído, eu fui o traidor."
1821382,Uma deusa sedenta de amor.
1821677,A minha mina tá desconfiada que é você.
1822922,Cerveja gelada e mulher bonita.
1824247,Ê menina linda que eu vejo todo dia.
1824259,Garota bela o que eu quero.
1824263,Ê menina linda que eu vejo todo dia....
1825506,Menina criança linda.
1825511,Menina rara beleza.
1825853,"Está é uma história, de uma garota nova."
1826333,Ele foi doutor.
1826345,Rapaz tão feio assim.
1826357,Ele é comprido e até parece.
1826379,"É, elas dizem que ele é feio, mas tem molho."
1826990,A mulher mais feliz do mundo.
1827777,Todo homem é iludido.
1828506,"Feito um menino inocente,."
1829501,essa mina é uma pressão mas não posso me aventurar.
1829513,Lembro a menina feia.
1830229,Deixa a mulher sensual.
1830970,princesa bela.
1830983,"Ela é maravilhosa, de enlouquecer."
1831293,"O nosso caso ele é complicado, é difícil de entender."
1831401,E a minha mãe como ela é chata.
1831413,Um homem culto e educado....
1831494,"Segura coração ela linda demais mais eu, eu não quero mais."
1831526,Ela é doce e meiga perto de mim.
1831579,mulher amante.
1831750,Eu gaguejando e ela cheia de razão.
1831930,É muito linda é muito gata ( ela é minha flor...).
1831937,"Louca, louca, louca, louca, louca, louca que menina louca."
1833244,"Aí, Deus foi tão bom, me apresentou você."
1835938,Ta na cara que ele ta apaixonado.
1836105,Voltar a ser teu namorado doido apaixonado.
1838431,Vou te mostrar do que um homem é capaz.
1839010,"Não a vez pra razão, Amar é msm assim."
1839867,"Se ele é um sentimento que está dentro do meu peito,."
1840891,Menino apressadinho não me esperou.
1841227,Uma moça tão bonita fez acelerar.
1841230,O que uma moça linda queria comigo.
1841234,Já sei que ela está sózinha.
1841249,Uma deusa linda não me avisou da profissão.
1842219,Ela é a mulher da minha vida (ô ô ô ô).
1842347,A dama mais bonita.
1844119,"Que moço igual não há pela cidade,."
1844136,Eu farei dela a mulher mais feliz desse mundo.
1844896,"Provocante, insinuante ela é poderosa."
1846293,Com toda a ingenuidade de um menino sonhador.
1847167,No requebrado da menina sensual.
1847194,Deus te fez assim menina linda pra me encantar.
1847368,Se toca um samba ela rebola bonitinho.
1847518,Vicentina.....ela não é dar mole não.
1847580,Fica com ela não acho certo .
1847708,"Me inspiro nela pois ela é a luz que me ilumina, à noite."
1847804,Deusa menina ou mulher.
1847971,Uma mina diferente todo dia vem me ver.
1849143,Mais eu to sabendo que essa mina é perigosa e mandigueira.
1849251,Na vida seria um homem mais feliz.
1849257,"Menina linda, quero te namorar."
1849523,"Ela é minha princesa, diz que é minha cinderela."
1849526,"Deve ser inveja porque ela é tão cheirosa, barriga saradinha ela sabe que é gostosa."
1849540,"Todos lá na rua sabem que ela é piriguete,."
1849541,dizem as más linguas que ela é boa...(de chiclete).
1849627,Esta é uma história de uma garota nova.
1849637,Eu sou a tal (menina louca).
1849640,A turma logo responde ela fica empolgada.
1849837,E na hora do almoço ela é carne de pescoço.
1849901,Mas com ele é diferente.
1850242,Ela é a mulher que eu sempre quiz.
1850247,Mas é que ela é estrangeira.
1850509,Ah ah ah ah ah ah essa mulher é bipolar.
1850591,Um homem apaixonado fica cego e louco de paixão (paixão).
1850595,Um homem apaixonado fica cego e louco de paixão.
1850644,"Na comunidade ela é estrela, gata de elite."
1851544,Que essa menina boa.
1852009,Eu arranjei uma menina tão faceira tão felina.
1853182,e agora ele é conhecido como o famoso pé rapado.
1853821,"Já tem mar, já tem mar, minas gerais já tem mar."
1853822,"Já tem mar, já tem mar, minas graias já tem mar, já tem mar."
1853823,"Já tem mar, minas gerais já tem mar, já tem mar."
1853868,Ao invés de você procurar pelo homem perfeito.
1854550,"Ela é parceira, é fechamento."
1854561,Ela é barreira que anda.
1854570,Ela é provocante.
1854572,Ela é fatal quando chega é um furacão.
1854797,Sou mulher capaz de tudo.
1854847,Que ela tá é afim de mim.
1855235,Ela tá loca tche e não para de dança.
1855261,essa garota é nota 10.
1855269,eu conheci uma menina muito atraente.
1855630,Quando elas bebem ficam igual a shakira..
1855635,Ela fica tarada e bota a bebida na boca.
1855713,E elas tão cheia de tesão..
1856063,"Ela é danada é sem vergonha gosta muito de dançar,."
1856168,"Porque nóis é coletividade nóis só não dá moral pra falsidade estora o champangne amor é só de mãe paz, justiça e liberdade.."
1856175,"Se liga só nessa comparação se eles é peixe nóis é tubarão, se eles é cú nóis é sangue bom nóis só não se compara a papai do céu é ele lá e nóis aqui no chão.."
1856246,As mulheres são atriz.
1856247,E os homens são ator ator ator.
1856576,Cabral tá favoravel.
1856770,É por isso que hoje ele é o protagonista dessa nova minha letra.
1857204,"Deixar os homens malucos, essa é sua marca."
1857205,"Ela é original, quem não é, paga um pau."
1857211,"No tamborzão ela rebola, de whisk ela tá dahora."
1857551,"Deus que ele é justo e tudo tem seu porém, ir além, ir além, ir além."
1857604,"Deixa elas malucona,."
1857659,"Ele tem dinheiro, ele é ligeiro,."
1858093,Meu shortinho amarelo deixa os meninos doidão.
1858199,Essa menina linda muito princesinha.
1858333,Eu sei que ela não é mina pra colar.
1858846,Pego outro e ele rala rala rala rala.
1859884,Mulher ouro e poder já falei que é lutando.
1860193,"Se ela é linda, simples, simpática."
1860195,se ela é simples e satisfaz!.
1860452,Dj vou te falar: ela é muito sensual.
1860457,Ela tá doidona de tequila.
1860709,R.L fé em deus que ele é justo.
1861169,Dedicada a todas as mulheres ciumentas....
1861181,Ela fica louca para me localizar....
1861292,"Eu vi a minha mãe chorando, minha mulher aflita."
1861340,A vingança como ela é gelada.
1861429,Caia na gandaia e deixava ela sozinha.
1861621,No falto-as ela já tá conhecida.
1861721,brasil o som de minas gerais.
1861769,Elas querem ficar sexy na noite e no dia....
1861779,"Se ela quer um carro, ela mesma compra!."
1861793,"Querendo um homem forte, do rico e do mal."
1861850,"Vendo ela chora quando você saia,caia na gandaia e deichava ela sozinha.."
1861912,ela ela tão bela!.
1861916,"tigrinha o seu jeito de princesa tão bela,tão linda."
1861921,"Essa mina é tão perigosa,ela chega de saia de boné."
1862014,"há novinha tá gostando, ela é uma delicia."
1862146,O NOSSO SOM DEIXE ELE ENTRA.
1862273,Ela é toda princesa.
1862454,Mulheres lindas.
1862476,Uma mãe sozinha.
1862493,Mulher guerreira.
1862573,"Ela é chique no verão, seu biquini é um arraso."
1862585,"Ela não é alta, não é baixinha."
1862948,Mas se mexer com nois vai segura as ponta.
1863178,Ela é novinha treinada ela novinha insana.
1863227,Onde chega ela é notada.
1863246,Ela ta suave bright.
1863269,Ela ta maior gata.
1863279,Ela é a dama de vermelho.
1863334,"Mais um louco, diretamente de maria da fé, minas gerais."
1863438,"Se tem mulher bonita no meio do salão,."
1863547,"Olha que menina linda, linda."
1863921,"E a justiça do homem falha, mas de."
1863954,Ela é gostosa bonita e sensual.
1863970,O que ela é novinha louca.
1864038,Ela é charmosa.
1864085,Verde é os olhos daquela menina morena.
1864091,Luigi é verde!.
1864155,Ela tá insaciável.
1864288,"""Malandro é malandro e mané é mané""."
1864399,Muleke era bom a vera cantava de mais.
1864415,A garota mais linda do baile.
1864652,"As minas são chapa quente, só mexe quem é maluca."
1864778,Eu sou aquela mina muito atrevida.
1864892,Quero ver mexer comigo meu marido é revoltado.
1864909,Ele é chifrudo?.
1864977,Toda vez que eu passo ela joga piada.
1864983,O bonde da pocahontas só tem mina braba.
1865001,se tem coisa que eu não gosto é homem borracha fraca.
1865039,A mulher quando é muito sincera ela olha pro homem e manda a real.
1865077,Calma garoto só muito novinha.
1865130,Ele é gostoso e tem um olhar periculoso.
1865131,Mas com a nega aqui ele fica dengoso.
1865138,Ele é o brabo dos brabos.
1865143,Ele é o brabo.
1865261,Deixar qualquer homem louco.
1865521,refrão : Sou uma menina super.
1865526,Sou uma menina super.
1865573,Menina atrevida marra de pop star.
1865582,A Princesa tá sozinha vou me oferecer.
1865756,"Essa garota é poderosa, é gostosa."
1865759,"Mas ela é tão maravilhosa, venenosa no seu jeito de."
1865764,Com esse jeitinho de menino inocente.
1865790,Ela é maravilhosa não se acha formosa.
1865803,"Ela é gostosa, um diamante."
1865862,Ela é minha princesa.
1866314,"SÓ DI BLINDÃO,SÓ DI BLINDÃO,TODOS IRMÃOS NA CONTENSÃO É QUE ESTÃO AQUI NO MUNDÃO I FAVELA VAI REAGIR QUANDO OS BOTA PRETA QUIZER INTERFERIR I MULEQUE VAI REAGIR DE 357 NA CINTURA ELE VEM AI.(REFRÃO)."
1866820,Pow é difícil confiar em alguém nessa vida.
1866860,Malícia uma garota esperta.
1866862,Ela diz não ela é cheia de intenção.
1866874,Como ninguém tivesse notado ela é interesseira.
1866878,Ela é esperta e traiçoeira.
1866879,Uma garota baladeira.
1866887,Mas ela é linda de mais.
1867026,Mulher moça menina ainda por cima é minha sina.
1867034,Ela é diferente me ganhou só no olhar.
1867286,Ela é apaixonada no fuzil.
1867341,OLA SÓ COMO ELA VEM.....
1867441,"Ela é sapeca, tá com fogo nessa festa."
1867442,"Ela é sapeca, deixa a mina dançar."
1867444,"Ela é sapeca, hoje vamos nos amar."
1867511,essa menina é muito linda tá querendo aparecer.
1867568,É a garota furacão.
1867672,"Minha mãe é legal, minha é 1000 grau."
1868032,Inventaram arma de fogo não existe homem forte.
1868254,"Vai mulher mulher , mulher ,."
1868542,"Vou aproveitar, que ele também tá louco."
1868591,"Mas mulher igual eu, haha."
1868593,"Mas mulher igual eu, haha deus só fez uma(2x)."
1868677,"Não pode entrar mulher feia, nem homem barrigudo."
1868683,Vai ter vários patrão e as minas vai ser patroa.
1869430,moleque tá treinado.
1869725,"Na pracinha noite e dia, nois tá boladão cantando,."
1869795,Encotrei o dj bala ele aperto na purehemp.
1869974,Chama as meninas bem trajadas.
1870036,Vem cá menina linda.
1870238,"E com as mulheres nois é sempre atraente,."
1870357,Marcelly tá maluquinha.
1870371,"Deixando as menina louca,."
1870532,Eu não sei se ela foi cagada.
1871294,"Minha mãe tá muito triste , porque eu não sou mas virgem."
1871322,Ela é malandra.
1871344,Já era namorado novo.
1871615,E ele cheio de maldade.
1871762,E vou passando tipo diva total elegância.
1871826,As mina aqui são zica e gosta de chamar atenção.
1871959,Quando ela tá chapada é pior do que careta amiga é o.
1872067,Trombei o dj bala ele aperto na purehemp.
1872390,Pra ver minha mãe bem contente.
1872649,Achei ela muito especial.
1872702,Que elas rebola quica e vai até o chão.
1872705,so mina gata so top de linha.
1872847,E os mlk é zika e ta que e nois tá desposto.
1873293,"oh mãe fica tranquila , o meu irmão vai voltar."
1873486,Ela vem formosa.
1873664,Só que o foda é que ela é gata demais.
1873674,O foda é que ela é gata demais.
1873798,Os mano que já folgo e as minas folgo também.
1874078,"agora é bem falado e dado que ele é o gerente ,."
1874148,Essas meninas ficam louca.
1874170,Só menino bom tá com a gente ensandecidamente.
1874522,"Menina extrovertida,."
1874543,"Ela é bandida,."
1874906,As mulheres lindas que tem no brasil.
1874909,"Nem ouro nem a prata, faz o homem mais feliz."
1875727,Ela é saliente.
1875730,ela é vaidosa.
1875741,Porque quando meu funk toca as mulheres ficam louca.
1875846,Que ela é mulher gambiarra e ela saiu na favela.
1875853,Minha esposa é dedicada e a tua é gaia de sabão.
1875987,Mas eu já fiquei ligado que ela é danadinha.
1876382,Porque todas minas preciso agradar.
1877142,"Uma menina ainda muito adolescente,."
1877152,pra piorar ela tá grávida de um vacilão.
1877317,Os menino chique bem trajado.
1877381,Menina inocente chora de repente.
1877384,Menina inocente chora por ilusão.
1877426,"Ela é prima da piriguete, sai com as amigas, sexy,."
1877428,"Ela não é fiel nem substituta, ela é a cachorrete,."
1877443,"Joy já me falo que ela é gata cachorrete, tira onda de."
1877728,Ele é considerado um dos 43 ladrões.
1877754,"Mas na favela ele é famoso, é melhor ficar ligado."
1877834,Ela quer ficar louca soltinha.
1877842,"Ela quer ficar louca, solta, louca."
1878229,"Vem a mulher mais sensual, linda da cor da noite."
1878283,Ela é bonita demais.
1878319,O motor envenenado ela é pouco amostra.
1878655,Jesus está contigo tem que ter fé em.
1878661,"Meire, Osmir, Erica, Deus está conosco."
1878737,Leonardo é maior satisfação.
1878745,Jesus tá comigo.
1878758,marcelinho era guerreiro.
1879040,Ela é cheia de vergonha menina do bem.
1879158,"Ela é espetacular, é a mulher kama sutra."
1879159,Em cima do palco ela mantém boa conduta.
1879203,essa mina alucina.
1879237,"Jogando a bunda, olha só que mina louca."
1879497,Pra ver se essa mina é selvagem.
1879517,"Ei, hey, mulher profissional?."
1879723,"Eita, caralho, que mina esquisita."
1879763,Noite de balada ela é a sensação.
1880367,Minha mulher é chapa quente.
1880412,Porque na porrada ela é foda e na cama ela é cruel.
1880424,Mulher barraqueira.
1880434,Oh mulher barraqueira.
1880443,Porque tu é mulher muito saliente.
1880629,"Ela não é minha namorada,."
1880649,Ela vem cheia de graça.
1880695,"Amizade especial, ela é sinistra piranha profissional."
1880935,Ela já tá embrasada (4x).
1881730,Caô é forte o.
1881918,Moreninha mina top sempre a mais requisitada.
1882021,Cheio de mulher gostosa.
1882201,Elas são gostosa.
1882219,E ela tá estressada.
1882249,Eu sou mina top tipo que eles adoram na boca das.
1882268,As minas top da zl vai mostrando com é que se faz.
1882270,A familia tá crescendo do jeito que eu tô gostando no embalo da percusão as minas top vai esculachando.
1882275,Mp de lap top piriguete aumenta o volume e ve se aprende com a mina top.
1882287,embalo da percusão as minas top vai esculachando.
1882323,"Papai sempre falou, luan seja inteligente."
1882327,"Elas tão perdendo a linha, elas tão doidona, doidona, doidona."
1882329,"Levei ela pra festa, elas foram a atração."
1882352,As meninas joga piada.
1882357,Minha mulher é braba hein.
1882413,fala sou um homem fuleiro.
1882414,eu sou um homem barato.
1882497,Eu tô rindo a toa e ela tá estressada.
1882548,"Dei um pente gostoso, ela ficou apaixonada e falou pra todo mundo."
1882727,Eu tô rindo atoa e ela tá estressada.
1883000,"O nosso amor, ele é eterno."
1883331,"Vem menina gostosa, esse seu jeito de olhar."
1883392,"Ela é uma gracinha, é toda lindinha."
1884185,E quando ela é bonita.
1884660,Mulher igual a você não tem.
1884860,Quando eu danço ela fica istigada.
1884872,Ela quica machuca e não para.
1884924,Mulher profissional.
1885027,Nosso bonde na balada eles ficam maluquinho.
1885029,Eles estão descontrolados e todo mundo viu.
1885158,Garota estou perdido.
1885236,Você me escolheu pra ser seu homem eterno.
1885522,"Mulheres lindas e o bolso sempre cheio,."
1885617,menina bonitinha.
1885623,Ela já tá embrasada..
1885768,Baba ele todin pra ficar escorregadin.
1885899,No acampamento ele era genial.
1886010,Escute minha deusa eu te amo de verdade.
1886372,nossa que mina difícil.
1886842,"Não vai ser de brincadeira, ele vai ser campeão."
1886888,Pra minha princesa tá escrtio assim ooo minha princesa tá escrito assim.
1886921,Ela está ficando louca.
1886967,Ela está ficando louca!.
1887046,"Menina selvagem da areia, menina selvagem da areia...."
1887446,Agora sou um rapaz sério.
1887836,mulher interesante (x2).
1888002,Ela é linda mas é mentirosa.
1888090,O menino solitario que quer ter o que não pode.
1888143,A mina ta chapada de whisky e.
1888491,Ela é a rainha do baile ela é a mulher que eu sempre.
1888493,Ela é a mulher dos meus.
1888586,Ela ta sensacional.
1888591,ela quica pra valer.
1888671,Porque ela é braba.
1888674,Ela é malvada.
1888725,Ela quica assim não para.
1888762,E o senhor é meu pastor e nada me faltará.
1888948,"Essa mina é relíquia, cobiçada na favela, ela joga o meu jogo e eu patrocino ela.."
1889020,Mano é tiro pra caralho..
1889087,Se fica na água ela é uma santa.
1889090,Ela é gostosa de mais.
1889108,Mais no bagulho ela é atrevida.
1889110,Deus duvida do que ela é capaz.
1889173,Só mulher gostosa da alta e da cinco boca.
1889265,Essa mina é louca na balada.
1889367,Essa vai especialmente para toda mulher fiel que ta no baile presente.
1889408,"se tem mulher casada, neurose eu to correndo."
1889593,oh senhor tu me responda o que está acontecendo.
1889979,"Amor de mãe é materno,."
1890076,"O desejo dessa mina é sua humilhação, dá valor pra."
1890241,Que ela fica louca.
1890253,Ela é top e sabe que é.
1890316,Ela é dama de elite.
1890318,"Mais fica a vontade, no funk de luxo ela é celebridade."
1890325,E na balada ela é sempre elegante.
1890326,"Essa mina é tão impressionante, a todo instante."
1890343,Na boate ela quica causando.
1890460,"Essa mina é chapa quente, é bandida experiente."
1890705,E o lema do menino é assim respeito pra ser respeitado.
1890824,Se tiver mulher gostosa.
1890838,Ela tá rebelde.
1890877,As mina fica loca.
1890908,"Mas ela parece ser diferente,."
1890935,Mas ela parece ser diferente (não se iluda não).
1890949,"Ela é top, ela é braba."
1890978,"Ela é top, ela é diva."
1891089,Ela tá sempre chique e elegante.
1891095,"Ela é gata, ela é linda."
1891246,De menino não foi conselho.
1891558,Nois é os pica por isso que elas imbica trazendo varias amigas no piko.
1891569,"Até mais, nois é louco mais louco de mente serena."
1891960,e você mulher guerreira.
1892257,"Eu sei, eu sei, ela é bonita."
1892408,"Se eles forga, somos fodas, gostamos de andar na moda."
1892789,"Vive intensamente, mina caliente."
1892861,E se ela for digna do seu amor ela vai voltar.
1892946,Enquanto ele era alcool puta cocaina.
1893146,Tá bom se ela for solteira.
1893147,Melhor se ela for baladeira.
1893423,"Fazendo por merecer, não deixando elas carente."
1893768,Em casa ela é santinha.
1893769,"Mas na rua, ela é piranha."
1893771,E na escola ela é piranha.
1893775,Que você achou que ela era princesinha.
1894006,Ela é musa brasileira.
1894013,Menina aventureira.
1894022,Menina interessante.
1894040,Ela é original.
1894045,Mas ela é muito esperta.
1894121,Só tinha mulher gostosa.
1894169,Ela mexe gostoso te faz delirar.
1894210,Eita mina louca.
1895334,Quero ver a mãe tranquila sabendo que o filho frita.
1895337,Ele amanhece tubarão e vai dormir sardinha.
1895364,"Ela é grande, mas os."
1895552,"(É tem uns menino bom novo hoje ai na rua,."
1895606,Ele é tão clarinho.
1895615,O avó é lindo.
1895649,"E cantar rap nunca foi pra homem fraco,."
1895650,Saber a hora de parar é pra homem sábio..
1895687,"Rap nunca foi pra homem fraco,."
1896165,Vejo as mães alegres com seus filhos!.
1896552,Cascão é rei do morro e a chapa esquenta fácil..
1896606,"E no clássico feroz da cidade,."
1896857,Ela é filha do manéco.
1896876,"Que logo meu respondeu, ela é filha do."
1897144,O Criolo aqui é doido e não aceita mancada..
1897576,Casa de mãe é bom.
1897970,"Mulher inteligente, sabe se valorizá."
1898224,O homem é um animal que está sempre em conflito com a mente.
1898257,Há preconceito com o homem negro.
1898550,Elas só estão perdidas.
1898962,Mas ela é justa também.
1900014,Porém não se tocou que homem não é leão.
1901518,coitada da mãe é tão novinha.
1903049,"Ela é minha morena,."
1903055,"Pois ela é minha menina, ela é minha fulô, ela é minha."
1903875,Ele é mais que um rei poderoso.
1903878,Ele é alfa e ômega.
1903890,Ele é o maioral!.
1904138,"Papagaio, mães cocotas."
1904254,No olhar inquieto da moça triste.
1904537,Juro que um dia eu vi um homem ser feliz.
1904549,"Ah, juro que um dia eu vi o homem ser feliz!."
1904583,Eu tenho uma namorada viva no interior.
1905201,No dia em que eu vim de casa.
1906066,"Ela é a rainha, eu o rei."
1906083,Ela é a rainha eu o rei.
1908545,Ela é tão linda é sensacional.
1908548,Ela é tão linda a todo instante.
1908601,Que gosta de chegar mas ela ligeira se liga na hora.
1908613,Mas ela ligeira se liga na hora.
1909623,Que é só você todas elas juntas num só ser.
1909628,"acompanha bom vinho, musa grega chama."
1909654,"Feito pra você, que é todas elas juntas num só ser."
1910069,"E ele nengro, doente."
1910070,Ela o confiou a uma mulher negra.
1910074,Ele cresceu sendo amado.
1910623,Ela é chegada.
1911081,Que é pro menino fraquejar.
1911779,"Ai, como essa moça é descuidada."
1911793,"Ai, como essa moça é distraída."
1911827,"A moça bonita, onde anda você."
1912406,Namorada mais amada.
1912853,Mulher nova homem velho ou sabido.
1912923,Foge asa branca.
1913215,Quem foi que disse que os homens nascem iguais?.
1913912,Ela é bem mais rica que uma posse pessoal.
1914553,Mulher não quero ser mais certo.
1915880,ela é a campeã.
1917916,Só as mães são felizes...
1918182,Homens pobres das cidades.
1918986,"(marido velho, filhos adultos )."
1921644,"Não é por isso que ela não possa estar feliz, sorrindo e cantando."
1922130,"A morte que nos toma a mãe insubstituível de repente dela, já nem me lembro."
1922475,Richard já era cantor.
1923006,"Embora, ele seja prenúncio do mal."
1923543,na boca vermelha de uma dama louca.
1924023,Sejam eles morais físicos ou psicológicos.
1924868,Na natureza onde ele é rei.
1925108,Só as mães são felizes.
1925185,(Só as mães são felizes).
1925518,Que ele é um sonho bom.
1925937,"o homem antigo, o homem aflito e o homem amargo."
1925998,disse o velho louco pro menino bobo cheio de ilusão.
1926100,"Ela é carioca, de."
1926106,"Ela é carioca, garota demais, e não sabe ter um dia de romance com o mesmo rapaz."
1926736,Mas ainda existem certos homens incertos.
1927057,Vou ter um dia uma mulher valente.
1927249,E o menino triste.
1927798,E o homem bom pratica o ato heróico.
1928244,E aprendi como eles são engraçados.
1928545,a menina nua.
1929442,"Ele é irônico, é só irônico."
1929591,E você sabe muito bem que eu sou filha única.
1929640,E ela é alérgica.
1929878,Ou se eu menino fosse mais amado.
1930672,Tantas mulheres febris.
1931033,Minha minas gerais.
1931827,"Rosa, menina rosa."
1931846,"Me disseram que você menina rosa, samba demais."
1932251,"A mãe, que ela é maluca."
1932521,"sobre as vidas alheias, ou como elas são feias,."
1932548,Ele é um homem e eu sou apenas uma mulher.
1932977,Todo homem será rei na terra.
1933373,E ela estava viva.
1933545,Repare o crime senhor juiz.
1934025,Esse homem nu sou eu.
1935005,Onde o moço rio afunda nos olhos da moça.
1935376,No coração de uma mulher |refrão.
1935408,Menina faceira.
1935469,Pois ela é mãe das flores.
1936158,Faz do homem pleno e vazio.
1936200,Aonde foi aquele moço bom da.
1936542,Eu sou plebeu e ela é nobre.
1936551,"Menino bonito, menino bonito, ai."
1936552,"ai menino bonito, menino bonito ai."
1938854,Moça tão bonita posso ir no seu quarto conhecer.
1939196,A moça mais bela que ultimamente eu conheci.
1939524,a minha mãe é mãe solteira.
1939704,"João é rei, nunca foi réu."
1939712,Todo homem nasce livre.
1940262,Dança a moça triste do.
1940375,"Qual o clã deste menino clandestino, qual o clã?"
1940415,Menina bela vai me carregando.
1940515,Nenem que a mãe não mais aleita.
1940610,Ela é tão bela e determinada.
1940905,Querubins são engraxates aos seus pés.
1941463,"Coco é sincopado, eu vou sincopar."
1941575,"Só come alface, é uma garota suicida."
1943146,"Ela está suada, pronta pra se derreter!."
1943147,"Ela é puro êxtase, êxtase.."
1944314,"Freud é tão simples, odeio-te meu amor!."
1945202,Uma menina linda.
1945414,HOMEM NÃO CHORA.
1945430,QUE HOMEM NÃO CHORA.
1945473,Se prepare querida pruma revolução.
1945486,"Como ela especiais, no seu jeito de se entregar."
1945561,Mulheres motores.
1945970,"Pai presente, mãe presente."
1945985,Insípido é inacreditável seu descaso.
1947653,Nossas belas bagatelas.
1947817,como ela não tinha igual.
1948145,Davi também foi desacreditado.
1948146,mas no final o gigante por ele foi derrotado.
1948308,Não tenha medo ele já é derrotado irmão.
1948736,Minha avó fica preocupada.
1948780,"O senhor tá ligado,."
1949262,Ele dirige todas aquelas meninas louco..
1949588,Mas ela não é fácil e não bebe nada.
1951922,Mas com essa menina não adianta ser gostoso.
1952256,sabendo que ela é burra.
1954152,Sabath é trabalho hip hop de rastaman.
1955573,Olho pro mar ele fica revolto.
1955963,Ele é um cara 100%.
1956093,Era um menino prodígio.
1956151,Ela é uma fera.
1957302,"Ela é princesa,malícia quando passa por mim, sorriso de quem sabe seduzir."
1957681,"Ela é diferente, bagunçou a minha mente."
1958055,Que eu sou um homem bem mais feliz.
1958968,Mais garoto primeiro você tem que saber jogar o meu jogo.
1959494,E ela mesma se encontrou.
1959599,Sou uma garota idiota.
1959770,"Mas na verdade, ele ta muito ruim."
1960970,"Ela é preto e branco, eu verde e amarelo."
1960972,Ela é cult e eu sou clichê.
1960974,Ela é bossa nova e eu sou baião.
1961452,Pros lados da serra de minas gerais.
1961700,E hoje sou um homem infeliz.
1962075,A moça mais linda que tanto amei.
1962321,Desse violeiro ela é a paixão.
1963464,Hoje sou um homem triste.
1963648,De homem fraco vacilante e fraco.
1965576,Serviço e mulher feia.
1966258,Mulher bonita passa por mim.
1966399,Tem que ter mulher bonita.
1966546,Eu sempre me achei um rapaz normal.
1966624,Da mulher sou dependente.
1968029,Sou o homem mais triste do mundo.
1968482,Ela é difícil de amar.
1968485,Ela é favo de mel.
1968747,Ela é teimosa.
1968748,Ela é toda prosa.
1968920,Mulher seja preta ou branca grande prestigio disputa.
1969419,Eu sendo um garoto estudioso.
1969437,Senhor foi menino brasileiro.
1970067,"Minas gerais tem queijo, goiabada e tem muito mais."
1970068,"Minas gerais é terra da alegria, é terra da paz!."
1970069,"Minas gerais tem sanfona, viola e tem muito mais."
1971942,"Ô moçada, vai rasgando que."
1972035,"Essa menina é uma loucura que me leva nas alturas e me faz cair no chão,."
1972036,Essa menina é uma loucura que me leva nas alturas e me faz cair no chão..
1973043,"“Êta” mulher boa, essa tá na minha pegada."
1973077,"“Êta” mulher boa, essa tá na nossa pegada."
1973742,"A casar com um homem rico, a contra gosto ela casou."
1973860,Pro menino guarani.
1973892,"Pega na viola pra cantar sua poesia, quando fora a brisa fria, vem com ele duetar."
1974097,No amor ela é linha de frente.
1974102,"Ela sabe se dar, ela é diferente."
1974106,"É a mulher ideal, amante, amada, amiga."
1974827,Deus faça de mim um homem forte.
1974840,"Sou um homem casado, coberto carinho."
1975076,Se a menina é ligeira eu grudo ela nos braços.
1975110,Homens fortes valentes.
1975309,E a mulher namoradeira eu passo.
1975788,"Esse juiz é uma fera, um homem sério e de tutano."
1976031,Ela é minha paz.
1976357,entrega seu corpo a homens estranhos.
1976825,Vou fazer de você a mulher mais feliz do mundo..
1977781,E o astro rei majestoso.
1978063,Deus é o dono da palavra ele é dono do louvor.
1978065,Pra todo sempre ele é o senhor.
1978066,Ele é o dono desta casa.
1978558,Sua mulher é linda você tá de parabéns.
1978610,Moça linda por favor guarde todo esse amor.
1979283,"Ela tá beba doida,."
1979285,Ela tá beba doida.
1979297,Ela tá beba doida..
1979310,"Balada proibida, só mulher bonita."
1980514,Manda pro inferno a mulher mais querida.
1980991,Aldo de um homem valente.
1981001,Ela já foi minha dona.
1981327,"Vem amante, eu sou aquele homem certo."
1981504,"Antes levava moça linda na garupa,."
1981538,Comigo ela é esposa.
1982521,Feitiço não é pecado.
1982712,Porque ela é tua irmã....
1983133,Quis ser feliz.
1983599,Já não sei o que faço pra ser um homem feliz.
1983897,"sou um moço pobre, porém muito honesto."
1983901,se para o senhor ser pobre é defeito.
1984052,Eu sou apenas um homem comum.
1984071,Sou apenas um homem comum.
1985129,"Eu sou carne e ela é unha, é paixão que não tem fim...."
1985132,"Para escrever esses versos, ela foi a inspiração,."
1986982,Mulheres valentes elas são prudentes.
1987072,Trás a cura por que ele é doutor.
1987272,É que ele ainda estava calado.
1987299,Ele é valente na batalha.
1987314,Vai sumir pois pra você ele é doutor.
1987316,Ele é o juiz e também o advogado.
1987407,Guerreiro do céu os anjos cantam que ele é fiel.
1987409,Ele é vencedor ele é campeão.
1987525,Enche o crente de um jeito e deixa ele perfeito.
1987621,"Ele forte, poderoso é tremendo e milagroso."
1987693,Do senhor é é o mundo e os quele habitam.
1987697,Separei a terra seca para homem abitar.
1987782,"Ele é capaz de tudo, ele para o mundo."
1987940,Ele é mesmo assim ele é tudo pra mim.
1988173,O senhor é contigo pra ti defender.
1988302,Senhorita dama da noite.
1988691,"Para cumprir sua promessa, a moça veio ligeiro."
1988701,O Juca era bobo.
1988702,O Juca era tonto.
1988739,Juca é bobo.
1988740,Ou se ele é sabido demais.
1988877,Um homem triste vai seguindo a caminhada.
1989068,Ele é o bom da boca é um porra loca.
1989069,ele é mesmo assim.
1989291,Basta ter uma viola e mulher boa na festança.
1989313,Mulher bonita prende fogo no salão.
1990600,"E toda noite, na pista, ela mexe gostosa."
1990601,"Chega a doer na vista, ela é maravilhosa."
1991629,Que mulher igual à ela.
1991838,"A menina é boa, boa demais."
1991839,É filha única é fazendeira em.
1992021,Eu seria o homem mais feliz do mundo.
1992204,Sentindo o drama de um homem sozinho.
1992428,Bebo por uma dama meiga e bela.
1992431,Ela é a razão do meu sofrer.
1992460,"Arrume tudo, mãe querida, o seu filho vai voltar."
1993064,Aquela garota vaidosa.
1993815,"Não quer saber de malhação, ela tá linda."
1993817,"Ela é gordinha mas é minha, eu não troco por nada."
1993819,"Ela é gordinha mas é minha, tem gente querendo."
1993869,Ela é dona do meu coração.
1994824,A mulher mais linda que pisou no solo do meu coração.
1995155,não deixo mulher bonita.
1995498,Mulher bonita é o que não falta no rodeio.
1996639,Olha que mulher charmosa.
1997300,"Ela foi atriz, eu fui infeliz."
1997311,Mulher bonita não se joga fora.
1997317,"Ela é doida, eu sou mais."
1997717,Ela é mulher perfeita.
1997952,Não sei por que ela adora a vida rude de um homem xucro.
1997957,Parece ser incrível uma moça delicada.
1997963,Vivo sozinho sempre fui um homem livre.
1997971,Festa de moça bonita.
1998343,"Deus, Ele está sempre comigo."
2000230,"Chiquinha, menina nova,."
2000463,Ela sempre sorridente a seus pretendentes não diz sim.
2002061,Você é a moça mais bela.
2003293,Requebra que requebra menina faceira.
2003456,Mulher bonita é o que não falta no bailão.
2003469,"Não existe mulher feia, é vocês que bebem pouco."
2005068,"Nas águas sou protegido, rainha mãe."
2005299,Quem tem mulher bonita sofre igual burro de carga.
2005307,"Mulher bonita é sempre mais cobiçada, dependendo da cantada ela cai em tentação."
2005319,"Mulher bonita é bom mas é perigoso, se o peão for nervoso acaba ficando lelé."
2005359,"Um homem ereto, preso a uma asa de pano."
2005606,Viola é meu instrumento e a moça é minha viola.
2005908,Nóis só quer mulher bonita mas as feias nos persegue.
2006479,A mina chique numa calça santropê.
2006565,Bota o sertanejo sem vergonha que ela acha bom.
2006878,Beijo de mulher bonita.
2007175,"Ele é grande é cabeçudo, ele é bravo, é nervoso.."
2007315,Quanto mais mulher bonita a gente bebe e acha “bão”..
2007316,"Mulher bonita, judia com o coração,."
2007565,Ela é toda malícia.
2009230,Ele é livre como o vento.
2009231,Ele é grande como o mar.
2009745,"e vamos nessa peleia,potro homem,homem potro.."
2010932,Ela é bem diferente.
2011132,Ela fica mais certeira.
2011530,Mulher livre não comprometida.
2011937,Deus eu não sei como ela foi capaz.
2013005,sou o homem mais triste desta cidade.
2013400,Maria é bom viver.
2013749,Ela é a preferida.
2013750,Ela é a flor da noite.
2013772,Ela é uma flor da noite.
2013875,PELA MULHER NA MESMA CAMA.
2014838,a mulher mais linda que adoro tanto.
2014980,Dizendo que ela estava nervosa.
2014984,Diz que sou o homem melhor deste mundo.
2015211,Salvo na terra moça boiadeira.
2015927,Aquele homem selvagem.
2016689,Ela prefere ser careta.
2017042,Odeia homem frouxo.
2018544,E a garota mais bonita que encontrei.
2019233,Bendita és porque hoje eu sou um homem mais feliz.
2019242,"Bendita és, porque hoje eu sou um homem mais feliz."
2020277,Aquela menina era felicidade que eu tanto esperei.
2022055,Sua esposa é uma roseira e cada filho é um botão..
2022329,"Corro de mulher casada pra minha vida não complicar,."
2022390,"E mulher namoradeira, quando quer trocar de macho.."
2022408,"E mulher namoradeira, quando quer trocar de macho.(2X)."
2022826,O coração da mulher é uma caixa de segredos.
2023184,(se largarmos da mulher interesseira é porque encontramos.
2023185,"a mulher verdadeira, mas lembrem-se meus amigos que mulhe."
2024289,A mulher verdadeira.
2024657,Que ela é top.
2025068,mãe querida.
2025637,"Mulher bonita, hoje aqui tá cheio."
2025939,Fazer o que se ela é moderna?.
2026003,Eu sou mesmo um homem santo.
2026021,"Ela é top, é filé."
2026182,Ela é cheia de jeitinho pra falar comigo.
2027072,"Eu arrumei um enguiço, com uma mulher ciumenta,."
2027083,"Se ela continuar nervosa não sei se vou agüentar,."
2027127,"Só ataca mulher boa, e quando enjoa , sai comentando."
2027270,Essa mulher é bandida.
2027391,"Marido quis me matar, mas ela foi camarada.."
2027399,De um certo tempo pra ela ta desconfiada.
2027429,Você é um rapaz tão pobre.
2027587,Imagino eu e ela sozinhos....
2027706,Por essa mulher bonita.
2028222,Homem que tem mulher brava.
2028935,"Sua menina linda, olha, eu tô do seu lado."
2028977,Ela mora sozinha.
2029440,Mas quando a mulher chega pertinho.
2030273,Das coisas que essa mulher é capaz.
2030287,Essa mulher é uma arma fatal.
2030290,Ela tá prontinha pra te conquistar.
2030779,Ela tá quente e eu já tô fervendo..
2030803,Se me vê com mulher feia pode crer que eu to doente.
2031671,"Ela é maluca, é linda e sabe que é gostosa."
2031680,Ela é tipo de mulher independente.
2031687,Se ela sozinha já é um perigo.
2031690,Se ela solteira já é um perigo.
2031839,"Todo homem tá cansado, já chifrou já foi chifrado."
2031846,vai atrás de menina loucamente apaixonada.
2031912,"Ela é princesa, é poderosa."
2031915,Ela é estrela.
2031916,Ela é divina.
2032030,Ela sabe ser sexy sem ser vulgar.
2032037,E na balada ela é a sensação.
2033521,A mulher linda por quem sou apaixonado.
2033537,"Uma moça muito linda, bem na flor da mocidade."
2034127,Seu jeito maluquinha ela disfarça é tão particular.
2034475,O meu irmão zé tá louco por uma menina.
2034478,De fato ela é uma graça.
2035278,Que ao lado de outro homem tá feliz demais.
2036185,E ele que era um homem sozinho.
2036219,O rapaz namorador.
2036726,"Já me avisaram, que ela não é mulher de casar."
2037016,Se toca uns modão é tapa na mesa.
2037712,olhe pro alto minha menina nova vida vai chegar.
2038801,Somente ela é minha flor.
2038836,Junto a mim ela estava tão linda.
2039161,"Ela é um encanto, ela é uma flor."
2039290,Se eu fosse um homem fraco.
2039583,Ela é a luz que domina meu ser.
2039699,Mãe pensando nisso vivo a lamentar-me.
2039972,Ele tava acostumado com mulher cheio de frescura.
2039997,Mas ela é poderosa po po po poderosa.
2039998,Ela é perigosa pi pi pi pirigosa.
2039999,Ela é poderosa po po po poderosa.
2040000,Mas ela é perigosa pi pi pi pirigosa.
2040498,Ela chega chegando pronta pra detonar.
2040499,Ela sabe ser gostosa sabe me conquistar.
2040502,"Ela é musa ela e top, gata sensual."
2041105,"Ela sabe ser gostosa, sabe me conquistar."
2041108,"Ela é musa, ela é top gata sensual."
2042350,Porque os meninos maiores que eu.
2042396,Ela é fiel a verdade dela.
2042416,"Menina interior seu jeito leve, cura."
2043461,Se ela não vier é grande a minha dor.
2043561,Sinto a minha alma triste e vazia sem a senhora mãezinha querida.
2043598,A moça era milionária.
2043600,O moço era bem pobre.
2043621,e hoje por ele ser pobre.
2043781,"Minha mãe estava muito doente, pra mim foi um golpe dolorido."
2044168,E lhe digo mulher querida.
2045522,a mulher mais linda do mundo me olhando.
2045725,"Sabe, ela é uma pessoa que eu convivo bem."
2046464,Para um menino tão maluco.
2046992,A menina pensativa.
2047290,"Essa mina tá doidona vai descendo até o chão,."
2047291,Ela quica ela rebola quando toca o tamborzão.
2047559,"Nois é foda, nois é fera, nóis não copia nóis cria."
2047837,Uma mulher braba em casa doidinha pra me matar.
2048415,Só que ela tão modesta.
2048437,Por que ele muito esperto.
2048738,Mas por sorte ela mesma me atendeu.
2048782,Por viver em companhia de uma mulher traidora.
2048870,"Afaste dele, ele é casado."
2049095,E hoje menina moça.
2049518,SE ELE ENCHUGA O PRANTO EU LHE TIRO A DOR.
2049598,Quem me vê com mulher feia pode crer que eu tô doente.
2049757,Foi brilhante um moço advogado.
2049855,Se a mina for meia louco pra encarar.
2049906,Ela é comprometida não consigo controlar.
2049908,Mulher mulher.
2049960,Deus que mulher divina.
2049961,Ela tem maior idade.
2049978,Ela é uma máquina é um avião.
2050079,ela é bonita e eu sou bonitão.
2050080,Mulher bonita é comigo mesmo.
2050101,O homem muito valente.
2050110,Eu tolero mulher feia mas não me passa pra trás.
2050113,Dez meninos pequeninos começaram a chorar.
2050127,"Preciso dos teus abraços, minha dama preferida."
2050188,Que mulher bonita que aparece.
2050313,"Essa mina é bela, da balada e do bar."
2050464,E acha ela tão linda.
2050475,De um garoto esperto e uma pobre menina.
2050899,Hoje eu to no grau e não existe mulher feia.
2051094,"Se ela é bonita,."
2051097,Se ela é querida.
2051099,Se ela é famosa eu sou respeitado..
2052271,eu sou a sua musa preferida.
2052371,Não falta mulher gostosa no meu carro turbinado.
2052377,Mulher raparigueira que na hora da zoeira agente passa a noite inteira pra matar meu tesão.
2053430,"Ele foi o verão, foi a chuva e foi o nome."
2053432,Foi ele amigo baião.
2053436,Ele foi o calor das morenas faceiras.
2053453,Menina nova quando entra num torrado.
2053468,Nem aprender o que é um torrado de moça nova.
2053984,Eu vou fazer de você a mulher mais feliz do mundo.
2054128,"Ela é linda,faz questão de esconder sua beleza."
2054135,Mas sempre segura um homem maduro na vida ela quer se dá bem.
2054719,A dança que remexe garota safada.
2054782,Quando a mulher vê que o homem ta apaixonado.
2054784,E o homem é insistente só fica todo contente.
2054872,"Ele é muito quente, é bacana e pode crer."
2055088,"Aqui tem mulher bonita, aqui tem moço educado, isso sim que é."
2055238,João é alegre pra xuxu.
2055384,O homem aqui feliz sou eu.
2055497,Ela é agigantada parece uma tanajura.
2055529,O progresso do homem é tão sublime.
2056355,São palavras que eu quero te fazer provar.
2056760,Pense numa mulher arrumada doida para ser amada.
2056762,"Mas também pense numa mulher traiçoeira, vagabunda e desordeira."
2056764,Pense numa mulher objeto que não tem um canto certo.
2056766,Também pense numa mulher leviana que só quer a sua cama.
2056860,Zumbi é senhor das guerras.
2057155,Ele é um zagueiro.
2057196,Menina bonita é um céu azul.
2057199,Ela é alegria de minha tristeza.
2057639,Pois ela é toda colorida.
2057640,Ela é a coisa mais meiga.
2057713,Pois ele é muito bom também.
2057735,Flu foi campeão.
2058491,Menina rosa.
2058540,"Pelo seu amigo mais querido ele foi apunhalado,."
2059011,Um dia um menino cego.
2059274,"Menina moça gavião, aluvião, anunciando anunciação."
2060174,"Minha menina felina, meu mel , arranhão."
2060192,"Mulher perversa,."
2060336,Moça direita e bonita.
2060343,Que era a moça mais bonita.
2060666,O sanfoneiro quando vê moça bonita.
2060713,Pra que ele não venda biscoito no trem..
2060798,que a filha é falada em toda região.
2060804,A Zefa é moça bonita.
2060808,Os homens ficam quase doidos.
2060956,Tem menina assanhadinha.
2061047,Quem nasce em minas é mineiro.
2061224,É triste seu moço é triste.
2062120,Essa mina é chapa quente é bandida experiente.
2062349,Ela anda sexy toda guapetona.
2062350,"Ela não é amante, não é prostituta, ela é fiel, ela é."
2063186,E ELA VEM CHEGANDO DE BRANCO MEIGA PURA LINDA E MUITO TÍMIDA.
2063242,Mendes tá preocupado.
2063249,Mas cavalos lentos e mulheres ligeiras salientes.
2063843,De menino contente.
2063854,Mulher carinhosa.
2064077,Eles são discretos e silenciosos.
2064172,Todo homem deve ter uma esposa bonita.
2064195,Será que ela ainda está muito zangada comigo.
2064202,Ela é a paz da minha guerra.
2064223,Há seis mil anos que o homem vive feliz.
2064229,Eu sou um homem sincero.
2064231,Homem sincero quero morrer nascer.
2064481,Que ele seja o portador da paz.
2064505,Ela é a razão prá eu ficar.
2064508,Ela é a razão pra eu ficar.
2064894,Menino bom em sua lingua natal.
2064895,Menino bom que se tornou imortal.
2065078,O filho do seu menino ficou rapaz.
2065888,Mulher bonita é vitrine de avenida.
2065893,Agora eu vivo com ela contente.
2065902,Sem ela muito pior.
2065904,Viver pra ela é melhor.
2066640,as moças chiques.
2066898,Ela era estrela.
2066904,Mas ela era nova.
2067282,Aqui meu irmão ela é coisa rara de ver.
2067661,Mas ela é maior e vacinada (2x).
2068052,Se prende no rebolado de uma mulher bonita.
2068064,Um homem rico gente fina de destaque.
2068130,"Tem sanfona, tem ganzá, e tem mulher boa."
2068212,Esse misturado ele é muito quente.
2068358,O Homem casado não agüenta.
2068359,menino chorão e mulher ciumenta.
2068362,namorei uma garota muito bonitinha.
2068379,é menino chorão e mulher ciumenta.
2068414,Veja só moça boba o que é que faz.
2068591,Francisco que é um menino calma.
2068671,Meu pai é um homem bom.
2068716,Você é menina moça.
2068720,"Menina moça, tão bela."
2068740,"É coco menina, menina mulher."
2068794,"De menino criança, homem feito já morrendo."
2068864,Essa menina é uma brasa.
2068867,E ela é apimentada.
2069168,Jesus só queria ser preto também.
2069186,"Senhora rainha, Quelé."
2070460,Tão triste terminar.
2071237,Minha princesa cinderela.
2072017,Ele é fodão.
2072046,E as meninas ficam loucas.
2072339,"Lá vem o homem, que matou o homem que matou o homem mau."
2072342,Pois o homem que matou o homem mau.
2072356,Um homem bom e corajoso e ligeiro no gatilho apareceu.
2072359,A preferida do homem bom.
2072364,No chão o homem mau ficou.
2072366,E o homem bom com a recompensa que ganhou.
2072369,"Lá vai o homem, que matou o homem que matou o homem mau."
2072388,Tem o homem foguete.
2072434,Nos dias que ela fica minguada.
2072461,De um homem simpático e feliz.
2072464,"Qualquer homem feio, qualquer homem feio."
2072513,Ele vai confiante em direção ao topo do mastro.
2072827,"Ai ai ai, moça bonita."
2072831,Moça bonita.
2072836,"Moça bonita, ai ai ai."
2072837,"Moça bonita, bonita fêmea."
2072854,"Ai ai ai moça bonita, moça bonita."
2072858,"Moça bonita, moça bonita."
2072904,Mulher brasileira eu quero você prá mim.
2072922,Mulher brasileira...
2072923,mulher brasileira.
2072959,"Mulher graciosa, alcança a honra."
2073030,Todo homem deve ter uma mulher bonita.
2073174,Menina menininha.
2073223,Pois menina bonita não chora.
2073385,Ele vem feliz pois ele vem voltando.
2073606,Ela é a liberdade.
2073607,Ela é a rima e o amor.
2073608,Ela é a mulher.
2073609,Ela é a sensualidade.
2073619,E tem mais ela é linda demais.
2073652,Por que ele é um herói.
2073966,Pois ele é o padrinho de sinhá.
2074016,Moça simpática prendada ano ginasial completo.
2074033,Pois um moço simpático.
2074498,"Eu quero mais é a moça bonita que passa,."
2074514,"Ele vem saliente, alegre, contente,."
2074716,"Cantador é cantador,."
2074984,Da burguesia e dos homens ilustres da.
2075203,"Claudionor era um rapaz inteligente,."
2075719,Que em todo lugar mulher sempre é mulher..
2076622,Tu es a filha pródiga que volta.
2076751,"Ah, eu vivo entre mulheres levianas."
2078052,"Menina rosa, botão e flor."
2078060,"Boneca linda, menina morena."
2078365,Eu sou um menino grande iaia.
2079044,Ta cheio de mulher bonita não podia ser melhor.
2079045,"Tem mulher casada, tem mulher solteira."
2079046,"Tem viúva nova, e moça namoradeira."
2079050,Cheinho de mulher é bem melhor.
2079489,Sempre disseram que ele é um caso sério.
2079941,"Soares é japonesa ou não, Banzai!"
2080953,Mulher valente é minha mãe..
2081764,"Tu é dark, ele rip, ela é punk, todos dançam funk lá."
2083059,se ela é convertida em terra..
2083178,"Todo homem rude, todo homem sábio."
2083227,"Gostosa, ela é gostosa."
2083244,Mas ela é gostosa.
2083270,O homem é um espírito eterno.
2083271,O homem é um arquetipal eterno..
2083459,Há 10.000 anos o homem vive feliz.
2083540,Uma dama milhonária e perigosa.
2083553,Passam-se os anos o homem vive feliz.
2083590,Pelas moças bonitas.
2083597,"Pelas moças bonitas eu vou torcer, eu vou."
2083626,Ela quer ser testada rigorosamente.
2084059,Por duas mulheres sorridentes.
2084380,Mulher bonita e elegante.
2084392,Uma linda dama negra.
2086462,Ele foi meu camarada.
2087139,Ela fica contente.
2087242,"Onde tem mulher bonita, homem não quer ficar só."
2087916,Que ele mesmo quis.
2088054,"Ele é movimento, se move com o tempo."
2088782,Mulher é flor que sabe ao mundo perfumar.
2089003,Do lugar moça mais bela.
2089263,"Arlindo é pai d'égua, foi passando a régua, eu fiquei logo bão."
2089392,"Acredite, ela é chic radical."
2089405,Besterol ela acha genial.
2089513,"Tem retrato falado, ele é o bão."
2089515,"Mas não pegou prisão, ele é o cão."
2089853,Que ele é o espelho do espelho que sou eu.
2090066,nosso amor não tem mais jeito ele quase perfeito é dificil ter fim.
2090069,esquece assim nosso amor não tem mais jeito ele quase perfeito é.
2090228,Dia de festa menina namoradeira.
2090232,Ô menina segura a saia não deixa a saia voar.
2090242,ô menina segura a saia não deixa a saia voar.
2090346,Que esse amor me fez um homem sofredor.
2090387,Ela é boazinha eu meter lhe o pau.
2090393,Querendo pegar ela por ela ser sozinha.
2090513,Posso dizer que ela é boa de cama.
2090662,"Ela não achou muito bom, mais eu peguei;."
2091131,"Eu tô bem na fita, só mulher bonita."
2091570,Ei ele é rei ele é cor.
2091632,"Ela quica, ela para."
2091760,O homem carinhoso fiel que te amava.
2091817,Niguém sabe se ele é branco.
2092291,ele é todinho seu.
2092565,Ele é leão do império.
2093494,Ela é magnética!
2093495,Ela é magnética!.
2093544,Ela é minha dor.
2093766,ela será eternamente gloriosa!.
2094045,E depois que o menino nascer.
2095533,Moço cansado de remar contra a maré.
2096559,Eu sou um menino passarinho.
2096738,"Ela é falsa tá na cara, seu semblante já mostrou."
2096915,"O Tonho já tá liberado, e foi morar no cabaré.."
2097109,Quando passa uma mina manhosa.
2097263,"Mulher dengosa, quero."
2097334,ache ela bem má ....
2097455,Uma mulher decente.
2097471,Ele é meu neto e eu sou cunhado dele.
2097475,Acaba esse garoto sendo meu avô.
2097602,"Ele é tão palpitoso, tão fofinho e bonitinho."
2097751,Todo homem é sonhador.
2097784,"Chamego de motorista, é menina é menina."
2097931,"Mãe menininha rezando, pra gente no cantua.."
2098324,De manhã ele mesmo traz o lanche.
2098887,Mas no forró se tiver mulher bonita.
2099561,por onde anda aquela moça feiticeira.
2099715,Eu quero alguém pra balançar meu coração.
2099974,Ela não tem mais celular;.
2100134,"Quanta alegria das meninas dançadeiras,."
2100149,"Ela é a dona,."
2100296,Faz o homem menino viver mais feliz.
2101507,Ele é famoso.
2101673,Tem tanta menina bonita.
2101959,que não gostava de festas / e tinha três filhas solteiras /.
2102038,Com a filha mais nova do patrão.
2102048,Mas só vou com a filha mais nova do patrão.
2102057,Cachaça e mulher bonita foi a minha perdição.
2102179,Homem casado quando tá cheio no dinheiro.
2102208,quando chega no samba ela mostra que é bamba ela é nota dez.
2102364,saudade não tem braço mas aperta ela é uma porta aberta.
2102470,sei que essa menina tá apaixonada.
2102488,sou um homem diferente.
2103143,E a namorada analisada por sobre o divã.
2103280,"Moça donzela, mulher dama ilusão."
2103485,"Moça linda, por favor,."
2103631,No meu tempo de criança eu era menino chato.
2103646,Uma moça bonita.
2103654,Mas uma moça bonita.
2104249,Nesse jeitinho de moça brejeira.
2104412,Porque ele é um pedaço de mim.
2104576,Xangô é peixe do mar.
2105011,Ela é cheirosinha.
2105243,No norte ele era querido.
2105502,Eu sou o fogo ela é a lenha da fogueira.
2105668,Moça bonita bota água de cheiro.
2105826,Ele é um artista.
2105913,Mulher bonita na sala a gritar.
2106006,Se a mulher for boa no mocotó.
2106056,Dança cabra muito feio e muita menina bunita.
2106674,"Que mulher doida,doida,doida,doida."
2106725,Essa mulher tão boa de cama.
2107011,E a mulher nao é chegada em homem nao.
2107160,Eu arrochei uma menina tão linda.
2107164,essa mulher tão boa de cama.
2107166,eita mulher tão boa de cama.
2107267,"Mas ela é feia, é feia, é feia, é feia que doi."
2107394,"que mulher doida,doida,doida doida,doida doida doida."
2107481,O homem quando é forte.
2107502,Vc é fogosa demais.
2108064,Nem homem bonito.
2108799,Alagoas é mulher é boa (bebe e beija).
2109249,"Antigamente as meninas cozinhavam igual mamãe,."
2109250,"hoje em dia elas estão bebendo igual papai""."
2109261,ninguém vai me mudar não existe homem perfeito..
2109597,As meninas gingam gigam sem parar.
2111432,Nessa história ela é a dama.
2111767,Sou rapaz honesto.
2111812,Uma mulher bonitinha.
2111864,"Deixa ele desmontado,deixa ele torto,."
2111949,"Você é um homem casado,."
2112749,O homem é bicho feroz.
2112769,você é um homem casado.
2113761,Mulher bonita pra admirar.
2113905,"Virou homem forte, não teve receio."
2114045,ele é dono do império.
2114093,Ele tá apaixonado.
2114323,Pra filha mais velha comprou um.
2114408,"""Que garoto esperto."
2114893,Sertanejo homem forte.
2115015,"Ela é top, e eu do samba quente."
2115249,"Enquanto ela deu duro, não deram valor.."
2116746,Nesta pátria mãe querida.
2116956,Menina dona do meu amor.
2117106,Mulheres guerreiras.
2117200,Dizem que a mulher é a parte mais fraca.
2117482,Essa mulher é pura beleza.
2117597,Teresa era bem forte.
2118621,"Tu és ,a filha pródiga que volta,."
2118925,Benedito não foi encontrado.
2119831,Mas ele é o rei da prosa.
2119855,Ele é hors concours.
2120046,Não acredito em homem valente.
2120149,Ela fica chateada.
2120945,Que ela é feliz.
2121598,Minha moça bonita!.
2122730,E também assim é a mulher peituda.
2125744,A mina é sensação.
2128008,Tem homem que não abre mão de uma mulher gordinha.
2128012,Tem homem que se apaixona por mulher carente.
2128035,Uma mina bonita.
2128351,"Essa mulher já ta cheia de magoa,."
2128358,Ela é uma dama que honra a fidelidade.
2128369,Essa mulher ta cheia de lamentos.
2128709,"Ela é linda, é divinal, é produto da favela."
2129036,"É pimenta malagueta, mulher esporreta, vai te complicar."
2129052,"Ela já tá serelepe, dizendo a todos no samba."
2129056,"Ela tá cheia de graça, falou que pega de tapa."
2130351,Um cavalheiro sonhador.
2130395,Ela rouba a cena ela é turbinada.
2130396,Ela é saliente toda marombada.
2130397,Ela é atraente toda desenhada.
2130398,Ela é gata de elite só curte área vip.
2130502,Mas ele estava indecente.
2130957,Mulher foi feita para o tanque.
2132738,menina segura esse teu pensamento.
2133158,"Eu sei, minha namorada é linda."
2133332,Me faço um namorado tão perfeito.
2133485,"Olha só mas que loucura, essa menina é uma doçura."
2134415,Que eu sou o homem mais feliz.
2134429,Hoje sou um homem feliz.
2135506,Ela é boa companheira.
2135674,MAS BOTA ELA NA MINHA FITA.
2136295,Menina bonita me temperou.
2136614,"Um homem feliz, amor."
2137156,"E ela é tão perfeita, só que não pra mim."
2137568,Achou que eu não encontraria uma mina melhor.
2137638,Ele é apaixonado.
2137699,"Homem comum e até infiel, meu deus do céu."
2138671,Ela é dona dos desejos..
2138694,Minha princesa bandida....
2139655,Esse teu jeitinho de mulher difícil me pegou.
2140580,"essa mulher menina, cativante."
2140875,Cheio de mulheres lindas.
2140925,Ela é a namorada do meu melhor amigo.
2140994,Me sentia o homem mais importante.
2141975,Ela é incrível.
2142008,Ela é tão vistosa.
2142017,"Com um senhor cego e tão velho, eu pego um prego...."
2142092,"Casar com mulher feia, mulher feia não convém."
2142094,"Não me convém, mulher feia não convém."
2142100,"Casar com mulher linda, mulher linda não convém."
2142102,"Não me convém, mulher linda não convém."
2142108,"Casar com mulher baixa, mulher baixa não convém."
2142110,"Não me convém, mulher baixa não convém."
2142116,"Casar com mulher alta, mulher alta não convém."
2142124,"Casar com mulher nova, mulher nova não convém."
2142134,"Não me convém, mulher velha não convém."
2142140,"Casar com mulher virgem, mulher virgem não convém."
2142142,"Não me convém, mulher virgem não convém."
2142156,"Casar com mulher fácil, mulher fácil não vai dar."
2142194,"Casar com mulher loira, mulher loira não convém."
2142196,"Não me convém, mulher loira não convém."
2142204,"Não me convém, mulher pobre não convém."
2142210,"Casar com mulher rica, mulher rica me convém."
2142287,"Ela é descolada,."
2142919,"Ele é baixinho, musculoso."
2143131,sou um homem tão fiel.
2144007,"Ela é minha cinderela, eu posso ser da favela."
2144194,"Ela é cheirosa, sabe que é gostosa."
2144198,Essa mina é diferente.
2144240,Mas pra variar ele já tava enrolado.
2144583,A minha namorada anda desconfiada.
2144605,"A minha namorada é linda, vale ouro."
2144943,Detalhes da mulher perfeita que é pra mim.
2144948,Era uma mina diferente em cada esquina..
2144956,"Ela é pagodeira, vai pro samba a semana inteira,."
2145611,"Eu quis te olhar, a mulher nua."
2146062,Pois a mulher é uma coisa bem singela.
2147345,(Agora o seguinte: tem mulher virgem aqui?
2147801,"Moça bonita, pescoço alto, aveludado, olhar de fada, voce é foda...."
2147979,Ela vem toda maneira menina ligeira.
2147991,"Ela é funk, ela é rock, ela é bamba."
2148410,Ela é a dona da parada.
2148904,Você que lê livros de mulher nua.
2148933,"Ela é diferente,."
2148934,Ela é engraçada.
2148940,O assunto é futebol e ela tá atualizada.
2148950,Ela trabalha independente.
2148951,Sempre disposta ela sempre tá contente.
2149235,"Mina certa, parei em você."
2149554,Alma de menina doce de viver.
2149865,Eita mulher ciumenta.
2152303,Eu hoje sou um homem mais feliz.
2152805,Ela não é tão santa como você acha.
2153725,Alma de menina boa de viver.
2153839,Menina linda cor doce e singela.
2153855,Contido nesse favo sedutor vem minha rainha dona do dom de seduzir.
2154273,Cuidado ele é o cara!.
2154281,Porque ele é o cara do momento.
2154775,ex namorada é mesmo assim.
2155065,ele é teu amigo.
2155601,Pra nossa pátria mãe gentil melhorar.
2155702,"Ela tá doidinha, Tá maluquinha."
2155827,Mulheres elegantes vestidas de prata.
2155934,Ela canta bem alto que é pra vagabundo chorar.
2156327,"Brasil, oh pátria amada mãe gentil."
2157157,Essa garota é linda ..
2157178,Essa mina faz geral perder a linha.
2157195,Balança bem gostoso mina top da balada.
2157383,Se a mina for responsa não pode vacilar.
2157693,Ela é coisa rara de ver.
2158462,Ele também quer estar contigo.
2159993,Batucada boa cerveja gelada e mulher bonita quem é que.
2160787,"Ela fica louca com água na boca, quando chega perto de mim."
2163741,Invés de você procurar pelo homem perfeito.
2164524,Tem uma novinha que ela é muito especial.
2164579,Mas que menina poderosa o bonde já parou pra ver.
2164929,Homem é burro até pra falar.
2164947,As minas são profissionais.
2165026,Homem é burro até pra fala.
2165037,"fingir que tá gostando as minas são profissionais, a."
2165962,Mulheres diferentes lindas com um belo corpo.
2166151,Million os menino ta docinho.
2166346,É que as donzela já ficou maluca.
2166362,Só que as donzela já ficou maluca.
2166755,Eu riqueza e os menino virou repetente.
2166760,Desconfio que até sua mãe já esteja apaixonada.
2166763,"Tem mulher quietinha, tem mulher cachorra."
2166874,Que nos que deixou ele rico.
2167233,Se torca de marido mano.
2167282,Namorado é meuuuuuuuuu.
2167559,E pro meu marido sou absoluta..
2167719,pros homens presentes vou mandar um sapatinho arrasta.
2167722,Que ela tá facinho facinho..
2167724,Sabaozinho...que ela tá facinho facinho!
2167733,que ela tá facinho facinho (2x).
2167737,"facinho facinho, ela tá se sentindo, ela tá facinho."
2167766,ele é um lixo.
2167815,Que o bom de ser mulher solteira.
2167891,"Ela desce, ela quica, ela sobe, ela empina."
2168030,"Gosta de ""bebe"", mais que mina bacana."
2168135,Quando ela bebe ela fica maluca.
2168302,com certeza ele tá comigo.
2168357,K9 ela rebola gostoso.
2168494,"Ela é safada, vem piranha,."
2168785,"Ela é meu pente certo, é minha dama exclusiva (x2)."
2168860,Pras mulheres caôzeiras do baile.
2168992,Gosta de beber mas que mina bacana.
2169264,se ele está comigo podes crer não é a toa!.
2169392,Elas fica louca.
2169427,Você não sabe o que essa mina é capaz de fazer.
2169428,Ela é alegre e curte só balada boa.
2169469,a uma hora atrás ele estava comigo.
2169493,Mulher interessante.
2169555,como sempre ela tava linda.
2169558,"Há pincel ela foi desenhada,."
2169571,"como sempre ela tava linda,."
2169732,Garota interessante....
2169758,"Baladeira de plantão na pista, ela é top vey.."
2169760,"Baladeira de plantão na pista, ela é top vey."
2169771,"Baladeira de plantão na pista, ela é top vey..."
2169806,que ele procura ele não larga do meu pé..
2170174,O senhor é meu pastor e nada me faltará sabe por quê.
2170190,O senhor é meu pastor e nada me faltará sabe porquê.
2170812,Nada que eu faço pra ela tá bom.
2170936,Eles são figurantes.
2171428,Só os chapa quente nois é lado a lado.
2171463,Os meninos ficou rico.
2171631,Garoto insano.
2171835,Os garoto saliente.
2171854,Com os garotos salientes.
2171984,"Tu viu quem passou, os garoto maroto,."
2171987,"Tu viu quem passou, os garoto maroto."
2171989,"Os garoto maroto, os garoto maroto.."
2172062,"Se for pra forgar, nois somos mais forgados."
2172328,Meu irmão um homem tão bom.
2172538,"Que mina foda, não olhar é impossível."
2172544,Se tá no love ela é sensação ...
2172831,é a garota especial que dominou o meu planeta.
2172864,"garota especial,eu quero você."
2173341,Quando ela desce é igual terremoto.
2173593,"Que ela é linda, ela é gata."
2174007,Só se via mina gata e os.
2174085,Ela é linda dos pés a cabeça.
2174090,De fofoca ela tá odiada.
2174283,Pra ele vai ficando bem mais difícil.
2174287,É um grande problema mais ele é mais forte.
2174475,"Arlequina é mó chavona, é o terror das patricinha.."
2174730,A mina troca mó ideia.
2174967,As princesas maravilhosas.
2175010,As menina é chapa quente e quer se divertir.
2175396,Ele tá pronto pra matar vou dizer se quer caô vai.
2175399,Que tá doido pra guerrear vou falar ele tá pronto.
2175439,Oi deixa o homem mais feliz.
2175465,é tudo que eu sempre quiz putaria e baile funk deixa o homem mais feliz.
2175549,"é só menina top que nunca fica em choque,."
2176139,"Ela não é amante, não é prostituta."
2176140,"Ela é fiel, ela é substituta."
2176515,cheio de mulher bonita.
2176705,Menino liso!.
2176746,E os menino é bom!.
2177278,Acende aquele verde pra deixa elas louca maluquinha.
2177376,Menina linda!.
2177559,"Manda o som da batida, que ela tá envolvida."
2177606,Segura na minha mãe gatinha com firmeza.
2177851,Ela já ta suadinha.
2178105,O homem tá doido!.
2179090,ele é duro demais.
2179096,a mulher é carioca e conheçe o pancadão.
2179457,"Haha, ai caramba essa mina tá maluca."
2179596,Porque essa mulher é sensacional.
2179849,Alta ele sempre foi querido.
2180025,"Ela é quente, envolvente, mexe com a mente da gente."
2180040,"Que mina louca, dedo na boca, eu tô pronto pra convocar."
2180148,Enquanto eu não encontro a mulher certa.
2180292,G3 ele era meu chara.
2180380,Ela é gostosa roba a cena é fiel e não amante.
2180469,"você, um garoto diferente muito apaixonado dexa eu te."
2180581,Se eu acho ela gostosa?
2180838,"Aqui no baile funk ela é a sensação,."
2181088,"Essas mina é foda, elas são tudo sem limite."
2181164,"Então ela se revoltou e começou a gritar que viro, que virou, que virou menina má."
2181165,"A menina má só quer sentar, sentar, sentar, sentar, sentar."
2181167,A menina má só quer aquele que com certeza vai bancar.
2181170,"A menina má só quer sentar,sentar,sentar,sentar, sentar."
2181271,"Garota mais linda, eu quero você."
2181464,"Não penso no passado, pois sei que ele é cruel´."
2181601,"Ela é neurótica, não curte ice na balada."
2181603,"Ela é romântica, selfie na night pra geral curtir oh."
2181604,"Ela é galática, sua beleza natural."
2181606,"É tão frenética, ela é gostosa e sabe seduzir."
2181637,Ela é galática.
2181694,"Mesmo anda no vale da morte, ele estará contigo."
2181811,De minas gerais.
2182017,Durante a semana ela fica quietinha.
2182070,Ela é provocante na hora de me olhar.
2182266,Ele é dono de favela.
2183033,"Com seu jeito de gatinha, menina mulher."
2183419,Tancredo já não é mais presidente.
2184060,ele não tava ciente que o veículo era roubado.
2184064,sociedade que não é culpado...ele é inocente.
2184287,Só os menino bom preparado para vibe.
2184531,elas fica louca de bala.
2184535,Elas fica louca de bala.
2184726,"Tchutchururu ta ligado, tchutchuru fica ligado,tchururururururu, saudade."
2184727,"Tchutchururu ta ligado, tchutchuru fica ligado,tchururururururu.."
2184733,Eles estão guardados no meu coração.
2184994,João é colombiano....
2185172,"E o moleque tá no morro, ele é procurado."
2185220,Claudia tá fechada com o.
2185700,Coloquei minas terrestres envolta do meu coração.
2186137,"E pra completar a salada, chegou a mulher melão,."
2186143,"Ela já foi consagrada eleita por todos nós,."
2186468,Aqui só tem mulher gostosa mano eu vou enlouquecer.
2186814,Todas mulher experiente.
2186826,Elas senta forte e nem sente.
2186834,É que ela é louca de bala.
2187242,o bonde de homem bomba no estilo osama binladem.
2187473,Ela é profissional.
2187548,Ela fica impressionada com o relógio da.
2187619,"Deixa, deixa os homens maluco."
2188005,Ela não é mais criança.
2188144,O ataque com a mente como um homem não covarde.
2188255,E ela é gata...
2188442,Vem minha princesa seria tão bela.
2188799,elas são a sensação.
2189336,"Se tua mina é vagabunda, o problema é só teu."
2189666,"Carlos é pique de guerra,."
2189849,Porque o senhor é meu pastor e nada me faltará.
2190107,Que elas fica louca.
2190113,Ela é chamada de patroa.
2190257,O passado te condenava mais ele era mais forte.
2190323,Se o senhor é meu pastor e nada me faltará.
2190570,Mas o bonde tá ligado que ela é uma galinha.
2190579,E essa mina é chapa quente me liga pra dizer.
2190580,"Que quando ele tá ausente, comigo ela quer fuder."
2190878,"Pediram pra deixar passa, ela é top."
2190885,Lá na minha quebrada ela é conhecida.
2190991,"Pra essa moça linda, meu coração."
2191282,Ela é top !
2191446,"senhor deus, teu filho."
2191521,O senhor é meu pastor....
2191765,Senhor é meu pastor e nada me faltará.
2191827,Ela é má.
2191961,Ela é minha onda do mar.
2192016,"Essa mina é mó tentação,."
2192133,Ela fica mais linda.
2192196,"Meu mano ceará quem me avisou, moleque é sinistro, o moleque é maluco."
2192224,Ela é aquela virgem que não tem fim.
2192301,Tremenda moça bonita merece palmas.
2192454,Que ela tá cheia de marra.
2192608,pra subir as minas top.
2192627,as meninas ficam louca.
2192702,Ela é livre e beleza é isso.
2192732,Só pras menina sacana.
2192847,"Ela é rainha do baile, só quer curtição."
2192849,"Ela é rainha do funk, é pura ostentação."
2192854,Ela é a gata certa que ganhou meu coração.
2192998,"Vale mais que um diamante, essa mina é uma riqueza!."
2193362,Porque ela é tão perfeita.
2193376,Ela é tranquila.
2193379,Ela é feliz acompanhada ou sozinha.
2193440,Quando ela dança geral que ver.
2193539,Porque ela é zika memo.
2193603,(Vai mulher doida em ).
2194119,As meninas dançarinas.
2194299,Clarice era morena como as manhãs são morenas.
2194398,"Se enfeita, na mata, a menina preta."
2198052,"É lindo vê-lo bailando ele é tão pierrô, pierrô,."
2198344,"oh, virgem mãe puríssima."
2198655,"Com alguns homens foi feliz, com outros foi mulher."
2198795,"Gil existir, por ele ser preto, por ele ser ele, e por minha mãe saudar tudo isso de forma tão direta e tão transcendente."
2199676,O que é que pode fazer o homem comum.
2199973,A musa urbana me fez.
2199981,"Menina moça, fina massa, porcelana."
2200160,"Só o homem feito, o homem forte,."
2200254,"E ao pôr fé nessa deusa gorda da tecnologia, gelei de pura emoção.."
2200262,"Virou superstar, a mulher ideal, mais que mãe, mais que a outra..."
2200319,Tesão de deusa pagã.
2200429,"O homem comum inda nem levantou,."
2200431,Eu sou apenas um rapaz latino-americano sem dinheiro no banco.
2200451,"Eu sou apenas um rapaz latino-americano, sem dinheiro no banco."
2200553,Os rapazes latino-americanos?.
2200814,E pra começar eu só vou gostar.
2200860,Essa menina bonita botou amor em mim.
2200865,"Viva a princesa menina, uma estrela."
2201270,Conheço um moço lindo que é salva-vida.
2201286,Que profissão bonita pra um homem jovem.
2201918,Que uma menina loira.
2202023,"Nora, ""menino grande""."
2202328,Sou um homem comum.
2202332,Como um homem comum.
2202354,"O menino bonito, Peter."
2203215,"Eu sou um homem sincero por que nasci, cresci e vivo livre."
2203216,"Eu sou um homem sincero que quero morrer, nascer e viver livre."
2203510,Ela é t'tudo de bom.
2203566,O homem velho deixa a vida e morte para trás.
2203569,O homem velho é o rei dos animais.
2203619,eu sou o homem cordial.
2203885,Charles é cego.
2203889,Wonder é cego.
2203919,E uma menina ainda adolescente e muito linda.
2203962,"""O rei está nu""."
2203964,Mas eu desperto porque tudo cala frente ao fato de que o rei é mais bonito nú.
2204232,A essa mulher potente e iluminada.
2204383,Ela é modal.
2204385,Gol que ela mesma comprou.
2204397,"Preta sã, ela é filha de."
2204399,Ela é muito cidadã.
2204401,"Elegante, ela é muito elegante."
2204402,Ela é superelegante.
2204437,Minha avó já quase morta.
2204660,musa híbrida.
2204806,"Tome cerva, pra deixar ela feliz."
2205210,Menino é fato que eu queria você.
2205450,Hermeto é mito!
2206405,"Rapazes maus, moças nuas."
2206753,Como ele vem faceiro.
2206911,Que menina bonita mordendo a polpa da maçã:.
2207660,Moça donzela mulher dama ilusão.
2208102,Criar um homem tão diferente.
2208636,Minha mãe calma e serena.
2209941,Esse rapaz gostoso.
2210237,Beijo de uma deusa morta.
2210506,Lá vem o homem bomba.
2211088,Ou só a moça simples que canta uma canção.
2211369,Toda mulher é uma lua de claridade e mistério.
2211713,Mulher indigesta você só merece mesmo o céu.
2212154,Na cara da moça bonita.
2212172,E ela é a lei.
2212329,Mas via outras coisas: via o moço forte.
2213249,Ela é tão jovem.
2213931,"menina deusa urbana, neta do sol."
2214238,De tua mãe inteiro o coração..
2214500,Paul ainda fosse vivo.
2214942,Seu chapéu azul.
2215505,Os pivetes ainda pensam que eles eram americanos.
2215545,São velhos homens humanos.
2215587,Eu digo que ela é gostosa.
2215596,"Eu digo que ela é gostosa, eu digo que ela é gostosa."
2217039,Mas muito cedo ele se revelou um menino extraordinário:.
2217065,Ainda criança ele surpreendeu importantes visitantes.
2217784,Uma menina preta.
2217901,Homem cruel.
2218009,Dorme menino grande..
2218018,(Dorme menino grande...).
2218021,"Ela não é romântica, mas quer ganhar flores."
2218024,"Ela é delicada, mas sai quebrando portas."
2218025,"Ela é decidida, mas não sabe se quer chá ou café."
2218028,"Ela é bem liberal, mas gosta de parecer recatada."
2218029,"Ela é bem legal, mas acaba ficando chata."
2218034,"Ela quer ser espontânea, mas é bu-ro-crá-ti-ca."
2218041,"Ela é segura de si, mas se olha no espelho."
2219164,Senhora dona que sai na janela.
2219167,menina bela que o circo chegou.
2219347,Ô senhora dona.
2219348,Senhora dona dos meus mares e navios.
2219388,"Já que homem é o lobo do homem, o homem cordeiro."
2220184,Uma princesa tão linda.
2220199,E ele é o pirata chamado.
2220702,"Ela é melhor que tudo, é só nela que eu me agrego."
2221312,"Não chore, menina bonita."
2221561,Ele é feito de barro.
2221973,Eu dançava forró ela calango.
2221974,Descobri que a menina era mineira.
2222875,Ele limpa o banheiro.
2223745,Ela é simpática seduz com.
2223749,Ela é melancólica.
2224165,Ela é doidinha forró por forró.
2224169,Ela é doidinha por forró.
2224290,Ela é dona de 7 colinas.
2224546,Minha princesa senhora.
2224692,Uma moça bonita de olhar agateado.
2224696,Mas uma moça bonita de olhar agateado.
2224765,Com ele não tem valente.
2224910,"Passaram moças lindas, ruas sem fim."
2225995,Menina insana.
2228462,É com essa menina bonita.
2228741,Ela é uma borboleta.
2228896,Que ele mesmo protege.
2228949,Três moças solteiras.
2229129,Dessa terra mãe gentil.
2229167,"Moça bonita, novilha tão rara."
2230949,O coração do menino verde-amarelo..
2231106,Garota esperta.
2231143,Toda mulher é livre.
2231145,Toda mulher é louca.
2231146,E se ela voa verás vênus nas asas.
2231164,Toda mulher é deusa.
2231374,Nós é assim mina maravilhosa.
2232049,Crente que o que ele sente é sagrado.
2232652,Era uma moça linda.
2233106,Maria é poesia.
2233117,Maria é poesia..
2233204,Maria é mulher do mundo.
2233549,Homem valente.
2234121,"E, eu que era uma garota tão normal."
2234241,Ela é uma estrela.
2234439,Minha garota perfeita não precisa ser igual a mim.
2234647,Mulher guerreira: amazona tem vigor.
2234660,Uma garota engraçada com um charme total.
2235074,Menina esperta.
2235105,"Mulher divina, que me faz feliz."
2237017,Tia surica.
2237035,A tia louca do ouvidor.
2237037,Enquanto tia surica.
2237155,Uma menina tão linda.
2237724,Na sua luta do dia-a-dia em todas elas não andamos sozinhos.
2237967,"Ela é surpresa, ela é suspense."
2237971,"(uma mina leal, no mundo real ela é surreal, desejo letal)."
2237985,"Quando eu sou louco ela é insana e tudo encaixa, mina."
2239975,E ela parecia tão nova.
2240313,Elas estão prontas pra guerra vestidas pra matar.
2246426,Se todos eles são tão cegos.
2249379,Ela é viagem infinita do momento.
2249395,E ela tão feliz.
2249414,"Ela indiferente, sorrindo explicou...."
2253698,Lá onde eu moro tem muita mulher bonita.
2254362,A mulher quando é moça e bonita.
2254614,Tu és a filha pródiga que volta.
2255440,"Era uma vez, uma garota simples."
2255619,Ele não é brinquedo nas suas mãos.
2255657,Linda menina mandona.
2255662,Bandida mulher menina.
2255885,O corpo da mulher nua..
2255994,onde cada homem é sozinho.
2256360,Que é todas elas juntas num só ser..
2256566,Não há rei maior que a dama.
2256865,Carmem sou bereguendéns.
2257017,"Ela não é amante, não é prostituta, ela é fiel, ela é substituta."
2257117,O corpo da mulher nua.
2258042,Ela quer viver sozinha.
2258149,"Bamba, ela é bamba, ela é bamba, ela é bamba."
2258175,"Ela é pop, ela é rap, ela é blues e jazz."
2258933,Ela fique esperando serena.
2259252,"Para cuidar de uma casa, de um homem triste cansado de chorar.."
2259333,Você é a minha dama é a voz que clama dentro de mim.
2259447,Homem velho e mulher nova já disseram que não rola.
2259522,Ela tava tão apavorada.
2259613,Que ela é a mulher que eu amo.
2259685,mulher bonita e rica é muito dificil de se encontrar.
2259943,Mesmo que s um homem muito lindo.
2259970,"Que remelexo, que corpão menina linda."
2260005,"Eu gosto é de mulher gostosa,."
2260006,"De mulher cheirosa, rabo de saia.."
2260436,Se ela não frouxa eu também não vou frouxar.
2260475,Mulher transgênica.
2260481,"Ela já fez plástica, ela faz ginástica, ela faz dieta é gostosa àbeça, ela ficou fantástica,."
2260482,"Ela é transgênica, ela é transgênica, ela é turbinada, foi modificada ela ficou fantástica.."
2260493,E ela mais doidinha por mim.
2260559,Ele é seu pesadelo.
2260642,"Essa menina doce, meiga e carinhosa,."
2260645,"De tanto amor ela ferio meu coração,."
2260956,Gabriela é bonita.
2260962,Gabriela como é linda.
2261005,E jogo ela pros gavião.
2261007,Que hoje ela ficou sozinha.
2261048,"Onde tem mulher bonita, pode crê, eu to na roda."
2261049,"Mulher bonita é um perigo, mulher bonita é um veneno."
2261050,"Mulher bonita é ""fooora"" de série."
2261051,"Mulher linda e carinhosa, é essa aí que eu quero."
2261053,Mulher é bonita do jeitinho que eu sonhei.
2261054,Com ela eu sou feliz e ela é feliz também.
2261066,Ela é uma fofoqueira.
2261085,Falam que ela é feia de cara.
2261128,Ele não é seu amigo.
2261218,ela tá distante e não pode me ver.
2261311,"SE ELA É DOMÉSTICA,."
2261394,Agoro sim sou feliz.
2262422,"Desculpe o linguajar, mas ela foi uma safada."
2262435,Nois é caipira mesmo.
2262698,"Me falaram que você, tá de namorado novo."
2262825,Por fora ela é santinha.
2263544,Mulher é uma florzinha viva que não pode nunca chorar por ninguém!.
2263573,Quando completasse dez anos sua mãe mamãe ia voltar.
2263582,Papai o senhor é o culpado.
2263735,Estou achando que ele ficou esperto.
2263902,Mulher carinhosa bonita e charmosa.
2263949,Eu preferia ver ela morta.
2264140,Tornou-se um homem muito honrado.
2264147,Um homem estranho sentiu emoção..
2264224,O amor de uma princesa é uma coisa que me dobra.
2264228,"Ela é a dama do shopping, todo mundo já conhece."
2264252,ele é meu pai poderoso.
2264373,O homem forte que eu fui outrora.
2264375,Fui me cansando e ela jovem sempre mais bela.
2264432,que não era uma mulher errante.
2264444,diante daquela mulher infeliz.
2264505,Enquanto ela vive contente feliz nos braços de outro.
2264548,Qual uma deusa bela e despida.
2264650,Estou dançando com a mulher mais bela.
2264732,Ela sempre está presente.
2264788,A minha mãe é enfermeira no hospital.
2264925,Gabriela é muito cheia da grana.
2264972,Que acolhe e dá conforto a este homem cansado.
2265242,Ela é minha voz afinada.
2265285,Ele é puro demais é profundo.
2265633,menina boa era aquela.
2266348,(Balada louca só mulher boa.
2267295,Pra cada dia da semana é uma moça nova.
2267304,"Pra cada dia da semana, é uma moça nova."
2267542,Se tem mulher sozinha.
2267627,Mas que ela é minha rainha isso pode apostar que é.
2267637,Mas que ela é minha rainha isso pode apostar que é [x2].
2267646,"Se a mulher é uma princesa, viola é minha rainha."
2267659,Ela é louca mais eu sou mais louco estou apaixonado.
2267662,Ela é louca mais eu nunca vi uma louca tão linda.
2268371,Sorriso de mulher é bom.
2268386,O homem precisa de uma mulher bem apaixonada.
2268831,"Minas sou mineiro, sim senhor."
2269448,Doce anjo menina mulher.
2269598,Mulher bonita de longe.
2270655,Eu sei que sou um moço pobre.
2271253,Mulher boa era a.
2271379,"Moda, bebida e mulher bandida, ninguém dá jeito."
2272595,Ela é sensual.
2272739,Meu negócio é mulher sou latino.
2272743,"Com homem não brinco, eu respeito."
2273420,Enquanto não acho a mulher certa.
2273484,Feitiço não é pecado é até sagrado se for por amor.
2274576,Hoje sou um homem triste sem o seu amor.
2274760,Que aquela noite não será esquecida.
2274940,Existem só alma de mulher pecadora.
2275084,"Você mulher amor, mulher amiga."
2275964,Delicada e atrevida coisa de mulher gostosa.
2275967,Ela é bonita demais bonita que eu não aguento.
2275973,Mulher bonita demais sempre causa sofrimento.
2276701,Menina nova.
2276913,"Mulher bonita e gostosa, nóis ganha é de montão."
2276981,Parecia um menino inconseqüente sem destino.
2277523,Olha como ela ta linda.
2277537,Ela é princesa o seu mundo é encantado.
2278258,Ela segura na sedução.
2278260,"Ela quica, ela quica, ela quica."
2278265,Ela é diferentona.
2279555,Quem tem sua mãe distante dos olhos.
2279568,Maria é mãe e mãe é amor.
2279587,"Maria é mãe, mãe de nosso senhor."
2279930,"Nóis só quer mulher bonita, mas as feia nos persegue."
2280187,Que casou com mulher feia.
2280191,Quem tem a mulher bonita.
2280487,"Um menino frágil, tão inconsequente."
2280702,De ser somente o marido apresentável.
2281476,Ela estranha e semitona.
2282015,"Noite, mãe sigilosa."
2282135,Ela era engraçadinha.
2283152,"É uma mulher envolvente,."
2284609,Eu encontrei você moça mais linda da cidade.
2284892,As moças bonitas.
2284941,de um rapaz caipira.
2285211,"Senhora dona da casa, bandeira passou."
2285296,Esta moça é janeleira.
2285299,Quando a moça é janeleira.
2285523,Ele é meu protetor.
2286724,Por ser uma mulher tão linda sozinha não ficava.
2287384,"Alô,alô,alô mulher loira ou morena.."
2288180,E assanha essa tal moça bonita.
2290439,"Ela só ta magrela,."
2290472,"Ah, é flor de acucena, deusa morena, beleza plena."
2290735,Deus essa mulher é minha vida.
2290788,E namorar mulher bonita.
2291144,Garota bandida.
2291717,Ele tá descontrolada.
2291946,"Alô,alô,alô mulher loira ou morena eu não faço muita."
2292676,"Arrasta pé, mulher bonita."
2292698,Ela fica satisfeita.
2292739,Que ela é maravilhosa e que eu tô afim.
2292749,"Ela é charmosa, um tremendo avião."
2293579,Ele é puro demais.
2293696,Mulher direita o cara não quer.
2293953,Mulher bonita é um perigo.
2293955,Mulher bonita é fora de sério.
2293956,Mulher linda e carinhosa.
2293958,Minha mulher é bonita.
2293961,E ela é feliz também.
2294069,Sou comprometido sou um homem casado.
2294136,E ter a mulher mais linda pra viver junto de mim.
2294222,"Ela já foi pisada, maltratada, humilhada e enganada."
2294265,"Encaixou certinho, ela é minha cinderela."
2294356,E quando ele estiver bem distraído.
2294583,Tatá tando é mesmo que.
2294820,De forró de cachaça de uma mulher bonequeira.
2294842,Quero uma mulher bonita que saiba dançar forró.
2294885,"O homem aranha,ou ben 10,liga da justiça,."
2294886,"Ou os xman,mulher maravilha ou stefhany."
2295101,Vai dizer consigo mesmo ele é vencedor.
2295323,tô na curtição com as amigas só mulher bonita a farra.
2295435,Uma mulher carente a te esperar.
2295637,Mulher boa é minha mãe.
2295639,Pense numa mulher galinha.
2295884,Fomos namorados hoje somos ex....
2296155,As minas muito doida.
2296296,Sou taxista procurando uma mulher querida.
2296363,"Ela é gostosa, ela é uma coisa louca."
2296768,Ela é uma pimenta na cama ela inventa.
2296931,essa sebosa mulher feia.
2297941,"MENINA LINDA,OLHOS RELUZENTES."
2297991,É de um homem aflito.
2298483,"Sou tua mulher gato, venha venha me pegar..."
2298489,"Sou a mulher gato,eu te arranho por inteiro !."
2298695,"A mulher boa é minha mãe,."
2298696,"gostosa é minha vizinha,pense numa mulher galinha,."
2298697,"todos querem lhe traçar, todo dia é um macho, é um cabra diferente, pense numa mulher doente, e quero ir mas tenho medo e nós temos um segredo,."
2298828,Ele era vagabundo ele só pensava de se apaixonar.
2298936,Se a mina der vacilo(já foi)ele pegou.
2298969,Moça menina.
2298989,Menina moça.
2298998,Como te amei moça menina.
2299034,Dessa vez não moça menina.
2299035,Outra vez não moça menina.
2299055,E lá eu conheci uma mulher tão linda.
2299079,"Corinha é bonita,."
2299570,Ele é muito legal.
2299691,Cerveja gela e mulher bonita.
2299916,"Pense numa mina linda, a danada enlouqueceu."
2300304,"Garota esperta sabe onde pisa,."
2301975,"Uma mulher traída é pior que um vulcão, em plena."
2302155,Ele é fazendeiro.
2302417,Mostra teu gingado mulher brasileira.
2302583,"Eu digo e ela não acredita ela eh bonita, eh bonita (2x)."
2302640,Você não está vendo que a mãe é uma loirinha.
2303108,Mexer com mulher casada.
2303265,"Eu não sabia, que ela era tão veloz."
2303409,Ele era vagabundo.
2303920,mãe generosa.
2303959,Ela estava tão carente.
2304203,Minha mãe ficou zangada.
2304397,Ela era miudinha.
2304647,"É a moça bonita, aliança no dedo."
2304718,É que ele é bem fofinho e bem bonitinho primo.
2305189,Só gosta mesmo é de mulher tranqueira..
2306671,Faço ela feliz e eu fico também.
2306745,Minha esposa amante.
2306833,E a menina é muito bela.
2307111,Garoto livre menino de fato.
2307558,Menino fui cassetete.
2307562,Fui menino meia noite.
2307563,Menino fui meio dia.
2307894,"Ele ficou apaixonado, arriado encabulado, era amor que não tinha fim.."
2308107,"Menina linda, vem cá."
2308140,Feito menino amarelo.
2309177,"Gado bom, moça bonita."
2309259,Moça bailarina.
2309863,"Menino sexy, sexy, sexy."
2309864,"Menino lindo, lindo, lindo."
2309883,Menino sexy.
2309884,Menino lindo.
2310404,Ele está convencido.
2310538,"Você é minha vida, ele é meu mundo,."
2310631,Que homem vulgar.
2311252,Tem tigre e o rei leão e muita fé.
2311358,Quando vê a moça bonita.
2311877,Sou mais um menino triste que não sabe.
2311964,sou menino louco.
2312309,"Cidade grande, moça bela."
2313064,Mas se ve mulher gostosa garanhão logo conquista.
2313328,Ela é minha paixão mora no meu coração.
2313339,"Ela é gostosa, só faz isso pra me provocar."
2313362,Ela faz pobre beber.
2314442,"Mulher bunita troca de batom para ver o vaqueiro fazer tirar sua senha,sou vaqueiro classificado,ei ô mulher de gado venha dançar comigo venha.."
2314587,A MULHER MAIS LINDA.
2314670,O baile tá animado tem mulher rapaz e moça.
2314840,Peguei uma menina nova.
2315435,As mina tão chapada e eu já tô falando grego.
2315898,A ressaca da cachaça ela é boa de mais.
2316040,Ela é muito massa.
2316249,Dei um abraço por trás e ela ficou bem doida.
2316274,Se tem mulher carente eu dou amor.
2316766,"No sertão, mãe preta me ensinou."
2316964,Ta com menino no colo é uma mulher exemplar.
2316999,garoto raparigueiro esforço olha aí.
2317438,Terra de homem machão.
2317459,Esse moço é diferente.
2317473,Os homens ficaram bravo.
2317513,Os homens ficaram espertos.
2318806,Te dei meu coração e ele foi traído.
2319156,"Ela é a sensação, é a gata do paredão."
2319363,Esse garoto é metido a playboy.
2319374,Ele é pura sedução.
2319854,Pra atender essas mulheres mal amadas....
2320135,"Elas estão fascinadas fazem tudo que eu pesso,."
2320788,depois de uma mulher feia é mulherão.
2320823,Ele é o rei das coroas.
2320886,Ele tá melado pensando na mulher dele.
2320888,Ele tá melado pensando no chifre dele...
2321977,"rap da mulher pequena,."
2321983,"Quando a mulher é pequena,."
2321985,"Se ela nao é grande,."
2321986,é porque ela é pequena.
2321987,"Se ela é pequena,."
2321995,"Se ela é anã,."
2321998,ou da sua mãe baixinha.
2322001,"ele quis fazer maior,."
2322494,"Ele é corno, mas é meu amigo."
2322495,"Ele é viado, mas é meu amigo."
2322496,"Ele é baitola, mas é meu amigo."
2322512,"Ele é briguento, mas é meu amigo."
2322517,"Ele pode ser briguento, mas é meu amigo."
2322531,"Ele é ladrão, mas é meu amigo."
2322539,O importante é que ele é meu amigo.
2322552,"Ela é magrela, mas eu gosto dela."
2322561,Ainda por cima ela é louca.
2322566,Ela é toda aleijada mas ela tem um negocinho tão legal...
2322588,Se você pegou uma mulher querida.
2323523,Por detrás da moita tem mulher casada.
2323657,Essa menina na minha frente ela é perigosa.
2324000,É homem forte.
2324006,Coroné tava danado.
2324027,Um homem forte.
2324368,Com mulher moça.
2324596,"Ninguém sabe se ele é branco, se é mulato ou ""nego""."
2324716,ele ta vivo padre não ta morto.
2325009,"Coco que tem mulher bonita,."
2325478,"Quando sair quero ter limpo o meu nome, falo grosso sou um homem brasileiro pra valer.."
2325706,E desse jeito com tanta moça bonita.
2325721,Com tanta moça bonita.
2326131,Sertanejo é tão feliz.
2326490,Aquele moço ta rico.
2326799,"Botei a cela no lombo desse cavalo e acochei a cia peguei a véia joguei em riba, quase que ela imbica p'outa banda.."
2326922,"- Ah, se é menino homem, olha se é?"
2327629,E o homem fica azuado } bis.
2327863,"O Homem é bom, o homem é espetacular!."
2327940,Mulher bonita da porr...
2329247,Do marido verdadero assim mesmo ninguém vê.
2329249,Pois ou ela sai casada ou muita gente vai morrer.
2329255,Os olhinhos do menino marejou.
2329268,E os olhinhos do menino marejou.
2329724,Pois sua mãe não é direita.
2329912,Na minha terra tem menino barrigudo.
2330040,"Trabalhando a terra, ele está feliz."
2330101,Ele é nordestino e não foge sem lutar.
2330111,Ele é o lamento da alma do meu.
2330143,Pra ele é mais troféu.
2330794,Mas ela é cobiçada.
2330863,Ele é direito porque não é torto.
2330964,A mulher era mulher.
2330972,Mulher era assim muito sensata.
2330977,Marido era marido e patrão.
2330979,É mulher muito danada.
2331521,Os zoinho do menino marejô.
2331535,E os zoinho do menino marejô.
2332102,E o olhar de moça rica.
2332499,Onde esta o homem bom?.
2332502,Não tem um homem perfeito } bis.
2332584,Lampião era valente.
2332647,"Ah, mulher bagunceira da mulesta..."
2332648,Mulher cangaceira...
2332652,"Mulher bonita, morena trigueira..."
2332687,"Joguei ela pra direita, ela veio; joguei ela pra esquerda, ela tava aí -- a mulher era adivinhona..."
2332732,Anselmo achou foi bom.
2332839,Que faz um homem forte gemer.
2334009,"Se o homem ta zangado, um agradinho é bom."
2334014,"Quando o homem é ciumento, um agradinho é bom."
2334015,"Quando o homem ta doente, um agradinho é bom."
2334021,"E quando o homem ta danado, um agradinho é bom."
2334092,O marcado do homem tá gostoso pra danar.
2334100,Eu vou escolher a mulher mais bonitinha.
2334242,Menina bela que me faz feliz.
2334455,João é animado até amanhecer o dia.
2334729,O homem batalhador.
2335154,Zé é organizado.
2335562,"Chorando, gemendo, menina bonita pra gente dançar (bis)."
2335676,José nunca foi mole.
2335933,"Fui sua menina, princesa mais bela."
2336245,Eu fiquei impressionado como ele era valente.
2337105,Ó mulher boa.
2337440,Descanso feito um menino inocente.
2337955,Fico tonto de tanta mulher quase nua.
2337958,Mais elas andam quase nua.
2337968,Ela andar quase nua.
2338845,"Hoje é um homem lindo por quem me apaixonei,."
2338870,"É um rapaz respeitador, pronto pra qualquer parada."
2339230,Ela é muito pesada pra você....
2339232,Ela é jeitosa...
2339393,Porque forró moça bonita (bis).
2339553,Homem direito.
2340600,Qual a saída.
2340749,Ele está contigo em qualquer lugar.
2340752,Ele é o brilho da lua.
2342207,O homem é civilizado.
2342583,E hoje aqui ela é rainha.
2342648,Ela é vovó losa.
2342746,COMO ELE VEM FACEIRO.
2342931,Da moça bonita que quer namorar.
2343172,"Mais fácil que nem osso, porque ela é mulher."
2343173,"Ela é mulher, muito mulher, mais que mulher."
2343179,Ela é mulher com um.
2343299,"Menina maravilha, é minha namorada."
2343303,Menina preguiçosa.
2343419,Ô Menina linda eu te quero.
2343455,A moça estava tremula batendo o coração.
2343583,"Ela é a criana, tem corpo bacana."
2343616,Se existe no mundo um homem mais feliz que eu.
2344193,"Eu fiquei impressionado, como ele era valente,."
2344222,"Ela veio sorridente, em minha direção,."
2345032,Menina linda me dê um abraço.
2345110,Sua mulher não tá presente quem mandou entrar.
2345114,Casquinha é bom de se tirar vambora aproveitar.
2345388,E Jesus foi intimado..
2345821,Desde menino sempre foi danado.
2345846,"Moça bonita, jóia prometida."
2346150,Diz que ela véve do abandono.
2346222,Quando ela foi simbora.
2346281,"Vigário, esse homem é casado."
2346516,Moça faceira.
2347191,Ela é bangula..
2349091,Vi que meu coração andou confuso com ele mesmo.
2349096,Eu sou o homem mais iluminado.
2349112,Eu sou um homem tão iluminado.
2349300,Ela é muito jeitoza.
2349310,Não sou mais aquele homem sofredor.
2349311,Que menina linda cheia de beleza me apareceu.
2349453,Prefiro moça bonita.
2349736,O sanfoneiro quando vê mulher bonita.
2349914,Zé é forrozeiro e é só.
2349957,eu era menino chato.
2350025,Da moça mais desejada.
2350083,Homem casado pra entrar nesse forró.
2350344,Eu sou um rapaz direito.
2350830,Ela é danada.
2350832,ela é danada.
2350834,Eu conheci uma menina muito louca.
2350837,"ela é doidinha, ela é muito safadinha."
2350840,"Ela é rampeira, é da bagaceira."
2350841,que mulher doideira só pensa em transar.
2350842,"ela é maluca, é lélé da cuca."
2351246,"Eu sou a rainha, menina sou sua parceira no forró."
2351733,De uma mulher bonequeira!.
2352027,Só namoro mulher boa.
2352042,Jesus tava inspirado.
2352046,Mulher madura.
2352245,Mesmo assim a mulher não disamina.
2353005,Eu fui menino tão mimado e manhoso.
2353709,O jumento é sagrado...O homem é mau..
2353747,"Foi ali que o menino santo fez um ""pipizinho""."
2353750,Ele é cheio de presepada sim senhor.
2353777,Porque ele é servidorzinho que é danado.
2353921,"Como vai seu filho, tipo do rapaz perfeito."
2355626,"Cachaça e mulher bonita, é a minha perdição."
2355719,"Namorei mariazinha, depois namorei lucinha no fim namorei lurdinha moça linda e educada."
2355720,Que maltratou deu risada se tornou mulher mundana.
2356768,mim chamam homem solitário e sei que eles tem razão..
2356774,mim chamam homem solitário e sei que eles tem razão.
2357880,Beliscar não é pecado.
2357881,Diz o senhor capelão.
2357955,Eu sou a rainha fiel do xaxado.
2357977,"Olé mulher rendeira, cantiga de lampião."
2358077,Vitalino hoje é imortal também.
2358512,Sem cantar mulher rendeira.
2358688,Um litro de pinga ela sozinha engole.
2358770,Uma mulher feliz.
2359241,Tem mulher saliente que adora um caquiado.
2359475,O homem não dança solteiro tendo mulher pra dançar.
2360018,Ele é meu ex-namorado.
2360489,Um marido exemplar.
2361025,"E ele neco de se apaixonar,."
2361035,E ele neco..
2361253,Ela é tão linda é tão bela.
2362004,Moça feia e marmajão.
2362300,"MOÇA LINE E RAPAZ, FICARÁ SUSTADO EM PÉ."
2362578,Pois ela é muito bonita e eu não posso abandonar.
2362966,Mais que menina indecente.
2363039,É festa de vaquejada mulher bonita e forró.
2363155,Mas ela mexe gostoso.
2363158,No agudo ela quica suave.
2363159,E ela desce gostoso.
2363222,"Falando em mulher nova, que anda se rebolando,."
2363285,mulher ruim.
2363873,"Apareceu o vigia, Aílton pra ele dizia: Amigo estou baliado."
2363874,"Aílton foi socorrido, estava passando mal."
2363894,"Quem quiser moça bonita, vai mandar encher de birita."
2364027,Sertanejo é caboclo forte e foste trabalhador.
2364110,Nem se ela é casada.
2364115,Se eu soubesse onde ela mora corria pros braços dela.
2364255,"Macaco, que só era homem fraco quando olhava o céu...."
2364946,Ela é a filha do velho.
2365192,Que não caia na esparrela que ele é casado.
2365813,Menina bonitinha me dê mais o seu carinho.
2365900,Menina estou pirado.
2365957,Era um homem meio bicho.
2365985,Ele é bicho homem.
2365986,Ele é lobisomem.
2366055,"Ela não é virgem, não é virgem não."
2366175,se for moça educada.
2366728,"Abre a roda, as moças namoradeiras."
2366752,Menina linda acabou meu coração.
2367978,Menina linda por favor.
2368898,é a filha mais nova do patrão..
2369353,Mulher boba no colchão.
2369563,Penso que ela é casada.
2369735,Ela é independente.
2369842,Menina linda vou agradecer a.
2370893,Ele é o pai do meu filho.
2370894,Ele é meu matulão.
2371010,Moça velha que ainda tem.
2371020,Beijo de menina nova.
2371024,Beijo de mulher viúva.
2371026,Beijo de mulher casada.
2371036,Já falei das moças velhas.
2371037,De mulher namoradeira.
2371151,"É homem casado enxerido, Marinheiro samba."
2371173,Ela faz igual a cobra.
2371203,"Rosa, moça bela."
2371303,Mais vejo sempre menina sapeca.
2371938,Me casei com um homem velho e ciumento.
2372849,Agora que viu que ela tá feliz.
2373143,Homem forte pra valer.
2373144,Na vaquejada ele é o rei.
2373156,A menina passa faceira.
2374582,O cheiro do cangote de uma mulher cheirosa.
2374617,A mulher quando é boa de chamego.
2374816,João é infeliz.
2374851,Ele é sabiá cantando numa laranjeira em flor.
2374936,"Todo homem é chachorro, mas quem late mais gostoso sou eu."
2375009,Ela já tá virada na quinta.
2376672,Eu sei que ela é dona do seu coração.
2377235,Maria moça bonita.
2377414,Ela dançava bonito o ritmo quente do meu carimbó.
2377902,Ele é tal igual maré..
2378111,Mulher só gosta do homem galinha.
2378120,O manual da mulher é fácil de ler.
2378383,Só gosta mesmo é de mulher tranqueira.
2378636,Rapaz novo se encanta.
2378771,Tem menina beijoqueira.
2378821,Menina quente do chilique danado.
2378823,Teu peneirado é tempero de moça nova.
2378825,É fogo de moça nova.
2378891,Mulher bonita desfilando a noite inteira.
2378918,Maria aqui ta muito bom.
2379482,Pode beijar na boca da mulher namoradeira.
2379676,Hoje ela tá virada pela madrugada.
2379796,A mina tá danada.
2380552,não sei se ela vai ficar comtigo.
2382182,"Dulce, Mãe menininha,."
2382401,"Mulher rendeira,."
2382788,Senhor é pai que ama.
2382866,O homem tornou-se fraco.
2383055,"Menino magro doente,."
2383056,E a mãe impaciente.
2383063,Menina quage criança.
2383294,CACHAÇA E MULHER BONITA.
2383328,"VOCÊ MULHER DIVINA, PURA E VERDADEIRA."
2383645,Ela tá contente.
2383656,Ela é outra pessoa.
2383917,Sou o homem mais feliz.
2383918,O homem mais feliz um novo amor.
2383921,O homem mais feliz é bom demais.
2383926,Com você eu sou o homem mais feliz.
2384065,Elas começa esnoba.
2384184,Moça bonita do olhar apaixonado.
2384505,Tem menina prostituta.
2384848,"Mulher gostosa aqui tem demais,."
2384981,Ela é rampeira.
2385202,"Ela é um luxo, ela é sensual, ela é uma deusa qualquer."
2385204,"Faz serviço completo, o esquema é legal, ela é dona do."
2385247,Ele será o capitão da seleção.
2386902,Ele é grande.
2386903,Ele é peludo.
2388647,"Ela é tão grande, tão grande, olha a mamãe como é tão grande!."
2388655,"Ele é tão grande, tão grande, olha o papai como é tão, grande!."
2388814,Ele é o rei da praia.
2389597,Rosa é poesia.
2390285,Quero olhar ele de perto só pra ver se ele é real.
2390891,Vai ver que ela tá meio boboca.
2391993,Vai ver que ela tá meio boboca..
2392302,"Ele é sempre companheiro,."
2393085,Ele é o pão e o vinho.
2393086,Ele é o princípio e o fim.
2393089,Ele é o não e o sim.
2393107,Ele é o pai e o filho.
2393108,Ele é maior do que a morte.
2393110,Ele é carinho mais doce.
2393114,Ele é o sol e o luar.
2393116,Ele é o mestre dos sábios.
2393907,"Dá um close nele, ele feio que dá dó."
2393945,E ele é tão bonitinho!.
2394414,Já foi moça bem formosa.
2395556,por isso é que se diz como ela é sentimental.
2396524,porque agora ele já é um homem.
2396786,A onde ele é real.
2397228,"Para mim, para mim ele é um campeão."
2397844,Mãe é a felicidade.
2398845,Que ele é muito lindo.
2399546,Super-homem e mulher maravilha.
2399732,"Ele é o cara, ele é o bom."
2399741,Eu sou o cara - ele é o bom.
2400865,Balança a menina faceira da.
2402216,Ele era um garoto só.
2402302,Comanda a massa no salão ele é rei.
2402592,Mãe preta de lá mandou chamar.
2404047,Sou a mulher ideal.
2404340,Ô saravá menina mineira que é filha de.
2404593,Bater em mulher é onda de otário.
2405137,Ele era tão glorioso e eu tremia sem parar.
2405172,"Foi então que um grande anjo eu pude a vista, ele era tão glorioso e eu tremia sem parar."
2405195,Ele é o pastor de quem ouvimos a voz.
2405305,Senhor altíssimo é tremendo.
2405492,"Pastor, homem semelhante a nós;."
2406205,ele tá vivo padre não tá morto.
2407379,Ó senhora rezadeira.
2407605,"Pra te dizer, mulher formosa."
2407624,Que moço impertinente.
2407777,Mexe até moça solteira.
2407890,"Nêgo era moço, e a vida, um brinquedo prá mim."
2408364,Ela foi bem contemplada.
2408875,Céu - Homenagem à mulher bandeirante ].
2410080,O rei leão convocou a bicharada.
2410345,"Madruga é boa gente, e assim vive contente."
2410444,O senhor girafares.
2410612,"Quando acaricio, ele fica bem feliz!."
2410613,"E quando acaricio, ele fica bem feliz!."
2410860,Como ela é engraçada.
2411611,Homem igual a esse nunca existiria.
2411808,E o homem é bicho mau.
2412307,O seu andar tem jeito de moça criança.
2412800,Rainha mãe do poderoso rei de.
2412818,Senhora soberana.
2413073,"Garoto maroto, travesso no jeito de amar."
2413902,Ninguém pense que ela é bahiana.
2414004,E Ele é encantador.
2414067,"Ele é fiel, prometeu e vai cumprir.Pra sempre cantarei ao meu."
2414153,Mãe tão virtuosa assim.
2414232,Jesus é bom.
2414241,Jesus é bom demais..
2414253,Jesus é bom..
2414264,Jesus é bom demais.
2414553,Tem homens perigosos que não compaixão..
2414618,MAMÃE.......( QUE O SENHOR LEVANTE O SEU ROSTO SOBRE TI.
2414827,"Jesus é bom,bom,bom.."
2414904,Ele é maravilhoso.
2414979,"Ele é meu amigo me conduz pelo caminho,."
2415179,"Paz, Jesus está contigo.."
2415384,Mas veja que menina maluca eu encontrei.
2415407,"Não posso acreditar, que menina confusa!."
2415540,"Ele foi um rei, e brincou com a sorte."
2415550,"Só sei que esse trapo, esse homem foi um rei."
2415553,"Só sei que este trapo, esse homem foi um rei."
2415810,Venha a menina tão mulher.
2416392,Ele é verde-amarelo.
2416715,"Ela é padrão de beleza, é mulher brasileira."
2417276,Toda mulher é uma flor.
2417284,Pra dar pra moça bonita.
2417292,pois ela é a flor dos amantes.
2417569,Ela também é linda você vai gosta a..
2418037,"O buquê de flores, todas elas naturais."
2418106,ela é alegria ou lamento?.
2418785,Menina tostadinha ao sol da praia.
2420297,As meninas caramelo.
2420938,Bumbum como é bom ser lelé.
2422420,Mulheres guerreiras..
2422763,Luiza é bamba.
2423528,Ela é a dona do vento.
2424183,Prá quem o choro da mulher é coisa a toa.
2426334,Mulher brasileira em primeiro lugar.
2426342,Mulher primeira.
2426355,Mulher dona do meu compromisso.
2426812,Ela era dona.
2427157,"Nosso chão, nossa vida, nossa pátria mãe gentil."
2427274,E a mãe preta amamentou.
2427280,Nas veias dessa pátria - mãe gentil.
2428453,A senhora era louca.
2429054,A mãe preta chorou.
2429140,Viu duas filhas donzelas.
2430852,Joana é safada.
2431569,Ó doce musa felina da minha paixão.
2431669,Sou garoto sapeca.
2431879,O ato não desata.
2432442,Cheiro de menina moça.
2433175,"Mulher brasileira, dengosa e faceira, (Bis)."
2434290,Sou mulher capaz de tudo pra te ver feliz.
2435118,Eu fui menino sonhador } BIS / REFRÃO.
2436021,Vá dizer que ela é a razão dos meus “ais”.
2436235,Ele é um cabra muito feio.
2436243,"Ele é alto, magro e feio, é desdentado."
2436345,Eu era menino livre.
2436377,Cristina era mesmo legal – “partimo” até pro coisa e tal.
2438188,Ô Maria é hora.
2439084,Zuza era filho de.
2439096,A moça era bamba dos.
2439571,Eu sou o rei floresta.
2440085,Coco que tem mulher bonita.
2440089,"entrou na roda ficou preso, tudo que é homem aceso."
2440297,Há longos anos ele arqueja.
2440550,Ele é sangue real.
2440688,Um moço êveio:.
2441230,Ela é folgada quando eu peço pra buscar um copo d´água.
2441484,"Eu tenho um novo namorado, moço sério e mesmo de juízo."
2441492,"Lá em casa ele anda sempre acanhado, ao meu braço (imaginem) ele fica envergonhado."
2441670,(ah como ela é boa!).
2441877,Ele está cansado de amar você.
2442257,Maria é lindo.
2443007,Ele está mesmo.
2443555,Mãe ingrata indiferente e fria.
2443985,Já não sou aquele homem sofredor.
2444207,Esta mulher é teimosa.
2444239,Esta mulher já foi bela.
2444245,Ela é dose pra leão.
2444307,Esta mulher tão fingida.
2445573,"Ele é branco, ele é negro."
2445576,"Ele é valente, é coisa da gente."
2445831,ele andava mal nutrido de carinho e de calor.
2446256,"O homem é civilizado, a sociedade é que fz sua imagem.."
2446274,"O homem civilizado,a sociedade é que faz sua imagem.."
2447613,É ele escravo sem ser.
2447833,Deus fêz eles branco.
2448409,Ela é da bossa e o marido é um boçal.
2448835,moço sério e mesmo de juízo.
2449067,Pois ele é um cavalheiro.
2449715,Mulher ingrata foi a minha frustração.
2449725,Não se amarre nessa nega que ela é mulher confusão.
2449731,Não se amarre nessa nega que ela é mulher macumbeira.
2450175,Menino velho.
2450867,"De uma moça tão bonita, de um violão."
2451121,minha mãe gentil.
2452465,ela passiva e fria notei.
2452684,Ele é danado p'rá morder.
2453183,E o homem sozinho devia morrer.
2453578,Ela é comandante-chefe do batalhão do amor.
2454058,E esse andar de moça prosa.
2454154,Dizem que a mulher é parte fraca.
2454590,"Mas se ele é honesto,."
2454649,"Disse que ele foi escravo, mas não se entregou a escravidão."
2455415,Menino caçador.
2455421,Menino onipotente.
2456299,Ele era muito esperto.
2456786,Ele é movido pelo sacrifico de amor.
2456848,Prá ela ser forte e cada vez maior.
2457321,"Você é meu namorado punk do rock,."
2457451,Pra subir numa árvore ele é bem veloz..
2457517,Eu sou doidão mas ele é um anjo..
2457691,mas se ele fica nervoso vira um furacão.
2458022,Anda a roda o tatu da roça moça bonita da perna grossa.
2458102,"Cantor: Ele é um mamífero aquático, e também bota ovos!."
2458157,Ela é uma ruivinha com um cérebro de ornitorrinco.
2458321,O que eu vou dar para ele é um misterio.
2458513,Já sei que quando ele surgi é bom sinal!.
2459523,Esse menino é meu vizinho.
2459548,Esse menino é meu vizinho!.
2459781,"Se ele decidia ir sozinho, não dava pra segurar."
2459883,Ele é branco e amarelo.
2459925,Olha a menina moleca láááááá.
2459926,Mas que menina moleca.
2459929,Ela é uma lelé da cuca.
2460311,Sua mãe era uma batedeira.
2460408,É a velha história de um garoto mal e uma garota má.
2460438,Conviver com eles é um horror!
2460466,Que ele é um mamífero móvel!.
2460505,"E gritou pra aquele bando: ""Esse rapaz é comerciante!""."
2460509,Se aquela moça esperta não tivesse ali passado.
2460632,O que é ruim pra ele é bom pra mim.
2460895,"E ela é rainha, comanda e desmanda."
2461059,Saboroso é ser criança.
2461498,Encantadora a donzela pequenina.
2461504,Ela é a luz do sol.
2461536,Um menino sonhador.
2461846,Para a moça dona do seu coração.
2461858,Por você ele é apaixonado.
2461871,por você ele é apaixonado.
2462486,Ele era naturalista porque gostava da natureza.
2462523,"Chii, agora ele estava envenenado!."
2462830,Qualquer cor que pinte pela frente ele acha bom.
2463063,Ele é um senhor muito sério que não gosta de gracinha..
2463142,Antigamente ela era minha mãe.
2463143,Antigamente eu era a filha mais querida.
2463259,Ele é puro e verdadeiro.
2463487,Ela é muito feia!.
2463507,Como se ela fosse muito bonita!.
2463515,Como se ele não fosse um comilão também.
2463990,Fred tá ligado no lance.
2464032,Ele sempre anda descalço pra pisar você..
2465367,Ela é tão pequena quase não tem nenhum dente.
2465368,"Dei um nome pra ela, ela é tão fofinha."
2465378,Ela é tão danadinha.
2465829,Mas a tia é gente fina.
2466083,Felipe é dorminhoco e sabidão.
2466086,Ele é vigia numa loja de colchões.
2466850,E por ela estou gamado!.
2467131,Que ele é semi aquático.
2467284,Ele é um irmão amolado.
2467469,Bug-ug era chique.
2467524,Ele é um traidor.
2467632,"ele é um porco (sou,sou,sou!)."
2467698,Ele é um porco ( sou sou sou ).
2468058,(Zazu) Eu nunca vi um rei leão sem juba e sem pelo.
2468925,"No fundo, ele é fanfarrão."
2469193,Ele é bicho.
2469248,É o menino mais esperto que existe por aqui.
2469249,Pedrinho é amigo do.
2469454,ela mesma acha importante.
2469832,Fui vassalo do rei ramse.
2470230,"Menina menina você me ligou,to parado na sua."
2470499,"Garoto, garoto bonito."
2470515,Parece que ela fica louca.
2470578,Ele é trabalhador.
2471426,Ele não é famoso.
2471677,"Na tempestade, ele é o abrigo."
2471686,Esse menino é iluminado.
2471697,Na tempestade ele é o abrigo.
2471949,Paulo está mais contente.
2472164,"Mas que menina sapeca, levada da breca."
2472327,Senti que ele estava apaixonado.
2472553,"ELA ENGORDA, ELA EMAGRECE."
2473314,QUE ELE SEJA ALTO E FORTE.
2473559,"Ele é o colosso, eu não largo o osso."
2473561,Ele é o colosso que vem me acordar de manhã....
2473593,Ele é um colosso.
2473871,Deixa disso mãe não é tão ruim.
2474142,Ela é nossa amiga.
2474145,Ela é tão mimosa.
2474429,"Ele é um ratinho, ele é muto feliz."
2474801,O Cebolinha é muito esperto.
2475536,Felisberto é muito esperto!.
2475547,A Cuca é malvada.
2475747,"Ele é pretinho, com uma faixa branca."
2475757,Você responde o que eu vou perguntar.
2475834,Ele é gaucho e tá sempre de bombacha.
2476179,Veja como ele é bonitinho.
2476215,"Ele é muito lindo, ele é tão fofinho."
2476863,Jesus foi pregado na cruz do calvário.
2476885,Dinheiro na caixinha ela é charmosa e.
2476966,Ele é o amor.
2477561,"Miau, miau, ele é bonitinho."
2477746,Que menina boazinha é.
2477764,o homem branco tem consciência.
2477882,Ela é durona[durona].
2477930,Ela é durona.
2478472,Cebolinha é muito esperto.
2479794,Sabe ele está apaixonado.
2480139,Todas elas eram muito bonitinhas.
2480597,No fundo ele é um amigão (Bis).
2480647,Xuxa é tão bom te ver.
2481427,O menino mais lindo da escola.
2481573,Manoel é português.
2481687,Ele fazia careta e palhaçada também.
2481799,Acha ele muito legal.
2481876,Ele fala engraçado.
2482321,Furou a boca e deixou ela bem grande.
2482360,Até que um dia eu descobri que ele não era assim tão mau.
2483226,"Gozma vamos juntos reagir, nosso planeta terra ninguém pode invadir, avante."
2483429,"Jandira, Jandira, menina bovina."
2483516,São garotas sapecas.
2483601,"Na hora de uma briga, ele é ruim que dói."
2483603,"Ele é tão engraçado, eu sempre morro de rir."
2483609,"Quando ele bate forte, quase que quebra a mão."
2483796,Ele é meu campeão.
2483804,Ele é valente.
2483805,Ele é muito corajoso.
2484162,Minha avó assanhadinha bate o pé.
2484327,Senhor capitão é tão bom sonhar.
2485504,Porque ele é bom.
2485518,porque ele é bom.
2486039,Ele é vencedor.
2486056,Mesmo assim ele é humilde e faz conta de você.
2486074,Pega o homem sujo e mal e faz dele um cidadão.
2486200,E ela estava cheia de peixes a transbordar.
2486315,Jesus foi aprovado por.
2486319,Jesus é anunciado entre as nações.
2486320,Jesus é aceito por fé.
2486321,Jesus foi recebido em glória.
2486362,Jesus foi vencedor.
2486516,Cristo em minha rede social ele é o provedor.
2487247,Ela estava triste e muito machucada.
2488634,só ele é digno de todo louvor!.
2488750,Ela havia sido escolhida.
2488777,Jesus era obediente.
2489218,Noé era um homem justo e bom.
2489221,"Um homem legal, muito especial."
2489243,"Noé,homem justo e bom."
2489247,Um homem muito especial.
2491270,Rei tão santo?.
2491385,Só o senhor é deus.
2491539,Senhor soberano.
2492406,O Senhor forte e valente.
2492407,O Senhor valente nas guerras (2x).
2492796,"São homens bonitos, vem ver."
2493131,Ele mesmo quer se mostrar pra você.
2493160,Mulher fervorosa.
2493161,"Mulher virtuosa, maravilhosa."
2493761,Ele é digno (Só.
2494298,Noé está seguro na.
2495523,Davi foi preparado.
2495529,Davi foi grande harpista.
2495536,Davi foi paciente.
2495546,Davi foi ensinado.
2495552,Davi foi corajoso.
2496744,Ele fui chamado e santificado.
2496853,Ele é digno de glória.
2496984,"Mulheres virtuosas, mais do que jóias preciosas."
2496991,Eu sou mulher batalhadora e de oração.
2497112,"Ver feliz a mãe gentil,."
2497209,"[bia]-ah,jesus é lindo mesmo."
2497228,Aquela mulher doente!.
2497497,é que ele nunca está igual.
2497758,"Ele é fiel, Ele é fiel (x2)."
2497973,Só ele é digno (só ele é digno).
2499787,POR ISSO ELE VAI LUTAR.
2500461,Mas senhora tão bendita.
2500579,"Ele é meu tesouro, meu."
2500757,Senhor digno de ser louvado (repete).
2500790,"Ele foi transpassado, moído pelas nossas iniqüidades."
2501009,Minhalma está apegada a.
2501177,E o colocou em um jardim e deu a ele uma esposa querida!.
2501626,Eu sou um homem justo e bom.
2502520,Ele é fiel e cumpre o que diz.
2502564,"Ele é fiel, Sim, Ele é fiel,."
2502892,O sucesso com as garotas é enorme.
2503694,E ele sozinho a se lamentar.
2504354,Ela é linda e é pequena.
2504705,ele é tão fofinho e muito brincalhão.
2505126,Popeye vai ser papai.
2505662,Ela era a amada do.
2506175,Está escrito: Cristo é vivo!.
2506854,"Mesmo assim, Deus foi fiel a mim."
2506858,"Ele tem sido fiel, fiel a mim."
2506862,"Ele foi fiel, fiel a mim."
2506879,"Ele quer estar contigo, ser seu melhor."
2507479,Ele é o céu e deves vê-lo.
2507601,Herói é artista que tem como profissão.
2507646,Ele é bravo!.
2507667,Ele é o herói das multidões - Brilhou no céu.
2507679,garoto bom tá aí.
2507685,ele é o herói das multidões - Brilhou no céu.
2507779,Elsa é bom ir se deitar.
2507984,(Ela tá noiva de outra pessoa ouviram?).
2508250,Porque ele é amor.
2508907,Ele é tão fofinho.
2509104,Pois ele é meu campeão.
2509882,Ela é uma amiga muito especial!.
2511693,"Não é fácil não, eles são diferentes demais."
2511712,Ela é toda patricinha empinando o nariz.
2511713,Ele é lunático mais é feliz.
2511728,Anão: e ele era forte e bonito?.
2511848,Ele é carinhoso e tranquilo.
2511853,Ele é feliz.
2512968,Ela é a alegria de viver emoção.
2513671,Homens orgulhosos não querem paz.
2513909,Só ele é digno de glória.
2514093,Que ele mesmo recebeu.
2514800,"Ele é um robô, agora é só brincar.."
2515561,Ele está contigo e nunca vai te abandonar.
2515895,A mulher sunamita seu filho perdeu.
2516521,- Ele é bom amigo!.
2516824,Elas são tão engraçadinhas.
2517052,Quando chega o gambá acaba a festa ele é bom só o cheiro é que não presta.
2517290,Ela é teimosa e desobediente.
2517583,Ele é fofinho.
2517588,Ele é sortudo.
2517596,Ele é teimoso e gosta de zombar de mim.
2517598,"Ele é levado, carinhoso e inocente."
2518345,Mulher virtuosa.
2518353,Jesus é digno.
2518563,O Senhor valente nas guerras.
2520028,Galileu ele é muito legal.
2520335,Ele não foi convidado.
2520600,Senhor aonde estás preciso tanto.
2520726,Ele é digno de louvor..
2520759,"Ele é digno, digno de todo louvor.."
2521974,"Aladdin é perseguido,."
2522000,Ele é muito excitante....
2522209,Seu pai era um homem bom.
2522336,Ela parece mais feliz..
2522732,"Garota caladinha, ele adora."
2522742,A garota retraída.
2523191,Ele estou liberto do perigo e do mal.
2523296,e a criança quando canta ela é feliz.
2523395,Papai do céu ele é muito legal.
2523720,Jesus é vivo.
2523893,Ele é real.
2525092,"Ele é imperador,."
2525110,Ele é legal.
2525143,Aqui no lixão.
2525511,Que ele é fenomenal!.
2525588,"Ele é forte, ele é tão musculoso."
2525742,"Ele foi bom e delicado, mas era mal e era tão mal-educado.."
2525748,Como ele está mudado.
2525800,Temos aqui uma garota estranha.
2525861,Esta garota é muito esquisita.
2525880,ela é muito fechada.
2525881,Ela é metida a inteligente....
2525956,Nós nunca vimos moça tão estranha.
2526772,Sou uma menina super poderosa.
2526955,Olha aqui garoto to cansada de esperar.
2527523,Ele é o autor da minha fé..
2527650,Jesus é fiel.
2527747,Rei é bom e o seu amor.
2527920,Jesus é bom à beça.
2528037,Ele mostra novos horizontes.
2530664,Ele é escuro sim.
2530752,"A minha filha está solteira, doutor."
2531076,"Menino bonito,brejeiro."
2531115,"Jesus é doce, doce, doce como o mel."
2531406,A méia-noite o senhor grilo.
2531413,que ele é burro porque é cavalo.
2531862,Que ele seja bonito e gostoso.
2532133,Ele é incrível a todo instante.
2532145,Sua mina é uma gata que nunca se viu.
2532464,"""não temas, o senhor é contigo""."
2532944,"Se a cruz pesada for, cristo estará contigo."
2532981,Não pode faltar o rei leão.
2533892,Ele é justo e não falha.
2534065,Eles estão sempre juntos.
2534490,Bum bum ele é o príncipe é o maioral de.
2535285,(Garoto lindo vem me beijar).
2535289,Garoto lindo o seu olhar.
2535292,Garoto lindo.
2535300,(Garoto lindo vem me amar).
2535366,Se ele é azul como azul do mar.
2535463,"Eles podem ser feios, mas são importantes."
2536844,Toda mãe é feita de rosas.
2536847,Toda mãe é feita de um doce bem doce.
2537000,"Ele é branco e amarelo, olará."
2537056,e eles felizes.
2537988,MÃE querida tenha compaixão..
2538008,MÃE querida tenha compaixão.
2538190,Ele não estava sozinho o seu.
2538598,"Ele é cheio de fantasia,."
2538913,Na rede social ela é muito bem vista.
2538923,"Invejada por todas, ela é sensacional."
2538925,Mas quando dança e canta essa garota é uma gracinha.
2538937,"Ela é poderosa, tá de batom rosa."
2538938,"Todos se inspiram, ela é toda pomposa."
2540155,"No partido alto, roda de samba, mulher bonita não pode faltar."
2540226,Uma mulher bonita está em minha companhia.
2540912,"*Ele é sempre motivo...é causa, é efeito e quadro e giz."
2540922,"Mulher mal amada, palpite infeliz."
2540924,Ele é doutor que não precisa anél.
2540934,Ele é o bamba igual jamais se viu.
2541418,Essa mina é uma coisa que eu vou dizer.
2541423,"Me liguei que ela é difícil deu pra perceber,."
2541425,"Olha como ela é sexy, ela só quer jogar."
2541566,Ela é envolvente.
2542306,Vem menina moça.
2542851,Pois ele estava tristonho.
2542875,"Só pra contrariar, ela ainda é donzela."
2542890,ela ainda é donzela.
2542903,"Só pra contrariar, ela ainda é donzela.."
2542909,Só pra contrariar ela ainda é donzela.
2543215,"Vem menina moça , vem menina moça , vem menina moça."
2543729,Ela era a sobremesa.
2544277,"Ela é bonitona, bem feita de corpo."
2544288,Ela é errada demais.
2544474,Vagabundo da noitada e a dama cheia de argumento.
2544494,Acorda tia a sua filha é a preferida.
2544743,"Clinicamente geral, ele é medicinal e não é de amargar."
2544958,Rosalina é maneira.
2544987,No pagode da mulher solteira.
2545268,Vem moça bonita nesse fogo de xaxado.
2545555,Nonô que era um homem valente sambou.
2546163,"que garota bela, me faz um favor."
2546341,Feito um menino inocente.
2546580,Ela é minha ilha da fantasia.
2546583,Ela é minha pista alucinada.
2546724,"E Maria, menina tão doce, tão calma."
2547016,Deusa linda do amor.
2548051,Ele deve achar estranho porque você é casada.
2549064,"Ele é esperto, e bem calmo."
2549299,Ela não é brincadeira.
2549304,No meio da roda ela é atração.
2550675,"E mulher gostosa,isso é bom demais.."
2551686,Se tem mulher boa na area eu vou me jogar (pra quebrar).
2552039,Ô mina louca.
2552089,Eu sou o homem dela e ela é minha mulher.
2552590,Ela vai ser a patroa.
2552596,Me desloco do asfalto só pra ver a menina faceira.
2552974,A mãe virou feminista.
2554356,"musa verdadeira, deusa, do meu samba."
2554764,A massa dos homens normais.
2555512,"Ela é toda sarada, ela é muito faceira."
2555532,Essa menina não é brincadeira.
2555618,Uma mulher cheirosa tão linda como uma flor.
2555771,Que ele já ta doidinho.
2556163,Ela é forte demais.
2556423,Os homens guerreiros filhos de oxum..
2556951,Maria é coisa nova..
2557030,"Seu menino lindo, seu menino lindo, seu menino lindo."
2557033,"Minha menina linda, minha menina linda, minha menina linda."
2557051,"Sou tua mina linda, tua mina linda."
2557718,"Mulher não gosta de homem bombado, na hora."
2558468,Pois ela é uma dama cheia de história.
2559219,Menina baiana que desce a ladeira.
2560675,"Essa mina é uma delicia, alem de linda, ela é sagaz."
2560901,Quis ser malandro demais.
2560963,"A menina vestiu o vestido e quis me fazer um desfile privê, a menina era linda, mas eu só olhei pro vestido e embrulhei pra trazer."
2561667,Ele é sempre motivo.
2561673,Mulher mal amada palpite infeliz.
2561674,Ele é doutor que não precisa.
2562508,Pra menina cheia de marra.
2562613,Malandro é malandro e.
2562712,"Dizem que ele é bolo doido, ferro doido, bicho solto."
2562806,Da mina bacana.
2562812,Ele é bonito e carinhoso.
2563238,Timmy é um garoto bom.
2563405,É porque não tem uma mulher igual a minha.
2563590,Um garoto especial.
2563686,ele é bonitinho.
2564468,Ele é o vilão!.
2564485,Mas ele é o vilão!.
2564528,Agora tem poderes e com eles faz bonito.
2564793,E sentia o homem mais importante.
2565251,Mas ela não ta nem ai.
2565258,Ela é top.
2565301,E as minas loucas.
2566349,E ela pensando que ele era bom.
2566536,As quatro da tarde ele larga.
2566541,Dizendo que ela é pura e honesta.
2566580,Que cara tão magro com moça tão gorda.
2566581,Que gordo mais feio com moça tão bela.
2566659,ela é viúva de seis e com você será a sétima vez.
2566660,Olha que ela é viúva de um grande açougueiro.
2566662,ela é viúva de um general.
2566664,Olha que ela é viúva do dono da funerária.
2566849,você sabe ela é minha patroa.
2566932,Eu só sei que a mulher é igual a cobra.
2566961,depois de tudo pronto ele abençõou satisfeito e sorrindo.
2567441,E o famoso carteado ele é patrocinado pela supervia.
2567694,"E na gira do povo da rua, ele diz sorridente a hora da gandaia."
2567893,Ele mesmo!.
2568648,Ele é campeão.
2568894,Ele segue sozinho.
2569114,Menino segura seu gato.
2569156,Olha aí menino segura seu gato.
2569505,Sou um homem decente sou trabalhador.
2569850,"Ricardão está aposentado ele é gavião,."
2570033,"Ela mesma fabrica o bandido,."
2570088,Ela quase morta danou a gritar.
2570131,Ele ainda anda trepado.
2570964,"Essa sua mulher não é flor que se cheire, malandro."
2570974,Porque ela é pior do que eu.
2571550,OoOoOo vai coração.
2571631,Todo homem é perfeito.
2571636,Mulher quando é fogosa é bonita de se ver.
2571892,"Você mina direita, e eu safado."
2572159,MULHER DAS ESTRELAS.
2573283,Ele foi o herói!.
2573724,O troféu de a menina mais chatinha.
2575145,"Princesa é a beleza desse amor, que faz meu corpo te amar."
2575463,Neném tá fominha.
2576159,"Enfiaram o cacete, deixaram ele nu!."
2576673,ele foi doloroso e cruel.
2576840,Se ele é delator.
2576841,Ele não é malandro.
2576873,"Ele dava pernada, dava cabeçada."
2577078,Olha aqui o federal onde chega ele é bem chegado.
2577173,somente ele estava são e salvo porque na igreja ele é bom pastor.
2577264,Ele é filho de preta.
2577570,"Ele não é preto, é bem branco."
2577651,Porque elas são madeira.
2577735,Ela é rainha da beleza.
2577836,Ela é tão bonitinha.
2577856,Ela é toda amarrada.
2577857,Ela é cheia de nó.
2581470,A mulher mais feliz desse mundo.
2581540,Olha que garoto estudioso responsável demais.
2581548,"Ele foi carpinteiro, e também jornaleiro (E na."
2581805,Ela é minha marrom e a sua também.
2581810,"Cantando sufoco, garoto maroto."
2582459,Mas que mulher indigesta!(Indigesta!).
2582467,Ela é mais indigesta do que prato.
2582469,Essa mulher é ladina.
2582514,EU VOU DIZER PRA MINHA MÃE NÃO CHORA.
2582612,Nunca vi mulher tão atraente.
2582891,Cartola é arte pra ficar.
2583235,"Oyá, Oyá, ela é dona do mundo."
2583239,"(Oyá, Oyá, ela é dona do mundo)."
2583721,"Beth foi nobre e soltou todo mundo, cheia de moral."
2583816,Olha que o pirão da tia chica.
2583894,"ele é rei, coroado pela gente..."
2583921,Ele é rei de.
2584375,Só porque em outro samba eu pedi para um homem não ser condenado.
2584404,Sou um homem decente.
2584977,"Doutor, este homem é inocente,."
2585205,Fofoca pra mulher é feio.
2585302,Mas ele era chamado: o gente fina.
2585322,Mas agora ele é chamado de maluco.
2585364,só que a justiça dos homens é cega.
2585394,Só porque grampeei um rapaz boa pinta.
2585726,Quando agente era namorado era tão legal.
2585868,"E, certo de ser um homem feliz."
2586270,Hoje eu vou casar de qualquer jeito só mulher bonita.
2586273,ela é muito linda ela é verdadeira.
2586274,"essa mina é loka, passa geral."
2586278,essa mina é loka passa geral.
2586285,"tem mulher bonita, hoje eu vou casar."
2586288,"tem mulher bonita, hoje eu casar."
2586907,"Que garota tímida, ela é santinha."
2587193,Ela é sua amiga e veio só cumprimentar.
2587302,"Ore,moça bonita não chore."
2587656,"Se a cruz pesada for, Cristo estará comigo."
2588383,Vem menina linda minha cinderela.
2588568,"Essa menina é bonita, é gostosa de mais eu parei foi na dela."
2588579,tá gostoso mãe tá bom de mais o movimento.
2589180,"Ela já foi solteira, já foi casada, já foi patricinha."
2589181,"Essa mulher é freteêra, essa mulher é gamada na minha."
2589184,"Ela sabe que eu sou é gostoso, essa mulher é parada na."
2589187,"PaNHo, PaNHo, PaNHo, PaNHo ela gostoso de jeito."
2589190,"Ela já foi casada, já foi solteira, já foi patricinha."
2589191,"Essa mulher é freteêra, essa mulher é parada na minha."
2589194,"Ela sabe que ele é gostoso mais ela é parada na minha,."
2589351,"brother tá feliz, estas negativo assim por favor sai."
2589979,Ele é parceiro é amigo.
2589982,Ele é igual a todo mundo.
2589987,Ele não é bandido.
2590001,Ele não é dono da verdade.
2591117,És a musa brasileira.
2591224,"Ele é meu andor, minha fé."
2591467,"Que não é sonho meu, pois ela é real."
2591491,Sonha nossa terna mãe baiana.
2592166,Se curvam para o rei sambar.
2592186,O rei sambar.
2592350,Ela é ruim de sair.
2592353,Ela é pedra no sapato.
2592357,Ela é coisa do além.
2593016,Caguete é caguete mesmo.
2593112,"Doutor, este homem é inocente."
2593797,"Mulher gorda, burra e feia,."
2593978,Só quero garota nova não conheço meu lugar.
2594093,Mulher feia e um homem disposto.
2594132,Disse que ele foi escravo mas não se entregou à escravidão.
2594147,ELE É O CAMINHO DA GLÓRIA.
2595318,Ele é fogo na lenha.
2595535,"Ê ê tem moça bonita querendo casar, na zueira."
2596017,um homem vencedor.
2597143,E ela ainda é uma princesa.
2599864,Essa menina cheia de encantos que chegou por aqui.
2600295,"depois que ele for eleito dá aquela banana pra você,."
2600302,E depois que ele for eleito não arruma emprego pra você.
2600420,"Ela é uma pancada na canela, uma espinha na garganta, ela é carne de pescoço."
2600434,"Ela é uma pancada na canela, uma espinha na garganta."
2600435,ela é carne de pescoço.
2600634,Abel foi morto meu amigo.
2600834,Homem é homem e boi é boi.
2601752,O meu papo ele é verdadeiro.
2601764,Senão o senhor também é sacaneado e volta batido pedindo socorro.
2601825,Olha aí o meu papo ele é verdadeiro se liga.
2602499,e o moço esperto gritava.
2602613,porque ela é a cultura do povo.
2603302,"Ela roda, ela gira e para."
2603311,"Ela roda, ela gira."
2603505,E ele ainda bate forte por você.
2603920,"Jane, deixa eu ser seu homem aranha."
2605084,"sou homem maduro mas na sua frente,."
2605287,A garota mais bonita.
2605291,Deixe eu ficar do seu lado menina faceira.
2605559,Na comunidade ele é considerado.
2605588,[Refrão]E...Na comunidade ele é considerado.
2606252,E ela fica mais dengosa quando sente esse poder.
2606944,"Ela não é mole, não."
2607009,SEMPRE PROCURANDO MAIS ELA NÃO VEM.
2608070,"Oba, que mulher boa, acho que é da favela, pois ela tem samba no pé (2x)."
2608548,Ela é negra do cabelo loiro.
2608549,Ela é branca do cabelo black.
2608550,Se ela é índia ela pode usar dread.
2610543,Deus homens ingratos.
2610729,"O melado escorreu, juntou gente, e aí no meio as mulheres nervosas ""ai, meu."
2610799,e da menina mais bonita.
2611026,E a moça tão bonita à sombra se deitou no guarda-sol multicor.
2611575,Mas nem todos eles juntos.
2612293,Kiki mulher sensacional.
2612359,Lampião era poeta.
2612482,nunca foi homem valente.
2614052,E o senhor é meu pastor.
2614646,Mas o homem bom que tem o cântico não cessa.
2614667,Mas um homem sábio não age na emoção.
2614954,Quando eu saio na rua eu deixo as menina louca.
2615270,Ele é brabo de lá tcheca.
2615282,"Beija, beija, beija ai que novinho maluco."
2615643,Essa mina é braba.
2615663,Porque ela é top e não pode parar.
2615698,porque ela é top e não pode parar..
2615741,"ela desce, ela sobe, ela quica, ela treme ao som do."
2615747,"esculacha, essa menina é treinada."
2616593,Piranhao é moleque piranha.
2616613,Piranhao é muleque piranha.
2616788,Elas ficam loucas e o baile fica maluco (vai).
2617145,Leandro é ator.
2617309,"essa mina é bombada, olha só mais que pernão."
2617423,Esse é desacreditado e ele ramelão.
2617638,As mina aqui presente vão quica e vão senta.
2617868,Essa mina é garota atrevida.
2617872,Ela é foda com seu rebolado.
2617902,"Ta pensando que eu vou aturar,um marido galinha?."
2617903,"Vai tomar no c*,vou criar a minha filha sozinha."
2618053,As meninas solteiras dançando pros mais mais.
2618073,Um dia ele chegou tão diferente do seu jeito de sempre chegar..
2618355,É um homem perfeito.
2618525,As meninas estão loucas.
2618556,Vai procurar mulher bandida..
2618647,Procurei não encontrei só tinha homem galinha.
2619170,Do homem chileno e do homem brasileiro.
2620264,"Porque a poesia foi para mim uma mulher cruel em cujos braços me abandonei sem remissão, sem sequer pedir perdão a todas as mulheres que por ela abandonei.."
2621210,Se passa do prazo nois vai torturaa.
2621308,"Brasília, pernambuco, mina gerais, porto alegre, salvador."
2621327,"Bh, concórdia, pompeia, senhor marajá e milionários."
2621880,Minha palavra de homem é meu investimento.
2622262,Loucura do louco homem louco ice redbull com tudo.
2623501,Garota impossivél do sorriso incrível.
2623778,"Moleque é zika, é treta.."
2623865,Vem garota linda.
2624125,Ó o naipe do mano que tá no piloto e fala que ele é foda.
2624146,Aí se o homem é prostituto.
2624148,Mas a mulher prostituta.
2624150,ela é atriz de filme pornô.
2624412,Will é puro se andar na linha ganha condição.
2624510,"Mulher é igual cachaça, toda esquina acha."
2624533,"Altas minas gatas, corpo de modelo."
2624602,Nós pensa que ela é toda gostosa.
2624771,Ela tá descontrolada.
2624893,Eu amo essa vida mesmo ela sendo cruel.
2625132,ganha 10mil ele é o cara..
2625387,"Essa mina é muito loca,."
2625571,"Nando, Clodo é aliado."
2625704,"Eu penso que ela é toda gostosa,."
2626061,Ela é muito mais bonita.
2626113,Meu namorado é maior otário.
2626115,Se ele fica cheio de marra eu mando ele pra cozinha.
2626127,"Ai caralho, que mina maluca."
2626131,"Novinho interesseiro, eu vou te deixar forte."
2626416,Essa garota é chapada e ta euforica.
2626655,"Hoje é baile de favela, ela já tá doidona."
2626660,Até mulher casada tá perdendo a linha.
2626664,Ela quica no.
2626718,"Levar, essa menina faceira,."
2626719,"Garota namoradeira,."
2626727,"Ela é sapeca, yá, yá..."
2626732,"Ela é sapeca yá, yá..."
2626751,"E vou levar, essa menina faceira,."
2626775,Que é só menino bom.
2626820,Essa menina é cheia de marra.
2626823,Essa mulher é uma danada.
2626827,Ela é muito novinha.
2626840,Ela é funkeira.
2626959,Sou mulher destemida.
2627009,Os meninos são treinado e vão ganhar seu coração.
2627083,"Uma menina linda, toda delicada."
2627085,"Sei que ela é difícil, mas não é impossível."
2627134,Essas mina é foda.
2627167,Essas mina é foda mané!.
2627408,Não tá nem ai se você é homem casado.
2627471,"Ela é muito braba,ela é muito braba.."
2628259,Oxum era rainha.
2628576,"Que o homem molesta – que o homem não presta, não presta, meu."
2628623,"Dos meninos velhos, dos homens humilhados – sede enfim."
2629349,"Que o homem molesta — que o homem não presta, não presta, meu."
2629396,"Dos meninos velhos, dos homens humilhados — sede enfim."
2630660,Ela é burguesinha eu sou pobre loco.
2630698,Garota envolvente.
2630907,"Lembro como se fosse agora, um menino pequeno,."
2631480,"Nois é quebrada, nois é zul, norte e oeste, kelvinho e daleste,."
2631649,assalto pike homem bomba.
2631770,ele é suficiente.
2632333,"Daleste: Ahh mano tô daquele jeito né mano,aqui dentro nem pude da o último adeus pra minha filha tá ligado pra."
2632543,Que mina maluca.
2632689,"Ela é mala, ela é."
2633641,Essa menina cheia de amigos.
2633763,"Chavinho guerreiro bolado, colado é nois tá ligado."
2633858,Abercrombie ftich meninas solteiras.
2634047,"nois malha, nois dança, nois é sensual."
2634052,ele quase ficando doido.
2634137,Todas meninas top do momento.
2634180,Meninas solteiras o baile é de vocês.
2634433,"Ela quebra, ela quica, ela desce até o chão."
2634454,Que garota louca crazy.
2634605,Ela é piriguete mas tem a postura.
2634654,Oakley sempre vai ser oakley.
2634660,"Os garoto são foda, as mina são zika (2x)."
2635042,Mas ela ja sabe que ela é top instiga..
2635053,"Sou mulek envolvente ,canto funk conciente ,sou menino adolescente da cidade , de tiradentes ,da cidade de tiradentes.."
2635114,Os menino bom.
2635588,"Essa mina é uma loucura, sabe porque?."
2635907,repletos de homens vazios.
2636392,"Sim, seria extremamente preferível se mantivesse ela reclusa em andar térreo e intramuros num ambiente azul de paz e música.."
2636883,"Cegai os olhos da mulher morena,."
2636884,"Que os olhos da mulher morena estão me envolvendo,."
2636887,"Cortai os lábios da mulher morena,."
2636892,"Cortai os peitos da mulher morena,."
2636893,Que os peitos da mulher morena sufocam meu sono.
2636897,"Salva-me dos braços da mulher morena,."
2636902,Compra o meu corpo da mulher morena.
2636906,Reza pra ir embora a mulher morena.
2636909,Que a mulher morena está encurvando meus ombros.
2636913,Daí morte cruel a mulher morena.
2637276,"Sorrirá: — Rei morto, rei posto...."
2638819,Elas ficam loucas.
2639238,Ela tá tarada.
2639293,Pois essa dança ela não é mole não.
2639510,Ela rebola eu fico louco ela mexe bem gostoso a danada.
2639525,"Ela é uma delícia, sensualiza quando senta."
2639583,Cola com os menino bom.
2639774,"O Dedé tá maluco, o."
2639775,Dedé tá maluco.
2641430,Cristo foi ressuscitado.
2641717,Ela caminha contente e gosta de sambar.
2642042,"Que mina sinistra, que mina sapeca."
2642140,pode ter certeza que esses menino é foda.
2642265,"Essa mulher é maravilhosa, é bonita."
2642470,Ela é tinhosa e gulosa dá de frente de costas de olho grande pede mais bitoca.
2642471,Melhor que isso só dois disso antes de sentar rolou aquele buchicho ela é tinhosa e manhosa.
2642503,Ela é minha metade.
2643008,Mulher esperta é assim.
2643118,Tenho uma amiga que ela é muito estranha.
2643120,Tenho outra amiga ela é muito engraçadinha.
2643122,Eu tenho um amigo que ele é muito engraçado.
2643124,"Ele passa geral ri ela pergunta: ""O que é que foi?"
2643188,"Beyonce é apertada então me trata com carinho,."
2643383,Sai da frente que ela é fita.
2643476,Pode avisar ela que ela tá acabada 2x.
2644569,"Sei que ele é vagabundo, depois que tem o que quer."
2644956,Essa mulher é maravilhosa e ta me dando bola.
2645033,Mas ele foi grosso e te fez sofrer demais.
2645063,Ela veio louca pra abalar meu coração.
2645179,E que fiz ela infeliz.
2645226,Ela é empolgante ela sabe fascinar.
2645228,Se tomar umas beritas ela fica doidinha.
2645260,Eu acho que encontrei a minha garota ideal.
2645265,Ela é doce ela é pura ela é uma tentação.
2645277,Ai que coisa louca essa mina é top sim.
2645355,"Ela é loka, loka muito loka."
2645362,Ela é loka.
2645363,Ela é muito loka.
2645453,Essa mina já tá crazy.
2645460,Ela já tá louquinha e tá descendo até o chão.
2645774,Tudo com ela é inteiro e com prazer.
2645808,"Mulher bonita, praia, samba e futebol."
2645860,Toda saliente menina envolvente.
2646269,Dedinho na boca ela tá louca e joga o cabelo.
2646272,Essa mulher maravilhosa quer me provocar.
2646276,Pra confirmar que ela é garota tentação!
2646380,Ela é tão linda seu corpo me atrai.
2646562,E todo mundo tá de olho ela é fenomenal.
2646566,Quero comprar pra ela algo lindo inovador.
2646585,Esta garota é bagunceira.
2646760,Garota estudiosa menina boa de vida.
2646820,Olha que menina louca.
2647439,por que ela é terrível.
2647505,Mas em casa ela é diferente a novinha quer pagar de.
2647510,caia ela é piriguete.
2647651,Adoro quando ela impina.
2647653,ELA É GAROTA DE ESTILO.
2647668,Ela é garota de estilo.
2647747,Ela fica louca ao som do tamborzão.
2647751,Ela é made in.
2647809,Essa garota garota garota.
2648228,Chama as meninas deixa elas loucas.
2648235,Elas já fica louca pra ser mulher do patrão.
2648289,Se sua garota é santinha manda ela ir rezar.
2648307,Se sua garota é santinha bota ela no altar.
2648831,E que rapaz pobre não tem coração..
2648856,E que rapaz pobre não tem coração.
2649173,"Ela é negra, negra, negra, como a noite."
2649177,"Ela é quente, quente, quente, como um dia de verão."
2649793,Ele é mesmo bom de samba e de bola.
2649959,Sei que ele está faminto.
2651082,Sou o homem certo (e você bem sabe).
2651180,Mulher bonita a gente sempre vê no jornal.
2652433,"Se ele é preto, branco ou amarelo."
2653627,Como mulher fatal.
2654221,Odoratas com defeitos e homens perfeitos.
2654233,Barracudas deprimentes e homens inteligentes.
2654507,"Uma ponta de saudade, de quando ele era mocinho.."
2654574,E com fé aprendi mãe querida.
2654670,Vou pro quarto e eis que em minha cama ela sorri tão bela.
2654975,Eu sou um moço velho.
2655404,Uma mulher pensativa andando na solidão.
2656630,"Ela é uma mulher, que sabe o que quer, e no amor acredita."
2656634,Se ela vive feliz ou espera de novo encontrar outro alguém.
2656637,"Retoca a maquiagem, cheia de coragem, essa mulher bonita."
2656669,Sei que garota igual a você na lua não tem.
2656709,Quando uma mulher pequena.
2656731,Coisa de mulher gostosa.
2656736,Coisa de mulher pequena.
2656740,Por você mulher pequena.
2656880,De um rapaz novo e encantado.
2659236,mas dizem que nem toda mulher é santa.
2659239,Nas mulheres santas que amei....
2659244,A mulher é uma santa nuclear.
2659283,O seu homem mulher.
2659297,Sou seu homem mulher.
2659481,Só porque ele é casado.
2659482,E porque ele é casado.
2659747,E homens perfeitos.
2659767,E homens inteligentes.
2659910,Quando a mulher ciente da beleza.
2660286,E faz garota desmaiar.
2660436,"Nesse dia, porém, o homem mau tremeu."
2660447,"Quando um grito se ouviu, o homem mau morreu."
2660448,Essa é a história de um homem mau !.
2664240,De tudo ele é capaz pra não sofrer jamais a dor da despedida.
2664856,ela é uma mulher e precisa ser amada.
2664862,ela é uma mulher precisa ser amada.
2664899,E o povo gritando que ele era o maioral..
2664924,Falta pouco para ele ser o maioral.
2664991,Ele estava apaixonado.
2666253,"Uma garota linda, como eu sempre sonhei."
2666567,"Que ele é tão maravilhoso, por que."
2666774,"Meu afeto, meu amor, fizeram de você uma mulher feliz."
2666996,Ele é o caminho que leva ao.
2667271,Ela é igualzinha ao meu grande amor.
2667561,"Olhe só quem quiser, menina mulher,."
2669215,Quando ele é bom pra dois.
2671850,"Senhor juíz, eu quero."
2671868,"""Senhor juíz, eu sei que o senhor é bonzinho."
2671917,Ela foi encantada.
2672951,Ele é meu amor ele é tudo para mim.
2673373,"Com ele sou feliz,."
2674397,E no trem que eu viajei conheci um moço triste que a.
2674688,Se ele é sincero eu não sei.
2674691,Se ele é estudante eu não sei.
2674692,Se ele é flamengo eu não sewi.
2674693,Se ele é poeta eu não sei.
2674704,Se ele é baiano eu não sei.
2674717,"Ele é o meu amor, e meu amor por ele é forte."
2674981,O A valsa dos namorados contigo.
2674986,A valsa dos namorados contigo.
2675018,A valsa dos namorados contigo....
2675484,Se ele é feliz.
2675888,O rei momo é sempre gordo.
2676258,A ganância do homem branco.
2676262,Na cidade do homem branco.
2676274,"Mulheres tagarelas,."
2676289,Nem mesmo o homem branco.
2676852,Ela agora está sozinha.
2677949,"Marias, moças sombrias."
2678504,Vai refazer sua cerviz ele é fiel.
2678620,"Pegue esta estrada, ele é o caminho."
2678980,Deixando a roda moça menina.
2679081,"Vem cá menina triste, vem, vem me contar."
2679323,Um menino normal que vivia muito bem.
2679331,O menino normal que vivia muito tem.
2679349,O menino normal está vivendo muito melhor.
2679444,"Ele não é um astronauta, não."
2679833,mas um homem bem comum.
2680174,Os reis antideluvianos colonizaram o mundo.
2680718,"Nesse dia, sei que então, cada homem é um irmão."
2680776,ganha a menina mais linda do reino.
2680830,Pois ele é bobo é bobo demais.
2681843,"Por um rapaz rico e famoso, famoso."
2682262,ouvidos e ele veio então muito zangado.
2682301,Mas no fundo eu sei que ele tem bom coração.
2683867,Com ar de moço bom.
2684427,e depois da aula na bola era o tal quebrar as vidraças para ele era normal.
2685097,Menina feia que mora.
2685101,"menina feia,."
2685108,menina feia um dia.
2685113,menina feia.
2685302,Menina linda eu lhe adoro.
2685980,"Gostou de mim e percebe, emfim, que ele fora um homem mau."
2688875,Você canta pra menino triste.
2689600,Veja como ele é bonitinho..
2690384,"Virgem, menina morena,."
2690577,"Ela é minha vida, Ela é o meu amor."
2691122,Mas ela é tão linda.
2691123,"Mas ela é tão linda, ah ah, ah ah."
2691132,Mas ela é tão linda...
2691142,Que só ela é dona do meu coração.
2691305,"Ele fica contente, e sai do centro de sua casa."
2691540,Uma mulher perigosa.
2691984,Pois ele sozinho.
2693094,Um homem pobre vira.
2693172,"Ele é tenaz, não tem paz."
2693357,Talvez elas sejam a culpa.
2693388,As moças mineiras tem riso nos olhos.
2694722,Quebrar as vidraças para ele era normal.
2694775,"Menina linda eu lhe adoro, ah,."
2694776,"Menina pura como a flor, oh, oh, oh,."
2697024,Sou homem maduro mais na sua frente.
2697245,Minha musa louca.
2697739,"Que só ela é a dona do meu coração, coração."
2697825,Que ela não esquente.
2698503,Quando ele é feliz.
2700253,Só mulheres sensuais.
2700284,Ela vem dançando louca.
2700670,"Que mulher gostosa, ela é do bonde do bumbum."
2700925,Mulher não é bagunça.
2700971,ele diz que ela é larguinha.
2701417,Nada pra ele é ruim.
2701962,Mulher briguenta e ciumenta igual a você.
2702642,"No teu colo, mãe serena."
2703157,Nêgo era moço.
2705090,Ela era rainha da beleza.
2705345,Sou menino passarinho.
2705667,"Ah, eu tenho o marido pobre."
2707600,Dessas mulheres gentis.
2707858,"Mas, cuidado amigo ela é bonita."
2707859,Ela é mulher.
2707932,"É ela, moça branca da favela."
2708183,E um homem velho se acercou.
2708838,Minha mãe é mais bonita.
2708984,Senhor bom.
2709318,Ô que garota boa.
2709385,"Ela é a dona de tudo,."
2709386,"Ela é a rainha do lar,."
2709389,"Ela é a palavra mais linda,."
2709718,Se ela ficar sozinha.
2709901,Ela é feita de aroeira.
2710226,Ela é canção que faz feliz.
2710250,Ela é a razão e é motivo.
2710253,Ela é a flor e o espinho.
2710254,Ela é a pedra e o caminho.
2710599,"Bendita és, porque hoje eu sou o homem mais feliz."
2711903,Viver sem ela é tão triste.
2712323,Ela era toda feita de carinho.
2712324,Ela era a inconsciência do pecado.
2712476,Tu sabes bem que ela era minha vida.
2713417,Minha princesa real.
2713930,Passou-se o tempo e aquele moço jovem.
2713945,Pois este homem é meu paizinho adorado.
2714233,Ela não está comigo.
2714245,Mas ela é comprometida.
2714414,Na santa fé religiosa à ninguém ela foi infiel.
2714457,Ela era tão arisca.
2714584,Minha mãe é lavadeira.
2714587,Ela é muito pobrezinha.
2714898,"Titio é mineiro, titia é baiana."
2715201,São moças bonitas merecem coroa.
2715203,Dama brasileira.
2715310,Nos braços de moça rica eu sempre fui o galã.
2716414,Ela mesma há de me ensinar.
2717984,Ela é feliz.
2718624,Garota bonita que anda a procura da felicidade.
2718627,Garota bonita muito cuidado com o seu coração.
2718866,Onde sou o rei vagabundo.
2719245,Pobre mulher indefesa deitava de luz acesa.
2719451,Aquele homem ateu.
2719483,Ele era competente.
2719485,Que ele era delinquente.
2719489,Margarida moça rica.
2719553,A sua esposa está sozinha em seu lar.
2719619,Certo dia o marido muito bem intencionado.
2719671,Nunca vi mulher baixinha.
2719787,Olha seu moço como é linda a natureza.
2720047,Pra ser filho de uma mãe tão boa.
2720242,Que o senhor foi eleito.
2720278,Que menina ingrata que me faz sofrer.
2720355,Deixei a esposa mais independente.
2720380,Vi um menino boiadeiro e conheci certos sinais.
2720444,"Para levar meu afeto à você, mãe brasileira""."
2720517,A moça ficou doente do grande susto levado.
2720626,Deus do céu ela não quer mais voltá.
2720689,Pobre mulher indefesa.
2720920,Isso em mulher é comum.
2721386,Contigo eu sou um homem completo.
2721423,Marta vão teus olhos divinos.
2721610,Porque margarida é bela.
2721612,Margarida é tão sincera.
2721991,Ele é um homem.
2722539,Do cavalheiro espanhol.
2722762,"Pois ele sozinho não sabe onde ir,."
2723448,Viver sem ela é tão triste....
2723616,Maria era esperta..
2723824,Perfume de mulher bonita.
2723962,És a mulher mais ingrata.
2724305,Oh senhora viúva.
2724877,Minha mãe era viúva.
2724994,Com ele foi sepultado seu amigo violão.
2725054,"Oi minas gerais, oi minas gerais."
2725086,Oi minas gerais.
2725544,A moça inocente leu.
2725660,A uma mulher muito trabalhadeira.
2725696,Sem ela não vivo e nem quero ter.
2725842,Mas existe uma inocente que é nossa filha legitima.
2725843,Ela não deve ser vitima da nossa desunião..
2725880,E no meio dos convidados um garoto estava presente.
2725881,Sem saber que daquela união ele foi culpado inocente.
2726011,Essa mulher é uma coisa mandada.
2728169,"Menina moça, coração à palpitar."
2728697,Minha musa inspiradora.
2729522,"Que esta mulher é vulgar,."
2729524,"Ela talvez não disfarce,."
2729767,"Como deusa, ela surgia divinal."
2729849,"Mulher estranha,."
2729920,Na minha imaginação / Uma mulher diferente.
2729924,Essa mulher fantasia / Dei-lhe a voz de.
2730130,"Ela hoje é diferente, da santa que eu vi rezar.."
2730252,"Ela é uma estrela,."
2731301,Uma menina ceguinha que uma esmola pedia.
2731331,Mas de quem ele tanto amava ele foi abandonado.
2731391,"Minha mulher é bonita, eu sou amado por ela."
2731392,Ela é dona da beleza e eu sou o dono dela..
2731400,Logo chegou uma garota delicada.
2731465,Minha mãe não fique triste me aperte em teus braços.
2731519,"Oi menina bonita, oi, não me trate assim."
2731536,Ele disse pra esposa querida.
2731546,A senhora fique sossegada.
2731706,"Uma mulher pobrezinha vivia no povoado,."
2732053,De um menino muito humilde e pobrezinho.
2732062,Ele foi atropelado no atravessar a rua.
2732230,"Caim, Abel é nome de santo."
2732323,Ouça mulher querida.
2732332,E é a mulher mais bonita que existe.
2732335,Se alguém conhecesse a mulher bonita.
2732340,Era pra ele a mulher mais linda.
2732348,Ela é a mulher mais bonita do mundo.
2732383,Ela é uma boneca.
2732390,Se eu ganhar essa garota sou feliz como ninguém.
2732402,"A garota é fascinante, é mesmo uma tentação."
2733732,"Mulheres bem vestidas, alegravam o visual,."
2733844,E ela é nobre.
2735061,Mas o homem criminoso e pecador.
2735527,Mangueira sou um rei vagabundo.
2737882,"Ai, mulher estrela a refulgir."
2738344,"Eu sou plebeu,ela é nobre."
2738820,"E o homem forte,."
2738847,Se ela é uma jóia bem feita.
2740494,que ela possa ser feliz sem meu afeto.
2740640,"Se ela é falsa, deixa a tristeza comigo."
2740876,Quando ele passa tão sozinho e distraído.
2742033,Porque hoje sou um homem mais feliz.
2743046,Mulher casada.
2743053,Homem casado sozinho.
2743432,Sinhá moça chorá.
2743657,E ele vaga solitário nas calçadas.
2743847,Caim era lavrador tinha o coração cruel.
2744026,Sem ela vivo louco de ciúme.
2744051,Eles dizem moça prosa.
2744360,Mora uma moça bonita.
2744708,Sei que ela é brasileirinha.
2744710,Moça pobre mas tem linha.
2744712,Ela ser minha rainha.
2744766,Mulher séria não enxerga.
2746305,Por que ele vive assim tão triste a suspirar...a palpitar...desesperação.
2747315,O rapaz é meu amigo.
2747607,ela também estava perdida.
2747815,E o rei momo.
2748075,Mulher é uma mulher igual às mais..
2748134,Ela é santa e eu pecador.
2749362,Quando ela está sozinha.
2749484,Diz que ela véve no abandono não tem dono.
2749991,E ela sendo mulher acreditou.
2750934,"Por ela vivo aos trancos e barrancos,."
2750985,Ela era linda um primor de amor.
2751672,Ele deixou minh’alma ferida.
2752318,Ela é boa mas é minha.
2752321,Eu já sei que ela é boa.
2752327,Você disse que ela é boa.
2752359,"O homem é produto,."
2752449,Que ela é minha patroa.
2752538,"Quando um homem está perdido,."
2752592,Todas meninas são colombinas.
2752802,Que ela fosse má assim.
2753208,Na roleta ele é um pente fino.
2753399,"Rapaz casado com dez filhos, sem tostão,."
2753588,Com as qualidades de moça formosa.
2754681,E ele fica impertinente.
2755446,querida tenho horro de lembrar que te amei.
2755495,"Senhor delegado,."
2755505,"Uma mulher doente,."
2755726,Por te querer se torna o homem passional.
2755897,E em casa a filha assim pequena.
2756217,E ela mimosa.
2756492,Uma mulher volúvel infernal.
2756539,"Nas garras de um vizinho, de um homem bestial!."
2756643,E ela jurava eterno afeto a mim.
2757126,cujas glórias hão de colher os homens grandes.
2757441,Como a vida do homem é cruel.
2757442,Se ele é fraco de idéia.
2757532,Que mulher engraçada e adorada.
2757784,Mulher igual para a gente é uma beleza.
2758162,Reparei que ela era uma mulher.
2758417,Boneca de louça é menina moça.
2759541,Onde a cor das mulheres morenas.
2759982,Ela tava tão bonita.
2760285,"""Muito em breve, mãe querida,."
2760385,Mas não quer saber de fita nem com mulher bonita..
2760386,Sei que ele anda agora aborrecido.
2760661,Essa moça era querida.
2760859,Foge das meninas boas.
2761662,de moças bonitas.
2761994,De tua mãe inteiro o coração.
2762425,"de que por ti, garota linda, fui amado."
2762669,Mulher mimosa flor.
2762894,Onde as mulheres são mimosas flores.
2763666,"Vá dizer que ela é a razão dos meus ""ais""."
2764037,Que no samba ele é rei.
2764123,Eu quero uma mulher bem nua.).
2764187,Se eu homem branco.
2764272,Rapaz bonitinho.
2764939,O Lourival sempre foi abobalhado..
2766131,"No teu beijo, mulher fantasia."
2766433,"Um moço rico, aventureiro."
2766913,Mas que garoto tão perverso e tão malvado.
2766918,Eu nunca vi um garoto tão judeu.
2767063,Que ele tá cheio da razão!.
2767827,De rapaz solteiro.
2767957,Eu sou um rapaz bem-educado.
2768961,"Se ela é falsa, deixa que seja comigo."
2769316,"Ela é minha mania, destino, caminho, meu luar."
2770436,Ela estava tão bonita.
2770495,Quando ele está solitário na dor.
2770603,"Para a musa sonhadora,."
2770711,Sou um homem triste perdi minha paz.
2771461,"Ela é a luz que ilumina meu ser, sem seu amor não sou nada."
2772787,Foi só para que ela fosse feliz.
2773077,Meyer é brinquedo.
2774773,"Da querida normalista, e da operaria gentil,."
2775038,"Ana maria, mulher mistério,."
2775106,"Ela é tão rica, e eu tão pobre,."
2775107,"Eu sou plebeu, e ela é nobre."
2776428,Menina saculejadeira você hoje esta pra mim.
2776431,"Menina saculejadeira, sacolejo com você a noite inteira."
2776535,"Ó, menina bonita não dorme na cama."
2776539,"Ó, menina bonita, formosa, brejeira."
2776720,Garota boa vamos farrear.
2776797,"Eu quero uma garota assanhadinha, com a ""carça"" apertadinha."
2776812,"Twist, dança, que moço bonito."
2776820,ininha de tanto ela twistar.
2776865,Homem velho e solteiro é piada.
2776913,Veja o senhor como é grande a minha mágoa.
2777050,Surubim que é homem destemido.
2777185,Que ela é muito boa.
2777665,Ele bonitinho e todo pretinho.
2778084,Ele ficou curado.
2778367,Ele é o marido dela e ela é sua mulher.
2778417,"Mulher bonita, perna grossa e corpulenta."
2778420,"Mais mulher magra, perna fina é desaforo."
2778460,Ele é muito conhecido na princesa do sertão.
2778467,Izael foi convidado pra fazenda.
2778534,Rita caxeado que mulher afoita.
2778707,Mulher bonita da dor de cabeça.
2778709,Por isso eu prefiro uma mulher feia.
2778713,Não estou falando da mulher bonita.
2778831,Muito homem valente desmaiou.
2779212,Ele é o protetor do povo.
2779213,Ele é o dono do lugar.
2779225,É porque ele é o protetor do povo.
2779372,Porque ela é mulher muito exigente.
2779413,São os homens lavradores.
2779568,Um homem bravo nunca deu e nunca apanhou.
2779633,Eu vou casar com ela é minha obrigação.
2779685,Essa mulher é uma loucura em minha vida.
2780536,Até o homem aranha não acreditou.
2780711,Casar com mulher alta não me convém.
2780719,Casar com mulher gorda não me convém.
2780720,"Não me convém, mulher gorda não convém."
2780723,Casar com mulher magra não me convém.
2780724,"Não me convém, mulher magra não convém."
2780731,Casar com mulher velha não me convém.
2780816,Minha menina sapeca.
2781093,Ele já tá decadente e ela só tem dezesseis.
2781096,Ela é muito boa e inteligente.
2781200,"Ele é bonito, ele é cheiroso."
2781220,Eu vi menina fêmea se expremendo.
2781452,A moça tão direita.
2781892,Paulo sou corintiano.
2782150,"Menina bonita, meu bem."
2782626,"Muito confete, mulher cheirosa."
2782707,"É doloroso, seu moço, a vida da mãe solteira."
2782710,"Ai, ai, ai, como sofre a mãe solteira."
2782725,Pois a mãe solteira também é mulher.
2782767,Ela é costureira e faz crochê.
2783933,ONDE ELA ESTÁ.
2784118,Hoje ele vive amarrado pelo meio.
2784121,Ele hoje é bastante educado.
2784175,Ela grita ta raspado.
2784188,Homem bom e respeitado.
2784199,Eu vou comprar uma mulher inflável.
2784306,Minha avó é africana.
2784308,E a minha mãe baiana.
2784434,Só casa com homem loiro.
2784462,Ô menina linda.
2784686,Ela tá muito doente.
2784779,Me chamam de homem durão.
2784797,Eu não sou um homem mal.
2784858,Zeca é preto que só carvão e.
2784859,"Zefa é preta que só quixaba,."
2784918,Mulher namoradeira.
2784924,Ninguém segura mulher namoradeira.
2784954,Tem mulher boa do bairro de.
2785071,Ele voltou ligeiro para a.
2785269,Ele nunca quis ta duro.
2785618,Meu coração feito menino pequeno.
2785983,Menina linda não sei viver.
2785995,Um menino bagunceiro que agora busca o sossego.
2786007,Sou animal menino bicho.
2786014,Menino bicho acostumado.
2786215,Menina moça e rapaz.
2786238,Ele é parente da rumba e do mambo.
2786374,"Prende mulher arruaceira,."
2786621,Eu fiquei iludido pensando que ela fosse a patroa...
2786674,Lá ele é doutor.
2786723,"Este home é danado, ele é quente demais."
2786724,No samba de roda ele é o satanás.
2787195,Descobrir se ela estar feliz.
2787504,Pra não se envolver com um homem casado.
2787690,As mulheres são falsas.
2788128,Maria é muito cabeçuda.
2788141,Ela é banda voou.
2788188,"Olhe seu padeiro, parece que ela é louca."
2788254,ELE INSISITIU E CHEGUEI A CONCLUSÃO.
2788554,Tocando pro rei leão.
2788681,Não tem mãe preta pra fazer feitiço.
2788749,"Até logo é ciao, rapaz é boy."
2788830,Eu to achando essa menina diferente.
2788905,Eu sou um homem decente.
2789074,Quando ele era rapaz.
2789128,Que o homem feliz não usava camisa.
2789206,Com o gabriel lenner ela linda com meu bem.
2789443,"Você é minha rainha menina, minha parceira no forró."
2790207,Ela é americana da.
2790211,"Ela é bacana, linda pra chuchu."
2790688,E quem diz que hoje ele é descartável.
2790867,Deixava ela sozinha por causa dos esqueminhas.
2790872,"Quando o homem é cachorro e galinha, aí ela trai."
2790915,Que nem a sua tia chata que irritava a gente.
2790983,Sou um homem novo.
2791174,Com um balde de cerveja pas minas ficar maluca.
2791177,To beijando as minas pra elas ficar maluca.
2791527,Ela foi vista lá no bolo preta fazendo passo.
2791628,Isso é que é ser um homem bom!.
2791703,Maceió ele queria aracajú.
2791719,Ela bate mais forte que eu.
2791724,Ele é bem redondinho.
2791906,Triste da moça solteira.
2791925,Vige como é bom.
2791944,"Ele é pernambucano, do canavial."
2791963,O almirante diz: ele é nacional.
2792239,"Mas a moça muito viva, gritou no mesmo momento."
2792509,"Essa gatinha é louca, que menina safadinha."
2792517,"Essa gatinha é louca, que menina assanhadinha."
2792663,"Ele é o gostosão, ele é o."
2792988,Mulher só presta boa.
2793014,Ele é o cara.
2793022,"É serio, mais na cama ele é rei."
2793623,"Mostra aonde ele está pai, Salva-me desta hora."
2794074,"- Escuta, tem tanto cavalheiro bom ai na sala dançando."
2794108,"Ela é babá, ela é babá de gente bacana."
2794124,A menina é azarolha.
2794234,Com sua esposa querida.
2794395,De moça nova ter mais de dez namorados?
2794398,Qualquer rapaz para ela estava bom.
2794968,Ele é ingrato!.
2794997,Ela não tá sozinha é melhor se preparar.
2795753,Querem te destruir seja firme e acredite que jesus está contigo você pode.
2796088,Mas tem homem capaz de fazer tudo doutor.
2796278,O homem é o rei dos animais.
2796688,"Quero esta loira, que ela é safadinha."
2796989,"Senhor seja o centro de tudo que sou,."
2797017,"Ele é fiel,."
2797438,De menina boba e cedo à paixão.
2797487,Ele é fiel e toda tua lágrima enxugará.
2797618,Ele é mesmo protegido.
2797755,Ele está presente..
2797839,Terra pro homem ser seu amigo.
2798111,Ele te guadar..
2798299,Senhor está pronto pra me ajudar..
2798955,"para ter uma estátua na praça ""ele era tão bom"",."
2799265,"Eu sou um homem sério e aventura, amor, comigo não."
2799327,Cozinhou pela metade ela queria era inteira.
2799820,"Para ver uma estátua na praça ele era tão bom,."
2799932,Cachaça e mulher bonita são a minha perdição..
2800604,Que ele é o tatu bala.
2801436,"Jesus está contigo nesta luta, não desista."
2801743,A mulher cheia de medo.
2801967,Na bruxaria que ele mesmo caiu.
2803335,E este homem era o anjo do.
2803540,"Cristo reina em minha vida, Ele é senhor!."
2804238,"Jesus é digno de receber.""."
2804791,Ele é simples demais.
2804822,Agora ele está feliz.
2805718,Senhor seja louvado.
2805981,Ele é o tesouro que encontrei.
2806012,"Ela é tão linda, amorosa e carinhosa,."
2806719,Moises foi escolhido para ir ate o egito.
2806735,o senhor foi fiel.
2807972,Elas têm maior valor.
2808188,Jesus é muito bom.
2808647,"Ele é fiel, e só esperar pelo futuro.."
2808655,Ele é fiel é só esperar no futuro tudo novo então será..
2809440,E descobrir que ela é só ilusão.
2810050,Eu sou a mina certa.
2810209,"A sua filha é uma menina danada,."
2810270,Ainda mais quando ele não é correspondido.
2810697,"Jesus está comigo, eu não temerei o mal."
2810948,"Eu não tenho medo, cristo está comigo."
2811291,E ele foi governador porque.
2811386,Ele é restaurador de corações.
2811457,Abelhinha vai voando feliz.
2812488,Sem ele fico perdida.
2812529,Onde tiver mulher bonita eu vou correndo buscar”.
2812533,Onde tiver mulher bonita eu vou correndo buscar....
2812553,"Sou o homem certo pra te dar amor,."
2812883,No samba ele é maneiro.
2812885,Mas ele é louco por forró.
2812891,Ele é todo educadinho.
2812934,"Ela é toda metida, meu."
2812939,Caprichosa menina mulher.
2813088,Mas ele louco por forró.
2813092,"Ele é todo educadinho, educado que só ele."
2813097,Ele louco por forró.
2813107,Ele é louco por forró.
2813140,"enche o carro de mulher tou afim de beber, zuar."
2813255,Esse homem tá muito doido quando chega sexta-feira ele.
2813630,O homem rebelde longe de.
2813825,"Noé era um homem justo e bom,."
2813853,"Que legal, Noé um homem justo e bom."
2813856,"Que legal, um homem muito especial."
2814146,"Ele é adorado, Ele é o."
2814152,"Ele é maravilhoso, tremendo e justo."
2814165,"O seu nome é tremendo, Ele é forte."
2814194,"Ele é adorado, Ele é exaltado,."
2814197,"Santo, Ele é justo, Ele é."
2814199,"Ele é maravilhoso, Ele é poderoso, Ele é."
2814201,"Ele é justo, Ele é adorado."
2814252,As pessoas viram que ele era o filho de.
2814304,Pois sei que ele é fiel.
2814315,"Deus é fiel, Deus é fiel."
2814332,Ele é o fim.
2814359,Ele é invencível nosso.
2815334,Ele mesmo assumiu meus pecados.
2815501,"Jesus é precioso, ale, ale, aleluia.."
2816436,"era uma vez um rei meio biruta,quando resolvia se casar."
2816446,"casou com o rei biruta e na primeira noite,."
2816466,"2 anos e meio,levando o rei biruta no gogó."
2816765,"Uma rainha moderna,."
2817168,Ele é muito grande você vai gostar.
2817177,Ele é muito grande.
2817178,Ele é maravilhoso vai te transformar.
2817679,Homem certo pra te dar amor.
2817788,"Toda mulher é linda coisa de cinema, todo cuidado com a beleza."
2817805,O que elas querem é ficar maravilhosas.
2817812,"Toda mulher é linda coisa de cinema, todo cuidado com a."
2817954,De menino carente.
2818165,E tô achando que esse homem tá danado.
2818494,"ô mulher querida amada,."
2818536,"mulher querida amada,."
2818738,Noé está seguro na arca.
2819006,"Ele faz com que a mulher estéril dê à luz filhos!""."
2819255,"[Bia]-Ah,Jesus é lindo mesmo."
2819278,aquela mulher doente!.
2819282,"[Bolota]-Pura verdade, até aquela mulher cheia de pecados recebeu o perdão.."
2819373,Jesus é amigo melhor....
2819379,Jesus é amigo melhor...
2819632,Ele quer estar contigo ser seu melhor amigo.
2819675,Pois ele é fiel e cumpre o que diz.
2820136,"Princesa linda demais,."
2820397,Vem ser meu homem lindo.
2820471,Ele era casado com.
2820730,Ele é digno...
2820732,Ele é digno ).
2820740,Sou um marido fulero sou caba safado.
2820830,Cristo não é fel.
2821837,Ele é meu pai e é dele a canção.
2822164,Ela é muito útil para o nosso solo.
2823390,"O homem mais feliz, o seu preferido.."
2824065,Ele é um cocô!.
2824540,Meu carro cheio de mulher atrais.
2825259,E uma mulher carente a te esperar.
2825431,quem for mulher levante o litro.
2825449,"toda mulher é louca por uma balada,."
2825630,Pensa numa menina linda.
2827672,Mas tem uma menina gostosinha que eu quero.
2827882,ele anda solto por aí.
2827900,Ele anda solto por aí.
2829025,Não existe homem bonito.
2829660,"Mais tem mulher gordinha, tem baixinha, tem magrinha."
2829708,E quando ela passa os homens ficam parados.
2829710,Ela é top de luxo rainha da vaquejada.
2829843,Ela é suada e gostosa.
2829931,As meninas top tão toda aqui do meu lado.
2829980,Aqui tem mulher demais tá difícil de escolher.
2830121,Mulher é nacional e a bebida é importada.
2830193,Garota nacional.
2831494,Ele agora é o painho de mainha.
2831655,Rei afesta começou.
2832198,Genivaldo era servente de pedreiro.
2832288,Ai menina linda quero um beijo.
2833364,só tem mulher bonita me chamam de boyzim.
2834121,Quem faz isso prova que a mulher é amada.
2834181,"Eu não vou mudar, não existe homem perfeito."
2834359,do cenário do forró brasileiro: GAROTA SAFADA!.
2834854,"Ela é gostosa demais, a ""mina"" é um tesão."
2835160,Ela chegou sozinha no forró.
2835181,Ela fica maluca quando toca a pisadinha.
2835449,"Não é a piriguete, nem a mulher rampeira."
2835450,Estou falando é da mulher biscateira..
2835453,Se faz de santa de menina boazinha.
2835460,Tenha cuidado com a mulher biscateira..
2836695,"Ele é tão louco e nunca, nunca senti."
2836892,ninguém segura ela que mulher doidona.
2836896,"Essa mulher é pistoleira, é pistoleira."
2836897,"é pistoleira, ela é bandolera (2x)."
2837695,Ser o lobo mau e ela é chapeuzinho.
2837938,Ela é mais experiente.
2837951,Se ela já foi casada.
2837953,"Ela é quente, ela é fogosa."
2837957,da mulher madura..
2837959,"Mulher nova é muito boa, mas a madura é melhor."
2837965,"Vem pra cá mulher madura, vem pra cá mulher fogosa."
2837968,mulher madura é o bicho.
2837969,Lavou enxugou tá nova.
2837996,Deixe isso pra depois que estou liso e quebrado trabalhei a noite inteira não recebi um cruzado a garota estava lisa e o frete ficou fiado.(BIS).
2837999,Já cantei mulher madura.
2838000,Pitéuzinho e mulher loura.
2838410,"Menina linda, inquieta e deslumbrante."
2838428,Menina linda inquieta e deslumbrante ..
2839443,"Ele tá me olhando, será que ele também tá afim?."
2839941,Ela mexe gostoso ela só quer dançar quem é ela.
2840438,Ela não tá ligada que eu já cresci.
2840754,Mulher bandida não tenho pena.
2840759,Agora me livrei de você mulher bandida.
2841067,mostre seu gingado mulher brasileira.
2841242,"Ela é sensual, ela é poderosa."
2841386,Homem mentiroso;.
2841775,Eita menina dengosa que cheira igualmente rosa.
2841825,Mulher bonita é que nem melancia grande.
2841827,Cabra de sorte é quem casa com mulher feia.
2842008,Que eu era homem casado.
2842406,Com uma mulher muito bela.
2842663,"Mulher boa quando passa, os zói logo estica."
2842670,"Mulher nova e bonequeira, qualquer uma satisfaz."
2842682,Nosso rei salvador.
2843029,Se quer uma mulher perfeita.
2843107,"Todo homem é galinha, mas só quero o seu amor."
2843534,Sei que ele é seu namorado mais o que é que vou fazer?.
2843986,Tem uma mulher gostosa.
2844055,Se ela não for boa vai ficar a toa e ainda vai te perder..
2844094,Na sua casa todos pensam que ela é normal....
2844928,O mundo para ele é um brinquedo.
2844955,"Naamã era muito teimoso bichinho, mais fica."
2844983,Naamã foi obediente.
2847627,Bem justiceira mãe majestosa.
2848517,É a garota suburbana.
2849190,Ele anda sempre atento.
2849201,Ele é amigo mais caladão.
2849307,Pablo estou sempre atento.
2849490,ele é meu arlequim..
2849627,Ele é flamengo e faz muito bem.
2850001,Ele é implicante.
2850002,Ele é um gigante.
2850008,Aposto que ele é bobo.
2850084,Porque ela é muito mais natural.
2850227,O menino ficou tão feliz com o presente.
2850279,O menino ficou maravilhado.
2850329,O menino não era bobo não.
2850477,Menina moça que deixou tonto.
2851659,Argentina no tango ela é verdadeira/.
2852671,Ele é verde-abacate-limão.
2852675,Ele é verde e nunca limpa o nariz.
2852690,Ele é verde e seu cabelo também.
2852704,Ele é verde e tem o pé grandão.
2852711,"Ele é verde, verde sim."
2852998,Eu sei que ele não é real.
2854487,Menino engraçado esse....
2854860,O menino ficou contentíssimo; subiu com a viola numa árvore e pôs-se a cantar:.
2856434,E de princesa posso ser rainha.
2856806,Ele é lindo                            .
2856827,Porque ele é meu sonho real.
2857147,"Ele é meu herói, príncipe encantado."
2857148,"Ele é meu cowboy, meu namorado."
2857167,Ela é a inspiração de qualquer cantor.
2857341,"Elas são alegres, são demais."
2857346,No fundo todas elas são iguais.
2857350,Elas são a graça desse país.
2857363,A Patrícia é divertida.
2857461,Musa sou tua musa.
2857723,"Meu herói, ele é cupido."
2858113,Eu sei que ele é um tipo.
2858185,Quando tocas em mim.
2859243,"Ela é bem sinistra, mas eu não me assustei."
2859263,"Inteligente (mente aberta, ela é tão esperta)."
2859510,Será ele capaz de um verdadeiro amor?.
2859532,E ela é invisível.
2859705,ela é uma estrela que sabe brilhar.
2859838,Zé gaguinho é menino estudioso.
2859839,Na ciência ele é sabido.
2859841,"Tudo ele sabe, na turminha ele é o bom."
2859934,Mexe com a menina quieta.
2859987,Mas um dia um homem mau.
2860127,Do menino azul.
2860140,O menino azul.
2860876,A minha mãe é uma flor.
2860897,O menino foi gigante.
2861539,Ele era um anjo vagabundo.
2863506,"Ela não é incrível ,ela é sensacional, eu nunca vi."
2863507,garota igual.
2863816,"Lama é bom pra brincar,."
2864020,Ela é uma princesa de verdade.
2864023,Ela é encantadora quando fala.
2864027,Ela é deslumbrante.
2864028,Ela é encantadora.
2864039,"Ela é uma princesa real (Yeah, yeah)."
2864047,Ela é uma princesa real (E um vestido chamativo).
2864051,Blair (Ela é encantadora quando fala).
2864121,Ela é uma princesa(elegância tem também!).
2864498,Nick: Mas ela é a rainha ela tem uma coroa.
2864709,"Ele é amigo,."
2864786,Ele é companheiro e a todo instante os meus olhos guarda bem.
2865162,"Eu tenho uma cabeça, e ela é bem pontuda."
2865455,Querida preciosa.
2865882,Ele foi tão querido quando me encontrou.
2865902,Eles são o par ideal.
2866627,baixando para segundo plano e se mantém.
2866934,Porque elas ficam mais lindas.
2866938,"Sou uma dama atraente,."
2867220,Um menino é tão direito.
2868029,Ela nunca está contente.
2868202,"Ele era grande, gordo, marrom, pescoço preto."
2868287,Morgana é anagrom!.
2868317,Senhor capitão.
2869328,Resolvi deixar a vida ela mesma me contar.
2870366,Ele é genial.
2870367,Ele é meu amigo querido.
2870795,Ela usa é detefon.
2871577,que ele é preguiçoso e não planta nada.
2871918,É filho de mãe solteira.
2872022,Que ele é preguiçoso.
2872199,É como a mulher mais querida.
2872615,"Se ela é franca, mas é pouca."
2879652,Menina bonita com céu azul.
2879654,"Menina bonita, você é demais."
2880470,Não tenha medo meu menino povo.
2883217,"Princesa, olhos d’água, menina linda."
2884071,Senhor é comigo.
2885448,Tem mulher maluca que atura pancada.
2886219,Abandono a mulher virgem no altar.
2886330,ele é um fracasso.
2886685,Ela é pura e pequenina.
2886872,porque ele é feito somente de paz e de amor.
2888244,Ele é o fim e até o fim.
2888259,"Ele é tolo, mas um tolo."
2890549,Todas elas iguaizinhas.
2890570,Os rapazes ficam ricos.
2893168,Ele é um barato e é da pesada.
2895035,Uma menina igual a mil.
2895042,Pra uma menina distraída.
2895416,Ficou o homem feroz.
2895690,Que o homem quando é homem.
2895902,Acho que ela é bonita.
2898341,Uma mulher alheia.
2898547,Vinha moça casadoura.
2899199,De que um homem é feito.
2901820,Parábola do homem comum.
2901943,Ele é o empregado discreto.
2901953,Ele é o funcionário completo.
2901994,"No dia em que ao seu lado ele sonhar feliz, feliz assim."
2902152,Olha elas sempre aflitas.
2903379,Ó Deus das moças solteiras.
2903391,Em cada passo vou levando meu cansaço..
2903730,"Tereza é branca na cor,."
2905806,Maddalena è andata via.
2906602,Com meninas porretas.
2906927,"Rei, pois eles são timbaleiros."
2907013,Mulher é minha cara.
2907015,Mulher é minha tara.
2907016,Mulher é pedra mó.
2907018,Mulher é sedutor.
2907019,Mulher é bicho homem.
2907025,Mulher é minha sala.
2907027,Mulher é minha laia.
2907268,"Por um garoto bem mais velho,."
2907303,Oh rainha linda.
2907577,Eu sou mulher rendeira.
2907669,Que ele foi criado mimado.
2908825,"Não tenha medo, meu menino povo, memória."
2912148,E a deitar com homem tão nobre.
2913027,Essa moça tá diferente.
2913055,Essa moça tá diferente etc...
2913283,Menina bacana me enrola na cama me namora.
2914311,ele é o cacique de são salvador..
2914343,Ela é livre.
2914344,Ela é free.
2915352,Qualquer mulher feliz.
2915366,Ele é um perigo.
2916015,"Cadê a menina faceira, tá no samba geral."
2916431,Cadê a menina faceira.
2916711,Musa linda tão bela.
2917533,"Menino bom na sua língua natal, menino bom que se tornou imortal."
2917711,E da menina mais bonita.
2918175,"Joca, só um homem cocoroca."
2920053,"Moça flor, essa lágrima pura."
2920057,"Moça flor vai chorar,."
2920309,Ele está ficando velho.
2921310,"Ela quica, envolve devagar."
2921312,Ela quica na minha.
2921313,Ela desce novinha.
2921365,Ela vem tão suave.
2921372,Essa mina é mó tesão.
2921742,Ela é dançarina.
2921914,E vendo mulher nua.
2922351,- Ela já foi aposentada.
2924029,Ela é irresistível bumbum avantajado.
2924037,"Ela é quente, maior calorzão."
2924054,"Ih mané, ela tá muito louca, vai descer de novo!."
2924410,Vá que ela fique amuada.
2925108,agora é mulher fiel.
2926311,ela é bossa nova do sertão.
2926322,ela é mudança social.
2926337,ela é cabeleireira do zezé.
2928196,Você menina pode meganhar.
2928341,"Do menino grapiúna, pai cidadão do mundo."
2929392,E quando eles voltam sedentos querem arrancar violentos.
2929767,É que ele é meio ermo.
2930187,"Afirmação do homem normal,."
2934114,e voltam pra nossas casas trazidos por senhores elegantes.
2937016,Ela é a virgem no presépio de.
2937650,Cristo seria capaz de acabar com isto.
2938534,Meninos mulatos enrolam nos trapos.
2938546,"Subiu ladeira, moleque sabido, menino feliz."
2939138,Ele tá doido pra montar na minha lambreta.
2939140,Ela tá doida pra montar na minha lambreta.
2942062,Hastear bandeiras e eu que sou menino muito obediente.
2944023,Homens velhos com raça.
2944029,Somos homens bons demais.
2944075,"Foice velha, mulher nova."
2945319,De menina leve solta guerreira amiga louca.
2946343,Solicito homem jovem e bonito.
2947584,Vem comigo menina bonita.
2948391,"Se a lua aparecer, diga que ela é linda."
2948829,"Ele é nosso rei, Ele é nosso."
2949037,Menina bonita mexendo o esqueleto.
2949642,Uma mulher muito linda.
2951217,"Dançou bem no compasso,."
2951644,"Canto, canto olê mulher rendeira."
2952300,Ele fica nú.
2953375,Menina linda deixa de besteira.
2955071,"Pele bronzeada mulher brasileira a coisa mais linda,."
2955080,Mulher brasileira é toda boa!.
2955089,Mulher brasileira ....
2955115,Mas ela vai na frente e ele vai atras!(varias vezes).
2955122,Xandy não é otário ele está sempre atras!.
2956439,"Exemplo de beleza, mulher brasileira."
2956994,"Moço pobre, ou moço rico."
2958512,"Minas são tão bonitas, tão especiais."
2959557,MAS NO FIM DO ANO ELE NÃO PASSOU.
2959561,COM A BUNDINHA IMPINADINHA ELA É DEMAIS.
2960010,Com a bundinha empinadinha ela é demaaaaaaais.
2960016,"Mas ela não está sozinha, ele está sempre atrás."
2960253,"Cuidado ela é muito perigosa, viu?."
2960327,"Não é nota 10, ela é nota 100."
2960471,Vejo menina bonita.
2962713,Nosso amor se foi como um trem para minas gerais.
2963489,Menina bonitinha.
2963696,E ele estava agoniado.
2963987,"E toda ela é tão bela, tudo nela é tão bonito."
2964346,Olha o menino sapeca e a menina de trança.
2964792,"Meio cabocla, menina indecente."
2965020,Carmesita porque ela sussurrou seja bem-vindo.
2965401,"Oh, minha deusa nua."
2965544,Quando eu vejo a menina faceira vadiar.
2965953,"Eu sou o homem dela, ela é minha mulher."
2966493,Casar com mulher feia pensando na cunhada.
2966508,"Tamba, tajá, macuxi, menina mulher."
2966930,As mulheres ficaram estéreis.
2967659,"Meio maluco mas um homem bom (um rasta man, rasta)."
2967665,Meio maluco mas um homem bom.
2967846,Menina linda levitando de tesão.
2967944,Ele é tão grande.
2967945,Ele é maior.
2967999,Dizem que ela é louca.
2968055,"dizem que ela é loka,que nada,."
2968073,"Chega aí, é no chão, swingão é bala negão (2x)."
2968173,Maria é desbocada.
2968182,A Fabiana é brincadeira.
2968183,A Daniele é brincadeira.
2968760,"MOÇA METIDA A BESTA, METIDA A BESTA, METIDA A BESTA."
2969588,Não me deixe só minha princesa dona de uma beleza.
2969604,Mostra pro mundo que é mulher brasileira êira.
2971330,Moça linda por favor.
2971864,Axe brasil axe minas gerais.
2972577,a massa dos homens normais.
2972624,"Mulher bonita, nem fale."
2972892,"Baila como se fosse uma deusa negra,."
2973495,"Vem pra mim, quero ser o homem mais feliz."
2973527,Lembro menina feia.
2973559,"menina linda, tão bela."
2973691,"Caetano é mano, é mano."
2974305,Jour era a moça mais linda.
2974841,princesa é a favela.
2975574,Ele é sonho e poesia.
2975958,"Homem, menino, menina mulher."
2977040,"essa voz, essa moça bonita."
2977273,Mamãe é símbolo de paz.
2978305,Ela é fenomenal.
2978493,"Tem mulher boa, gente à toa coisa linda no salão."
2979154,Quem será essa mina exuberante.
2979265,ES uma menina bonita.
2979324,"Ela é maravilhosa,tem um corpo sensual."
2979325,"Ela é gostosa,ela me deu uma moral."
2979327,"Olha meu amigo,ela é loira bem linda."
2979331,"Ela não é piranha,mais ela quer me dar de novo."
2979755,E homem casado.
2979839,Atrás de cachaça e homem casado..
2979901,Mulher bacana nem fale.
2980257,Garota colorida tão cheia de vida.
2981550,Ela é danada...Não!.
2981551,Ela é danada?
2981563,Ele é danado...Não!.
2981564,Ele é danado?
2982411,Samba menino samba.
2983484,"Mulher maldosa, Madalena, macumbeba,."
2983552,O menino é chorão.
2985399,"Nao existe garota danada,."
2986024,homenagem a todas as mulheres gostosas...
2986044,Pele bronzeada mulher brasileira a coisa mais.
2986055,Mulher brasileira é.
2986079,Mulher brasileira?.
2986165,"Menina moleca, levada da breca."
2986188,A mina é parceira e o boy é fechamento.
2986439,Mulher bonita ou feia pode ser uma ilusão.
2986652,E ele é garanhão.
2986673,Disse que eu era o cara que ela estava afim.
2987252,"Menina mulher lavadeira,."
2987367,"Oh, musa sedutora, oh, minha paixão."
2987887,Mulher gostosa pra danar.
2988185,Sua mina está carente por falta de atenção.
2988234,Se tem mulher boa na área eu vou me jogar (Pra quebrar!).
2988359,Vem cá menina bonita.
2988389,"MEU BANQUETE TÁ PRONTO, ELA É A REFEIÇÃO."
2988551,"Se tem mulher boa na área eu vou jogar,(pra quebra) escute o que eu digo nao faça o q eu faço pra nao se enrolar, meu bem você sabe q tu que."
2988559,"Se tem mulher boa na área eu vou jogar,(pra quebra) escute o que eu tenho nao."
2988808,Menina bonitinha que não para de quebrar.
2988921,E ela é problemática (ela é problemática) (2X).
2988932,ela é problemática (ela é problemática) (2X).
2988934,"Thundera, tá ligada em tudo, Tem maldade nas coisas do mundo, Essa menina não é brincadeira."
2989230,ela ginga ela ginga ela ginga ela ginga dale pé no chão.
2989283,Menina moleca levada da breca quieta sossega vê se se intera e vem pr’oz bambaz balançar (2x).
2991860,"Tá no estrangeiro, mas ele é brasileiro."
2992644,De uma deusa negra.
2993242,"Parecendo um twister, mas ele é o quê???."
2993252,"- Ele passou 8 meses namorando com ela e eu chamando:Rpz, essa mulher vai te dar um pe na bunda,ela nao eh flor q se cheire.E ele:Q nada, q nada!."
2993265,quem gosta de homem eh gay.
2993463,Pele bronzeada mulher brasileira a coisa mais linda.
2993471,Mulher brasileira é toda boa.
2993488,Mulher brasileira é toda boa...
2993544,"Oh menina bonitinha do cabelo duro,."
2993574,da mulher é elevada a alto-estima.
2993585,"Ivete é gostosa,."
2994151,"E ele é feliz , ele é feliz."
2994152,"E ela é feliz , ela,ela."
2994446,Essa mulher tá acabada.
2995832,"Meu banquete está pronto, ela é a refeição."
2995958,"Tem mulher bonita,."
2997323,Mulher bonita se adoçando de sobremesa.
2997374,ela é problematica.
2997380,essa menina não é brincadeira.
2997386,"ela é problematica,eu falei."
2997387,ela é problematica eu falei problema.
2997394,"que..ela é problematica,eu falei."
2997404,e..ela é problematica.
2998078,A menina mais linda eu comecei a paquerar.
2999493,menino violento pra danar.
2999582,"Segundo a história, o rei amen-hotep iii."
3001594,Essa mulher ta acabada.
3002273,Ela é muito gostosa.
3002402,Por onde passa ela é tentação.
3002646,Que homem sério é piada.
3002964,Eu sei que não sou nenhum homem perfeito.
3003126,Ela é cheia de graça.
3003512,"Neguinha maravilhosa, mulher bonita mostra esse."
3003703,Essa mina é abusada.
3003841,Elas estão descontrolada.
3003886,Mulher com mulher é bom de beijar.
3004253,O corpo da mulher é sagrado.
3005421,"(iakekere mãe ângela, iyadagan mãe neli)."
3006292,só namora mulher feia.
3006501,Mas por traz dessa santinha tem uma menina fogosa.
3006503,Mas por trás dessa santinha tem uma menina fogosa.
3006511,Sou menina baladeira.
3006598,As minas aqui são braba.
3006623,Ele era funkeiro mas era pai de família.
3006644,Outros o criticavam porque ele era funkeiro.
3006664,"E bem antes da hora, ele já estava arrumado."
3007075,Ela tá doidona?.
3007116,Só tem mina braba e facão afiado.
3007121,Só tem mina braba.
3008269,O Caboclo era soldado.
3008370,sou a rainha má háha.
3008614,Na percussão do menino argentino.
3008874,"A mina é mano, ô, ô, ô."
3009386,A mãe original do mundo.
3009407,Filho caboclo de mãe baiana.
3009735,"Menino danado, habilidoso e veloz com a bola no pé."
3009759,Ele se lembra da mãe orgulhosa do filho que é vencedor.
3009800,"O menino brasileiro, brasileiro."
3010061,"Minha mãe gentil, meu brasil."
3010077,Minha mãe gentil.
3010259,se a mina for boa.
3010342,Para ver se elas estão preparadas.
3010559,"Ah, ah, que isso, elas estão descontroladas!?."
3010570,"Vai, vai, elas estão descontroladas."
3010699,se ele está comigo.
3010819,"Agora sou um rapaz sério, mto sério."
3010843,"Agora sou um rapaz sério, muito sério...pretendo me casar."
3011323,Voce está lanchando e ela está sendo lanchada!.
3011343,Eu quero homem gostoso só para me fazer mulher.
3011346,Eu quero homem gostoso só para me fazer mulher!.
3011351,Eu quero homem gostoso só para me fazer mulher..
3011488,a mulher dele sai com outro e ele não tá nen aí.
3011514,samba e mulher gostosa.
3011544,Mulher burra fica pobre.
3011648,Sai mulher marmita!!!.
3011651,Saia saia saia sai mulher marmita.
3011665,Gaiola das popozudas acha essa mina esquisita.
3011667,Mas ela é mulher marmita.
3011670,Mas ela é mulher marmita!.
3011896,Quanta mulher gostosa.
3011954,Homem gostoso só.
3011970,eu quero homem gostoso só pra me.
3012301,Ela tá louca e não tá entendendo.
3012312,CUIDADO COM ESSE CARA POIS ELE É ABUSADO.
3012324,ELE É MUITO BEM FALADO.
3012488,As meninas super poderosas.
3012758,"Menina faceira, toda linda, meus olhos passeiam na sua beleza.."
3012759,"Tô todo arrepiado, tô de calafrio, mulher maravilhosa, mais que perfeição.."
3012770,Ela é maneira e dedicada.
3013319,Segunda a sexta ela é uma faxineira.
3013327,Companhia) ela quebra gostosinho.
3013363,"Menina linda,não te aborreças."
3013384,Menina linda não te aborressas.
3013394,Até homem sério.
3013800,Se tem tanta mulher gostosa querendo me namorar!.
3013899,"Bebendo a noite toda, ela fica loca!."
3015320,Ela é dona do jogo.
3015321,Ela é dona da banca.
3016403,Eu vi mulheres comuns.
3016696,"Cintra,na madruga elas grita!2x."
3016771,"Silvia tá presente,renatinho ..tá também."
3017288,Na minha natureza mesmo ela sendo má.
3017356,"Ele é poderoso, tão maravilhoso."
3017548,Essa mina já é mídia.
3017569,Ela tá soltinha.
3018378,Menina bonitinha do corpinho agraciado.
3018386,"Menina bonitinha, do corpinho rebolado."
3018689,"Menina bela, eu tô na dela."
3019139,Se ele é ouro.
3019142,Ela é pimenta.
3019163,"Menina linda, não vá embora."
3019212,Essa menina não é capaz.
3020347,"paquerando ele mesmo, paquerando ele próprio.."
3020353,Eles todin !.
3020389,Ele era bonitinho.
3020391,Ele era maravilhado.
3020392,E ele era gostosim.
3020393,Ele era formoze.
3020696,Ele é um amigo é um velho companheiro.
3020737,Gugah é mestre.
3021089,Essa menina é brasileira.
3021095,Essa menina é a bola.
3021118,"Quando ela samba, ela é clássica."
3021119,Quando ela dança parece criança.
3022587,"Rapunzel é sinfônica, sinfônica."
3022627,"A rainha má, má, má."
3023243,Cheiro de mulher menina.
3023678,Mas quando chega assim ela abala geral.
3023745,Quero ver a mulher gato.
3024107,A menina bonita que samba.
3024865,essa garota é poderosa.
3025002,Só fecho com mulher louca..
3025491,E as mulheres lindas de todo o.
3025842,Ela tá molhadinha.
3026094,para eu ja conheço e essa cara entao arruma essa mala e rala ta malu ta doida tamaluca pirou e falo que vai nada na ilha de litero ate alinha de gorvenado e vai dexe de aviao na ilha literou ai vai vamos dança entao tira minha brusa enato tira minha sainha eu gahei mentira mentira oioi ....
3026411,Mulher é bom.
3026412,Mulher é muito bom.
3026585,"O refrão já tá feito ela já foi minha minah, hoje eu."
3026762,ela ta acanhada.
3026788,"Elas são maravilhosas, claro."
3026826,"É só olhar na cara dela e ela só falta latir,."
3027449,Princesa funkeira.
3027950,Princesa natural.
3028198,"ela é gostosa, sabe disso e abusa."
3029162,"Cor sim, cor não tua mina tá bolada."
3029222,A mina é uma princesa (princesa).
3029316,Norte só namora mulher feia!.
3029534,"DJ a galera agita, garota sarada, se contagia."
3029703,Menina bonita só usa gillete azul.
3029705,Menina bonita não gosta de garotão.
3030804,Mulher feia não tem cura.
3030834,"Essa mina é bacana, mais ela não me engana conheço."
3030924,"Essa aí, é o melô da mulher feia pra danar em?."
3030926,Uma mulher feia cheira mal como urubu.
3030929,Mulher feia cheira mal como urubu.
3030965,Ela estava aflita e no meu braço segurou.
3031345,Ele está tão satisfeito.
3031586,E as mulheres lindas de todo brasil.
3031611,Mulher feia tudo bem neguinho.
3032052,OI JOGA ELES PRA FRENTE.
3032174,"Nós pensa que ela é toda gostosa, mais quando ela tira."
3032210,"Ai homem feio ainda vai agora homem feio, mentiroso, e boiola, ai eu vou ter que tirar uma onda."
3032216,"Eu não fico triste não, por que sei que ele é boiola, homem que é macho mesmo não dispensa uma gostosa."
3032486,esposa atuante é negócio de bandido.
3032564,E Jesus tá boladão!.
3032690,"Sarita não é mulher barata, não é mulher biscate."
3032863,Esposa atuante é negócio de bandido.
3032894,Sem ela não é moleza.
3033153,A Matilde é tão selvagem.
3033229,Ela tá contaminada.
3033234,Essa mina tá cagada.
3033284,Esse menino americano do jeito gringo.
3034287,quanta mulher gostosa.
3034317,ô mulher independente.
3034326,Ela tá engraçada.
3034333,Ô mulher independente.
3034499,fiel namorada é uma filha da puta.
3034504,ela é complicada.
3034505,ela é perfeitinha.
3034508,mulher ruim....
3034542,mulher ruim...
3034742,"Mas essa mina, ela é gostosa,."
3034746,"Essa mina, ela é gostosa,."
3035090,Eeeei ta surdo?!.
3035153,Essa mina é magrinha.
3035277,"você é a mina certa, vou seguir em frente sem fraquejar."
3035289,"Os bons rolaram com uma garota incomparável, foi pouco."
3035793,Mulher casada mata mais que revolver.
3036684,Muita mulher bonita mascarados da geral.
3036975,Você é a diva mais linda.
3037530,Ele é o resultado da mistura.
3038490,"Ela é gostosa, sabe disso e abusa."
3038749,Deusa negra me domina predomina o teu olhar.
3038815,Quis tirar do palco a mulher mais excitante.
3039309,"Tantas damas lindas, que maneiro,."
3039317,a fonte das mulheres mais bonitas..
3039906,Aquele que anda cheio de mulheres maravilhosas.
3039999,A mina tá chapada de whisky e.
3040031,Mina tá louca.
3040459,"Ela desce ,ela quica."
3040507,Fica fica de 4 menina novinha (David).
3040509,Fica d fica de 4 menina novinha (David).
3040669,mas pra ela nao conpensa!.
3041720,A minha mãe ficou zangada.
3042033,Ve que a vida não demora que na verdade ela é uma escola.
3042352,Deixei minha mãe maluca.
3042703,Tem mulher bonita pra gente se divertir.
3044380,Ela chorona já partiu para o abraço.
3044852,"Pele bronzeada, mulher brasileira é a coisa mais linda."
3044859,Ela é água que mata a minha sede.
3044863,Ela é totalmente boa é muito boa.
3046767,Daquela que o homem chega fica doido pra amar.
3046889,Para uma ruma de menino alimentar.
3048288,Mas mulher gosta de dinheiro quem gosta de homem é viado.
3049051,"Ela é linda, charmosa, gostosa demais,."
3049062,"Ele é lindo, charmoso, gostoso demais,."
3049982,Eu gosto da mulher ruiva.
3049984,Eu gosto da mulher grande.
3049986,Gosto da mulher magrinha.
3050522,"Não me ignore, por favor, minha querida é muito triste a minha vida sem você.."
3050531,"Estou tentando consertar a minha vida fazendo tudo para você perceber não me ignore, por favor, minha querida é muito triste a minha vida sem você."
3050853,Cheiro de mulher bonita.
3051304,Ele é considerado.
3052753,Pras garotas mal amadas.
3052938,"Ela é tão linda que não que mais um castigo, mais ela fica comigo, por que eu sou como ela!."
3052977,"uma mulher traída é pior que um vulcão, em plena erupção."
3053185,"As catirobas viram avião, depois de uma mulher feia mulherão."
3054496,Pátria mãe gentil (BIS).
3054899,Pois ele é sincero.
3055205,Quando eu a vi pensei ela é roqueira.
3055207,Quando a vi ouvindo rap disse: ela é funkeira.
3055212,"Ela é maravilhosa, ela é demais."
3055214,Ela é maravilhosa....
3055217,"Ela é coisa de louco, não é brincadeira."
3055228,"Que mulher maravilhosa, que bixa faceira."
3056345,Eles ficam animado.
3057070,Ignorado pela pátria mãe gentil.
3057165,E as mulheres ficam loucas.
3057435,Ele não vale nada a senhora foi mãe e.
3057778,Menina bonitinha eu quero te namorar.
3057795,Na história ela é julieta e eu sou o seu romeu.
3057840,Mas meu deus ele é fiel e cai por terra a maldição.
3058177,"Elas são brabas, elas são foda, eles tão passando mal."
3058329,ele é fiel e cai por terra a maldição.
3058392,Thalia tá maravilha.
3058454,Em casa ela é renata na rua é renatinha.
3058845,Francisco é abençoado.
3059178,Outo homem igual a este aqui na não mais não.
3059333,Você é a minha vida ele é meu mundo.
3059748,Será que ele também tá afim?!.
3060106,ela ficou confundida.
3060538,Essa mulher é chata e eu não vou mais suportar.
3061028,"Stop, é só mulher bandida,."
3061538,"Vai, vai eu e meu fusquinha, ele ta bebim e ficou cheio de graça."
3061719,Mulher boa de lambada no meio do salão.
3061721,"Mulher boa de lambada, o salão é um perigo."
3062495,Que ela seja rica e pague uma empregada.
3062498,Menina linda e gente boa.
3062545,Que você ela rica e pague uma empregada.
3062708,ta vendo essa novinha olha como ela é louca.
3062727,não liga mais pra nada essa mina é doideira.
3063096,falaram que ela era delicinha.
3063118,Se for olhar ela não é tão bonita.
3063127,Então procurei o que ela tem ruim.
3063139,ela muito bonita.
3063161,Ela tá bonitinha.
3063180,Ela é mulher..
3063230,Quem achava ela feia.
3063237,Ela tá arrumadinha.
3063430,Qcara é valente guerreiro.
3063512,Pois ela é passado historia antiga.
3063592,Vem cá mulher bonita que eu quero compromisso.
3064153,Olha como ela tá gostosa.
3064496,Ele é bronzeado.
3064575,Essa é pras mina atrevida (vem!).
3064605,"O estilo da mina é top, deixa a rapaziada em choque."
3064753,Ele é bonito dá até pra entender.
3065546,A mulher sensacional.
3065595,Agora eu vou me vingar: menina má.
3065600,Sou uma menina má.
3065816,Ela é cheio de esquema.
3065855,Garota linda.
3065898,Garota linda que eu me apaixonei.
3065922,Mulher igual a ela acho que não vou achar.
3065944,Mulher muito difícil de encontrar.
3066035,De papete e um mini short ela é maravilhosa.
3066042,Ele é sempre sorridente garota inteligente.
3066080,De manha quando acorda ela é linda e muito bela.
3066314,Garota bonita mais não se deu bem comigo.
3066403,Ela é a bola da vez.
3066406,Quando ela malha ela diz fitness.
3066408,Mais que aprovada ela é a bola dá vez.
3066409,Ela é tão intensa naquilo que faz.
3066411,Ela é muito séria quando tem que ser.
3066412,Ela é brincalhona sem querer aparecer.
3066417,Ela é alegre sorridente gente boa.
3066428,Mais que aprovada ela é a bola da vez.
3066631,Diferente envolvente essa mina é nota dez.
3066632,Ela é vip ela é top ninguém chega aos seus pés.
3066633,"Ela ta maluca ta ""chapada""."
3066636,É tudo e mais um pouco ela foi a escolhida.
3066637,Ela foi a escolhida.
3066718,"Trabalhada, ela é formosa."
3066719,"Caprichada, ela é gostosa."
3067020,"Louca, essa mina é louca."
3067030,"Ela é encantada, ela é minha cinderela."
3067099,"Falei, que pra mim ele não é rei."
3067145,Ela é linda de verdade.
3067156,Tão bela ela é a rainha da cidade.
3067792,Cheio de mulher bonita.
3069300,"Vem fazer a posição e vem fazer a posição e vem fazer a posição, vem mulher cheia de manha."
3070456,"Tadinho, ela cai bonitinho."
3070889,com uma mulher braba não bater.
3070898,ela não reconhece é tão fingida.
3071330,Por mim ele dorme sozinho.
3071901,"E bebe ela quente é, é."
3072261,"Você tão linda, menina bonita, faceira canção."
3072535,Menino feliz.
3072680,Um menino grande eu sou.
3073188,é o homem sofredor.
3075110,Porque sei que ela seria fiel.
3075630,Se ela é montada.
3075987,eu finjo nem notar como ela é sincera.
3076025,Eu arranjei uma mulher eletricista.
3076153,Mulher totalmente certa.
3076724,mexe mexe menina forrozeira.
3077210,E que ela possa te fazer feliz.
3077451,Homem liso não dá rock.
3078262,Crianças moças morenas.
3078517,Lucena ele meio triste assim me falou.
3078598,Todo dia eu dou bom dia que alegria ela foi feita pra gente.
3079245,Que ela é boa de forró.
3079297,"Que eu mexi com uma donzela, moça bela do lugar."
3079306,Decidi pedir a mão da donzela inocente.
3079307,O pai dela homem descente resolveu me dar perdão.
3079801,Quem é a mulher mais linda desse universo?.
3080443,Quis ser dono do seu pensamento.
3080542,Ele pensa que ele é bonito.
3081101,Ele já tá chato.
3081551,que eles ficam melhores.
3082537,"Mulher quando se vinga, ela sabe fazer perfeito."
3082790,"o perfume é do bom, ela é cheirosa pra danar."
3083252,A mulher mais amada.
3083586,Alucinado explodindo de tesão é o maximo ela é fera só gosto de fazer amor com ela.
3083737,Homem quando é safado.
3083757,Mas o homem é safado.
3083907,eu fiquei impressionado como ele era valente.
3083933,ela veio sorridente em minha direção.
3085450,E ele é chorão de você.
3087492,O homem sempre é querido até depois dos quarenta.
3087494,Um homem feliz sorrindo nos braços de outra mulher.
3087622,Escolha a mulher sincera para a sua companhia.
3087662,Pra ele não embrabecer.
3087837,"O homem mais feliz do mundo,."
3088053,De homem cabra danado.
3088869,Veja quanta moça bonita.
3089294,"Que deixa o coração de um homem cego por amor,."
3089843,Esta mulher é uma bandida.
3089848,Ela é bandida eu sei que é.
3090531,Nem dizer meu bem.
3092478,"Toda menina nova usa trança,."
3092680,E a menina forrozeira que é tão bela.
3092924,Ela é genial.
3093041,te ama mais que a ele mesmo.
3093259,Ele é duro de pedra mas dessa vez se entregou.
3093561,mulher querida amada.
3093872,Pra garotas mal amadas carentes por uma paixão..
3095237,Fui perguntar a ela se ela era uma princesa?
3095387,"No meu tempo de criança, eu era menino chato."
3095529,Deixa essa mulher forrorea.
3096495,"e bebe ela quente, é, é."
3098490,Gonzaga era só coração.
3098523,Que mulheres muito invejosas fazem de tudo para tira-lo de mim.
3098524,"Mas sei que ele é forte e resiste assim como tem resistido a dor,."
3098741,O que eles querem é gandaiera.
3099016,Tem mulher loirinha de uma cinturinha fina tão fininha.
3099627,Eita que moça bonita.
3100213,"Prepare tudo mãe querida, o seu filho vai voltar."
3101262,Com ela sou visita inesperada que não tem hora marcada.
3101462,Mulher mulher mulher me de carinho.
3101463,Mulher mulher mulher eu te adoro.
3101464,Mulher mulher mulher da minha vida.
3104350,Espiando mulher nua.
3104639,Ô mulher ruim.
3104646,Quem se apaixonar por ela vai sofrer igual a mim.
3104851,Feito um menino chorão.
3104923,Tá cheio de mulher bonita.
3105442,Ela é americana.
3105451,Ela é bacana.
3106419,"A mulher mais linda, que adoro tanto."
3106520,"Deus, ela foi capaz de pedir pra entender."
3106522,"Deus, ela foi capaz de me dizer que gosta de outra."
3106781,"Sou abelha, ela é a flor."
3108027,- senhora dona da casa.
3108076,"Ela é bonita, bonita...."
3108080,"Ela é bonita, é bonita...."
3108090,Ela é bonita demais....
3108113,"Ela é bonita , é bonita..."
3108474,É com esse menino bonito que eu vou.
3108764,Querubim é cão de fogo.
3108819,Ela disse nem morta.
3108897,Um homem branco como eu.
3108898,Um homem preto como tu.
3108911,"Menina flor, quem terá sua paixão?."
3108939,Essa mina está toda faceira.
3109392,Que homem gostoso.
3109393,Ele é tão gostoso.
3109833,Eu quero uma menina dengosa e feminina.
3110160,Gosto de mulher bonita daquelas bem perfumadas.
3110763,Para que sofrer por mulheres atoua.
3111200,"Eu nunca vi nada igual, ela é minha rainha, a musa do meu carnaval.."
3111203,"Eu nunca vi nada igual, ela é minha rainha, ela é sensacional!."
3111204,"Ela é maravilhosa, cheirosa, dengosa, é muito gostosa, é tudo de bom!"
3111205,"Ela é meu bem, é meu mau, é o mel é o sal, ela é especial, ela é minha paixão.."
3111213,"ela é maravilhosa, cheirosa, dengosa, é muito gostosa, é tudo de bom!"
3112007,Paulo sempre foi um homem forte.
3112261,Ela não é mulher de um homem só.
3112288,"Ela é menina, ela é a flor."
3112289,"Ela é minha morena, minha rosa vermelha meu amor."
3112292,"Ela é minha menina, ela é a minha flor,."
3112293,"Ela é minha morena, minha rosa vermelha, meu amor."
3112311,"Rírírí, ele é muito legal."
3112386,Vi que és um homem lindo.
3112388,Do menino infeliz.
3113605,Protegei-nos mãe bondosa das agruras dessa vida.
3113606,"Mãe caridosa, olhai pelos filhos seus."
3113762,"Esculpe, modela e castiga a massa dos homens normais."
3113910,"Ninguém sabe se ele é branco, se é mulato ou ""nego""(repete a última linha)."
3114188,Ela é tentaçao de levar pro forró.
3114189,Ela é tentaçao de tirar a atenção.
3114191,Ela é tentaçao palpita o coração.
3115326,No meu barco só anda mulher bonita.
3115353,E ela mesma se espanta.
3115964,Sera que ela é amada e tem dono.
3116027,Ele é bonito demaMAIS.
3116116,"Apaixonados por rodeio, mulher bonita eu assumo."
3116881,Ôôôôôô menina bonita.
3117461,Ele é o cara que merece ser o vencedor (vencedor).
3117462,"Ele é o cara que faz tudo sempre com amor (ou, ô, ô)."
3117463,Ele é o cara que o povo sabe que é capaz.
3117466,"E eu tô com ele, não abro, Ele é compente."
3119218,Zazuê tá danada.
3119369,Minha mãe iemanjá.
3121520,Quem gosta de mulher levante a mão.
3121539,Numa boate eu quero ver só mulher nua.
3122211,"Goiás, vitória, mato grosso e minas gerais."
3123113,Ela é linda como a rosa.
3124409,"Êta mulher doideira, ela é boa demais."
3125634,Só gosto de mulher quente.
3125746,Sô uma menina séria.
3126101,Ele foi feito pra bater não pra apanhar.
3126295,A mulher tá sempre doente.
3126964,Deusas africanas.
3127387,"Ela não é baiana, não é americana."
3127571,A menina dengosa.
3127581,Que o tempo não para se o homem só fica sentado.
3129182,"Menino bonito, esse teu gingado tão balanceado me faz endoidar."
3129184,"Menino lindo, esse teu jeitinho de falar baixinho e nos olhos me olhar."
3129227,BASTA ELA SER CHEIROSA E AINDA BEM ARRUMADA.
3129295,"Seja ele alto ou baixo, modelo, bonito ou feio."
3129567,Um homem muito galinha não consegue entender.
3129955,"a dança da cintura, ela é muito fácil."
3129995,"Ela perde o controle ela fica logo animadinha,."
3130093,"Ele é o chefe, ele é o chefe do puteiro."
3130095,"Sua mãe é uma pu, sua mãe é uma pu."
3130171,Se tem mulher bonita o velho já tá de lado..
3130455,Ela é a garota mais bonita lá da minha escola.
3130813,Ela é bonita ela é aeromoça a mais gatinha que tem nesse avião.
3130842,Vai pra igreja menina patricinha.
3130912,Eu disse: vai pra igreja menina patricinha.
3131009,"Menina bem faceira, eu sou o seu tigrão,."
3131229,"E ela fica louca, ela perde a linha."
3131993,Aí caramba que mina maluca.
3132178,"Uma mulher cheirosa é tão linda como uma flor,."
3132219,Ele era muito mole.
3132365,Ele é tão louco.
3132545,"""Ele è corno""."
3132550,"""Ele é corno""."
3133548,Seria o homem mais feliz do mundo.
3133708,"Eu era uma menina linda, linda."
3134171,Zé ta doente.
3134216,Minha mãe era matuta.
3134340,Que ele era estuprador.
3135140,Que faz a visão direta deixando a mulher completa.
3135156,Mulher magrela é difícil de arranjar um marido.
3135169,Se vê a mulher bunduda diz o minha tanajura.
3135188,Um rapaz muito guloso gostou e casou com ela.
3135195,Mulher magrela faz tudo para atrair o amante.
3135225,A mãe dele diz meu filho moça magra na convém.
3135250,Uma rainha perfeita não tendo bunda bem feita.
3135280,Pra trair as pessoas tem até mulheres boas.
3135316,Tem homem desempregado que trabalha muito bem.
3135318,Se tem mulher boa traga aqui pra mulher tem vaga.
3135356,E a filha volta tão linda que parece uma princesa.
3135377,O filho do homem rico tem uma vida bacana.
3135381,O filho do homem pobre vai passear de jumento.
3135389,A mulher do homem rico.
3135393,A mulher do homem pobre.
3135425,O filho do homem rico só toma banho no chuveiro.
3135658,"Menina nova, malhada e sarada.."
3135771,"bolso de grana e, é um homem popular.."
3135850,Ladrão rico faz amor só quer mulher bem novinha.
3135882,E a polícia pega ele bêbado na mesa de um bar.
3135930,Se a caso ele for preso leva vinte advogados.
3135934,O ladrão de colarinho quando ele cai doente.
3135951,tem gente que diz que elas são torta como um anzol.
3136118,Se você vê o ladrão besta ele é pior do que otário.
3136227,Não é um homem moderno.
3136285,Eu sei que o senhor é crente.
3136708,Pra que ele não seja roubado.
3136801,A mãe é xingada de vaca e a mulher de piranha.
3136837,a menina está beleza pura.
3136841,a menina tá beleza pura.
3136857,pra ela não é mais legal.
3136940,Chamam ele picareta.
3137390,Ele mesmo chuta a bola corre e ainda agarra.
3137691,As mina fica louca.
3138034,João tentando ser campeão.
3138120,"João disse, Jesus não é justo meu."
3138298,Têm mulher bonita eu não fico só.
3138344,Ele é cincero é sempre vou.
3139983,Da época da mulher tradicional.
3139986,Da época mulher tradicional.
3140318,Mas ele está contigo em qualquer lugar....
3142025,agora o rei é índio.
3142848,O menino doce que eu sempre quis.
3143035,É tem homem muito gostoso.
3143036,É muita mulher gostosa.
3143165,Ter vinte namoradas não é mole não.
3143456,Brasil ele é sempre campeão.
3143766,A moça era tão bacana.
3143770,Ele ficou bêbado num bar.
3143802,Caju é amaldiçoado.
3144200,"Ela é linda, ela é bela."
3144235,E mulher namoradeira a gente chama de galinha.
3144261,Ele é o homem mais mole do arraiá.
3144421,Ela fica bem mais quente.
3144628,Jorge é glórioso para nós só faiz o bem.
3145034,"Torcer pra um time honrado, sendo ele bem melhor..."
3145259,"quando entra no gramado ele sempre é vencedor,."
3145280,"Brasil tá pensando que ele é o bom de bola,."
3145351,Se for partir pra briga ela não larga do meu pé.
3145372,Homem bonito a maioria é delicado.
3145834,cante pra mulher bonita que eu canto pra mulher feia.
3145835,Dizem que a mulher bonita é quem mais chama a atenção..
3145841,Dizem que a mulher bonita é quem mais leva cantada.
3145844,Dizem que a mulher feia quando leva uma cantada.
3145851,Dizem que a mulher feia difícil é arrumar emprego.
3145857,Dizem que a mulher feia faz mau ao coração.
3145858,E quem casa com mulher feia sempre vê assombração.
3145860,Dizem que a mulher bonita faz qualquer homem gemer.
3145866,Dizem que a mulher bonita é quem anima uma festa.
3145867,"Mulher bonita aonde passa é limpo, rasto e arresta."
3145868,Mas se tive mulher feia é sinal de que a festa não presta.
3145872,Dizem que a mulher bonita tem um olhar atraente.
3145875,Dizem que a mulher feia tem medo de abandono.
3145877,Que mulher feia e jumenta só quem procura é o dono.
3145878,Dizem que a mulher bonita faz o homem vira brasa.
3145881,Dizem que a mulher feia.
3145885,Dizem que a mulher bonita quando arruma um namorado.
3145888,Dizem que a mulher feia se dana pra gafieira.
3145891,Ela era preferida.
3146013,"Antes do meu casamento, eu fui um homem fiel."
3146254,Posso falar mal da minha que ela é encrenqueira e ruim.
3146284,Posso falar mal da minha que ela é encrenqueira e ruim!.
3146496,"Mulher ingrata e fingida,."
3146719,"ser nordestino ele é homem do povo, armaram uma arapuca."
3146726,"homem é metalúrgico, pobre e trabalhador, conhece meu."
3146744,"vem, de novo ele é enganado, a mulher dele falando tu."
3146825,Mulher bonita wiski cheio de cerveja.
3146984,É lá vem ela maravilhosa.
3147342,Inté mãe já vou enbora.
3147430,Adoro mulher bonita forró.
3148363,A filha do homem rico.
3148795,Sou um homem romântico.
3149417,Ele é som e poesia.
3149424,Menina bonita baiana.
3149727,Mulher boa e gente à toa.
3149760,Mulher gostosa de lambar.
3150941,e no meu posso de petroleo só jorravão princesas lindas.
3151260,Ela é boa demais.
3151265,Ela é total flex.
3151549,Foi sem querer que eu beijei na sua boca menina tão louca eu quero te beijar beijo na boca com o corpo suado tem sabor de pecado com gosto de bem me quer..
3151551,"Foi sem querer que eu beijei a sua boca menina tão louca eu quero te beijar, beijo na boca com o corpo suado tem sabor de pecado com gosto de bem me quer.."
3151776,"Já estou prontinha aqui, grupo de mulher solteira."
3151798,Linda mulher cheia de carinho.
3151861,"Essa mina bonitinha, com cara de patricinha."
3151865,"Onde chega ela causa, essa mulher é danada."
3151894,Jogando charme ela é fenomenal.
3151986,"Ela é forte e guerreira, linda mulher lutadora."
3151987,Da juventude ela é incentivadora.
3151992,"Ela é potente,cheia de energia."
3152046,É a mulher brasileira.
3152197,A minha amiga é uma mulher muito bela.
3152203,"Sabe bem assar o pão, pra ela ela é só alegria."
3152204,"Ela é feliz, ela é potencial."
3152214,Ele está decepcionado muito frágil e cansado.
3152439,Querida menina bonita quero te amar.
3153702,ME FEZ UMA MULHER REALIZADA E ME TIROU TODAS AS DÚVIDAS DO AMOR.
3153844,Bem vestido e perfumado as meninas ficam loucas.
3154935,"Mulher safada, diga que negócio é esse."
3155152,A garota file.
3155167,Do pecado nem ela mesma se lembra que foi minha no passado.
3155191,Menina bom polegá.
3155339,Que ele não foi abandonado.
3156358,Ela está viciada em canela forte..
3156485,Princesa linda e bela ainda bem que te encontrei.
3157702,Ela é glamourosa e está com tudo em cima.
3157800,Sabe disfarçar.
3157841,Menina bonita com cheiro de rosa.
3157876,Ele é pequenininho mas ocupa a imensidão.
3159009,Essa mulher perigosa.
3159017,Ela usa mini blusa pra mostrar a barriguinha.
3159073,Esse coroa tá melhor que rapaz novo.
3159262,Onde tem mulher tá bom de mas.
3159384,Quero ver moça bonita no meu forrozão.
3159478,Minha mulher tá ficando injuriada.
3159837,Ela é filhinha de papai.
3159843,Ela é insana.
3159850,Ela é safadinha..
3159852,Minha princesa é safadinha.
3160099,Menina cheia de mistério.
3160116,Ela chegou correndo demais imprudente bateu arrebentou meu peito.
3160527,"Da faculdade eu fui pra festa comi água com a galera,."
3160788,Um homem apaixonado é perigoso um leão faminto.
3160791,Um homem apaixonado é perigoso perde as estribeiras.
3160971,E ele é o amor.
3161991,pelo menos uma mulher foi estuprada.
3162001,"Essa é a historia de toda mulher brasileira""."
3162070,"E onde tem mulher boa, gosto de andar todo dia."
3162204,por eles fui dominado.
3163347,"Essa mulher é uma loucura em minha vida,."
3164015,Que uma mulher carente há de esperar.
3165163,Um homem sério para me levar pra cama.
3165238,"Ela é boa, ai que tesão."
3166482,mulher sozinha e carente por ae.
3167078,Quer fazer o homem feliz (Vaquejada) – Aviões.
3167099,"Quer fazer o homem feliz, por favor ligue pra mim."
3167100,"Quer fazer o homem feliz, caia por cima de mim.."
3167110,"Quer fazer o homem feliz, caia por cima de mim."
3167295,"Que avião, que avião eita que mina gostosa."
3167536,"Se a mulher foi simbora, problema meu."
3167963,Porteiro ingrato nao vivo sem ela sou doido por ela.
3168274,Se for ruim ele é um santo.
3168367,Homens assim são tão fáceis de encontrar (2x).
3168606,Quanta mulher bonita.
3169224,uma mulher carente a te esperar.
3169746,Deixa que ele tá bem melhor do que eu.
3170277,"Pra ela pode parecer estranho,."
3170315,"Whisky do bom,e mulher bonita."
3170323,Quando a vi ouvindo rap disse ela é funkeira..
3170327,"É linda, se garante no que faz, ela é maravilhosa, ela."
3170329,"É linda e se garante no que faz, ela é maravilhosa,."
3170333,Ela é coisa de louco não é brincadeira.
3170336,Mas o que a deixa mais gostosa é que ela é forrozeira.
3170345,"Tal mulher maravilhosa, que mulher faceira."
3170360,"É linda e se garante no que faz, ela é maravilhosa."
3170371,"Mas ela é linda, linda, linda,se garante no que faz, é."
3170420,Mulher sensual.
3170766,que ela anda quase nua.
3170771,Olha essa menina é uma loucura.
3170773,essa menina é perdição.
3171069,"Mamãe tá dodoi, papai dá beijinho que passa [x3]."
3171255,"Porque ela é top, ela é massa."
3171515,Rir rir rir ele é muito legal (bis).
3172238,Ouvi falar que você tá de namorado novo.
3172857,"Menino tão lindo, não se preocupe."
3173429,"O homem sério para me levar pra cama,fazer amor,ser sua dona, o homem que entenda o coração de uma mulher, que não me usa e não nem troque por uma qualquer."
3173730,Vem fazendo carinha de menino inocente.
3174019,Agora a farra que ele faz é diferente.
3175268,Uma mulher cheirosa tão linda como a flor.
3175343,Mamãe tá dodói?.
3176057,Menina moça linda.
3177056,Atenção senhores responsáveis.
3177114,Moça menina......
3177144,Como te amei moça menina......
3177186,Moça menina....
3177816,Ela é menina ela é senhora.
3177883,Pra mim ele é maior.
3178203,"AMELINHA, disco ""Mulher nova bonita e carinhosa."
3178263,pra ela sentir ciume.
3178702,Ele é o número um.
3178722,"E aonde tem mulher boa, gasto grana todo dia."
3178871,Abra a mala seu menino vamos forrozar.
3178930,Mas não criei moça nobre pra pé rapado de vaqueiro.
3179057,"Teu abraço me esquenta, seu cheiro me alimenta ô mulher querida amada.."
3179110,Que ela é prima de maria gasolina.
3179556,Uma menina já mulher.
3179565,Ele sabe que ela ta afim.
3179618,Que essa mina é preparada.
3180047,Ela é linda de cara.
3180060,Se a mulher é uma fera.
3180304,Beleza moça bonita.
3180427,um dia uma mulher feliz.
3180948,Eu tento ser uma mulher forte.
3181088,"Com essa saudade, não dá!."
3181284,Ele é bandido desobedeçe.
3181908,Sou donzela sou mulher.
3182653,Que pedaço de menina bela.
3182677,Quantos homens eram inverno outros verão?.
3182733,"Ele chegou enfurecido, ele é demais."
3184310,Dizendo que ela é casada.
3184336,Mas como ela é casada.
3184371,"Menina nova e sensata, desses corpinhos de viola."
3184381,"Perguntando aonde foi, aquela mulher ingrata."
3184532,"Ela é rameira, mas me dá de tudo,."
3184534,"Ela é rameira, de sexta à domingo,."
3184561,A mulher famosa e bela.
3184566,A mulher linda coxuda.
3184984,"Mulher bonita foi, é e será a minha perdição."
3185064,Essa menina é filha de fazendeiro.
3185221,Moça bonita da saia rodada.
3185226,"Dama perfeita, se move de um jeito."
3185239,"Moça pequena, cheirando açucena."
3185488,"Ela não é sua dona, eu amo você."
3185581,Xandinho é doido por você.
3185778,"Esse garoto é um avião,."
3185995,Uma mulher sozinha e carente por aí é perigoso demais.
3187075,Sei que ele ainda bate forte por nós dois.
3187309,Uma mulher feliz mas quando certa vez.
3187332,Sou menino sonhador.
3187804,Eu que sempre fui una mulher fiel.
3187827,Sei ele ainda bate forte por nos dois.
3187902,Eu sou uma garota cega.
3187973,"Mulher bonita, cerveja e festa de peão."
3188335,Ela é comprometida e ninguém vai entender.
3189437,No calor de uma menina é impossível ficar só.
3190235,Ela é a parte mais bonita da cidade.
3190722,Só com você eu sou uma mulher feliz.
3191735,De apaixonada fui pra mãe solteira.
3191807,Ela pode estar solteira.
3191945,Que eu sou a sua musa preferida.
3192064,É ele é o amor.
3192418,Tô querendo encontrar um homem romântico.
3192432,"O homem ideal, aquele fatal."
3192485,"Menina bacana que rola na cama,."
3192573,se estiver com ela seja natural.
3193902,Pois homem incompetente burro não sabe o que faz.
3193925,QUANDO ELE VEM É PRA FICAR.
3194433,Ela vem pronta.
3194730,Ele é metido a ser galã.
3196094,"Homem é feito lata, é feito lata."
3196135,Homem é biscoito.
3197137,Bebe ela quente.
3197845,"Adoro mulher bonita, forró e festa de gado."
3197860,Forró com mulher bonita vaqueiro não fica só.
3197877,Você lambendo meu corpo é meu homem animal.
3197890,"Voê é meu fila brasileiro, meu homem animal."
3198669,Ela é diarista.
3200249,E ele tão inquocequente.
3200265,E ele tão inconsequente.
3200671,Menino é bom demais.
3200754,eu não fiz ele sozinho.
3201148,E todo homem fica doido.
3201150,Essas damas tão bonitas.
3201151,São damas maravilhosas.
3201824,Ela tá afim de rebolar.
3202560,"Eu digo e ela não acredita, ela é bonita demais."
3202563,"Eu digo e ela não acredita, ela é bonita, é bonita
."
3202573,"Eu digo e ela não acredita, ela é bonita, bonita."
3202575,"Eu digo e ela não acredita, ela é bonita, bonita
."
3202587,"Eu digo e ela não acredita, ela é bonita, é bonita."
3203867,"Somos deusas, mulheres incríveis
."
3204173,Rainha poderosa.
3204178,Essa mulher é espetacular!.
3204944,Olha ela solteira saindo a primeira vez.
3204956,Essa mulher maravilhosa.
3205079,E se ele fosse esse negão.
3206006,Tá pensando que ela vai ficar quietinha.
3206108,Sem beber ela é santinha.
3207005,"Cuidado ela é muito perigosa, viu?
."
3207184,Ela é flex.
3207309,"Mas, ela é mandona."
3207310,"Eh, ela é mandona
."
3207315,Ela é mandona.
3207316,"Eh, ela é mandona."
3208025,mulher forte.
3208060,Ela ela ela ela ela ela é onda do mar.
3208061,Ela é a sereia.
3208091,Ela ela ela ela ela ela é a onda do mar.
3208245,"Rainha fica doce quando chega fevereiro
."
3208787,"O homem sério que contava dinheiro, parou."
3209882,"Mulher é pedra mó
."
3210097,"Ela fica mais brasileira
."
3210153,Só sou mais um homem preto.
3211686,Ela cheia de pressa e ele descansando.
3211817,João é bom igual a.
3211844,João é amor e tradição.
3211999,Se ele fosse um passarinho.
3212057,"Gil é genial, Gilberto é doutor."
3212058,"Gil é jovial, Gilberto é senhor."
3212059,"Gil é carnaval, Gilberto é rigor."
3212060,"Gil é contralto, Gilberto é tenor
."
3212063,"Gil é excelência, Gilberto é visor."
3212064,"Gil é tropicalia, Gilberto é precursor
."
3212069,"Gil é paz, Gilberto é lutador."
3212070,"Gil é orquestra, Gilberto é condutor."
3212071,"Gil é poesia, Gilberto é autor."
3212072,"Gil é mundial, Gilberto é valor
."
3212073,"Gil é violão, Gilberto é tambor."
3212074,"Gil é união, Gilberto é tutor."
3212078,"Gil é alegria, Gilberto é fulgor
."
3212176,Ele é fruto de outras vidas.
3212527,Olha que mulher faceira.
3212529,Ela é flor que se cheira.
3212531,Ela é minha sexta-feira.
3213042,Porque ela é diferenciada.
3213345,A Deusa gostosa.
3213346,Rainha maravilhosa.
3213363,Deusa cavalona.
3213419,Vem cá meu menino gostoso.
3213513,Osama já está cá livre e inabalar.
3213579,"A massa dos homens normais
."
3214102,"Este menino é um capitão de areia!
."
3214219,"Cotovelo, segura cotovelo, menina cotovelo
."
3214628,Se ele é feito fogo.
3215022,Menina negra de rara beleza é nobreza.
3215032,"Digue, digue, oi menina flor."
3215888,A mãe preta do meu pensamento.
3216040,Claudia é paixão.
3218523,Ele larga a swingueira.
3218532,Pra descer até o chão ele larga o bordão:.
3218622,Essa menina é graça.
3218681,"Obra-prima, ela é rima."
3218824,"O vento não, ele é suave, mas é frio e implacável
."
3218896,Brown aí é cheio de querer ser.
3218897,"Deixa ele moscar, vir cantar na quebrada."
3219000,"?Filho meu, não inveje o homem violento."
3219166,O derlei era só mais um rapaz comum!.
3219690,Eu sou apenas um rapaz latino americano.
3219727,uma mina grávida.
3219898,"Dos mano e das mina fraca,
."
3219911,"Que ele não é neutro,."
3219965,"Mãe solteira,."
3220047,"Homem duro,."
3220091,"Ana, sem palavra, a senhora é uma rainha, rainha."
3220175,"A mulher mais linda, sensual e atraente,."
3220303,"Homem é homem, mulher é mulher.."
3220396,A mina era virgem e ainda era menor..
3220553,Juro pra senhora mãe que eu vou parar.
3220839,Vê que ele é firmão igual um prego na areia.
3220872,"E ela diz que é feliz, que ele é cabuloso."
3221083,"Homem morto, cagueta, sem ser.."
3221178,"vagabundo o rei dos reis foi traído na terra ""."
3221179,""" morrer como o homem é o prêmio da guerra."
3221458,"Mano é preciso pregar a igualdade,."
3221565,"Acharam uma mina morta e estuprada,."
3221598,Mas bem antes da ressaca ele foi julgado..
3221601,"Ele ficou bem feio, não tiveram dó.."
3221689,Homem mulato aparentando entre vinte.
3221865,Mãe angustiada filho problemático.
3222062,"Ela era princesa eu era o plebeu,."
3222078,"A mais bonita da escola rainha passista,."
3222092,Que mina cabulosa olha só que conversa..
3222158,"Ele é safado,."
3222461,"agora a mina grávida, o que se vai fazer?."
3222843,E ele tava friozão.
3223208,vi um homem chorar/.
3223273,"Vi uma mina bonita, discreta/."
3223278,Vi uma tia crente em pé cansada/.
3223385,"Homem bom, homem bomba, sou mal, não faco jus."
3223997,"Mulher alheia é sagrada, e é isso aí."
3224127,I da licença se da licença ó que mina cabulosa desligou.
3224378,Ele é feliz e tem o que sempre quis.
3224433,Ele está diferente não é mais como antes.
3224612,"Mil faces de um homem leal (2x)
."
3224855,"Ela é preta da cor loira no cabelo, Ela é 1 hora e meia."
3224877,Ela é frenética hipinotizou.
3224888,"Ela é manta, é nagô, é ioruba, Ela é vingativa, Ela é de matar !!!."
3224900,"Ela é zica na cena, Ela é glamour,."
3224928,"vendo muleque, Ela foi capaz."
3225011,"Mulheres vulgares, uma noite e nada mais.."
3225065,"Mulheres vulgares, (o quê) uma noite e nada mais!."
3225264,Mas um menino confuso..
3225590,Justiceiros são chamados por eles mesmos.
3225618,Acabar com delinquentes eles acham ótimo.
3225897,Mas morrer como um homem é o prêmio da guerra.
3226197,Rapaz comum..
3226408,E a quanto tempo o homem já não era violento.
3226442,Poderia ser melhor mas ele é tão ruim..
3226721,Lembrando que a dama mais glamurosa da noite é a própria noite..
3226853,"Aí você vai vê nego, qual é que é se ela é a guerreira."
3227998,Ela está farta de tudo que anda ocorrendo.
3228173,Mina tá dominada.
3228330,Não tem diferença do homem moderno.
3228369,"Não tem diferença do homem moderno
."
3228416,Ela não é piriguete.
3228490,"Habilidosa, mina habilidosa."
3228789,"Muleque é noix 7, caboclo é noix 8
."
3229124,Ela é zero-bala.
3229126,"Ela é calmaria, depois da tormenta."
3229127,"Ela é mistura, piracema
."
3229738,Maria é mãe e pai e é filha também.
3230572,Olha o menino está perdido por inteiro.
3230574,"E o menino tá perdido, tá perdido na ilusão."
3231506,"Eliane, você é para mim uma mina importante."
3232786,Ela é linda e como eu fico bem..
3232791,"Ela é linda...




."
3232919,Ela é linda...
3233305,"Que ela é avó
."
3234382,"Mulheres lindas esperando só
."
3234405,"Mulheres linda
."
3235082,"Homem é o coração e não seu o diploma
."
3235226,Sei que sou capaz um homem fugaz e sem capataz aqui em.
3235354,Por isso não me iludo ela é a base de tudo.
3236277,desafio foi lançado mostre que tu tem talento.
3236439,"Não é minha metade, ela já é completa."
3236440,"E de maturidade, pensa na mina esperta."
3236503,"Pra mim ele é o ar, (o ar) que asfixia a dor."
3236554,AMO meus inimigos isso deixa eles loucos!.
3236842,ELE é presente.
3237096,"Pois eu busca a vida eterna, mesmo ela sendo dura."
3237687,"Neste universo falso, comandado por homens falsos."
3237730,"Também bato palma, pro homem lutador som suor come seu pão."
3237748,Quero ser diferente de outro homem comum.
3237798,Vem menina linda vem dançar.
3238584,Agora ela é ruim.
3238903,nois tá rico varios pente preparado.
3238906,"Da melhor forma os menino tá bolado
."
3239389,"Ela age igual dama, mente que me ama."
3239578,"Ela é capaz, faz e não se intimida."
3239788,"esta donzela cristã !)
."
3239838,"Falo de mulher bonita, caboclinha lá da roça."
3239839,"Não gosto de valentia, pois todo homem valente."
3239844,"Homem sozinho não presta, gasta tudo em farra."
3239942,"Homem magro, manda embora!."
3240297,Eu não sou homem sou um anjo eu.
3241567,"Sim, eu amo meu bem, ela é minha namorada."
3241803,Um homem novo abriu meus devaneios.
3241902,"Ela é carioca
."
3241903,"Ela é carioca, Ela é carioca."
3244220,Não vai ter mulher pobre ao meu redor.
3244652,Abraão são valentes pra danar.
3245407,Lelê tá doente.
3245432,Mas ele está muito doente.
3245586,Cujas glórias hão de colher os homens grandes.
3245994,Primeiro amor menina flor.
3245997,"Não, menino triste."
3246001,Durma menino triste.
3246005,Sabe menino triste.
3246009,Olhe menino triste.
3248974,Que mulheres muito invejosas fazem de tudo para tira-lo de mim?.
3251673,"Vejam só, eles não são capazes."
3252654,"De vez em quando entre os sonhos teus
."
3253007,Mulher demônio!.
3253506,destacam os alunos da.
3255518,"Ele é o não e o sim
."
3257586,Namorá mulher casada.
3258252,Fui eu que vi um homem foda em um fracassado.
3258448,Ela já é grandinha e dona do seu próprio nariz.
3259935,Ele não tava só comigo.
3261627,O menino ia garboso.
3261757,Mulher também é guerreira.
3264029,Ela é feita de espinhos.
3264614,Deus eu sigo ele é meu socorro me ajuda a caminhar.
3265226,Minha mãe é firme como o sol.
3265585,Senhor motorista.
3266117,Juro eu vou fazer ela feliz.
3266664,"Louca, essa mina é louca
."
3268607,Whindersson é top.
3268855,Já avisa que elas tão online.
3269074,Eu não nego ele é safado e ainda por cima é carinhoso.
3269075,Ele faz tão gostoso.
3269127,Ele faz tão gostoso (Faz tão gostoso).
3269137,"Ele faz tão gostoso (Vem cá, gostoso)."
3270811,É que tem tanto homem bonito na cidade.
3271637,"Elas são coadjuvantes, não, melhor, figurantes."
3273434,"Minha mulher gato
."
3273548,Se liga menina mulher é!.
3274369,"Que ela não é nada sério
."
3276021,"II ele é legal mesmo, hein?."
3277553,Ele não pode ficar parado.
3277598,Por fora ele é crocante.
3277619,Ele acorda bem cedinho.
3277760,"(ela é fabulosa) !
."
3278104,no viva voz dois avós paternos e fraternos.
3278108,Ela é a primogênita do ti ti ti.
3278109,ela é a primogênita da ji ji ji.
3278976,"Mais, ela é acostumada a jogar."
3278988,"Ela é a gastadora, é a gastadeira."
3278989,"Ela é a gastadora, é a gastadeira
."
3278993,"Ela é a compradora, é a gastadeira."
3278994,"Ela é a compradora, é a gastadeira
."
3278998,Ela é mais feliz gastando do que com casamento.
3279013,"Ela é a compradora, ela é a gastadeira."
3279110,"Ela é dominadora, ele se sente sufocado, ele."
3279255,Juro que pensei que ela era feminina.
3279262,Ela é moral de homem.
3279795,"Eu vim lá da zona oeste, ela é menina da zona sul
."
3279796,"Menina mulher, que intimida atitude."
3280246,Princesa negra de.
3280356,"Menina mulher, bonita pra caramba."
3280500,"No peito, ele bate mais forte."
3280560,e a verdade é que ela mesma quis entrar no barco.
3280579,ela é água e eu sou vento.
3280614,E a verdade é que ela mesma quis entrar no barco.
3281085,"Paixões mais sinceras com a dama mais sensível
."
3281763,Porque ele é ícone do pós-sexo.
3282109,Mas menina cuidado.
3282168,"Deixa ela quieta no canto dela, não mexe com ela
."
3282189,Ela é a dona de si.
3282193,Ela é uma lady.
3282198,Ela não é mercadoria.
3283612,E a ilusão de que eles são reais.
3284126,Ela está presa em sua decisão.
3284152,se eles foram felizes pra sempre!
3284191,"(Não, eles não vão voltar)4x
."
3285239,E eu garoto normal.
3287578,Ela é tão confusa.
3289357,E o senhor extraterrestre.
3290380,Era a menina bonita.
3290426,Elas sozinhas te dirão.
3290462,Quem quiser moça formosa!.
3291547,Menino irmão dos que erram pelas ruas.
3291687,seu garoto está melhor.
3291718,o mal náo é tão forte.
3293422,"Menina caprichosa e má
."
3295013,Com ar de menina boa!.
3295375,Eu tenho o marido pobre.
3295541,homens vazios.
3295845,mãe pobre à beira do rio!.
3295850,Mãe pobre à beira do rio!.
3295965,Senhores tiranos que do baralho.
3296471,Pedro é bom de dizer.
3296732,"Minha mãe ainda suspira,."
3296774,"Maria é moça noiva,."
3296977,Não quero um homem sincero.
3297443,Toda mulher ciumenta.
3297469,E um homem velho.
3298150,Ela linda essa mulher.
3298154,Ela linda vai cantar.
3298512,"Estouram os fogos os rapazes novos,."
3298822,"Ja cantei mulher bonita, também cantei mulher feia."
3298823,"Mulher baixinha faz a fita a mulher alta tonteia
."
3299720,Mostrei ao moço impertinente.
3299909,O ser retoma mulher bem fofinha.
3300038,"A fome de todas elas põe mais farta a minha ceia
."
3300158,"Dos homens fui escravo, pra você."
3300164,"Não chore mãe querida, não manche seu coração."
3300883,"Senhora dona da casa, traz seu filho pra cantar."
3301604,É a menina mais bestial.
3301830,Era assim que mãe preta fazia.
3301834,"Mãe preta mais uma lágrima, enxugava."
3301835,"Mãe preta, mãe preta."
3301855,E o homem luar a janela.
3302044,Menina és tão atrevida sem medo da vida.
3302052,Menina não é coisa boa andar.
3302061,Um dia menina atrevida.
3302070,"Ai, menina linda, não faz assim comigo não."
3302071,"Ai, menina linda, não faz assim comigo não
."
3302072,"Menina faceira, do olhar sereno."
3302441,Da minha mãe já velhinha.
3302688,Êta mulher chorona.
3302695,"Mulher chorona, chega de chorar
."
3302703,"Mulher chorona, chega de chorar."
3302822,"Porque ela não é mais solteira (bis)
."
3302839,Falam de um homem valente.
3303346,Lá vai rei morto rei posto.
3304084,Menina namoradeira.
3304217,Tô de namoro com uma moça solteirona.
3304220,Estão falando que ela é muito coroa.
3304221,"Ela é madura, já tem mais de 30 anos."
3304227,"Menina nova é muito bom, mas mete medo."
3304241,Dona de casa tem que ser mulher madura.
3304537,"Que a rainha louca não gostava
."
3304713,Que importa se ele é branco ou forte.
3304763,Ele é dono disso e faz aquilo.
3304852,"Rosinha és tão vaidosa, não queres ninguém da aldeia."
3304853,Rosinha és tão vaidosa não queres ninguém da aldeia.
3306998,Não sei que diga ele era tão desengonçado.
3307795,"E de tetas até à cintura há mulheres crepitantes,."
3308140,"Não sei o que faz agora, mas ele talvez nese momento."
3309374,Menino pobre teu lar.
3309392,Menino pobre o teu lar.
3310229,"Ele é querido, ele é amado."
3311465,Minha avó negra sabia.
3312586,Ele é rapaz novo.
3312650,"Mãe preta mais uma lágrima enxugava
."
3312651,"Mãe preta, mãe preta
."
3312653,Mãe preta embalava o filho branco do sinhô.
3312738,A palavra brotou da boca dum homem bom.
3314143,Casava c'um homem cego.
3314727,"mulher misteriosa,."
3317396,"Que ele empedre, mesmo crendo-se infinito."
3318214,Porque ela fala mais alto.
3319026,"Ela bem aqui pertinho de mim
."
3319053,Senhora é mãe como vocês.
3319114,"Moça bonita, flor na janela."
3319123,Velha mina seresteira.
3319847,Porque ele é mais sábio.
3320027,A menina é tão bonita.
3321061,Mas ela é uma ave de rapina.
3321995,E sua mãe cheia de sacolas.
3323040,"(Acertou, Exu é negócio pra doido mesmo, né."
3323170,O nordestino hoje é homem diferente.
3323428,"E já que ela é curta, vamos curtir sem pressa."
3324636,"Ela está sempre presente
."
3325122,Sei que tem homem casado do juramento esquecendo.
3325802,Mulher chata e pernilongo.
3325833,Quem casou com mulher linda.
3325841,Quem casou com mulher bela.
3326050,"Mas esse homem forte, tão determinado."
3326959,Transformando um homem maduro.
3327275,"Quando eu a vi, pensei: ela é roqueira."
3327277,"Quando a vi ouvindo rap, disse: ela é funkeira."
3327284,"Ela é maravilhosa, ela é demais
."
3327285,Quando beijei sua boca vi que ela é doideira.
3327286,Quando ela ficou zangada vi que ela é madeira.
3327298,"Que mulher maravilhosa, que mulher faceira."
3327469,"essa menina é perdição
."
3327667,Mulher carente arrocha depois do.
3328291,"De um homem terrível só pra lhe aguardar
."
3328667,"Essa menina é muito linda tua beleza
."
3328871,"De forró de cachaçada, de uma mulher bonequeira."
3329526,Para ela ser tua.
3329670,Só o senhor tá desconforme.
3330166,Mulher ingrata e fingida.
3330641,"Mas não tenha pena se ele é matador
."
3331006,Ela era uma morane dos olhinhos averdeados.
3331108,"moça bonita o tei, tei comom."
3331147,"A mãe orgulhosa, diz pras vizinhas."
3331904,Certeiro foi amor.
3331905,"E o menino bobo se apaixonou
."
3331906,E o menino bobo se apaixonou.
3332641,"E onde tem mulher bonita, eu chego primeiro."
3332645,"Onde tem mulher bonita, eu chego primeiro."
3333137,"Menino bicho acostumado
."
3333542,"Eu quero uma morena, menina pequena que saiba beijar
."
3334108,"Ele era filho de alguém, e tinha filho e mulher?."
3335116,"Mulher bonita é a fraqueza dos vaqueiros desse mundo
."
3335714,Por que eu sei que ele é fraco.
3336226,Ela tá viciada no galope.
3336611,É que ela é toda santinha princesa carinha de baby.
3336646,Ela vem pronta pro abate.
3337507,Ele te deixa insegura.
3338414,"Ô mulher ruim

."
3338417,"Ô mulher ruim
."
3339675,"Que, às vezes, o homem é chato."
3339987,Todo homem vagabundo a vida só atrapalha.
3340012,É viciado em bozó dama sinuca e baralho.
3340083,pra salvar gente inocente.
3340152,antigamente uma mãe criava uma filha bela.
3340215,"não é a toa que hoje ele é rei na pirataria
."
3342828,Ela está comigo agora e não volta mais.
3343679,"Este homem é tão valente, que parece brincadeira, na sua jurisdição, ."
3343681,"Eu mesmo já vi de perto ele sozinho acabar com uma feira!
."
3343767,Ele tá muito diferente.
3343849,Tem tanta mulher bonita.
3343962,"Garota bonita, suor e poeira."
3344006,"E Lindú, sua voz de menino sabiá
."
3344021,Lia é branca que só leite.
3344075,Há fogo menina nova.
3344103,Você tem um homem completo.
3344433,E fez uma menina linda.
3344723,"Se tem mulher bonita, o velho já tá de lado."
3344766,"Se tem mulher bonita, o velho já tá do lado."
3344923,Ela é mulher sem nome.
3344976,"Ela é roleira, não tem pena do coitado
."
3344977,"Acho bem feito, porque ele é gabola."
3345720,O homem mais contente da cidade.
3348641,Hoje ela chegou linda como nunca.
3348758,"Ela ta diferente, ta saindo muito."
3348894,Ele é o caminho que devo seguir.
3350234,Que ela é gente boa.
3350305,"Mãe pura do meu senhor
."
3350760,"De ter você, homem safado, pra mim."
3350888,Mulher tão boa assim eu nunca vi.
3351167,Ela é minha razão.
3351529,"Sou um moço triste, meu mundo é pequeno."
3351561,"Nunca vi menina louca, tão afoita desse jeito."
3351578,"È menina afoita
."
3351852,Deus muitos homens são cruéis.
3351957,(Ele é sincero).
3352233,Que pra tu deixar de ser mulher bandida.
3352263,Ela é garota de programa.
3352307,Mulher bonita eu pago dobrado.
3352626,"Ela é boa de dança, baila dobra e balança."
3352629,"Ela é toda sensual, gostosa."
3355461,Ele é rei.
3355515,"Realmente são todas elas divinas
."
3355544,"Ei menino branco, o que é que você faz aqui?."
3355582,"Mandela agora é livre
."
3355606,Mandela agora é livre.
3355778,Minha musa poesias.
3357417,"Minha mãe é negra,graças a."
3357445,"""É brother...A minha mãe é negra,brother!."
3358561,Olê mulher rendeira.
3359195,Ela é doce e eu amo aquela gata.
3359211,Ela é a atriz mais linda e eu sou a plateia.
3359214,Ela é perfeita sendo uma garota singela.
3359230,Ela remexe yeah.
3359258,"Não é desfalque, ela é cadela."
3359259,"Ela é presente, ela é completa."
3359431,Do seu lado ela é uma santa.
3359563,Porque ela é presente.
3359617,Se ela tá perdida eu mostro como me encontrar.
3359623,Ela joga sujo mas sabe que eu sou esperto.
3359826,"Vem, vem, hoje à noite ela vai ficar zen."
3360017,Ela fica sensacional.
3360029,Ela é a garota dos meus sonhos.
3360030,"Ela é uma tentação
."
3360167,"Ela é fiel, é gavião, eu sei."
3360243,"Pelada bem tatuada, mais que mulher sensual."
3360314,"Ela é a mais gata, marrenta."
3360317,Ela vem pronta toda linda.
3360335,"Ela é linda e sensual, meiga atraente, tão especial."
3360349,Ela é a perfeição inesquecível.
3360404,Não tô pagando de senhor juiz.
3360495,"Eu sou um garoto nato
."
3360505,São dez da manhã e ela tá bem sex.
3360530,"Menina sozinha, se sentiu trocada."
3360559,"Ela só quer ser feliz não é alguém que quer dar troco, e tentou."
3360720,"Ela é doce, ela desce desliza igual mel
."
3360728,"Ela é selvagem, sabe que é."
3360879,"Menino prodígio, acredita em si mesmo."
3361127,Essa garota é doce tipo um sundae.
3361182,Mina fica loca e prepara outro corte.
3361699,"varias mulheres bonitas então pode chegar, ai ai!
."
3362650,Mais uma mulher tá sendo abusada.
3362697,Ela é arrochada.
3362704,Ela dança gostosinho.
3362776,A mãe era viciada e o pai a maltratava.
3362787,Ele era um assaltante.
3362804,Ela ficava calada.
3362864,E sua filha ficou mais conhecida.
3362910,Seu marido marido te viu morrer.
3363360,Oh mulher abacaxi.
3363420,Vou aproveitar que ele também ta louco.
3363504,Essa mina é tenebrosa.
3363563,"Mas ela já é mulher
."
3363616,Ela é minha alegria].
3363633,Ela sabe ser fiel.
3364720,"O bonde é chave, é só mulher sagaz (Hmm)."
3365216,"Porque homem é homem e moleque é moleque
."
3365637,"Oh, Oh, Oh, Oh, Oh, Oh, meu homem é seu homem."
3366159,"Só mulher gostosa, só cara parceiro."
3366503,'Tá lotado de mina gostosa.
3366624,"Amizade especial, ela é sinistra piranha profissional
."
3367162,Nessa moça gostosin.
3367174,"Nessa moça gostosin
."
3367219,Se você soubesse que sua filha é mó safada.
3367900,Ela é linda e perigosa.
3368455,É porque eles tá preocupado com o hit do ano.
3368589,Sem opinião que ele também foi ser trabalhador.
3368701,"Minha mãe é dama, linda e fina."
3368720,É tipo aquelas mulher brasileira que o.
3369012,Desculpa gata garota mistério.
3369128,O presente ele é consequente de todo passado.
3369303,E ela é linda e perigosa.
3369724,Gucci ela é bem moderna.
3369764,Dona da safadeza ela é dona da torre.
3369790,Óbvio que ela acha interessante.
3369920,"Tanto ela quica, eu faço mais uma."
3370100,Um verdinho do verdin pras menina saliente.
3370313,"As mulher tá louca de verdade
."
3370327,"Helipa vai ficar bem mais suave
."
3370623,"Moça bela, tá discreta."
3370760,Passou uma mina gata e eu me encantei.
3370765,"Sei que ela não é casada, uns parça de quebra."
3370772,"Ela é maior, eu sou novinho, mas as ideia consta."
3370782,"Só tenho 18, sou menino novo, mas ela me ama
."
3370786,"Só tenho 18, sou menino novo, mas ela me ama."
3371055,"Que ela é linda, linda."
3371079,"Por que ela é linda, linda."
3371081,"Que ela é linda
."
3371083,Porque ela é linda.
3371332,"Dei valor na vida, ela não é ilusão."
3371557,Ele é importado.
3371726,Ela é toda marrenta.
3371735,Essa garota mistério e não enconde essa polpa.
3371737,Essa garota mistério e não esconde essa polpa.
3371799,"Ela é incomparavel,ela e absoluta,
."
3371954,"E ela tá ficando louca pra me dar
."
3372276,E a mochila na garupa ela é experiente.
3372300,Eu te ofereçendo grana não percebi que ela não era puta.
3372395,"Essa mina é louca, louca, não liga se eu tô com outra."
3372419,"É bom demais te ter, essa mina é louca."
3372592,"Ela é puta, mas é uma."
3372822,Ela ficou descontrolada.
3373014,O senhor acha justo que uma farda cinza e uma carteirinha.
3373015,Que indique que o senhor é policial.
3373931,Não duvide de uma mina cheia de sonho.
3374524,"Moleque é zika, é treta.
."
3375238,A nossa pátria mãe gentil se acostumou com os maus momento.
3375450,Ela rendeu pros veinho'.
3375897,De onde sai tanta mulher gostosa eu não sei.
3376283,Não toca nela que ela tá tranquila.
3376500,Ela é real só não é igual e rendeu uma inspiração.
3376534,Eita mulher chique top linda atraente.
3376618,O hiato na vida do menino poeta.
3376675,Na intensidade ela tá graduada.
3378961,A mãe tá dividida entre a ousadia e o love.
3378967,"A mãe tá dividida entre a ousadia e o love
."
3379096,"Deixar qualquer homem louco
."
3379493,Mas ela não é mole não.
3381192,"Ela é funkeira também, gosta de um baile."
3381267,Ô pai me conceda essa moça linda e abençoada demais.
3381277,Ela é bem suave como o vento.
3381522,"Mano que menina descarada, ela é mó safada."
3382461,"Essa mulher é quase inacreditável
."
3382714,Oh essa mina é zica.
3383102,Mano não foi fácil não.
3383782,"Onde as bebê quer ferver, onde elas fica maluca
."
3383993,"Veja bem, Deus é bom todo o tempo, essa é a fita."
3384216,"Pô, ela é diferenciada, mó pressão."
3384247,"Pô, ela é diferente, mó pressão."
3385008,"É bandido é picadilha, elas fica apaixonada
."
3385057,Três minas gostosas em cima da minha cama.
3385623,"No discreto, menino moderno."
3385638,"Pergunta pras bandidas, em quem que elas tão gamada."
3385738,Se ela é interesseira e tá no interesse.
3385811,"Os garoto maroto, os garoto maroto.
."
3385940,"Os garoto saliente
."
3385973,"Com os garotos salientes
."
3386276,"Coração ele é bandido pra ninguém roubar
."
3386293,Ela é mó peça.
3386571,"Que mulher gostosa, ela é do bonde do bumbum
."
3386837,Tô ligado que essa mina é braba.
3386849,"Ela é insaciável, classe, que elegante favelada."
3387960,Uma princesa fiel de fechar pura.
3387962,Mulher é ísca e eu doido pra fisgar.
3388071,Hoje ela é dona da.
3388232,"Garota garota
."
3388354,"essa mina é chapa quente
."
3388553,"Ela tá doidona e não disfarça
."
3388574,"Ela desce gostoso
."
3388872,"Ela é a mina que você respeita
."
3388952,Sei que ela é diferenciada e isso chega a parar.
3388979,Mas quando ela tá nervosa.
3389887,Mas hoje ela quer gracinha.
3389888,Ele quer gracinha.
3389893,"Ela tá soltinha, tipo modo facinha."
3389895,"Ela tá soltinha, tipo modo."
3389900,"E ela tá soltinha, ativo modo facinha."
3390345,"Ela quica no grau, ela é profissional."
3390587,"Vai, menina braba."
3391186,a menina é bem truqueira.
3391413,Ela é a cara do crime.
3392143,Mas que mina experiente é muito gostosa.
3392145,Mais que mina experiente é muito gostosa.
3392166,Ela é gostosa maravilhosa é linda e cheirosa.
3393453,Senhor é tão fiel.
3395049,Ele é fiel e justo.
3395173,"Ele é rei, ele é."
3395679,"Eu falo dele, ele é o rei."
3396112,Ele faz visível.
3396138,Ele é ousado é insistente ele vai lutar.
3396152,Mas eu quero senhor ser fiel a ti toda hora.
3396250,Aquele homem valente em um menino se tornou.
3396283,Senhor é santo.
3396462,Pedro foi crucificado cabeça pra baixo.
3397186,Deus fez ela muito linda.
3397191,Josué sou forte igual.
3397878,"Ele era um rei, mas se esvaziou."
3397894,DEUS ele está assentado.
3398055,Com ele sou grande.
3398189,"O Senhor é meu refúgio, ele é a minha habitação."
3398216,"Ele é santo, todo poderoso!"
3398233,O Senhor é meu refúgio.
3398520,Ela era tão linda.
3399280,"""Mas ele é um camarada morto...."
3399455,"Negociando vantagens pra eles mesmos, cansei."
3400798,"""Nossa, ele é mais punk do que eu!""."
3400805,Avança no sendeiro o homem forte a cada prova.
3401334,"o homem nu rasgou a bíblia mesmo não tendo religião
."
3401480,Ele é limpinho.
3401512,Um homem bom com crédito.
3405783,"Fé, no que ele é vivo."
3406938,Ela é real apenas não foi tudo.
3415855,"De longe ele é escrito
."
3422763,O senhor certo.
3427637,Ele é o poder de tudo.
3440621,"Garota radical
."
3441685,Uma menina tão legal (uoh uoh uoooh).
3442129,"Sua mulher especial mora aqui no meu coração
."
3442189,Garota suvaqueira o cheiro sai de trás.
3442192,Garota suvaqueira vou mostrar meu amor.
3442196,Garota suvaqueira eu te quero bem.
3442202,Garota suvaqueira imagine nós dois.
3442347,Mauro e mário são solteiros.
3442526,"Uma menina tão legal
."
3442535,"Ela deu mole pra mim
."
3442540,"Já foi, ela não é tão novinha assim!
."
3442553,"Já foi, ela não é tão santinha assim!
."
3443018,"O homem é irresponsável
."
3443332,Mas o homem branco.
3443424,MULHER PELADA!.
3443468,"bater na namorada é fazer ela gozar melhor puta pleibói, puta pleibói desde pequeninho puta pleibói."
3443471,força bruta vai mostrar que ele é superior...
3443552,Jello estava certo.
3444402,ele era covarde.
3444975,Acima de tudo e de todos ele é o poder.
3445448,"A mina é uma piranha,ou eu sou um suicida?."
3445535,Mas ele derruba tudo que ele mesmo constrói.
3447148,A mulher é a chave de entra para o poder.
3447174,Fucking nightmare.
3447513,Meu rei consolador.
3448115,Inocentes garotos inocentes garotos.
3448117,"Inocentes garotos inocentes garotas cantam
."
3448126,Inocentes garotos inocentes garotas.
3448127,Inocentes garotos inocentes garotas dançam.
3448263,Procuro uma mulher original de fábrica.
3448952,mas ele está parado aqui.
3451266,a garota mais feia.
3451440,Garoto drogado e infeliz..
3451865,"E achar a mulher querida, para me casar
."
3451887,Ele é o otário que te banca.
3452050,Quando perguntei se ele era branco.
3452076,"Pega o homem branco com o tiro de escopeta
."
3452499,Pois ela jamais será considerada nobre pelos nobres miseráveis que comandam o planeta.
3452766,Menino bom com o peito cheio de rancor.
3453148,"Menino cego na esquina, mais um vilão."
3453938,"Ele é seu amigo, mas você não deveria confiar."
3454259,E ele está revoltado.
3454274,Ele é animal.
3454281,Ele é o mestre do inferno.
3456143,De ver o marido estrangulado pelo irmão.
3456153,"César era culpado, mas ele tinha o poder."
3456308,"Todo dia, um homem novo."
3456664,Senhora bela.
3457574,A bebida com gelo que deixa ela rouca.
3457613,O Aquaman tá diferente perdeu a postura.
3458045,"Essas minas é mó marra, mas depois que viu
."
3458162,"Ela é patrícia, mas gosta de um malandro."
3458164,"Ela é patrícia, mas gosta de malandro."
3458302,Tentei sair ileso mas a mina é confusão.
3458459,eu imagino esse seu corpo e o que ele é capaz!.
3458535,Ela é saborosa tipo uísque 12 anos.
3458545,"Ela é puta na cama, companheira no asfalto."
3458546,"Ela não é bandida mas me tomou de assalto
."
3458615,Mas não me deito em uma cama sem mulher presente.
3458633,"Três filhos de uma mãe solteira
."
3459164,Deus ele é o guia.
3459165,"Ele é o guia
."
3459596,"Ciúme é de mulher pobre, não sabe compartilhar."
3459597,"Mulher rica é outra ideia, chama amiga pra somar."
3459842,Quantas mina gata.
3459903,E eu sinto que ela ta foguenta.
3460007,Mulher é cortesia.
3460075,"muita mulher bonita, muita azaração."
3460280,Com as roda de audi as mina fica louca.
3460297,Ela tá socada porque é carro de bandido.
3460584,"Sim, garota excitante, colar de diamante...."
3460589,"Garota excitante, colar de diamante, pulseira de."
3460591,"Ela já ganhou a pista, ela é capa de revista, boca."
3460602,Menina sensual (tem).
3460624,"garota excitante, colar de diamante...."
3460871,Tem muita mulher gata.
3461200,O lugar só mina chique.
3461506,Ela tem sexy.
3461580,"Garota fica louca, e eu de."
3462131,"se ela quer o meu ibop eu quero ela nua,."
3462195,"hoje a noite é nossa, bebida e mulher quente."
3462419,Você é uma menina má e merece apanhar.
3462821,"As mina alucina, os muleque fica chocado."
3463017,Com os grave na caixa eles tá ficando bravo.
3463639,"De pé no chão, homem comum."
3463806,"Ele era uma mulher preta
."
3464154,"Parabéns mamãe, seu projeto de homem feliz deu certo
."
3464244,evitaram que ele fosse levado para a fogueira.
3464322,A confiança é uma mulher ingrata numa orgia.
3464455,"Tempo das mulher fruta, eu vim menina veneno."
3464502,"Protagonista, ele preto sim."
3464686,"Ae ouvir teu bairro sussurar (cê sabe, mãe solteira é."
3465183,Aleijadinho era rei.
3465271,"Ela não bem cuidada, ela era brilhante."
3465318,"Linda, sabe da sina, mina valentona."
3465324,"Ela é purpurina, skinny e paquitona."
3465348,Ela é paz pra.
3465359,"Eita, mulher durona
."
3465391,"Talibã latino, menino bomba."
3465723,Maria é faya.
3466072,O meu tenis tá furado e dos lado ele tá barreado.
3466197,Pensam que ela é gêmea.
3466488,"De dar inveja, ele é puro, que nem."
3466514,"Selva de pedra, menino microscópico."
3467021,Mas homem mesmo é igual.
3467336,"Esses meninos são sangue, medo e pele."
3467654,ele é igual a você foda-se a diferença.
3467767,Vendo os gambé zoando os que é menino bom..
3467820,"Quero só a liberdade, igual o homem bicentenário, só de mostra meu ódio vou achar adversário, desnecessário, de juca no cenário,."
3467869,"Itaú, mais ele é feito pra você !."
3468485,"Eu tenho, a mulher mais linda,."
3468523,"Sem fada, mas cada play dos menino é mitológico
."
3468660,"Poucos conseguem dizer não pra grana e mulher gostosa, com interesse agradeço por ser um desses."
3469005,"Nobre, Homem podre, pique."
3469235,"Menino bom, sonhador, dedicado, de valor."
3469371,"cachê é pago em moedas, sonhando com minas nuas."
3469525,Moças bonitas com sorriso de.
3469631,O que será dos bom vinhos e das garotas calientes?.
3470379,"Se as mina é puta, ou algo mais."
3470637,Mas ela é capricórnio e resolve.
3470639,Que ela é capricórnio e resolve.
3470641,Ela é capricórnio e resolve.
3470887,"Eles querem ser famosos, nós podemos ser mais
."
3471101,É difícil pra um menino brasileiro.
3471103,"Crescer um homem inteiro, muito mais do que metade."
3472032,"Somos reis undergroud, matéria prima."
3472985,"Eles são porcos num chiqueiro de inglória, irmão se."
3473010,e no olhar pureza das menina moça...
3473303,"(Aí cê diz pra ela assim ó, que ela vai ficar apaixonada,."
3474038,Matilha de dois ou de homem grande vilão..
3474103,"Matilha de dois, onde homem grande é vilão."
3474362,Homem fraco inseguro?
3474383,"e cada homem é um templo alheio ao nome e ao tempo, sem posses materiais a mercê do que o vento traz."
3474517,e querer sumir calado por ver que ele virou passado.
3474711,"Menina preta perde infância, vira doméstica."
3474740,"Com 8 ela limpa casa de família, em troca de comida."
3475681,Já que o rei não vai virar humilde eu vou fazer o humilde.
3475921,E manda umas rima até que ele fique farto.
3476515,Carente de atenção ela ate-rroriza.
3476526,"Moleque novo, tranquilo, deixou uma menina bela."
3476899,É ver que a minha mina é linda.
3476954,"Por isso, mulheres são a razão e a fração."
3476962,Ela é política aplicada em conversas banais.
3477047,Eu disse: Senhor sou tão tímido!.
3477252,"E eu chego devagar porque ela frágil, ela frágil."
3477254,Ela é mulher feita.
3477277,Ela é cortante fino.
3477281,Ela é porrada e bomba.
3477284,Ela acordou disposta a ser melhor que ontem.
3477386,Meninos virgens de sofrimento na vida vão peidar.
3477535,"ELA É GUERREIRA, ELA É BRASILEIRA!!
."
3477612,"Eu vagabundo, ela linda."
3478220,Ela é a paz pro.
3478225,ela é solução!.
3478247,"Essa mulher é raridade, já virei fã."
3478777,Ao lado de minha mãe sinto que ela tá bem melhor.
3478951,"E ele é grande o bastante, a gente cabe!."
3479062,Não é a prancha nem o pé ela é parafina.
3479140,"Cheio de minas terrestres
."
3479337,"Ela é tão bela, e eu tô sempre junto com ela."
3479340,"Ela é fiel, por isso nosso amor decola."
3479345,"E ela nem reclama, ela é meio calada."
3479978,"Ela é pandora, ela é afrodite, ela vigora."
3480794,Porque você não gostaria se ele fosse um cara grudento.
3480816,"Mulher, talvez com ele seja igual."
3481074,Nossa postura é um homem cego sem cão guia.
3481369,"Eu fico quieto, ela fica quieta
."
3481380,"Firmeza, firmão, tranquilo então."
3481407,Às vezes acho que a sina de todo homem pegador.
3481476,"Homem rico nunca é feio ao olhar das vadia,."
3481813,"Menino novo chegava lá,."
3481854,"Menino novo chega a falar, me diz, quem eu tenho que matar?."
3482144,"Já que, Deus é o juiz e ele não amarela."
3482535,Que deus abençoe então o role dos menino bom.
3482613,"Uns mano sem respeito, e umas mina sapeca."
3482649,Um homem respeitável um cara responsável.
3482824,"Salve, salve, mulher atuante."
3482838,"Todas mulheres tão incríveis, tão belas."
3483154,Eles tão vivos por um único motivo.
3483365,Se puxar pra sua mãe linda você vai ser.
3483406,"Deus, mataram um amigo meu, e ele tava errado."
3483456,Pensam que eles são rei.
3483626,Esqueceu o mundo e trabalhar sabe que ta fazendo o sapato que ele proprio nunca vai usar..
3483722,Já aprendi que nem todos os homens são iguais.
3484068,"Ela é rap, ela é funk, ela é pagode."
3484076,Ela é fruta rara da polpa.
3484731,Sorte a minha que eles são meus amigo.
3484993,"Ela é tão louca, louca, louca."
3485112,Que essa mina é muita areia e tá olhando pra mim.
3485113,Olha só como ela dança facim.
3485339,Eu amava aquela moça sabias disso.
3485511,Esses menino é pique.
3485806,"É só os menino bom que trabalha e faz um som, pode pá que não dá outra, é nós.."
3485960,"Pros meus irmãos eu sou o sol, eles são o céu."
3485982,"Aquiles era só soldado, tá bom parceiro."
3486127,"O problema é que ela é feia e mesmo assim metida, o."
3486135,"Essa menina é propagandoa enganosa, cê pensa até que."
3486299,"Ela dança, ela avança, ela é doida."
3486314,Ela é a maquinista do meu trem sem freio.
3486668,E eles vem doido procurando treta.
3486972,"Um homem consciente, honesto e verdadeiro."
3487377,"A imagem do meu povo é uma tia cansada, calejada."
3487379,"Terra dourada, ó pátria amada mãe gentil."
3487479,"Menina linda, eu quero morar na sua rua
."
3487510,"Onde outros meninos iguais a ele sorriam, então não se assustem com monstros que voces criam
."
3487566,De uma pátria mãe solteira da sua população.
3487761,"Daqui pra frente ele vai tratar diferente uma mulher
."
3487935,"As mina que cola aqui, é as mina inteligente."
3487936,"As mina consciente, que curte rap nacional."
3488221,"Quevedo teria medo aqui
."
3488225,"Quanto vale a solidão, se ela viér pro seu bem."
3488389,Meninos querem uma mina bonita.
3489112,"Minha mãe foi escritora, foi atriz, cantora, foi compositora."
3489566,"Ela é maluca, e eu sou o rei do virote."
3489991,"Eu sou formação marginal, ela é magistrada."
3489995,Ela é jóia rara.
3490026,"Todos eles são especiais
."
3490039,Ela é doce igual mel.
3490316,"Ela tá virada, mais uma vez de rolê na quebrada."
3490329,Tanta rebeldia deixa ela ainda mais linda.
3490583,No primeiro rolê da quebra já trombei com a mina mais bela.
3490596,E ela é brisa breve.
3490642,Pra essas mina louca que só te inveja.
3490650,Além de marrenta ela é esperta.
3490651,Essa mina é foda.
3490656,Eu te dou ele inteiro se você quiser.
3490660,Eu vagabundo e ela bem discreta.
3490677,Ganhando o mundo com a mina mais top.
3490765,Menina boa é um exemplo mais tudo muda moleque.
3491162,Os menino tá afoito e o corpo tá devendo.
3491430,"Hei mãe noite a senhora hoje tá linda, hein."
3491493,Tipo aquela hora que cê pensa essa mina é doida.
3491515,Essa mina é doida.
3491527,Descobriu que é menina fresca.
3491680,"Eu vou na paz né, o senhor é justo."
3492136,"Pra um homem moderno, não devo nada pra ninguém."
3492193,"O Senhor é justo, o."
3492194,"Senhor é justo
."
3492257,olhos do beiça quando ele tá noiado..
3492714,Ela é piriguete é patrícia do lado de lá não interessa.
3493338,"Vamos subindo a principal, que ela é bem fascinante."
3493726,o que é preciso pra nois também pode ser preciso pra você.
3493752,O que é preciso pra nois também pode ser preciso pra você.
3493806,Essas meninas tão louca e não dormem.
3493845,Essas menina tão louca e não dormem.
3494029,A barriga da mina já estava bem visível.
3494770,"E ela é pólvora, e eu faísca."
3494795,"Garotas lindas, mas mentirosas."
3495002,Vamo pra praça que as menina tá foguenta.
3495366,"Ela é a prova viva, que a vida é bela."
3495406,Podia viver a vida sem uma mulher diferente.
3495717,Ainda lembro à senhora deprimida.
3495731,Sei que a senhora não é feliz eu também não.
3496362,E rei sem majestade é só um homem comum.
3496427,A mina mais gostosa da quebrada do meu lado.
3496494,"O senhor é meu pastor, ideias não me faltarão."
3496848,Minha mina pop star.
3496942,Fulano regenerado porque no passado ele era drogado.
3496945,"Ela ficou tão popular que hoje até deputado fuma
."
3497051,Hoje só preciso de uma mina louca.
3497154,Quem não se perde onde a pátria mãe gentil.
3497549,"Pensar custa caro, e o homem é mercenário.."
3497718,Atitude e close de garota suicida.
3498021,"Louco na cena ela é problema, ela é a liberdade plena."
3498022,"Ela é algema, mas cê lidar com isso aqui."
3498564,Senhor é justo aí parceiro saiba disso.
3498931,"Será um homem honesto, abençoado e bem sucedido."
3498938,"Mais o senhor é justo, ai parceiro saiba disso."
3499138,"Moleque, a sua mãe tá xaropando cabuloso lá atrás."
3499635,"E essas mina linda, no porte da matéria prima."
3499647,E o homem branco é enjoado.
3499715,Que homem branco proibiu.
3499802,"Rapaz comum na rua, me seguir não vale a pena."
3499872,Entre a cruz e a espada sempre um homem humilde.
3499933,"Hoje aprendi, que o homem é traiçoeiro."
3499960,Ela é nave e ninguém pilota.
3500524,Quis ser feliz dos contatos.
3500546,Só um homem solitário na escuridão da cela.
3501245,Um homem inteligente de camelo não é ninguém.
3501476,E não me dando as mesmas aulas que eles deram pros meus pais.
3501524,Dizem as más línguas que ela é boa de (Alô!).
3501581,Ela nunca dá mole pra ninguém.
3501673,"E ela foi sequestrada
."
3501752,"Cê tenta ser contente e não vê que é revoltante, você tá sem emprego e a sua filha tá gestante."
3501861,(Mulheres vulgares.
3501929,O quê que importa se ele é nordestino e você não?.
3501930,O quê que importa se ele é preto e você é branco.
3502055,"Meu pai, um homem sério, um gaúcho de."
3502105,Sorriso emocionado de um senhor experiente.
3502362,Dos homens importantes.
3502532,Quando ela é pura ela é eterna.
3502624,"A casa sem ele vai ser um tédio.
."
3502968,Fala a verdade porque ela é chave.
3503327,Quando eu me sinto inseguro como um menino indeciso.
3503496,O quê que importa se ele é preto e você é branco?.
3503882,Os que trabalham não são homens livres e continuam.
3503907,Mas hoje em dia ele é universal.
3504024,a mulher sempre vai ser mais esperta.
3504081,Pra priorar levaram o bigodudo como suspeito - Ele era preto - Coisas desse tipo é difícil esquecer.
3504089,As mulheres são boas de cama) Ô gringo não força.
3504131,Hm mudei de assunto ele já tava encabulado.
3504135,Ele é um mestre.
3505147,E hoje ele é o craque mais bem pago da.
3505267,Algum tagarela me falou que ela é donzela.
3505300,"Tu é tão vira-lata, ela é gata esquece."
3505533,"É, nem parece que ele é filho de bacana."
3505634,"O Déo já é papai e é fiscal da natureza, beleza,."
3505637,Almir-Rato agora é professor de natação.
3505683,E os meninos assassinos vão se renovando.
3506168,"ela me disse que não, que eu era um ""homem sujeito""."
3506289,Virou um homem livre e foi pra prisão..
3506298,O Collor foi eleito e roubou até cansar..
3506300,Mas ele não foi preso e falou que vai voltar!.
3506367,Tito é perito no.
3506639,Tenha certeza que ela é a mulher de um frouxo.
3506642,"Ruela que com ela é agressivo, sem diálogo."
3506989,Fofoca quando vai ficando feia fica boa.
3506990,Fofoca quando vai ficando boa vira fato.
3507000,"Fofoca quando vai ficando boa vira fato
."
3507282,"Todo homem é canalha e cafajeste, menos eu."
3507498,"Eu sou ele amanhã também vou ser barbudo
."
3507790,O Mário era rebelde e foi pro interrogatório..
3508050,Mas ele ganhou fácil.
3508089,( Ele tá desarmado!) (Pega!) (Esfola!).
3508264,E tem gente que diz que toda mulher bonita é burra.
3508361,"Menina aeromenina, modelo aeromodelo."
3508601,Porque uma mulher decente pode ser muito mais atraente que uma bunda sorridente.
3508995,"Um viciado no jogo apostou a mulher, perdeu a aposta e ela foi sequestrada
."
3509024,"Hoje em dia ele é vendido pelos mesmos bandidos que mataram o velho índio na prisão.
."
3509571,"Eu acho que ele é patriota
."
3510029,Pras meninas é uma indecência.
3510055,(Homem submisso).
3511212,"Damas primeiro, mas vai devagar."
3511354,obedeço a minha consciência e ela é desobediente.
3511562,Broxei no mesmo instante porque o cheiro da mulher era broxante e eu nem sei se era do pé.
3511619,"E se ainda assim tiver nervosa, minha rainha inconstante."
3511639,"Ela é doce, sal, bala."
3511677,Todos os homens tão afim de algo a mais no final.
3511687,Ela é hipnotizante e ao mesmo tempo dá medo.
3511697,E quando o som acaba ela tá pronta pra morrer.
3511698,"E quando a música acaba ela já ta pronta pra morrer
."
3511994,Ele larica no posto.
3512019,Ele chego juntinho no ouvido.
3512027,"Ela presa no condomínio, e ele solto pelo mundo."
3512052,"Ele chego tranquilão, sem fazer nem um esforço."
3512313,"Jogada na canga, ela é maravilhosa."
3512388,"Sexo de despedida, ela fica emotiva."
3512477,"Porque o cara que vem da elite é condicionado a um sentimento de superioridade; Falso, mas ele é condicionado fortemente a isso."
3512478,Ele acha porque ele tem uma universidade ele é superior a um cara que não tem universidade.
3512581,Pros homens bons e pros ruins.
3512665,"Itacoatiara tá com uns nove pés, cuidado com a vala ela é assassina, não adianta bater os pés."
3513527,E ela tá linda arrumada.
3513533,De salto ela fica mais alta.
3513715,Mulheres maravilhosas de todas as idades.
3513923,Jesus ainda é pregado na cruz.
3514004,Prioridade do homem é o conforto da sua companhia.
3514012,"Toda mulher é uma jóia rara que não existe par
."
3514110,Quero ver mina entropecer.
3514145,Confesso que ela é uma gata.
3514461,Ele é muito pior do que o pai.
3514580,E ela era uma gata de cair o queixo.
3514732,Cavalcanti é humorista.
3514889,ele ficou bestificado com a cidade.
3514925,agora santo cristo era bandido.
3514931,maria lúcia era uma menina linda.
3514992,"aquela menina falsa pra que jurei o meu amor
."
3515102,E ela é toda linda.
3515105,E ela só fica feliz no sol.
3515129,"Ela é sinistra, mano."
3515130,Essa mina não é fácil.
3515154,Que ela só fica feliz no sol.
3515158,Em que todas mina eram gostosa.
3515255,Bagulho de orgulho deixa o homem cego.
3515777,"Uma mina gostosa, onda perfeita, ordem em progresso."
3515868,Posso alcançar o nirvana ou então virar homem bomba.
3515929,"Sujeito homem honro minha bronca no microfone
."
3516433,"nissin, o menino era magro que só,."
3516691,Valor uma princesa mais bonita do local de.
3516998,Alguns milésimos de segundo é o que diferencia o homem vivo e pensante.
3517328,"Cês paga de louco, nois é louco e pouco."
3517774,Então muito obrigado senhor já tá enrolado.
3519342,Ainda mais quando ela tá nua.
3519349,"E ela é tão linda, rara e especial."
3519745,"Porque minha filha vai ser rica
."
3519978,Ela tá doida pra conhecer o meu corre.
3520115,Frente a frente com eles não tremo.
3520757,Quem tem o dedo de gesso tromba ele é o inferno.
3520765,"Sul é o terror ele é o cara, do morro."
3521297,"Pobres esquecem, a mãe maior nos aparece e pede."
3521841,"Vê se me esquece, sai fora desaparece, Deus é poderoso e nós todos protege.."
3522074,Sobrinho é foda dar conselho onde aqui estou.
3522123,mães mulheres filhas sofrendo numa visita.
3522227,"Deus levou, um dia desses ele mesmo falou pra mim."
3522640,Ele é o cara moro sangue bom?.
3522937,"Os perdoe pai, eles não são capaz de viver em paz."
3523462,Champignon tá envolvido e todo mundo da baixada.
3524193,Esqueça-me sou filho pai bom lembre-se.
3524196,Seja um homem não existe mavel.
3524626,Lazer de homem selvagem.
3525011,Quando chove ela alaga.
3525116,"Ele é piolho, sem dá pipoco."
3525725,Eu sei que ela é mó gata.
3525859,Acho que eles ficam acuados.
3525965,Sou doida sim mais nunca fui de ser mulher reserva.
3526056,"Ela ficou ficou mais baixa, porque cê abusa."
3526707,"Quando ela fica carente, ai cê não pode reclamar."
3527087,Que minha elegância deixa as mina raivosa.
3527539,Hoje ele tá comigo amanhã vira minha ponte.
3527996,Quando vi era mulher ele ainda era um menino.
3528426,Não adianta recusar porque ela é traiçoeira.
3528808,Mas ela é tão segura não sei se resistirei.
3528818,"Ela não é comum, é demais, e anda de skate."
3529016,"quis um lanche, uma mãe mansa tive mais que uma mãe santa aurea."
3529017,"que é pura canção, tenho uma avó costureira, a avó mãe de meu irmão."
3529188,"Vacilão tem homem ruim ,."
3529213,"Esposas ciumentas, maridos que fogem,."
3529552,"Ele é neném, fraquinho, ficou pequeno."
3529593,Os mano acha maneiro as mina acha bem louco.
3529942,Nas mina gostosa na cena suspeita.
3529995,"Ela é linda de ver,e influi em você."
3531013,"É, e eu vi de perto o que o homem é capaz de fazer por dinheiro."
3531033,"Rapaz comum, moleque de vila."
3531275,Ela tá mais linda e o problema é seu.
3531956,Mulher igual a ela você não vai encontrar.
3531984,"Ela é linda sim , sabe nada de mim."
3532490,"Ela tranquilona nem guardou ressentimento
."
3532546,"Os cara fica louco, as mina cheia de graça.
."
3532887,"E o retorno do rei será triunfal
."
3533273,que os menino é bom a pista pega fogo.
3533275,"que os menino é bom...
."
3533322,"mulher fina elegante com maloca ai da certo (né)
."
3533334,que os menino é bom...
3533492,"Zica do bagui, sem briga, as mina liga,."
3533803,Entendo o homem bomba de.
3533899,Quando ele for julgado saia condenado;.
3534237,Colocamos mina terrestre fazemos festa.
3534246,Ele é o chinês de pequim contra fila de tanques.
3534468,"Quando vê que pra ele é só pipa, água de esgoto."
3534534,Wonder é cego e encanta o público.
3536005,Pode ser o juíz e a menina futura advogada.
3536645,mulher gravida com virus da luz a filho saudavel.
3536912,"Pro boy dia 20 de novembro não é feriado, mais tem um ponto facultativo que eles tão acostumados.
."
3537051,O mundo é o corpo e ele é o tumor maligno.
3538143,"Sem documento, descalço, fui atrás de socorro, tem uma."
3538389,"Quando gritam ele tá armado não tem nem garrucha, gambé faz teatro pra por luva cirúrgica.
."
3539196,(Refrão 4x) Tem mina terrestre em cada palmo do chão.
3539256,(Refrão 8x) Tem mina terrestre em cada palmo do chão.
3539442,EU SOFRO SOU ALGEMADO UM HOMEM NA CELA DO X.
3539830,"Ela é apenas mera conseqüência da falta de justiça,."
3539879,"A heroína conduz um garoto ontem inofensivo,."
3539883,"Um homem violento, como não ser violento?."
3539982,Nem igual minha mãe doente sem médico;.
3540251,"Não é presidente, não tem eleição, ele é o cara, morô,."
3540443,"Antes servíamos o senhor feudal no engenho, hoje na feira livre de droga, servimos seu herdeiro.
."
3540610,"Que divã cura o trauma da mãe presidiária, que amamenta a filha 4 meses pra ser adotada.
."
3540681,Infelizmnete ainda é rap violento.
3541020,FAZENDO O QUE ELES QUEREM ENTERRANDO NOSSO CAIXÃO;.
3541634,Como ele é branco e usa colônia francesa tem aprovação e as pernas abertas da burguesa.
3541735,"O tiro é de 762 do rato cinza, filho da puta, no menino negro desarmado, que pela cor foi considerado bandido.
."
3541762,"Fazer sumir os milhões do cofre da empresa de valores, se transformar de menino pobre que teoricamente morreria de fome, em dono do."
3541809,"Conheço a colonização que não ta no livro, sei porque no reino do senhor não entra rico.
."
3541847,"Formigas vivem juntas, juntas abelhas fazem mel, e o homem feliz é o que sozinho vive no arranha céu.
."
3542208,Quando a filha aparece morta no mato sem roupa.
3542714,"Não tem cursos que nos reempreguem a sociedade, só triplicamos maldade atrás das grades madame ajoelha, reze é adeus cadeia não regenere o problema é seu.
."
3543312,Só o menino faminto chorar pro.
3543560,Senhor divino tem razões que eu desconheço.
3543918,"Dp da mulher maxilar deslocado no soco.
."
3544173,"mas me senti covarde, deixei minha mãe sozinha."
3544175,fugiu um menino inofencivo voltou um homem agressivo.
3544316,"então boy dá tchau pro seu filho eu fui pro inferno ele foi comigo
."
3544727,"Sempre que eu faço besteira ela ainda fica furiosa
."
3544854,"Gogh tá armado, se o mar tá storm então joga pra baixo."
3544922,Uma mina felina bem fina de quatro no quarto.
3544991,"Vagabundo chama achando que ela é dama,."
3545045,"Ele é fantastico, eu sou ágil pras menina igual sabão."
3545238,"Ela é nova, é rara, única e bem melhor."
3545248,Não adianta tu falando que ela não é boa pra mim.
3545289,"Madruga é puta, pederasta fruta, e verme."
3545783,E a festa é de graça pra sangue bom e mina bonita.
3545823,E a cada rima boa me brota mais mina linda.
3545837,A festa é de graça pra sangue bom e mina bonita.
3545935,Minha coroa tu é rainha foi foda me por na linha.
3546054,"Ela já tá ficando grandinha e tá usando sutiã
."
3546403,"Jogando sinuca, com as mina maluca, na luta, a."
3546582,"Ela é a rainha e eu o rei, é nós que tá."
3546955,"Ela quica, não cai."
3546984,"Sobra a ponta quero a planta e as minas bem doidona
."
3547088,"Mano, tua mina é máximo respect."
3547198,todos eles nerd.
3547212,agora espanca a empregada porque a mãe é delegada.
3547593,"nas menções entorpecidos por gases tóxicos, os códigos nao funcionam eles foram desvendado tu rodo."
3547613,Então primeiro as damas mano e cavalheiros último.
3548233,"Paro, quando tem mulher enrolo um baseado."
3548539,Foda-se se eles querem é mano à mano.
3548844,"Elas tão maluca
."
3548846,Elas tão maluca.
3550962,"Homem tá bolado estilo vai ficar pesado,."
3551014,"Homem tá bolado estilo vai ficar pesado, tomada de."
3551272,Nem te paga de bom moço tô afoito pro almoço.
3551743,Eu nem sei se meu pai foi mais um homem escroto.
3551763,É pra todas as mães solteiras.
3552977,"Homens são maus, eu prometo ser mais
."
3553102,Aparento um homem velho apesar da idade.
3553253,"Minha mansão sempre estará lotada de mulheres belas,."
3553265,"é tipo vinte mulher linda pra cinco parceiro.
."
3553337,"Barro ou mulher bonita tá tranquilo vamo que vamo,."
3553352,quer deixar ele feliz ?
3553359,as mina entra forte e sai daqui com anemia..
3553758,Pela filosofia de platão é fácil conquistar alguém.
3553887,"Limite de mulher bonita, e até boneca de plastico
."
3554010,"Varias mina interesseira, varias pussy ""nhocomanheira""
."
3554178,"Mulher perigosa, fogosa gostosa, sabe bem."
3554293,amo mulher brasileira da pele negra ou pele clara.
3554469,Enquanto ele tá parado todo errado sequelando.
3554533,"Faço tipo de garoto exigente
."
3554559,Garota é impressionante como você me infla.
3554974,"já passaram todas minhas garotas diferentes
."
3554993,Menina carinhosa sempre percebida.
3555322,Era uma vez uma menina linda.
3555625,Leozin tá vivo.
3555725,"Menina fascinante que por ela eu deixo de existir
."
3555769,Minha musa inspiradora todo mundo falava 'é ela'.
3555838,"Só universitária, só mina milionária, só paty exagerada,."
3555873,"Quero mais história, mulheres provisórias."
3555874,"Garotas mais gostosas de bocas deliciosas.
."
3555885,"Joga as mina louca, joga aqui no meu colo."
3555886,"Joga a sua mina linda, não joga barro que eu bolo.."
3555911,"Foco nas maravilhas, minas top de linha."
3555921,"Só universitária, só mina milionária."
3556124,"quer saber se é sim ou não, você pra ela é uma paixão."
3556314,Ela é tão gata!.
3556457,Ela linda e tem marra agressiva.
3556491,Ela sempre muito obediente (muito obediente).
3556492,"Minha princesa safada, no limite da farra, hauu."
3556958,"Ela é linda sim, sabe nada de mim."
3557076,Fala você não conheci mina melhor.
3557141,"Junto com os meus amigos, junto com as mina linda.."
3557174,"Essa mina é mó zoeira a mina é mó zoeira
."
3557191,Mas por enquanto só pensar ela só bebe tranquila.
3557196,"Essa mina é mó zoeira a mina é mó zoeira.
."
3557197,Dia de sol pra ela é praia e de tarde role de long de noite.
3557216,Essa mina é mó zoeira a mina é mó zoeira.
3557459,Essas mina bandida perde.
3557463,"Bagulho de cinema, no esquema, as mina enloquece."
3557701,"Todo mundo olhando essa garota é muito linda
."
3557713,Ela é muito gata com certeza vai vetar.
3557760,Meninas são tão belas agradeço a deus que fez.
3557764,"Varias garotas lindas, belas de se ver."
3557765,"A diferença da mulher foi feita pra entender
."
3557795,Mulher marrenta não dá pra lidar.
3557926,"Eu tô no ofurô com a mulher mais desejada.
."
3558302,Mulher boa é aquela que é difícil pegar.
3558391,A garota mais linda que eu conheço.
3558406,Exculaxa a mais bela e a garota diferente.
3558420,Ela sim é uma menina direita.
3558423,"Garotas boas vão pro céu,garotas más vão pra minha."
3558751,Com essa mina pelada pela madrugada.
3558790,Ela é a droga mais pura.
3558794,Com essa mina chapada pela madrugada.
3559087,Essa mina é mercenária você sabe como é (aham).
3559115,Mina mercenária cheia de ideia louca.
3559158,"Musa inspiradora das minhas canções, fonte."
3559175,"Que defendendo da sua amiga, ela fica imune."
3559634,"Inspiração não vai faltar, pois ela é a mulher
."
3559681,Ela topava eu me liguei que ela era caça pop star.
3559689,"ela tá chapada mermo, Ih vamos gastar."
3559691,"essa mina tá muito doida, ainda bem que eu sou sagaz."
3559708,"e ela podia ser intocavel, perfil de modelo."
3559723,"ela ficou nervosa, e queria ir embora."
3559726,"ela ficou quieta, saiu, sem nem se expressar."
3559749,Só pras mulheres inteligentemente interessantes.
3559948,Atenção mulheres segura a emoção.
3560044,"Eles tão mais preocupados com o fracasso do alheio
."
3560055,"Minha rima parece ilária, pra enganar umas mina otária."
3560091,minha mãe é candidata !.
3560153,"Com muita loucura eles estão sáboca , sáboca as mulér."
3560262,Mermão essa mulher foi feita certinha pra mim.
3560319,"É uma menina incrível, valeu te conhecer,."
3560484,"E quando tão la em cima eles viram falso pastores
."
3560601,E manda sua mãe ficar quieta.
3560623,Mulher é foda.
3560647,"""Cê"" vai ter que entender que elas são fã e dão moral."
3561154,"Strondar é arte faz parte, da terra até marte.."
3561233,Falar de mulher porque mulher é bom demais.
3561234,Sem mulher eu não vivo que mulher é minha paz.
3561339,Pra eu definir minha musa inspiradora.
3561670,Tô com as minas top aumentando o meu ibope.
3561891,Viver pra elas é doutrina aconselhada.
3562093,"Que maravilha, as mina fica apaixonada."
3562438,Garota perfeita a mais linda do universo.
3562567,"Limite de mulher bonita e até boneca de plástico
."
3562603,"Mulher doidona é foda, tem que até fazer exame."
3562612,"As mina potente falam da gente, o time presente."
3562620,"Só moleque fanfarrão, farpador de mulher gata."
3562632,Vetando as mina violenta que nunca deu certo.
3562651,"De mulher bonita, gostosa, interesseira."
3562655,"Tropa da stronda, caçador de mulher gata."
3562862,"Niterói, ela mandava bem avera."
3563080,"Elas tão ficando louca
."
3563447,Pois é tem nem quem fale que nois não é irmão.
3563487,Desde a música mansão que ele é procurado.
3563703,"É tipo 3 menina linda, revezando nos esquema
."
3563721,"Vou devorar as mina linda, o resto fica pra você."
3563918,"Esse tipo de mulher é coca cola só pressão !
."
3564200,Ela será minha diretriz.
3564362,"As mulher são muito gata,lógico,é zonal sul!."
3564406,"Porque ela ta pronta pro próximo passo,."
3564414,"Ela era popular demais, e ele devagar demais, desde a oitava era bonita demais saca?."
3564427,"Mas ele nem é jogador, nessa matéria ele ta mais pra amador,."
3564984,"Mais um menino feroz, com uma cruz pesada, não nego."
3565137,"Preces de mãe eram benção, deram diretrizes."
3565304,Porque ele mermo não vai me ouvir (Não vai me ouvir).
3565363,Visto que ela é ela mesma.
3565507,"Ela nunca foi covarde
."
3565523,Mas se não cuida do amor ele morre tão rápido.
3565668,Michael ainda fosse preto?.
3565671,Obama fosse branco e a casa não?.
3565767,"Tortas sem direção, Portas há depressão,."
3565896,Menina pequena que dá tontura se deseja.
3565900,Ela é uma droga pesada que te arranca de casa.
3565902,"Ela é lunática e perfeita, essa é pra casar."
3565936,"Ela é trama no drama, drama na trama."
3565938,Ela é chave de cadeia meu chegado.
3566038,"Garotas são más quando querem, te fazem esperar."
3566061,"Sua filha é linda, parabéns pra você!."
3566212,Homens falhos pegam suas ordens e chama de lei.
3566222,"E rainhas tão belas, cuja pele reluz igual diamante."
3566704,que eles são reis também.
3566705,"E as minas são rainhas, que o."
3566765,"E hoje ela fala alto, então por favor acendam as luzes."
3567052,Ela é pandora ela é afrodite ela vigora.
3567792,ele magro e no corre.
3567987,Ela vem sorrateira e castiga.
3568323,Mas ele só vendia doce.
3568418,"Mais um rapaz comum (taligado?),."
3568427,"Ow nasce um homem cheio de valores, nem tudo são flores.."
3568724,Teus carrinhos tão cheios e eles satisfeitos.
3568784,E nessas viagens eu conheci cada mina atrevida.
3569816,"Ela é zica, ela é foda, ela é top, ela é tudo
."
3569862,E outras mina cacareja.
3570396,que eles fazem é justa.
3570444,Menino forte da terra.
3571197,"Então quando eu subi eles vão tá comigo também (2x)
."
3571444,"Irmão, ce ta pronto pro poder?
."
3572430,"Vejo as flores de um homem bom, amores que acabam mal
."
3572493,Minas sozinho.
3572949,Rapaz comum.
3573158,Talvez pense que achar o homem ideal seja difícil.
3573322,A mina grávida pensando em contar pros pais.
3573560,"Longe da ira humana, do perigo da mina terrestre."
3573747,Eu fui o homem mais feliz.
3574162,"A madrugada era sua dama predileta, garotas eram só."
3574250,"Quem diria, retornar pra ela é muito bom, sim,."
3574582,"Explode o pensamento,mais um homem violento."
3575832,Tive pena de bater no homem biônico.
3576523,"Fica impune, não vai preso, ele não vai preso,."
3576524,"Ele não è pobre, não è preto."
3576676,"Você é hilário, pra mim um otário, garoto primário, vai na sorte.."
3577440,Eu gosto da noite ela é escura como eu.
3578857,Tô ligado que ela tá bolado vindo atrás de mim.
3578967,veja o seu dinheiro ele é sujo igual ao meu /.
3579170,Ensinamento da minha mãe assimilei.
3580399,"Mulher gestante
."
3580830,Porque tem os menino bom e os menino mal.
3580936,"Ela é a mina de fé ...
."
3580978,Ela é a mina de fé ...
3581051,"/ Na batida do swing, hip-hop menina, me leva / Menina bonita não chora / Eu vou falar no seu ouvido, pra ver se melhora, pegar na mão / Vou te dar um trato, sei que você anda carente, eu tive ausente / Mas agora eu to de volta pra ficar ao seu lado / Pode vir, que seu preto ta preparado / Com dinheiro, e você meu mundo ta dominado / Você não tem noção dooo que eu sou capaz / Quando eu decido batalhar pelos meus ideais / Não é de mentira, minha flexa ta apontada para a sua mira / Quando tu passa minha cabeça pira / No vira vira não da pra imaginar / Eu sem sua presença e como um índio sem cocar / Me leva, me leva..."
3581053,"/ Na batida do swing, hip-hop menina, me leva / Seria pouco uma faixa amarela / Você é bela e desfila na minha passarela / No meu numero do meu tamanho / Tu ta ligada que eu sou um jogador e contigo ganho / Não deixa a lagrima rolar / A moça mais bonita da festa não pode chorar / Aposto para ver no que vai dar / Me espere que eu chego não demoro / Eu vou te pegar no colo pra te namorar e te fazer suar / Prepara tudo que eu to voltando / Avisa pros comedias que teu cara ta chegando / Nossas brigas só aumenta mais a chama / Que incendeia a relação que pega fogo na cama / Você me chama, chora diz que me ama / Elogia a minha pessoa ao mesmo tempo reclama / Te faço minha dama, não chora, so se for de alegria / Que essa noite meu passista vai sambar na sua avenida / Me leva, me leva..."
3581109,"ela rodou, ele foi solto e não fez o mesmo."
3581605,"E o que é foda, é ser jovem e mãe solteira.."
3581655,E você mulher preta que com playboy se engana.
3581664,"Mas como foi comum preta, pra ele é ninharia."
3581876,"Garoto novo, preto com sotaque de favela tá preparado."
3582060,Será pra sempre minha garota preferida.
3582365,Ele não é pobre (não) não é preto.
3582381,Me chama de bandido e diz que mulher preta e feia.
3582528,Mulher gostosa e um reinado ilusório.
3583589,"Com a minha conduta, cavalheiro viajante
."
3583666,será pra sempre a minha garota preferida.
3583749,Proceder de garoto frouxo.
3583827,"Garoto mimado, se sente ameaçado."
3584474,"Morava com a minha mãe, me lembro da minha mina feliz."
3584706,"Ver minha mãe infeliz, eu entupindo os pentes."
3584809,Havia inocência mas hoje os menino é bandido.
3585407,"Cruel é monstro na selva
."
3585557,"Medalhas no homem covarde, e quantos."
3586375,"'Essa mulher é muita treta doidera', falei!."
3586408,Ela é princesa e eu sou vagabundo nato.
3586622,é nois é nois vamos chegar firme chegar lindo.
3586751,Disse que era homem novo.
3587561,"Mulher é foda né, faz o que quer do homem."
3587593,"Mas não ta chamando a polícia, ela tá grávida."
3587862,A fé move montanhas faz de mim um homem livre.
3588075,-Tem uma mina aqui disposta a narrar nos verso.
3588193,Injetando resistencia no homem indefeso.
3588844,"É a vida como ela é escrita em linha torta,."
3589027,Mulheres lindas meu truta (fiu fiu).
3589334,"Para, por favor me diz, se até hoje sua mãe é infeliz."
3589640,BM pra mulher prata.
3590560,"O Senhor é meus pastor, nada me faltará."
3590674,Depois lá a família diz: “que pena ele era tão bom”.
3590740,Eu sempre fui uma filha obedie nte.
3591221,O Governo ironiza e produz homens cegos.
3591609,"Trairas safados, a confiança do meu pai fez dele um homem finado caralho, horas e minutos contados."
3591807,"O alvo era aquele otário e ele foi derrubado, estão todos comemorando dentro de um barraco.."
3591848,"Pobre coitado, não sabia que eles estava perdido."
3592273,Se a palavra do senhor não é sagrada.
3592594,"Catatau ligou tô preso, respondi problema seu."
3592936,"Racionais era foda, era o melhor grupo do mundo."
3595020,Que ilumine a cabeça da sua filha caçula.
3595332,"Mina caliente, despreocupada."
3595363,Deus é uma mulher preta (virou meu vício).
3595398,Somos mulheres guerreiras.
3595596,Sou a rainha exclusiva.
3595651,Essas mina é monstra.
3596575,"Ou sequestrar um playboy filho de uma mãe milionária,."
3596679,"Com quem não presta, um homem bom ele nunca vai te por a mão
."
3596796,"Se o homem fica ruim, machuca corações."
3596809,"Jesus foi homem forte lutou, lutou com sua fé."
3596828,"Rodada na chola muda ela é banda vuô, dela eu sou fã."
3596829,"Ela é banda, mas dela eu sou fã, é dia e noite no frevo
."
3596862,"Ela é banda, mas dela eu sou fã, é dia e noite no frevo."
3596898,Hoje ela tá sozinha mas muito mais feliz.
3597463,Ela é guerreira e bandoleira mas quando gosta ama.
3597468,A mina é louca e nos romance já perdeu a conta.
3598135,Olhar quente nem disfarça ela é minha atração.
3598140,Whatsapp ela é linda demais.
3598142,Essa garota é modela ela é capa de revista.
3598152,"Ela é sensacional bem-vinda ao meu divã
."
3598157,"Toda mulher é safada só que em quatro paredes
."
3598160,Ela é perversamente insana essa menina tem o dom.
3598173,Ela faz cara de santinha de menina meiga.
3598187,"Dois dedinhos de saia, biquinho ela é charmosa."
3598193,O olhar quente nem disfarça ela é minha atração.
3598227,Buscar o homem mal...
3598349,"Mulher avulso tem pra nois degustar
."
3598727,sou izael menino bom exemplo.
3598952,"mas descobri que eles são covardes, já não sonho mais.."
3599079,O maluco me grita e ele é conhecido.
3599099,"Se ele é bandidão, véi eu também sou."
3599231,"Por dinheiro se corrompe, até um homem santo,."
3599294,Abastecendo poluindo maldade na atmosfera senhor real.
3599390,ao seu lado me sentia o homem mais feliz.
3599391,você foi a mulher perfeita que eu sempre quis.
3599683,Garota sexy que me conquistou (te quero).
3599732,pensei em até me matar doido de amor um rapaz locuras.
3599788,"Te amo mãe querida, ainda te espero por você."
3599855,Quando ela passa é tão difícil que.
3599858,Ela é uma joia valiosa e seu lugar.
3599896,"Mulher gostosa hoje tem,os."
3600102,Tirei a pipa da antena ela ficou eufórica.
3600172,Final de semana pra ele era sagrado.
3600604,Senhor segura minha mão..
3600704,Ela é linda e me enfeitiçou....
3600718,"Ela é linda e me enfeitiçou
."
3600957,Ela bem sexy ela mexe.
3601180,"Mulher é sempre bom.
."
3601204,"Teus homens sobrou.[2x]
."
3602136,É linda de mais um aviao ela é tão bela.
3602148,Ela linda tá ligado tipo fantasia.
3602152,Ela é especial tipo daquela essencial.
3602196,nesse verão sol de 40grau sainha ou chortinho ela fica sensual cada parte do seu corpo.
3602278,"Filha nova querida,."
3602287,Anda igual mendigo ele só vive bêbado.
3602289,"A princesa ficou feia, olha o estado dessa mina."
3602388,"Minha filha é do pai, mulher forte e guerreira."
3602590,Ele sempre vai ser um incentivo de mais um....
3602643,"ela é linda eu sei mais não te merece,."
3602658,fica julgando minha dama diz que ela é errada.
3602852,Ela quer grave estralando na carreta.
3602876,Ela é louca mais gosto quando ela gasta loucura comigo.
3603037,"Ela é bonita, gostosa mas eu não vou cair."
3603262,Vou á procura dessa dama indefesa.
3603794,E se as mulheres tão dando mole.
3604625,Pra uns a vida é mole pra outros ela é dura.
3605204,"É eterno, o homem é sucumbido pelo medo...auto-maldição 12 meses de inverno."
3605316,"Ele ou ela reinam acima da vida humana, o vício é o padrasto, ela é a filha bastarda."
3605328,"Ele é o carrasco que aprova ou reprova a verdade, que separa um amor ou uma amizade."
3605335,"Ele é o fabricante parideiro de demónios, padrinho para excêntricos anónimos."
3605338,"Acorda…por ele ficas zombie…protege-te…não deixes que ele te use a ti, usa-o tu a ele."
3605950,Homem bom ou.
3605951,"Homem mau, o mal não está por fora, a mente é o aluquete para a caixa de pandora."
3606516,"(Aham) Senhorita passista, no anhembi,."
3606519,"nome mulher é minha mania, mania!
."
3606685,"Senhorita glamurosa, mais bonita, maravilhosa."
3606732,Eu sempre soube que ela era a mina.
3606751,"No mesmo condomínio, mina maravilhosa."
3607135,"Eles falam mal, falam: ele é muito gringo."
3607136,"Elas falam uau, falam: ele é muito lindo."
3607385,"Qualquer dia, qualquer hora, ela é sempre bem vinda (e."
3607420,Santana era técnico da seleção.
3607434,Lennon foi assassinado só pregando a paz (paz...).
3607641,Homem mau caráter sem ética quebra a palavra.
3607654,Garoto novo no tiroteio traz uma faca.
3607961,"Ela é uma gata, ela é uma fera."
3607987,"(é porque ele é pop, ele é boy, ele é branco)."
3607993,levada ela é tão pesada..
3608002,"menina mulher é que enfeita meu jardim, tão linda assim, ela é perfeita pra mim, (Aham) desculpa se eu estou sendo um pouco pesado, você deve estar achando que eu sou todo errado, só que morena com essa cor do pecado, você precisa de alguem com o corpo fechado, (vai) cantada sabe decor tipo tabuada, e sabe que eu não to procurando uma namorada, vento na cara essa é a temporada, mulherada não para, tem uma a cem pra cada, (uou) eu não posso falar que é nós dois, se eu vou continuar só depois, (hahaha) ela me queria só pra ela, mas foi amor de verão e ele não sobe a serra.
."
3608006,"Ela é doce como um bombom, sai com as amigas só pra ouvir um bom som, em."
3608169,Olha essa mina assobia...Desfila pra nossa alegria.
3608170,Olha essa mina assobia...Na praia ou na academia.
3608171,"Olha essa mina assobia...Cachorro late, gata mia."
3608339,Timepro tá pronto.
3609511,"Já era, agora ela é gata manhosa."
3609966,"""Ele não é rico"" Ficou triste?"
3609967,Conta tudo pra sua mãe então quico.
3610016,"Doce, ela é tão doce (8x)
."
3610017,"Essa menina é doce, toda colorida."
3610019,"Ela aproveita a noite, ela é divertida."
3610029,"Doce, doce, ela é doce, doce."
3610042,"Essa menina é doce, ela é feita de açúcar."
3610043,"Mistura perfeita, ela é meiga e maluca."
3610067,"Essa menina é doce, ela é sobremesa."
3610068,"Ela é mais que um bolo, ela é a cereja."
3610069,"Ela é jóia rara, ela me deixa doido."
3610077,"Doce, ela é tão doce (8x)."
3610679,"La trampa, te vicia tipo coca, eles são fanta."
3610688,Tipo a mina mais linda ela é fã do.
3610953,"Das ruas pra balada, agora ela é mais tocada."
3611530,menino confuso.
3611756,"Ela é quente, ela ferve, ela quase derrete."
3611758,"Ela é sexy, ela é classy."
3611759,"Mais que isso, ela é sensual."
3611789,Quer dizer que ele é rapper então?.
3612073,"mestre nessa obra, eles são operários."
3612817,Bonadio era ruim..
3613041,"seja ela preta, branca, oriental."
3613165,Só sei que a força de um homem ta em uma mulher forte.
3613288,Ela é uma menina má a aa a.
3613289,"uma menina má a aa a(2x)
."
3613291,"Pronta pra se derreter,ela é puro extase."
3613299,"Ela é uma menina má ma ma malvada,não quer se."
3613305,"Uma menina má,ela te enlouquece."
3613320,ela é vitória.
3613330,ela é sereia no ma da praia do rosa.
3613331,A melhor ela é vaidosa.
3613341,Uma menina má.
3613342,Ela é cheia de marra.
3613354,uma menina má a aa a(3x).
3613368,"Senhorita linda corpo de striper, quero tirar sua."
3613478,"fala ?ele é tão lindo?, fumaça no cachimbo pode me."
3613524,"Essa mina é diferente, linda, inteligente."
3613525,É minha senhorita independente.
3613527,"É minha senhorita independente
."
3613530,"Menina mulher, não é que ela precisa de alguém."
3613531,"É que um carinho faz bem, ela é linda e também."
3613533,"O jeito que ela se veste, ela é tão sexy."
3613536,"Ela é primeira dama, eu sou o presidente."
3613604,Ele ficou feliz.
3614322,"O Daniel vai ser papai, vai ser."
3614439,"Inocente, senhor juiz."
3614514,Hoje ela tá crescida.
3614520,"Se você não ligo ainda ela é a musica

."
3614542,Com uma musa melhor que a.
3615264,Eles jogam sujo.
3615818,Com ciência.
3615937,"Nego tá ligado, mas ele tá suado."
3616198,Deixo elas nuas e tiro as fotos.
3617257,A garota branca.
3617305,Elas provocam robam a cena.
3617353,"Quanta mina gata, fica quieto!."
3617458,Você pensa que conhece o garoto branco.
3617691,"Ela é toda centrada, eu meio."
3617726,"Pac, eu swing, ela swag."
3617959,Aquele rapaz alto e magro que usa boné pra traz e umas calças gigantes.
3617990,Pois sou apenas mais um rapaz comum.
3617992,Eu sou apenas mais um rapaz comum.
3617998,"Pois sou apenas mais um rapaz comum
."
3618037,mais um rapaz comum fazendo musica em meio a criticas e elogios.....
3618356,"Uma mãe angustiada, um número pra estatística."
3618484,"uma mãe angustiada, um numero pra estatistica."
3618697,Ela tem sexy apeel rege orquestra de assobios.
3618701,Uns dizem que ela é marrenta outros que é sensual.
3618719,"Ela não é tua, ela só atua bem."
3618720,Se qué ser feliz faça ela feliz também.
3618810,"Ela é sexy, ela é femini ela é o que ela quiser."
3618812,"Não que ela seja mandona, não."
3618813,Mas ela sempre foi dona de si.
3618839,"Ela é sexy, ela é femini."
3618843,"Dona de si, ela é dona de si."
3619759,Moleque é chique calça abaixo da cintura.
3619813,Mc não é homem direito.
3620148,"Ele é sucesso no palco, fracasso nos bastidores."
3620152,Senhoras e senhores aplausos pro superstar.
3620244,imaginava seu sorriso e me tornava o homem mais feliz que existiu!.
3620605,"Ela é mimada, não gosta de dividir."
3620745,Mulheres viúvas perdem parentes e entes nesta merda desta maldita luta armada.
3620784,"meu bem maior, musa inspiradora, minha diva."
3621257,Ela tá linda descalça cabelo solto.
3621645,Elas não são reais.
3621675,pra sua filha é a solução pro seus problemas.
3621873,"Ela é bonita mas não é eu não mete o loco não finge que me esqueceu, quando eu aperto é solto vc sempre diz que é meu eu jogo pá vê se tu pega acabou pra elas pq eu cheguei cê tá no meu nome pensa que eu não sei o que rola quando eu não tô presente a chance delas só existe se eu tô ausente."
3621984,"Mulher bonita e vivacidade as notas de cem, ok
."
3621988,"Mulher bonita e vivacidade as notas de cem, ok."
3622259,"Ela não nasceu rica, mais nasceu para vencer."
3622291,Mas hoje tem a coisa que faz elas fica loucas.
3622293,Vou te fala uma coisa rapaz muita mulher boa.
3622326,não preciso de uma mulher inconveniente.
3622437,Sei que elas são possessivas e estão me querendo.
3622497,"Ele é um perigo em sua mão
."
3622546,Só quero me divertir com mulher independente.
3622785,Elas vem quente como se eu fosse o brad pitt.
3622792,"Quanta mulher maldita, quantos caras traíras."
3622799,"Mas elas preferem ficar nuas em quato eu perco a noção
."
3622952,Quando entrei na academia foi pra pegar mina torta.
3622993,Me entende: mulher é bom não consigo viver sem.
3623177,quando ela desce geral olha e enlouquece.
3623181,essa mina é loka ela mexe a noite todo.
3623403,Eu não penso em mais nada enquanto ela só quica.
3623409,"Cara, ela é caveira e veio pra me dar trabalho
."
3623428,"Por baixo e por cima, na ponta ela quica."
3623491,"Só mano fiel, só mina cruel com um drink na mão."
3623766,Haléx um experimento talento de mãe solteira.
3624251,"Mulheres bonitas, um tanto incomum."
3624312,Pery é mais alto eu falo pra você.
3624325,Esses manos eles não são loucos.
3624433,mas eu quero ter ele primeiro.
3624569,O grave batendo deixando as mina zonza.
3624849,"Eles refém da fama, empilhamos."
3624915,Só mulher gostosa bikini piscina.
3625419,Mais que a mulher maravilha.
3625667,Menino caro.
3625672,"Menino breck, juju na cara."
3625768,Mãe fica tranquila que seu filho é um trapstar.
3625933,"Porque ela é uma carta pra você
."
3626443,"Mas ela dificulto, com medo de se ferir."
3626554,Contentamento como o homem bom quis.
3626607,Verdadeiro forte é o homem resistente.
3626849,Excesso de verdade deixa o homem mais arisco.
3627088,"Homem vazio vende doença, eu vendo remédio."
3627145,"Homem mal e sanguinário,."
3627553,"As mina chove, nós não para."
3627780,Eles são covarde.
3628181,Ela era quase perfeita.
3628499,Ela é faxineira.
3628506,"Mãe solteira, estressada."
3628538,Que tá com mulher nova.
3628567,A mulher é fogosa.
3628632,Garota estou enfeitiçado.
3628721,Deus preparando a mina certa.
3628745,Ele é o gatito.
3628858,"E ela ficava sorridente
."
3628872,Que ele era fanfarrão.
3628991,A mina era fogosa.
3628999,A mina era maluca.
3629118,É a mulher perfeita.
3629218,Só mulher gostosa.
3629829,Na arte do insulto detonam mais que homem bomba (Allahu.
3630663,Era a garota estranha sem jeito.
3631392,E até hoje ela permanece intacta.
3631611,Uma garota egoísta que se enforca em linhas.
3631739,Homem branco.
3632118,Hoje a noite vou sair.
3632907,Ela é tão fria que chega a ser quente.
3633104,E assim ela rebola melhor que a.
3633213,Menina bonita do laço de fita.
3633225,Ela é a morena e eu sou.
3633249,"Tanta beleza, tanta malícia, essa mina é louca."
3633323,"Ele é rap!

."
3633428,As vezes menina underground.
3633467,ele é o rei da.
3633498,Ele é rei da.
3633550,"Não programe os seus passos, torne eles bem mais rápidos."
3634203,Conhecendo umas mina maluca.
3634925,"Quando o senhor quiser to pronto pra subir
."
3635052,"E não aceitava nenhum homem covarde
."
3635085,E não aceitava nenhum homem covarde.
3635243,senhor mistério.
3635352,O marido não carinho.
3635446,"Esquece os lucro, E as minas mais foda."
3635647,"Ela te conquista
."
3635698,A mulher mais atraente.
3636206,Vou onde tiver mulher bonita.
3637040,Menino bom que tem.
3637096,"E ele tá pronto pra recomeçar
."
3637670,"Ralf é abisioso, ele é louco, ele não para."
3637743,"E ele não será jogado no lixo
."
3637903,Dirceu era herói.
3637913,Só que dessa vez ele não vai ser mandado por.
3639053,"Pra eles pobre de porre é ouro, fato."
3639214,"Meu país é sem noção, da repressão eles são amante."
3640019,"Iludido, eles tão mais fodido do que a."
3640127,Se o homem bom é o pior dos homens maus!.
3640305,"Fora da sanidade, mais louco que o homem morcego."
3641156,"E de meninas grávidas na adolescência
."
3641378,Mão de anjo por ele paulada sonora.
3641437,"A onde as garotas são mais belas, beleza natural.."
3641475,Deus por que ele é justo e verdadeiro..
3641634,A vida é assim mesmo aproveite ela é única.
3641642,Ilumine a sua vida se você acha ela chata.
3642467,Se a vida é bela mais pra ele foi osso.
3642518,O homem é falho a si mesmo destrói.
3642679,Quer seduzir essa mina é bandida.
3642903,"Se tu olho tu também viu, menino é zika e não caiu."
3643701,Comecei a achar que todos os homens eram iguais.
3644336,Homens covardes que só em mulher bater.
3644404,Nem de fazer uma mulher feliz teve capacidade.
3644457,Pras minas pros manos conforme a palavra.
3645072,Jesus ter sido crucificado.
3645517,"Me doma por cima essa deusa romana
."
3645889,Já o meu caminho ele é estreito.
3646016,"Senhor é meu pastor, vivo melhor que antes."
3646091,Na bíblia tá falando busque o reino do senhor primeiro.
3646097,Eu sei que o ser humano ele não é perfeito.
3646107,Se parecer ou se ela for diferente.
3646122,Jesus está presente e não importa o que fez.
3646357,Ele é o amigo de verdade.
3646777,Minha namorada é linda.
3646961,Ele ficou tão cego que da mãe ele esqueceu.
3646971,Quando ele percebeu estava sozinho num canto.
3646993,"Então ele foi preso, preso em flagrante."
3647029,Sua mãe contente viu que a oração valeu.
3647580,Ela é mudança de estações de verão a inverno.
3647604,Com certeza ela é mais certa.
3647608,Ela é linda e ainda diz que me ama.
3647611,Ela é minha inspiração...
3647844,Ela é letra sem ter refrão.
3649483,Essa menina sempre foi largata.
3650099,"Porque ele é apaixonado e ele é o ponto entre nós dois
."
3650247,"Ele é incrível,."
3650250,"Ele é japonês,."
3650260,A mãe é budista.
3650295,Me tornei uma mulher ousada e de você não quero mais nada..
3650540,Ele é fodão mas eu sei que eu sou também.
3650554,Ele é tão feio que até dói..
3651106,Como um garoto nulo atrás de um sonho estúpido.
3651488,Menino lindo mas beleza se esconde.
3652094,a mina bela de pele lisa.
3652149,mas que ela tava gelada.
3652163,Paulinho estava bom.
3652294,"eu sou um homem triste
."
3652484,É uma moça linda a festejar.
3653643,Quem vê de longe pensa que ela é frágil.
3653655,"Ela é doce por dentro, Linda por fora."
3655094,Elas são tão brandas.
3655973,Se ela fosse atriz de cinema.
3657366,É uma deusa profana.
3657438,Que a garota é abusada.
3657760,Garota atrevida de rabo de cavalo.
3658169,"Mufasa é poderoso demais pra ser desafiado
."
3658170,Mufasa agora é passado.
3658829,"Ela é bem maior que o elefante
."
3658955,Se ele for derrotado também não precisa chorar.
3659045,"Feito tinta aquarela, ela é toda amarela."
3660179,"Qui, qui, qui, qui, qui, ele é bonitinho
."
3660480,Ela é ouvida.
3661480,Realmente ela é genial.
3662130,E descobrir se ela é amarela.
3663633,Ele é o príncipe da paz!.
3663642,"Ele é o início; é o fim!
."
3663739,O Senhor é caminho que devemos seguir.
3663761,Ela é maior que a da primeira.
3663780,Ela é bem maior que a da primeira.
3664293,Carlos era um menino mau.
3664371,Canto agora para o menino rio.
3666956,"E cada homem é o homem da semana
."
3666960,"As possibilidades são de que a senhora seja uma estrela
."
3666962,"Se a senhora é absolutamente encantadora
."
3666964,"Se a senhora é íntima de reis
."
3666986,"Ela é sincera – positiva – íntegra – esplêndia - perfeita - mararavilhosa
."
3667516,Ela achou radical.
3667529,"Ela é linda ainda mexe
."
3668390,"Se ela estava tão feliz?
."
3668964,"Bota o rei congo no congado
."
3669271,Um homem honrado é homem feliz.
3669427,Da musa branca de sangue azul.
3669447,Mulher é mais cruel.
3669778,Ela ficou calada.
3670355,"Ela é linda e gloriosa
."
3670372,Ela é linda e gloriosa.
3670713,Meu namorado é um bobinho.
3670716,"É o rapaz mais tolo que encontrei
."
3670902,"Ele é o bom, é o bom, é o bom
."
3671508,Queria ser a moça mais gostosa do lugar.
3671916,"China, o."
3672170,Duro ele é esperto.
3672484,A menina mais bonita que eu já vi.
3672506,Ele é exigente com a namorada.
3672515,Ele é sucesso em qualquer lugar.
3672516,"Tem muitos amigos, ele é muito popular."
3672553,"Sai fora, ela é vampira."
3672554,"Sai fora, ela é vampira
."
3672784,Se ele é melhor do que eu.
3673754,Um homem sincero que me faça feliz.
3673974,Quando ela é só feita de amor.
3675594,Ela é linda até na.
3675769,"Ela tá livre como um passarinho, pra poder ficar."
3675844,"Que ela ficou bem doida, doida."
3675995,"Yeah, ela é minha tchotcha."
3676612,E ela cai pró chão.
3676648,Pois ele é meu amigo.
3676649,E o pior de tudo é que ele está contigo.
3676853,Ela é gatuna.
3677059,e pra aquela mãe solteira que luta tanto pra sustentar os seus filhos hie.
3677392,ele é um homem bruto e que não sabe o que ele tem na.
3677404,ele é o homem errado.
3677567,Bo era casada.
3677648,Eu nunca te considerei como mulher perfeita pra.
3677797,- Mas ele foi p'ra onde?!.
3677963,Dama preciso ver isto.
3678427,Que tinhas arranjado homem melhor.
3678431,"Romeu, para ti o homem perfeito
."
3678578,"Este teu flow, moça está bom."
3678997,"a mãe dela disse que ""essa é minha filha mais brendada""."
3679007,ela tá armada em.
3679114,"Baby é complicado
."
3679160,"-Os homens são muito orgulhosos,."
3679226,existem muitas mulheres lindas por aí.
3679590,ela é fofa e tem um lindo olhar.
3679779,E que faça de mim um homem melhor pra ti.
3679824,Baby estou consciente.
3679917,E o pior de tudo é que ela está contigo.
3679941,Ele é um desavergonhado.
3679984,E ela está contigo.
3680333,"moça ficaaaaa
."
3680385,um homem culto.
3680698,Tiras o sossego de qualquer homem normal.
3680710,"Essa mulher é gostosa, essa mulher é gostosa."
3680731,"Essa mulher é gostosa
."
3680878,"Paula fica ali, sofrendo calada, ela quer falar, mas epa, ela sente-se envergonhada, ela sente-se traumatizada, ela sente-se abusada, portanto sofre calada, yeah, é hora de pararmos com esses abusos e outros mais, mas sabem o quê, meninas, meninos, é hora de abrir a boca, força manos, força manos, yeah."
3680908,"Vou fazer de ti a mulher mais feliz,
."
3680929,"Vou fazer de ti a mulher mais feliz.
."
3681004,Se realmente ele te amasse ele estaria contigo a.
3681392,"Ele aparece largas logo a minha mão,baby."
3681904,Essa mulher é gostosa.
3681937,Essa mulher é gostosa (é gostosa sim).
3682905,ma nunca mas ooh n?prometi pa nunca mas bu ta maguan.
3684878,Ela agora é moça.
3684903,Um menino guenzo ou um gigante negro de olho azul.
3686385,quero dormir no berço do homem americano.
3686423,Deixe-a decidir o que pra ela é certo.
3686522,Ok ele é lok.
3687188,A negra mina mãe de uma negra menina filha de comunidade.
3690310,"Ela é carioca, carioca
."
3690330,"Ela é carioca, carioca."
3690677,Deusa acuda.
3690705,"Ela é danada
."
3691429,"Aquela menina falsa pra quem jurei o meu amor
."
3691492,O vento diz: Ele é feliz.
3692566,"Como ele é sentimental
."
3694954,Mulher aventureira.
3694982,Jesuíno é santo novo.
3695663,"E eu sou apenas um rapaz latino-americano,."
3696995,"Nos homens frios, mulheres secas."
3697048,Olha esse sorriso menina sabida.
3697672,E a moça suspira.
3697899,"Ele é negro demais no coração
."
3699703,O rei porco está nu.
3702583,Vestindo o corpo de mulheres languidas.
3702721,"Por ser homem bem disciplinado
."
3702817,Eles são loucos demais.
3702849,Ela louca.
3702877,Ela doido.
3704283,Trump é processado.
3704928,Eu sou aquela que o homem quer bonita.
3706568,Na mãe africana.
3707149,Um homem tão sério.
3707990,"Mas se ela ficar será atroz
."
3709613,porque ela é linda e todo mundo nota.
3709882,A força que tem a mulher brasileira.
3710349,Filha de mãe sudanesa.
3711399,Oh minha mãe generosa é a teta.
3711400,Da nossa mãe preta.
3711539,"""Fique tranquilo, homem branco""."
3711542,"Dizem até que ele é, que ele é caso do ganso."
3711637,Pratileira é mulher saideira.
3711645,"É mulher inocente, é mulhre inocente, é mulher inocente ...."
3711830,Eu sou menino pobre.
3712576,"Quem não sorriu feliz, encabulado, ao ver a mãe vaidosa rodar a saia rodada.."
3713060,Olinda menina louca.
3714185,"Ele é meu amigo
."
3714841,"Ele está off
."
3714855,Ele está off.
3715811,"Terra, mãe comum
."
3717379,Algum juízo nesses homens sórdidos.
3717729,"Que ela sempre será muito querida
."
3717749,Que ela sempre será muito querida.
3718056,Sigo a minha vide de homem simples.
3719665,E as correntes desse novo mar.
3720526,"Ele tá comigo
."
3720534,Ele tá comigo.
3721331,Uma mulher sozinha.
3721344,Um rapaz delicado e alegre.
3721501,E eu sou apenas um rapaz latino-americano.
3723580,(se largarmos da mulher interesseira.
3725301,Essa menina livre que.
3725323,E essa menina livre que.
3726846,Deusa louca.
3726856,Deusa nua.
3727513,"Senhor charqueada, Dom."
3730487,"Da linda mulher gaúcha, beleza de minha terra
."
3730530,Ela ficou zangada e foi quebrando tudo.
3730706,"Encontrei ele mateando sentado em cima da cobra.
."
3730808,E tem chifrudo reclamando que as mulheres são espertas.
3730831,Que a mulher foi gerada.
3731062,Ela é cheia de fluflu.
3731233,"Ele é meu e te pertence, grande, bravo, nobre, belo."
3731234,"Ele é meu e te pertence, grande, bravo, nobre, belo
."
3731412,O meu carro não é grande ele é bem pequinininho.
3732008,"Tô bem treinado, sou um homem carinhoso."
3732359,"E aquela moça bonita nunca mais eu esqueci).
."
3732360,Tinha um jeitinho de moça pura e sincera.
3732603,Mulher bonita demais.
3732934,"Mulher sincera, liderança das gurias."
3732940,Mulher medonha difícil de compreender –.
3733137,que por ele estava apaixonada.
3733279,e ela é fissurada em rock.
3733334,com aquela moça maluca.
3733567,Tem uma mulher bonita na rua da minha casa.
3733667,Porque afinal ela era a patroa.
3733780,Homem rural desta terra sulina.
3734002,Uma delas descobrisse o homem bom que sou eu.
3734308,"moça bonita, cordeona, violão e trago."
3734338,Se a rapaz era casado viviam a se informar.
3734649,Sou um homem rico de felicidade.
3734841,"O batidão contagia, aqui tem mulher bonita."
3734873,Com um beijo na nuca ela arrepia.
3734907,Tem moça linda e fofoca das vizinhas.
3734928,"Pra ela fica doidinha,."
3735069,"Minha muié, ela anda desconfiada acho que fica."
3737503,agora desce fazendo careta desce com a mão na cabeça desce ela é gostosa demais.
3737510,"Ela é quente realmente do jeito que o povo gosta, ó como ela tá soltinha."
3737511,"Ó como ela tá gostosa e vai joga, joga, joga."
3737525,ela é gostosa demais.
3737866,"Ela é top, ela cai pra cima
."
3737870,"Gracinha, ela tá soltinha
."
3739011,Ela tá igual minha vida meio bagunçada.
3740323,Me liguei que ela é difícil deu pra perceber (perceber).
3742778,Ela tá toda blogueirinha.
3744397,É a ignorância dos votos nos bons homens maus.
3744556,Paulinho é legado de.
3745370,"Eu resisti, mas essa mina é disposição."
3745372,E a cada não ela vem mais ousada.
3745459,"Mulher bonita mexe com meu coração
."
3745902,Ela diz tá está arrependida.
3745913,"E ele é o culpado
."
3745994,"Ela é a mina, mas você não é o cara."
3745995,"Nunca foi bijuteria, ela é uma joia rara."
3746000,Eu vou deixar ela louca.
3746190,Disconfiança é tão ruim.
3746368,E se ele é bom pra você.
3749050,Parceiro menino faceiro saiu do barraco.
3749598,É a minha mulher maravilha.
3750174,Bagaço de cana pra ele é arroz.
3750416,Ver eles felizes para sempre.
3752002,E por você ela é capaz de enfrentar.
3752259,Faz tanto tempo que ele tá sozinho.
3753861,"Quando sente o jeito que ele deve ser tocado
."
3753977,"Deus do céu essa garota é diferente
."
3753986,"Ela não é boba, ela é sagaz."
3754289,Ela é a dama e eu sou o vagabundo.
3756394,Ela é tão linda eu sei.
3756564,A mina é maneira não colei com ela.
3756565,Mais sempre desejei que ela fosse feliz.
3756754,Você mina direita e eu safado.
3756934,Você é a mulher perfeita.
3757329,Tipo musa real.
3757592,Ela é uma doçura de mulher.
3757595,Ela é perfeita tim tim por tim tim.
3758092,Me ferrei ela é baladeira.
3759406,Menina bonitinha pode vir já sem calcinha.
3759767,Homem decente.
3759796,Construiu sua família com uma mãe solteira.
3761377,"No quesito, ouve o flow, Pelezinho é hepta, ayy."
3761632,Sou mina bela rebolo na tela.
3761863,Ela é porrada.
3762285,"Você é um rapaz tão pobre, não namoro pé rapado
."
3762982,"Você fez, aconteceu com uma mulher maravilhosa."
3763601,Essa moça chique já contou trocado.
3764848,Meu pai foi minha referência de homem forte.
3764852,Por esses homens é preciso chorar.
3764871,"Esse homem violento, homem violado."
3767507,"Se ela está presente eu vou...
."
3767509,"Se ela está presente, eu vou
."
3768944,"Garota, ele não é verdadeiro."
3769188,porque a cama grande ela vaite arropar.
3769374,Ele anda grilado e preocupado pela cidade.
3770551,E ela vai ser bem melhor.
3770627,Pra moça bonita um colar.
3770740,Menina musa é minha música de paz.
3770743,"Menina musa é minha música
."
3771019,"E ela já tá decidida, atrás do que soma."
3771089,"Mas comigo ele foi covarde e malvado
."
3771683,Ela joga consciente.
3771708,"Pé na areia, pé no mar, Deus é fiel, fé sem neurose."
3771735,Ela é raposa traiçoeira e ainda diz que eu sou chato.
3772510,"Sou livre, sou musa cantante, sou só coração
."
3772785,eles ficam iguais.
3773057,Por isso para ela somos marginais.
3773192,Uma mulher fatal.
3773636,Mas que mina gata.
3774375,Ele é traiçoeiro.
3774498,Essa mina tá louca.
3774532,"Essa mina é safada foi embora com dj
."
3774537,Mina é safada foi embora com dj.
3774551,Escondidinho é mais gostoso.
3774565,Ela não é professora m.
3774568,Roger que mina maluca.
3778197,Ela é minha menina lua.
3779337,a menina mais amada.
3780144,Menino já tão maduro.
3780501,Ela é tão carinhosa.
3780533,Ela é adrenalina pura.
3780534,A mulher mais livre que tu vai conhecer.
3780543,Ela é tão quente como fogo.
3780594,"Ela é dama, rei e ás."
3780595,"Ave maria, ela é cheia de graça."
3780869,"Vem, que eu te faço a mulher mais feliz do mundo."
3782343,"Ela é surtada, marrenta, ciumenta de fase."
3783705,Branco fosse carinho.
3783723,Branco fosse carinho o.
3784878,Uma menina boa só parece que é boba..
3784879,"Toda, toda vai pensando que ela é trouxa.."
3784886,Uma mulher confusa ao mesmo tempo tão monstra..
3784890,Outra se falar que ela é tonta.
3784924,"Ela é cheirosa, gostosa como uva.."
3785264,"Ele é o bode-expiatório da classe
."
3785309,"Quando quer, ela é perfeita pra ser minha mulher
."
3785328,"Porque ela é bipolar e com todos os defeitos quando quer
."
3788889,A mãe secretária na sapataria.
3790149,0 jovem era homem velho.
3791362,O homem rico contará o seu dinheiro.
3791369,"O homem rico e o tolo contarão flores
."
3791374,"O homem rico e o tolo abrirão as portas...

."
3791876,Se ele estava errado.
3792351,Agora eles estavam armados até os dentes.
3792573,Ele era cego.
3795662,Nesses dias ele quase cega.
3795717,Se ela preferir ficar sozinha.
3797320,eles são tão parecidos mas não como nós.
3797322,eles são tão bonitos.
3798020,por isso ele parece muito mais potente.
3799125,homem é o nome do troço.
3800352,"você garota é a zona da minha vida
."
3801014,"ele tá ligado,."
3801280,"Somente ele é capaz de uma revolução
."
3801616,Tão triste que nem uma mulher peituda.
3802336,Ribeiro tava certo.
3802386,O quê que importa se ele é preto e você branco.
3803264,Menina simpática mas to sem prática.
3803268,"“Eita, menina gostosa da porra."
3803288,"Eita, menina gostosa da porra."
3805112,Pode revelar um garoto leite.
3805681,Ela é uma ilha cercada de ilusão.
3805696,"E ela não quer ficar sozinha
."
3805707,Ela não quer ficar sozinha.
3806024,ao padre - ele é o doutor.
3806265,"Excelentíssimo senhor juiz, sou simples jardineiro."
3806267,"Ela é bonita, rica e formidável."
3806297,E no quintal da minha musa caprichosa.
3806446,Ele tá tão distante.
3806622,E isso não me fazeria um homem melhor.
3806651,Porque ele ficou dependente.
3806667,Ele está suspenso por seus pés.
3806761,Johnny estão noivos.
3806868,"Que eles estarão perdidos
."
3807254,"quero meu corpo cremado, para que ele seja espalhado por toda cidade cenográfica em."
3807751,as amiguinhas de sua filha adolecente.
3807940,E a esposa anda malhada.
3809355,ela é moça direita.
3810389,Um homem livre cai em declive.
3810785,Ela é gringa.
3810787,Ela é ginga.
3810790,"Ela é linda
."
3810794,Ela é brisa gostosa.
3810795,"Ela é linda, cheirosa."
3810812,"Quando quebra na praia é linda, mas ela é linda!."
3811252,"E esse filme passou e ele é enlatado
."
3811283,Ela é boa e é tudo de bom.
3812157,Cuca não é fêmea.
3812699,Ela é sexy.
3812705,Ela é surda pros otários.
3812950,Ela é neurótica.
3812969,Ela não é a cinderela e eu gosto dela mesmo assim.
3813291,"Finalmente ele está certo""
."
3813517,Mulher bonita aqui não pode faltar.
3813676,"Mulher bonita de montão num só país num só lugar?
."
3814522,Olha menino tu não é minha cria menino feio.
3814538,"Perdi meu emprego e apanhei outra vez
."
3814559,Mulher linda toda hora é gostoso de se ver.
3816350,Tu sabe que elas são raridade.
3816444,Um rapaz tão seguro.
3816656,Ele é falso como a sua alma.
3817270,Eles são o sexo mais forte.
3818166,"Essa mina é muito linda, Acho que vou enlouquecer."
3819924,É a musa soberana nesse bar.
3819930,Menina singular.
3820470,"Sabe ser uma mulher fatal
."
3820483,"Pra não ser uma mulher normal
."
3820729,"No coração dos homens maus, já se acabou."
3821307,Fama de homem bom.
3821630,E ela ouve da minha boca que ela é simplesmente linda.
3821636,Eu tenho um receio que ela ache careta.
3822070,Exceto todos os espelhos que confirmam que ela é linda.
3822703,"E mais um dia ele não vai dormir sozinho,."
3823164,Mãe bom dia.
3824946,"E nem se toca, nem se toca que aquela mina especial."
3825664,"Zé é fuçado, ele é todo equipado."
3825994,Falo sempre palavrão e ela é voga no inglês.
3825996,"Sou um louco pobretão e ela é herdeira de um ricão
."
3826005,"Não esquento com horário, ela é britânica, coisa e tal."
3826301,"Umas minas bem loucas, um calor de mil grau."
3826625,"Ele é um artista, um ator,."
3828379,Você diz que eu minto que sou uma mina cínica..
3828380,Eu não sou uma mina cínica.
3828381,Eu sou a garota química.
3828550,E onde já se viu garota escrota como eu.
3828791,"Eu digo: não esquenta, sou uma mina legal
."
3829554,Que ela não é santa.
3830134,"Ar mulher elegante e tem ar mulher brega
."
3830137,"Tem mulher bunita , mulher inteligente ar."
3830139,Tem mulher segura e tem mulher carente.
3830167,Tem mulher manera e a mulher barro.
3830390,E quando eu chupo ela é uma lavagem cerebral.
3830409,Porque quando eu te digo: Mermão ela tá dando mole.
3831751,"As mulheres tavam soltas demais,."
3832141,"Sou um homem solitário
."
3834366,Lua e parei no momento.
3834368,"Ela domina o tempo dessa selva, ela é leoa."
3834372,"E que geral disfarça parça, ela é mó brisa."
3835172,"Homem casado ""fica tudo exibido""."
3835177,Juvenal é cabra muito inteligente.
3835266,"Ele é nordestino e não foge sem lutar
."
3835271,"Ele é o lamento da alma do meu sertão
."
3835437,Se é verdade que um homem rico leva uma vida triste.
3835519,"Se ela é alta, média ou pequena."
3835789,Porque ela é minha menina.
3835855,Menina pura como flor.
3836033,"Só uma mulher gostosa te dá a vida eterna
."
3836054,Só uma mulher gostosa te dá.
3836058,Só uma mulher gostosa te dá (3x).
3836080,A sua menina tá crescidinha demais.
3836507,Ela adora punk rock eu sei.
3836898,"...Ela é punk rock meu bem


."
3837334,Se ela era feia antes d'eu beber.
3837545,O que sua filha patricinha viu num cara louco como eu.
3838023,revelar segredos sobre ele mesmo.
3838198,ele é tão grande quanto esse seu.
3838701,ele estava estacionado.
3838721,da menina mais bonita.
3839168,Montezuma será fatal.
3839355,"Do homem errante
."
3839434,"Ao homem racional
."
3840728,Ele era pequeno.
3841412,"De garoto podre
."
3841413,Garoto podre.
3841414,"Garoto podre
."
3841511,Johnny foi preso.
3841931,Ele é o reizinho poliglota.
3841941,Ele é o príncipe.
3841945,Ele é muito bacana.
3842046,Zé nunca foi latifundiario.
3842047,Zé nunca foi patrão.
3842584,"Ela é feita de chumbo, acho que vai desabar."
3843240,Deixou pra trás um namorado chato.
3843309,"Mulheres nuas, sensuais.."
3843828,Ele era o homem que bebia demais.
3843839,"Ele era o homem que bebia demais
."
3843856,Ele era o homem que bebia....
3844864,"Paulo é gigante,."
3844869,Paulo está moicano.
3845254,"Eles estão cegos, eles estão podres."
3845537,"Observe agora, eles já estão cegos e."
3846237,"Observe agora, eles já estão cegos e suicidas.."
3846675,"Homem rude, homem cruel."
3846692,O erro do homem é gananciar.
3847061,Ontem a garota prostituta se matou.
3847351,garoto pequeno joga fora seus brinquedos.
3847433,"mulher é coisa rara, brinquedo mimado."
3847456,por ter criado a minha nova esposa fiel.
3847897,Ela é vegetariana e almoça no.
3847910,Ele quer ser punk.
3847911,"Ele quer ser punk, punk, punk...."
3847913,"Ele quer ser punk, punk, punk...
."
3848187,Você mulher solteira.
3848194,Seu homem tá cansado.
3848489,Eu to cansado de mina bonitinha sonhando em ser modelo.
3848990,"Tem umas minas loucas que me encaram no começo,mas eu fico de cantinho enxugando mais um vinho..."
3849400,As garotas são bonitas e jeitosas.
3849467,"Foi a vontade de deus que ela fosse minha mulher
."
3849823,Mina louca!
3849991,"Uma mina muito linda, em cima da casa olhava."
3850142,A mina era feia e agora dá pra encarar.
3850586,E o homem branco verá.
3850588,E o homem branco verá (aaaaaaaaaaaah).
3850594,Aquela peste é doença de homem branco.
3851672,"Tipo menino bobo, isso pra mim é novo."
3851740,"Ela é valiosa e você sabe o quanto vale
."
3851744,É que enquanto ela geme mais alto.
3851796,"Ela é safada e quer o meu cordão de ouro
."
3852161,Essa menina é a perdição.
3852261,Ela é a levada do soul.
3852321,"Essa mina é responsa, paga suas conta."
3852908,A nossa pista em chamas e o tempo montando.
3853497,Será que eles são tão puros.
3853690,"Ela é mó gata, e tem uma cara que não vale nada,."
3853732,"Ela é experiente, sentando me deixe mais leve."
3853772,"Ela é minha flor de marte
."
3853841,"Paraíso, elas são a passagem."
3853932,Mulher elétrica.
3853946,"Ô, fé, no banco do carona, ela é maravilhosa, cheirosa."
3854130,Ela é a perdição e acabou que eu virei refém.
3854580,O telefone na chamada é mais de cem.
3854883,"Foda-se as diferenças, do bem ela é provida."
3855336,Eu sagitariano e ela escorpiana.
3855387,Eu transando com mulheres experientes.
3855577,"Mulher virtuosa, ela é meu tesouro."
3855649,Coincidentemente ela é capricorniana.
3856388,"Amor, de cabelo solto, ela tá solteira."
3856567,"Poxa preta, as mina tava loca."
3856620,"No fim das contas, todo pai é um homem morcego."
3856912,"Ver que a neta é foda, missão num tá falida."
3857434,"Ela é tão diferente, eu de rolé pelo mundo."
3857627,Niro é top.
3857854,Vejo um jogo cênico dos moço cômico.
3858079,E ela achou grandiosos planos que saíram da minha boca.
3858265,O homem livre se envolve com livros.
3858337,Meu menino é um deus ateu.
3858611,Eu só me considero um rei porque ela é uma rainha.
3858771,"Tá tudo errado, eles tão vidrado, só querem ver o que o mundo tem."
3859143,Debaixo dessa farda eu só vejo homem covarde.
3859436,O homem ariano não é o super-homem de.
3859519,"Esfregando, ela é a lâmpada, eu sou o gênio."
3859652,"Só garoto novo (Garoto novo) , cria do morro (Cria do morro)."
3859739,"ela tá virada, ela é pipa avoada."
3859800,Ustra nunca foi brilhante.
3859879,Eles são racista?
3859885,Mas eles mesmos que venderam as armas.
3860134,"Sob a luz do luar, imagina ela nua."
3860709,Tipo toda mãe solteira.
3861195,"Mulher periférica, sistema teme."
3861215,Mas não bota uma mina preta nos clipe.
3861231,Que por eles memo foi morto.
3861330,"Ela é linda, menina."
3861336,"Tesouro, chata, ela é paz pra um psicopata."
3861628,Preparei pra eles novos paletós de madeira.
3861653,Jorge escolhi ser amado.
3861777,Porque sei que ela quer ficar high.
3861809,Descobri que minha mina tá grávida.
3861833,E mexer com ela é igual mexer comigo.
3861869,Note que todo menino é um rei.
3861871,No banco do carona ela é maravilhosa.
3862291,"Se deus é perfeito, ele é indiferente."
3862334,"Se eles são rap, eu sou o."
3862342,Eu quero acender enquanto ela quica.
3863219,"É ela não vai ser transferida (jamais)
."
3863297,"Sei que homem é homem, moleque é moleque."
3863327,Hoje ela é minha menina.
3863328,Linda mulher libertina.
3863399,O homem sábio sempre aprende com o passado que teve.
3863606,"Cult passa mau, rei real."
3863618,"É que ela linda, linda, linda, linda, linda, linda."
3863713,"Ela é gostosa demais, ela é bonita demais."
3863743,"Ela é sutil como um beijo
."
3863817,"Se a responsa tá no porte, ela não vai ser transferida."
3863884,"Desde menino novo, bruxo."
3863971,Ela é caçadora de emoção.
3864507,"O estado é um rei gordo, arrogante e velho
."
3865489,"Eu tento ser um homem bom, melhorar todo dia."
3865490,Tem fases que eu sou um homem ruim e nem mesmo me empenho.
3865538,Final do dia com grana na conta e mina gata.
3866652,"Cercado de mulher fútil que é útil só pra foder
."
3866771,"Mas um dia vazio, outra mulher louca."
3866898,Pra eles parece tão fácil.
3866997,"Que eu conheci um dia, menina inocente."
3867158,"Zé não é lembrado, um."
3867266,Eles falam mau do.
3867495,"Se ele vai acaba alegre, ou se acaba por aqui.."
3867993,Agarre esse halter e segura ele inteiro.
3868000,Ele foi condenado por zeus pra segurar.
3868316,Ela é gremista e eu sou colorado.
3868331,"Eu não me importo com detalhes, mas ela é detalhista
."
3868334,"Ela é tão meiga, irmão, e eu pago de durão."
3868339,Ela é sempre muito calma e eu explodo sem pensar.
3868343,"E eu conheço ela, pra mim ela foi feita."
3868344,"Amo até os defeitos, eu diria ela é perfeita."
3868351,"Ela é cheia de sonhos, eu sou meio indeciso."
3868973,"Deixei ela falar sozinha, vou comer que ganho mais."
3869294,"Alem de ser otário ele ainda é muito gordo""
."
3869431,"Mina doida, tora!
."
3869564,E ela tá sempre mó daora.
3869801,a missão era matar mas nois merecia ser santo.
3870191,"Ai, ô, mulher bonita."
3870587,Que eu tenho filho pra criar e minha mulher é braba.
3870787,"Sem cartões de quartos de hotéis, minas infiéis."
3871042,"Na levada quetamina, e eu odeio mina quieta."
3871229,Mano ta louco nada é por acaso.
3871312,Damas belas falam uh.
3871434,E elas louca quer sentar na pica.
3871791,"Se ela é missão impossível, eu sou tom cruise."
3871798,Ela é cobiçada tipo marilyn monroe.
3871823,"Ei, que mina difícil."
3871832,"Uou, nog, essa mina é mó maluca (fala memo)."
3871985,Que ela fume primeiro.
3872631,Ela sexy falando.
3872867,"Ela louca, ela louca pra sentar no pau."
3873003,minha avó tá velha!.
3873102,Ela é ganguera igual a mary j.
3873107,"Ela é a alquimia, na formula do mandrake."
3873140,Os caras sabem que ela é muito sexy.
3873193,"Minha musa inspiradora, sedutora."
3873209,Ela é capaz de instigar.
3873264,Se ela cola linda várias mina se incomoda.
3873319,É que ela é linda e ela é louca.
3873373,"E mesmo que ela se foi, ela é parte de quem eu sou."
3873525,"Nike, ela linda de."
3873837,Te avisei que ela era uma vaca!
3873839,Você tá no stress e ela tá relax.
3874550,"Nog, ela fica molhada
."
3874576,"Kenner é descolado, 'cê sabe."
3876271,Então deixo ela mais cômica.
3876494,Numa vida séria menina moça.
3876562,Eles tão bolado porque...
3876937,"Antes fosse uma cadela, e ela é diferente?."
3877221,ela é minha lei.
3877226,"Sampa, ela é a pampa, ela trampa e por isso essa track
."
3877241,Ela é mó gostosa.
3877242,Ela é mó gatona.
3877243,Ela é mó postura.
3877244,Ela é minha princesa!.
3877320,"Mas na certa, garota veneno que flerta."
3877324,Ele carente e sozinho.
3877325,Ela contente e sorrindo.
3877647,"minha mina bruto, orelha quente."
3877760,"Ela é tortura no colt, ela é sexy, vem."
3877761,"Ela é sexy, vem
."
3877763,"Todas as mina louca na minha cama, yeah."
3877800,"Ela é sexy, vem."
3877903,"Ele é desumano, rimando!."
3877906,Ele é fenômeno e não o cristiano!.
3877914,Rimando ele é um psycho.
3877927,Eles querem ser pop.
3877959,Deus pela esposa linda.
3878310,"Quer me testar com as cartas, então tome
."
3878491,"Ela quer tudo de novo, ela é cara (Safa**)."
3878501,"Tua boca, moça pequenina."
3878751,"Ela é chavosa, dá uns bola, usa."
3878752,"Nike de mola, ela é puro charme."
3878753,"Ela é muito chique, ela dá um choque, ela é muito rica, kit de [?] (Wow, wow)."
3878755,"Kay, te falei, essa mina é covarde
."
3878766,"Ela é minha cobiça, ela é um dia na quebrada sem polícia."
3878808,"Mas ele bebendo voltava bem torto, louco."
3879444,Se sabe que nego que rima precisa de mina pra ta apaixonado.
3879723,A minha mina é a mais gata.
3879747,fervendo com a mina mais gata.
3879820,"que mina maluca, filha da puta, entendi nada e óó."
3879912,Ela é gostosa demais.
3880464,"Jovem rei cheio de gana, zero de grana!."
3880696,"Que ela era certa, pensei que era com ela."
3880794,E essa mina é foda né parça.
3880809,"Essa mina é distração, é massa de manobra."
3880845,"Essa mina é maneira que brisa ela se acaba e vai, e vai."
3880846,"Ela fica quente, sensualiza dahora."
3880859,"Ela é jazz, tá voraz, ela é racional."
3880863,Só que ela é mais gostosa.
3880880,Mano a mina tá mandada.
3880909,"E ela tava esquecida igual ""Macaulay."
3880989,"Ela é ganja, me deixou pensativo que nem marijuana."
3881004,"Purificando a minha alma, ela é igual rei."
3881467,Eu acredito que o homem é o lobo do homem.
3881475,"É real e ela é falsa e pede muita fumaça, e eu vou."
3881845,Ela é muito melhor do que as gostosas da.
3881859,"A mina geme gostoso, a mina chupa com gosto."
3881885,"""mulher elétrica 10.000 volts"", segura minha colt e atira."
3881996,"Lapa, ela é a mais gata."
3882006,"Com ela é só putaria (novo hit, vai)
."
3882021,"Ninfa, em qualquer posição ela é ninja."
3882176,"De ser minha mulher normal, normal."
3882187,Menina bandida.
3882268,Ela sempre foi tão sexy.
3882272,Ela sempre foi gostosa de alma underground.
3882308,"Ela é maravilhosa, me deixa maluco."
3882310,"Ela vai sempre volta, sabe que a melhor opção é o pretinho."
3882320,"Essa mina é maluca, na cama fica solta."
3882325,"Ela é maravilhosa
."
3882351,"Senhorita ninfo, viciada em fuder o dia inteiro."
3882368,"Terra ao céu, faz cara de santa mas na cama ela cruel."
3882893,Ela é manipuladora e só quer ser sua amante.
3882895,"Ela é punk, ela é funk, da 2 no skunk."
3882975,"Ela é nitroglicerina, tatuada e linda, perfumada de resina."
3882986,"Ela é sereia, bota chapa quente."
3883004,"Ela é sensual, visual, vai até pro festival."
3883015,"Pede um whisky label gold, essa mina é preciosa."
3883049,"Sá mina é sacanagem
."
3883087,Sá mina é sacanagem.
3883090,"Sem minha dama serei incompleto, um grito sem eco."
3883092,"Vai por terra, se desperta; sem ela tô inquieto."
3883169,Miller podia ser carioca.
3883307,"Ela é sereia, heroína na veia."
3883333,Observo a princesa mais sensual.
3883389,"Jobim tava ligado, fez."
3883617,"O crime cobra seu preço, e ele é alto demais."
3883778,Não quero ofender ninguém mas ele é indefeso.
3883783,As menina faz igual na capa da.
3883912,"Igual titãs, homem primata."
3883963,"Pois ela é didática, sistemática, às vezes é sofrida
."
3884076,A mina linda vem pedir.
3884170,"Botar ela nua, eu vou pra caça
."
3884260,Rei tá morto.
3884485,"Bonita e feia, princesa sereia."
3884527,"Ela é dançarina, esculaxa no pole dance."
3884565,"Vc é linda e tem estilo até na roupa íntima, no seu jeito de intimar."
3884657,Ela ouve boa música.
3884658,Ela é moderna e rústica.
3885316,"Nem a mãe irresponsável que aos 15 me pariu, é foda,."
3885335,"longe de uma cela, pintando a vida em aquarela, porque ela é bela,."
3885482,O proceder de um homem honrado não tem corporação.
3885862,Eles tão bolados.
3886186,"quem tem respeito, sujeito homem sagaz."
3886282,O menino maluco que sonha acordado.
3886755,Pra você minha princesa detentora de rara beleza.
3887247,As minas ficam esqueléticas.
3887345,"Grower não é traficante, legalize pra ""vaer""
."
3887572,eu me lembro que ele tava recoberto por um véu.
3887808,A nossa pátria mãe gentil se acostumou com os maus momento'.
3887864,lá só tem assalto a banco e ele é filho do.
3888003,ele tá todo borrado tá mijado tá com medo.
3888071,Datena foi tachado delinquente.
3888101,Para eles era lindo pois faziam por amor.
3888475,"Ele é foda, terrorista com o seu fuzil na mão."
3888794,"Na paulista, brigadeiro ele era ofice boy não temia a."
3888826,Ele é justo e fiel basta orar e jejuar.
3888833,E mesmo assim tinha inimigos homens maus.
3888856,Daniel então foi jogado nas covas dos leões..
3889083,"Não é presidente, não tem eleição, ele é o cara, morô, sangue bom?
."
3889164,ela é útil pra que?.
3889309,"É assim mesmo o homem nunca tá preparado pra perder seu barato é só ganhar, ele."
3889421,Ele fica chateado quando a tiazinha crente.
3889570,"Mas se nóis acorda o jack, nóis é tipo homem bomba."
3889651,"Delegado ele é forgado, continua provocando.."
3889864,O seu dinheiro ele é sujo e você é demente.
3890012,"Fala nada ele é sensacionalista, nunca vai reconhecer."
3890152,Vem com nois também tá teno.
3890233,"ENCONTRO COM ELA NA ESCURIDÃO, COM O TENENTE, O CAPITÃO
."
3890254,"O baguio tá doido, o homem é sujo."
3890335,Dinheiro ele não tava preocupado em salvar sua alma.
3890723,Criar homem bomba.
3890886,te ofereci mulher ligeiro você não quis.
3890891,"conheço ele é meu, e eu que mando nele."
3890922,Homem inútil infeliz se torna pó com um soco.
3890985,Mais uma senhora sendo esmurrada.
3891030,e seis achavam que nois era tipo mágico de.
3891415,"Ele não é filho do homem, quer exemplo?."
3891711,"dinheiro ele não tava preocupado em salvar sua alma,."
3891752,"relógio, tênis, bebida, mina fácil de ensacar."
3891826,ce troca de mulher igual ce troca de roupa.
3891861,O homem é livre quando ele é capaz.
3892164,Cinco horas da manhã ele continua andano.
3892251,_''Djalma tá errado tem que haver uma mudança.Na rua.
3892306,-''O pai era pedreiro a mãe era domestica como ele.
3892607,- Djalma tá errado tem que haver uma mudança.
3892664,"""O pai era pedreiro a mãe era domestica como ele."
3892752,ele é merecedor de levantar a taça.
3892933,Duas na mente ele já é um canalha.
3894059,"Rod não é preto, mas também não é branco."
3894256,"Cada sorriso dessa mina é uma mina que eu descubro todo dia, que sorte a minha."
3894267,"Com tudo isso e ela ainda ficou mais linda
."
3894313,"Nunca passar despercebida, onde ela chega é bem recebida."
3894315,"Mina mais linda da festa regada a bebida
."
3894317,Ela é mulher com marra de menina.
3894347,"Ela é só paixão, me atira no chão, vem com determinação."
3894547,"Hoje à noite, eu e ela é constelação."
3894842,Os menino nervoso é depósito.
3894919,Foda que ela é linda.
3894927,"É que ela é rua no olhar, dama no porte."
3894929,"Pauta do bonde, é que ela é coisa fina."
3894930,"Eu não posso lidar primo, ela é gata demais linda."
3894959,"Ela tem a manha, menina mulher você me ganha."
3895199,Bom que ela é tímida e eu sou meio atentado.
3896086,vivo ela como é pedida sem tirar medida pronto pra.
3896473,Se o gringo axa lindo sorte que ele tá iludido.
3896533,Um beijo na mulher boa noite pros filhos.
3897150,"Noite quente, mina ofegante, ela na frente, vamos adiante."
3897219,Hot cheese essa mina é natural e sem silicone.
3897480,"Eu tive que ser ágil, ela não é fácil."
3897482,Dizem que a mulher é frágil.
3897703,Gostosa no ponto ela é foda essa mina já virou.
3897704,"Pauta do bonde, ela é coisa fina."
3897705,"Eu não posso lidar, primo ela é gata demais."
3897706,"Linda ela é obra divina, ela é tipo o pecado."
3897739,"Foda que ela é linda
."
3897867,Me prometeram nessa indústria dinheiro e mulheres belas.
3898090,Eles são tão falso eu fico abismado.
3898254,"Mano é papo de visão, se é pra viver posso morrer por."
3898349,Fé no futuro que ele não será mais incerto.
3899797,Mulher elástica.
3899829,"Ela é tão flex, Tipo flexível."
3899837,"O amor, ele é complexo."
3899862,"Ela é diferente, confunde a gente."
3900302,Se tudo valeu a pena e se ela foi verdadeira.
3901210,Ela é tão linda e tem o dom.
3901227,Por isso que gosto é que essa mina é tão louca.
3901230,O tanto que ela é gata incomoda.
3901354,"E pra quem tiver no veneno, ela é afiada curta e grossa."
3901657,"Essa mina é complicação, quero a mina lazer."
3902106,Dizendo que a fé lhe fez mulher corajosa.
3902281,"Xangô ela é filha, que nem ouro ela brilha."
3902458,"Ele é papel, caneta, é lição, som e letra."
3902470,""", ele é free, ele é show."
3902631,Já foi garoto zen.
3902632,"Tranquilão, menino bom."
3902782,"Eu quero ajudar, ela é independente."
3902788,"Eu peço um espaço, ela é mó carente."
3902791,"Ela é principal, não sai da minha mente."
3902792,"Ela é pontual, eu sou raramente."
3902793,"Ela é natural, eu sou transparente."
3902794,"Eu sou marginal, ela é bem decente."
3902887,"Enquanto vocês falam, eles já tão lá fazeno."
3903055,"Eu meio estressado, ele muito engraçado."
3903056,Na corrida da vida ele já vai disparado.
3903060,E ele nem é culpado de com dinheiro nascer.
3903284,"Dizendo que a fé lhe fez mulher corajosa
."
3903610,Um homem plural.
3903676,Ela age sempre sorrateira.
3903680,Vai pensando que ela é brincadeira.
3904004,"""Essa mina aí é proibida pra mim, No way""."
3904303,"Rima, sou eu memo um homem plural."
3904537,O que que uma menina tão bela.
3904635,"Homem feio só namora quando o bonito não tá
."
3904649,E eu só não posso me deixa levar por um sorriso de mulher bela.
3904938,"Se um dia a coragem foi líquida, agora ela é sólida, irmão."
3906394,Buceta pro homem fraco é que nem cocaine.
3906444,Ela é justa meu bem.
3907201,"A mulher mais linda do sistema solar
."
3907254,Princesa única da sua espécie.
3907803,"Seguindo o meu caminho de homem livre, sem credor
."
3908026,Ela tava linda no estilo mulherão.
3908060,"Porque no recinto não havia mulher mais bonita
."
3908180,"O criador de todos os atores e atrizes, Ele é o autor."
3908188,Emanuel tava comigo.
3908245,Só não sabiam que ele nunca seria rendido.
3908256,"Nesse tipo de assalto, ele ainda era novato
."
3908379,Menor ele fica quanto maiores formos nós.
3908552,"Um homem invisível, chamado de otário."
3908981,"Seja ele bom, seja ele ruim."
3909182,Agora a jovem esposa é viúva de vivo.
3909390,"E ela é boa com planos, pois assim começamos a gerar resultados."
3909429,"Garota perva me testou, falo de fatos sei que ela cortou a luz."
3909538,Errou é game over.
3909682,Levei nas costas meninos briguentos.
3910275,Até que fecha não eu não vazo ela deixa nítido o teste.
3910687,"Brindei my fucking day, geração de reis dais quais eu enterro."
3910690,"Brindei my fucking day, geração de reis dais quais eu enterro
."
3911311,"Observe meu olhar, de parte homem parte lobo,."
3911605,"Os amigo evita, a mãe aflita, o time perde."
3911704,"Mas ó, que menino depressivo."
3911765,Ele é bom de mentira pra suprir a falta de originalidade.
3912244,Que eu sou moço boa praça.
3912265,Sem ele sozinho estou.
3912421,Menino mau que monta em cima da humildade.
3912808,"Mulher casada não pode, mata bem mais que revólver."
3912963,Mulher casada não pode.
3913290,Ou deixa minha mãe aflita.
3913646,Ganha dinheiro me tornou um garoto pródigo e.
3913788,Olha quanta mina gata deixando minha mina brava.
3914047,"Menina mulher, o que tu quer?."
3914077,"Garota que transborda conhecimento, mulher inocente
."
3914165,"e só vejo ela nítida, mirabolar
."
3914207,O medo intimida o homem tímido.
3914832,O que me assusta são homens vivos com vaginas.
3915290,Mina bandida tu sabe né?.
3916089,Em tão pouco tempo garoto precoce.
3916141,Eles são tão ruins.
3916696,Veja na tabela aquela mina bela.
3916942,"Que finge orgasmo (menino asno)
."
3917669,Garoto que caça garota que caça garota donzela.
3917940,Us menino é bom.
3918025,"Marte, mulheres noturno."
3918153,E ela dança haikaiss.
3918263,"Mulher é matte, abre a carteira que elas late."
3918949,Quando surge um homem negro.
3918975,"Sei que em todo homem mau,."
3918976,"Ainda existe um homem bom,."
3919055,Ela diz que ele vive igual matrix.
3919116,"Então mostra pra eles como é curto o pavio, hé !."
3919168,"Todos sentem, mesmo morna, ela fria é diferente."
3919334,"(Spinardi agora é nóis, senta aqui)
."
3919413,"Química imediata, eu curto mulher chata que cisma."
3919623,Com a mina bonita na fita meu caro.
3919684,Combustível de um homem doente.
3920769,"Pra você ver como ela é esperta, e eu de boca aberta."
3920864,"Porque a confiança é uma mulher ingrata,."
3921036,"Moleque é sangue bom, se roda segura a bronca."
3921059,Com menos de 17 ele já estava legal.
3921291,Os homens são sentimentais.
3921428,"não ignore esse momento, ele é verdadeiro,."
3921461,pois ela ainda é uma criança e.
3921820,Ela estava preparada já na mesa do parto com muita.
3921935,garoto inocente).
3922186,Hei escuta seu anjo ele fala sério.
3922498,já foi mais um na periferia só mais um rapaz comum.
3922504,"mais um rapaz comum mais um rapaz comum
."
3922557,João agora é mais difícil controlar o.
3922579,João é preto velho tem.
3922668,mais um rapaz comum mais um rapaz comum.
3923197,"É W DEE, mas ele era um irmão meu.
."
3923522,"Menino bom mas, pobre, feio, fraco, infeliz, só."
3923562,Mestrão irá saber reconhecer o homem bão.
3923921,Mas o tempo passa e ele é professor.
3924277,Moleque é morto a tiros na favela.
3924498,Se deparou com um homem frio.
3924743,"Jamais, Hitler também foi aplaudido."
3924913,"..(mas o tempo passa e ele é professor)
."
3925090,"Marcão foi doido memo em tio, mas."
3925202,"Amor de mãe impossível de explicar ""não dar""."
3925236,É a vida como ela é nua e crua.
3925534,"ta toda empolgada, mãe é advogada."
3925696,"Mas ela é forte, acredite ela vai superar."
3925995,"Ele é incomparável, inconfundível, inacreditável."
3926296,"Tem que matar mina gestante, idoso, criança."
3926459,senhora pobre..
3926993,Bahia e minas gerais.
3927435,Tenho fé pra provar que cristo é imbatível.
3928088,Ai rapaz inteiror é só bandido envolvido.
3928291,Não quero ver a sua mãe encima do seu corpo (morto).
3928534,Jesus sendo consolo e ombro amigo.
3928710,Pedindo dinheiro eu não sei se é um marido doente.
3928941,"Só no começo, afinal de contas ele é traiçoeiro."
3929030,aqui os menino bom tá de traca e furador.
3929061,"Aqui os menino bom tá rasgando as de 100 nas boate,."
3929085,o cifrão criou os gladiador aqui os menino bom.
3929356,Eu to ligado que ele tava drogado.
3929419,É assim mesmo ele é cheio das mancada.
3929450,Aquela mina é firmeza.
3929488,"Aquela mina é firmeza
."
3929508,"Aquela mina é firmeza...
."
3930024,Sou filho de mulher guerreira filho de.
3930384,só na gente mas mulher é diferente.
3930393,então parceiro deixa ela ser feliz..
3930410,de moleque tá ligado.
3930678,"O SENHOR QUEBROU MEU RADIO, MAS PORQUE FEZ ISSO."
3930827,Ela é minha namorada.
3930989,é poblema eu ouso no meu carro aquela mina é firmeza.
3931178,"Pra boyzinho todo chic vai filha puta 2x
."
3931538,Ele é odiado por aqueles que não.
3931544,Mas ele é admirado e respeitado.
3931816,"Mas fica sabendo, Deus está contigo."
3931935,Um dia sua mãe estava contente.
3931942,O bem amado ele era adotado.
3931943,"Sua mãe era simples, seu pai um bom senhor."
3931946,E quantas vezes eu via sua mãe tão contente.
3931956,Ele era feliz mas não tinha mordomia.
3931958,"Ele era tão humilde, ele gostava."
3931970,Ela foi a procura de alguma notícia.
3932100,A minha mãe sempre forte ia trabalhar.
3932126,E que apesar de tudo ele tá perdoado.
3932260,"A POLÍCIA AFASTADA, COMO ELE PEDIU."
3932491,Que mina louca.
3932494,Carai que mina louca!.
3932516,Essa mina é só loucura.
3932664,E ela ficou bolada!.
3932988,Não olha pra ele que ele é envolvido no esquema!.
3933008,Gentileza é paga com gentileza.
3933362,Caralho essa mina foi foda.
3933378,Pego umas mina feia.
3934050,"Não viu a mãe infeliz, a miséria ali sem filtro."
3934975,"Sabe como é, nois é certo pelo certo e seja o que."
3935020,Hoje o homem é tirano não divide o pão.
3935493,Eu vejo menina gravida e o pai encarcerado.
3936354,Onde o senhor está meu deus?
3936655,A inteligência do homem é o avanço tecnológico em vão.
3937087,Todo mundo pra fora do ônibus que ele vai ser incendiado.
3937269,Vai ver a mãe doente aposentada fazer faxina.
3937676,"Não existe parabéns, flor do namorado novo.."
3937759,"Fiel à sua cultura que as palavra da mãe louca,."
3937762,Toda mulher puta nem que seja de um homem só diz..
3937923,"Buscando o ápice da ciência, nobel do homem gênio, pra daqui 30 anos estar respirando nitrogênio."
3938065,Menina boba e iludida sabe de nada da vida.
3938083,Não agüentava mais ver a minha mãe sofredora.
3938090,Ele ficou diferente a principio irritado.
3938115,"Era a mulher mais feliz, o meu amor chegou
."
3938120,Tentei acalma-lo ele ficou irritado.
3938157,essa é só mais uma história de um rapaz comum.
3938248,"Mulher guerreira, tenho o meu valor
."
3938283,"Ela é mulher, Mc, mãe, às vezes pai, não é fácil."
3938295,"E o homem ingrato te chuta, desde o útero."
3938296,"Cresce, maltrata, marido adúltero."
3938304,"Mulher guerreira, tenho o meu valor."
3938987,_UM HOMEM NA ESTRADA.
3939527,"futuro si pá não dá nada, menina boba iludida,."
3939580,"Era a mulher mais feliz, o meu amor chegou."
3940201,"Igual a mim, aqui, quantos fi de mãe solteira."
3940391,Jesus foi traído por um beijo.
3940412,Da mulher que foi embora cansou do marido alcólatra.
3940720,"Jesus ta vivo, pensa nisso !
."
3941062,Firmeza mãe solteira com dezesseis.
3941070,Ela ficou desempregada chorou encheu a cara me fez.
3941074,ele era bom não era perfeito.
3941094,Senti na hora que ela ficou abalada.
3941096,Ela ficou mal heim num comia de jeito nenhum.
3941515,"Todo homem é culpado do bem que não fez!
."
3942143,Tem dia que ela mais parece adversário.
3942647,Jackson era preto.
3942804,deixou ele viuvo e sem herdeiro.
3943588,Eu e dois parça trocava uma ideia de milzão irmão....
3944603,"Da ilusão do seu mundin', igual a ela não é real."
3944639,Sua segurança não é pesada como meus parcero.
3944858,me da 10 mil no ano eu fico rindo ele inteiro.
3945237,fazer essa merda /direto se limasse as que ele mesmo.
3945375,se limasse aquelas que ele mermo sabe que não estão.
3945708,"da ilusão do seu mundin', igual a ela não é real."
3945939,"Laisla tudo bem, pois ela ainda é uma criança."
3946202,Encontrei a mulher digna do meu amor.
3946663,Sonhava em ter uma mina gostosa pra namorar.
3946694,"Mãe, pra senhora ainda sou uma criança."
3946758,"Hoje tenho uma mina guerreira, tô sossegado."
3946774,Mãe é mãe.
3947250,"Itapeba, Minas gerais to chegando."
3947460,"do que ele é capaz, cobiça, gula, mentir até mais e só."
3947753,pra ver e crer que o senhor é meu pastor.
3947902,Mais o tempo passa e ele é professor.
3948286,"Ted estamos juntos, firmo."
3949092,"Com elas não preciso mais atirar pois o fulano que um dia te usou e nos abandonou eu acabei de matar ...
."
3949353,O QUE VOCÊ RECEBE POR ANO ELES FATURAM POR HORA.
3949497,De sua coberta ser a lua ele é o futuro da nação.
3949906,"Ele, Ele está sempre presente.."
3949924,"Jesus foi cravejado,."
3950034,Minha mulher também era desandada.
3950206,"Esse cara tem um irmão, eu sei que ele é viado;."
3950438,Mas a piscina do padovani não ela nunca está vazia.
3950487,Se o mano está de gravata ele é respeitado.
3950488,Se usa uma calça larga ele vai ser zuado.
3950720,SE O MANO ESTÁ DE GRAVATA ELE É RESPEITADO.
3950721,SE USA UMA CALÇA LARGA ELE VAI SER ZUADO.
3950896,"Nas grades do coração ela é refém, mais nada."
3951476,Mulher afrodescendente.
3951496,Ele é pop rock.
3952622,"Aqui tem carnaval, mulher faceira, é de primeira."
3952704,mulher nova e carinhosa de.
3952712,o homem quando ama fica assim meio criança.
3952750,três filhos pai mãe ta completa a família.
3952782,"Mulher brasileira em primeiro lugar
."
3952785,Mulher brasileira sua beleza é rara bênção tia leci.
3952798,"Agora é minha vez vou cantar mulher brasileira em primeiro lugar
."
3952834,"Uma par de 157 na sua ficha, ele era o bicho;."
3953014,"Mulher falsa é advogado, é bom você ta ligado;."
3953259,"Ele é preciso na idéia,."
3953358,Tome cuidado ele ta totalmente nervoso.
3953494,Celsinho foi levado de quebrada não muito longe;.
3953652,"Se a responsa tá no porte, ela não vai ser transferida...
."
3953819,Eu sei lidar com isso menina mulher.
3953823,Com esse jeito de menina mulher.
3953897,Faruck é loco caralho.
3954824,"Moço escuta legal o que eu te falo,."
3955072,"carro esporte, mulher gostosa já é de lei."
3956211,Pra viver pár mulé e pra ver elas nuas.
3956368,Ele é grande e potente?
3956433,Se eles vêem pêlo eles ficam loucos.
3956548,"Na velocidade certa, elas já tão esperta."
3956871,"Mulher feia só existe se você bebeu pouco
."
3956888,Aonde eles chegam eles varrema parada.
3956910,Deixando elas maluca da nuca ao cox.
3957067,Nego parou de esbarrar e as mulheres estão mais bonitas.
3957095,"A gente pega as mulé, e deixa elas fliz."
3957182,"""Ah gente o que ele fez foi muito feio."
3957478,Inventaram a desculpa ela é celebridade.
3957598,"mulher cachorra,."
3957803,"Mulher bonita e marrenta, para mim não presta."
3957831,"Se ele vazar, ele não é babaca."
3957832,"A culpa é tua, de ser uma mulher fraca!."
3957835,você me diz que ela é gata ou que ela é gostosa.
3958016,"Ele é o rei e bopli palmito inglês.
."
3958380,"A mulher elegante, tem a mulher brega."
3958383,"Tem mulher bonita, mulher inteligente."
3958414,Tem mulher cremosa que sabe rebolar.
3959029,Que ela é presa fácil mas a moça tá esperta (Tôco).
3959397,Tudo muda quando ela não tá presente.
3959905,"Tem rei leão que é gato ""véio"" num sofá mofado."
3959940,"Eu sei que ela é a mulher pra mim
."
3959963,"Eu e minha donzela, minha princesa mais bela."
3960002,Eu sei que ela é a mulher pra mim.
3961489,Ela era a princesa eu era o plebeu (tudo derrepente).
3961491,Que mina cabulosa olha so que conversa (eu não aceito não como.
3961518,E me lembro das vezes que eu deixei ela sosinha.
3962126,Os mano as mina skatista ladrão união.
3963210,Mulheres nuas sonham com um montante.
3964535,"então pode crê que eu ""pago um sapo"" se ele é bom eu sei,."
3965365,O rapaz é abalado com o divórcio dos seus pais.
3965557,Maluf é igual o.
3965974,"Paulo é mortal, é uma selva de pedra (de pedra)."
3966507,As grades e muros homens pioneiros toda liberdade pra ser um prisioneiro.
3966578,bem vindos a mais grande floresta e ela é fria e cinzenta.
3966970,Tinha tanta mina gata.
3966998,"As mina soltinha brincando,."
3967032,E ela é bem capaz.
3967033,Parece que ela tem parentesco com satanás.
3967596,A mãe é a flor o pai é um lobo jardineiro.
3967937,estiver é bom que ele esteja armado!
3967996,guilhotina tu não acredita ele é um traíra mas se.
3968061,"Ela destrata, te maltrata ela é ingrata e é o que tem."
3968322,Convivemos com anjos e deusas céticas.
3968627,Cansado de ver ele cheio de problemas.
3968879,o senhor é novo nesse plantão.
3968921,"Com os caninha na revista, eles são cheio de malícia."
3969146,"Ih, o que que eles querem maluco?
."
3970014,Tinha tanta mina gata que eu nem percebi as feias.
3970079,Num existe um homem perfeito.
3970273,Porque o mundo gira e um dia ele vai ser alvo da bala perdida.
3970815,"Chora sua mãe, sua mina idai só dor e desespero eu não quero isso pra mim."
3972270,Também não existe homem forte que suporte.
3972360,no meio do terror ainda existe homem bondoso.
3972411,atráves de um homem bom que procia de harmonia.
3972423,"Um homem bom que serve de espelho,."
3972554,"Saudoso povo, saudosa mãe gentil, querida."
3972725,homem sujeito merecedor.
3973091,Tá de namorado novo ela é cara de pau.
3973383,"Mulher casada cheira a velório, sou mais a minha que eu adoro ré."
3973391,"Darc sou grato por toda eternidade.
."
3973741,Guto tá escrito.
3973834,ruim com elas pior sem.
3974766,"do mundo foi mais forte, ela foi mais forte papai.."
3975022,"O crime, ele é podre (a ideia é forte)."
3975380,ela não merece ser infeliz.
3975389,"mulher assim é rara, bom foi te encontrar...
."
3975447,"mulher assim é rara, bom foi te encontrar.
."
3975586,"Eu não acredito, ele não é o cão."
3975705,Vira homem invisivel é e no final.
3975929,Ela não é a vida.
3975930,Ela não é a morte.
3976055,Eles eram capaz de ver os nossos meninos de rua se transformando em marginais.
3976497,Senhor é o piloto que me guia.
3976543,Fulano é sangue ruim.
3977037,"Ele é safado, tomo tapa na cara na penita do estado."
3977088,você me vijiando e sua mulher mulher no putero.
3977191,a mina gesticula.
3977238,Mas cheio de orgulho em conviver com os homens comum.
3977301,Põe etiqueta no dedão pra ele ser o milésimo de alegria.
3977579,"Roger tá embaçado,."
3978531,"Gonzaga era preto, era o rei do baião."
3978791,"Rivelino é formado no terrão,."
3978869,E ele segue esperto de olho na p.m.
3978992,Menina nova por dinheiro.
3979120,Menina nova engravidando.
3979228,"essas são as nossas mulheres pretas.
."
3979229,Essa foi dedicada a todas as mulheres pretas ´.
3979232,"Ela é a princesa e eu o plebeu,."
3979243,"para a mulher negra,."
3979255,Salve todas as mulheres negras....
3979258,"Negra preta mulher brasileira,preta...."
3979260,"Negra preta mulher brasileira,preta...
."
3979275,"mulheres pretas é pra vocês canção,."
3979429,Mas tive que ir embora porque sou homem casado.
3979469,Zumbi foi afastado de lado não apareceu por um acaso.
3979506,é uma honra pra mim sou homem honrado.
3979709,A primeira dama e o rei zulu.
3979746,Sam mando do senhor rico.
3979890,"Mãe gentil, não quero ver sofrer crianças do brasil."
3979913,"mãe gentil , não quero ver sofrer crianças do."
3980829,O único rei digno de louvor.
3980996,Ela levita tão fácil ela fala tão manso ela joga tão bem.
3980997,"Ela joga difícil ela fala em vício e eu penso o que que ela tem
."
3981740,Rappa foi forte me mostrando o que é ter postura.
3981888,"O bang pega fogo, essa mina é mó treta,."
3981895,"Parceiro, essa mina é foda e eu pego mó bem.
."
3981904,"Tento me concentrar no trampo, mas ela é bem mais foda,."
3981976,Minha mulher é brabona e vai dar problema!.
3982887,Carai meteram a lombra a vibe das mina era punk.
3982908,Não muito longe um cara fuma e uma mina lambe.
3983055,"Ela é a razão por cada frase ou improviso, ela que."
3983192,"Minha mina vem direta, tá chegando a aniversario,."
3983594,Uma menina e um menino vamo fazer diferente!.
3983819,Ela é durona marrenta segura sabe conter.
3983821,Eu faço ela ficar insegura e amolecer.
3984054,E ela tá tarada.
3984515,Ela é quente é sorridente eu sou frio cara amarrada.
3984516,Ela é pedra água de rio eu sou chuva raio e estrada.
3984528,Ela é beat eu sou letra ela é levada eu sou flow.
3984529,Ela é segura e eu sou tão contraditório.
3984530,"Ela é sequêncial e eu permaneço aleatório
."
3984532,Ela é flamengo rubro negra eu tj santista.
3984533,Ela é vemelho unha eu sou vermelho vista.
3984536,Ela é taça é vinho é please eu sou lata de skol.
3984537,Ela é chata e feliz alegre marrenta e boba.
3984542,Ela é início eu sou fim ela é luz eu sou breu.
3984546,"Ela aperta eu pego ela é bonita eu sou tão feio
."
3984550,Ela é sequêncial e eu permaneço aleatório.
3984618,"Ela cheia de vontade, pergunta sem maldade."
3984861,Falar dessa mina é muito difícil.
3984969,mulher bela.
3985218,"Homem tão racionais, voo de rapaz comum.."
3986216,Mas ela não é real al.
3986267,"Eu tô louco por ela mesmo sabendo que ela não é real
."
3986553,"Sujeito homem digno, rapaz comum de novo."
3986940,Que o rei corre sozinho e não pode apressar.
3987104,Ele não foi bandeirante.
3987106,Ele é nativo imigrante.
3987109,"Pé no chão, é trabalho, ele é gueto."
3987110,"Ele é índio, ele é pardo."
3987487,Ela já tava perdida.
3987648,Jah tô protegido em.
3988003,"chapa e sem nóis, as mina é chata ai, não esquenta as."
3988039,"Wilson também vão colá, e as mina fica louca se."
3988331,Quis ser verdadeiro e ao invés de rosas.
3989159,Pois ela é mais forte que preconceito rojão ou bala.
3989441,"Sua mãe radiante, de olhar cintilante."
3989691,"no julgamento ele foi o réu.
."
3989706,"Ele contra ele mesmo desafio estava feito,."
3989756,"Ela cheia de dor, mágoa e tristeza, respondia: Lá vem ele!"
3990088,"Minha mãe doente,com crise depressiva."
3990103,"""Denis a tia veio avisar que a sua mãe tá presa""."
3990309,"bate no peito que ele é ateu, começou a ler um livro não acredita mais em."
3990705,"Minha mãe doente, com crise depressiva."
3990720,"Dennis, a tia veio avisar que a sua mãe está presa."
3990764,Mamãe foi condenada a vinte anos de penita.
3990899,"umas mina chic, burra, cheio de xilique, da salve nos."
3991250,"Ele justo, tô só esperando a hora
."
3991525,dos menino apetitoso.
3991827,"Maceió, de mulher boa inveja vai conspirar."
3992518,minha mãe é especial;.
3992600,Senhor está contigo!.
3992652,Que os menino é crânio louco.
3992698,ele é o cão quando tiver sozinho.
3992965,que sabe discriminar ele é chique educado quero vê na.
3992999,Óh pai chegou o dia sei que o senhor está comigo.
3993028,"Represento o meu nordeste, meu senhor está comigo,."
3993467,""" eles feliz é tão lindo esse momento aqui é pouco."
3993522,"Maluco é complicado quando a doida vai embora .
."
3993581,"Não tem estratégia, Deus é único não dá pra explicar."
3994101,real mulher miguelense guerreira.
3994801,A princesa africana fez outra realidade.
3994831,"Do rei zumbi dos palmares, heróI nacional,."
3994965,Se ela é medicinal.
3995142,Encontrado um homem diferente..
3995732,"Ele saiu bem arrumado foi encontrar alguém
."
3995903,A festa ta de boa todo mundo ta na paz muita mulher gostosa só favela eu quero é mais eai doidão sem treta ai vai vendo o frevo é de ladrão tu vai fica pequeno moiado é na fissura não sigura a lombra ditado mais que certo não confia nem na sombra compro e não pagou deu banho na parada vai fica pequeno deu mole na bocada.
3996000,Ela é linda e faz maloqueiro perder a linha.
3996350,no veneno ele é pior que o boneco assassino.
3996351,ele é um vulcão em erupção.
3996960,"Patrick é espaçoso e odeia os cabaço
."
3997279,O amor é cego sua mina não é sereia.
3997282,"Sua filha feia é modelo igual a geyse
."
3997298,Tipo nerd que na frente nunca viu uma mina nua.
3997343,"Se ela é taxada e pixada eu pixo, agachada é o bicho
."
3997347,Como quem usa britadeira nas ruinas de mina gerais.
3997823,"patrick ensina, sua mãe cavalgar igual uma equina.."
3997939,"Essa mina não é melosa, ela só goza com a dor
."
3998010,"Sua mina não é melosa, ela só goza com a dor
."
3998015,"Essa mina não é melosa, ela goza com a dor
."
3998211,Viver com ela é excencial.
3998213,"Menina atraente, a mais linda que eu já vi."
3998215,"Ela é diferente, um tanto carismática."
3998216,"Ela sempre me deu atenção, afinal ela é simpática."
3998268,Ótima compania ela é boa influência.
3998306,"Não, és a mulher fácil de se encontrar na pista."
3998463,"Muito colossal , você se perde ele é fatal."
3998502,"Até a garota diferente falou bye bye penis
."
3998888,Que a sua mina não aguente.
3998962,Aquele tipo de menina dengosa.
3999296,Ela é minha inspiração.
3999566,"se ela foi bem feita então ela predomina .
."
3999665,"Mulher boa é assim, difícil de pegar
."
4000137,"Onde está a tua alegria, neste mundo de homens tristes?."
4000170,"Homem nasce livre, porque é que alguns são donos?."
4000209,"Quero aprender com os meus defeitos, acordar um homem melhor."
4001434,"Bué incertezas, bué de esquemas em discos com damas tesas."
4001527,"levar uma vida normal, longe de crime, Dino quer é sosego, mas não."
4001712,sonhei ela não está espantada pelo contrário relaxada.
4002044,uma mulher interessante é muito mais do que....corpo!.
4002695,"Ele era negro, ela era branca e o people que passava logo pasmava."
4002696,Ai que menina tão querida de boas familias.
4002944,O teu pai nunca foi pai a tua mãe não tá presente.
4003538,Papa é católico.
4003571,Porque se sonhar é arte yo ele é artista.
4003572,Se esperar é ciência ele é cientista.
4003957,"Ela é tão gira, vinte um fez há pouco."
4003971,"Ela é mimada, ele generoso."
4003972,"Ela é novinha, ele é idoso, alguém lhe diga
."
4004054,A minha mãe chamava-me puto xarila.
4004223,Essa tal cidade ela é muito gigante.
4004329,Essas minas são punk são levadas da breca.
4004406,Ele é seu irmão?.
4004419,"Que por aquele homem ela foi violentada
."
4004513,Ele é bom mas vive cheio de parafernália.
4004777,"Ele é o exemplo, um cara bem-sucedido."
4005035,Ele foi visto ali na quebrada.
4005082,Uma senhora perambula.
4005266,Ele é enorme e se alimenta de gente.
4005391,minha donzela divina.
4005507,Ele foi pecador mas lhe peço senhor.
4005756,"Ela é a vista mais linda, wow."
4005758,Ela brilha igual um girassol.
4005888,"O homem louco sem futuro talvez te surpreenda,."
4007663,Gusta é lado a lado.
4007934,"Mas a vida dele é loca, vou contar pra vocês com dez anos ele era campeão de xadrez com treze para quatorze era fluente em japonês e com vinte e dois ele beijou pela primeira vez.
."
4008075,"Ui, ele é conquistador, ele pega quem quiser
."
4008084,Face destruir ela inteira.
4008151,"Neto é muito mais legal!)
."
4008314,"Sou 1337 pra sempre, sou rei virtual, minha."
4008642,"Esquarteja o corpo da filha inteiro
."
4008946,"Estupro, meto a rola, elas tão obcecada
."
4009673,"Mulher é a desgraça, só sabe vingar
."
4010152,"Mas com suas modas ela atenta, vestido vermelho cor de pimenta, chupando bala de menta meu coração não güenta.."
4010189,"Conheço mulher e seus esporro, homem é tudo cachorro mascarado, estilo."
4010246,A lendinha diz que ele tá forte pra caralho e manda na.
4010455,Sem querer saber se ela tá certa porque usa.
4010501,"elas ficam sensíveis ao toque no seio eu no anseio chego perto,."
4010655,Ela é louca e pede pra eu exercer meu vício.
4010671,Ela é maluca mas ninguém é perfeito.
4010722,"vai ler a constituição porque ela é uma piada
."
4010755,Jefferson é divertido e sem igual.
4010759,"Total, ele é um artista e o mal."
4010845,Se a menina tá acuada e ao lado não tem ninguém.
4011043,"Deus existe, ele é vascaíno e meu parceiro e."
4011140,"Elas são sinistras, elas são sinistras."
4011146,"Elas são sinistras, elas são sinistras
."
4011149,Ela é foda!
4011190,"Elas são sinistra, elas são sinistra."
4011213,"Belo gosta, muitos gostam de mulher igual homem."
4011514,"ou ela é cega ou maluca, bota a mão pro céu."
4011523,"Nareba tem o nariz grande, Xandinho tá cheio de."
4011525,Paulinho é gago e fanho mas pega as paraibinha.
4011529,"Augusto é desingonçado, Marcio é engraçado."
4011531,"Juninho é anão, Renato cara de moeda."
4011897,"agora come a feijoada porque ela não tá fria, ainda.."
4011902,pra terras européias com mulheres menos véias.
4011935,"cê diz ?eu te amo?, ela acha lindo."
4012125,"Quem vos fala???/ O MC mais mala/ que não se cala/ e zoa/ todos enquanto abala/e soa/ na sala/ tirando a família da poltrona/e aciona eject/ sua mãe corre igual maratona/ e pressiona select/ o filho reclama,/ clama por liberdade/ na sua idade/ de poder falar palavrão rimando com o nome da sua cidade/ a coroa cancelá/ o chá,/ tira as amigas já/ de casa/ sua paciência queima igual brasa,/ ela sai/ e vai/ ao plaza/ chama os amigos/ pra ouvir contigo/ curte o som bebendo yogurte aproveita e queima o exemplar da contigo/ que sua mãe assina,/ assassina a ideologia sem vacina/ e demodê/ e bota a porra do som no máximo porque...
."
4012141,"Gil foi feito pra poder vender/ ele manda bem, mas cantar."
4012509,Ela é foda..
4012538,homem fica louco..
4012659,"Sendo que minha mãe era pobre, meu pai nordestino.."
4012796,Lobato é muito mais educativo que.
4012888,"tá muito mandona/ pro meu gosto,/ rala peito e vai ver o desgosto/ da sua vida de ano a ano aparece uma nova mulé, mas a reclamação é a mesma/ eu não sou de ferro se elas grudam igual uma lesma/ e cê prefere ficar com suas amigas na festa,/ né?"
4012946,Anitta é poderosa.
4013135,Atrevida com homem valente eu to no céu.
4013159,"Sua mina grávida, dizia que não sabia."
4013390,Mulher preta de espirito guerreiro.
4013474,Minha vó dizia que ele era inteligente.
4013482,Pras mães só bons meninos são terroristas da favela.
4013516,Que ele era um viciado alucinado pra matar.
4013769,que eu possa fazer-te a mulher mais feliz.
4014529,"Ela é fria, não quer saber."
4015349,"A ver damas,damas lindas dá aquele prazer."
4017384,"Ele é meu professor?.
."
4017753,Discriminados homens cegos.
4018330,Serei o rei latino americano.
4018442,Que você seja mais um rapaz comum.
4019779,Ele fica louco com meu jeito de andar.
4019799,"E ela tá parando o rolê, mina maluca."
4019855,"ela é minha brisa e eu briso
."
4019877,Ela é minha brisa menina e.
4019885,Pena que ela é tão gostosa.
4020031,Ela é pura classe.
4020186,Ela é gostosa tipo um beck fim de noite.
4020577,Mano é fácil de notar.
4020691,Eu com ela curto demais.
4020808,E ela é quente desvia a atenção.
4021444,"Deus, ele era ateu,."
4021514,"mal precentimento, ele não estava atento."
4022022,"Hipnotizado, ele é mago, tem na cabeça o dicionário."
4022110,Homem negro do terceiro mundo com problema.
4022302,No reino dos falsos ele é patrono.
4022346,Estamos falando aqui de mulher preta.
4022741,"A real é diferente, ela é bem mais quente."
4022777,A glória para o guerreiro rei quilombola.
4023064,Paulo ainda estou acordado.
4023169,"Mulher guerreira casada com um parasita,."
4023405,ele limpa o parabriza e sonha com o papai noel.
4023695,A vida é dura e ela bate forte!.
4024289,Que o peso do martelo pra nois é diferente.
4024486,"Mulher preta

."
4024491,Eu era apenas sómais um rapaz comum.
4024507,"Mulher preta
."
4024652,Correto...todo menino é um rei...quer uma rainha eu sei....
4024693,"Com a mina grávida, largada no veneno,."
4025075,Meninas superpoderosas loucas demais.
4025161,"Meninas super poderosas, muito locas demais!."
4025229,Mãe grande.
4026261,Ele vai será o logótipo de angola inteira.
4027143,Homens adultos.
4027750,Minha mãe completa.
4029905,Se ele não dá kumbu não papa.
4030373,Porque agora elas estão unidas.
4032680,O homem egoista.
4037979,Age como uma menina imatura inculta.
4038057,E algumas mulheres trazeria.
4038818,Eles são ricos.
4038910,Já os homens meninos.
4039398,Há mulher puta.
4039406,Há mulher suja.
4039552,Parecia ser um homem perfeito.
4040416,Mulheres não é idêntico.
4041572,Eu ainda sou o homem morcego.
4041676,Parece ser feita de homens maus.
4042419,Eu danço com a dama mais bela do baile.
4042515,"Eu louco de green, ela louca de mel."
4042633,Acho que ele ficou puto porque me tornei fumante.
4042656,Eles enterram igual.
4042682,"Flow da bica, mãe tá rica."
4042706,Ela tá doida pra pegar fogo.
4042739,E essa mina nua sempre me vestiu.
4043290,E quero ela mano em qualquer canto.
4043319,Sabe que nois é foda.
4043429,"Duas minas brasileiras
."
4043433,"Mina cheia de drama
."
4043778,E ela é minha sereia.
4043782,Ela é minha sereia.
4044497,Pra enfeitar a menina mais bela.
4044514,Trago ervas de cor pra enfeitar a menina mais bela.
4044842,Ele é lindo de viver.
4045413,"Aquela moça linda, só por causa de sua cor."
4045615,"Mas, pouco visitada pelos homens fortes."
4046427,Mulher menina...Beleza de vida.
4046687,A influência dos homens bons deixou a todos ver.
4046806,A mulher é linda e a vida também.
4046839,Quando os homens sorridentes surgem em sua.
4046981,"Musa brasileira, jeito simples, mas style."
4047024,E ELA ESTA CHEIA DE VIDA.
4048080,Que ela é a luz que me traz paz.
4048641,Grandes as conquistas de menino sonhador.
4048846,Atingiu o black power de um rapaz indefeso.
4049312,"Repare bem em mim, eu não sou menino novo."
4049348,Que ele estava mais lesado.
4049561,Mas ele é safado e ardiloso.
4049574,"Ele é inteiro, lindo e pleno."
4049863,"Ela é a realidade que nos leva a algum lugar.
."
4050758,Faz o homem consciente.
4051594,"O homem livre, independe da cor."
4052582,Ele finje que esqueceu!.
4052645,"Os homens não são iguais, não são."
4053241,De fazer pra nós mesmos o que eles não capazes.
4053297,Enquanto os homens ricos vendem guerra por paz.
4054540,"Mulher bonita é feitiço da lua , oba!."
4056269,"Mas, uma moça bonita de olhar agateado."
4056399,moleque era folgado e um corretivo mereceu.
4056401,"moleque era engraçado e a galera o acolheu
."
4056416,Menino pobre que veio da favela.
4056707,"A força da mulher, mulher brasileira."
4057179,"Não só por um momento
."
4058678,Que deixa o homem cego e escraviza o coração.
4061363,"1500, O homem branco em pindorama chegou."
4062097,"Musa apaixonante, a música é minha amante."
4062098,"ela é a protagonista, eu coadjuvante."
4062099,"Ela é guia, eu viajante, ela o pão de cada dia."
4062296,"Não, não senhor burguês."
4062456,"Jah está contigo e mal nenhum pode te alcançar
."
4062581,Bem que minha mãe estava certa.
4062793,Uma mulher tão bela andando assim nas sombras.
4062794,Uma mulher tão bela vagando só por aí.
4062932,Pra que ele faça boa viagem nessa passagem!.
4064269,Maria clara é uma menina linda e é a cara do pai.
4064372,"Vei, te contar uma história de uma menina que tem um único problema, ela é linda demais!
."
4064373,Menina linda que até dói os zói.
4064379,Mais que menina linda.
4064420,Menina linda (4x).
4065055,Menina bacana que rola na cama me namora.
4065126,"Pare a polícia, ela não é a solução não
."
4065396,"Homem sutil, ripocritis."
4065848,Ela é morta demais..
4065857,Eu sei que ela seria poluída.
4065966,Que o homem infalível é sempre infalível.
4066031,Tornou-se musa única.
4066323,"Ele sempre estará comigo
."
4066472,"Homens malditos, homens lixo."
4066745,"Um condenado um homem marcado pela justiça,um procurado,um homem marcado pela justiça.."
4067039,Recôncavo pela libertação do homem negro da américa e.
4067077,Espero que venha a ser homem natural.
4067099,"Homem natural
."
4067119,Homem natural.
4067137,Sei que vem um homem santo.
4067347,Ele é exatamente igual você.
4067544,"Janaína que é moça bonita
."
4067564,"É descalça que ela gira, ela desaparece."
4067565,"Ela cresce, ela fica pequena."
4068288,Homem galego.
4068641,Mulher brilhante é a.
4068692,Marcha o rei desempregado.
4068808,"Eles são forte, definitivamente representantes do som."
4069108,"Senão mecânica, a mulher justiceira."
4069834,"Menina, menino nu, bunda difere de cu."
4069857,Baptiston é irmão de.
4070402,Ela é bonita no seu jeito normal de ser.
4070408,"Raiz, menina, mulher verdadeira."
4071390,O Senhor é bom.
4072476,O homem roots não ostenta.
4073821,Ele é o senhor não importa.
4073989,Me sinto como um rei orgulhoso nos seus domínios.
4074408,Uma princesa negra nas terras da.
4074440,"Garoto muito inteligente, cartinha super bacana."
4074664,Jah está sempre comigo.
4075024,Princesa africana hum hum.
4075165,"Princesa nativa, beleza altiva."
4075177,"Princesa nativa, o que me cativa."
4075192,Princesa nativa foi a escolhida.
4075906,"Essa mina barbariza, cria um clima causa um temporal,."
4075909,"Maravilha de menina super, hiper natural.
."
4075913,"Ela é surreal
."
4075931,Trombei com ela foi tão casual.
4075942,Ela vai comigo aonde eu vou.
4076073,Eu sou um homem simples.
4076082,Menina eu sou um homem simples.
4076089,Eu sei que eu sou um homem rude.
4076103,"Amor de um homem rude, irreal."
4076173,Só esperando o astro rei raiar.
4076325,"Ele tá ligado em tudo que a gente faz.(2x)
."
4076794,Ela é decidida cheia de graça.
4077437,Ele é maior que uma constelação.
4077535,Uns mano descente uma mina trincante.
4077577,Ele se sente forte ele está curado.
4077580,Ele é humilde mas não abaixa a cabeça.
4077596,Ele é maluco mas não perde a cabeça.
4077686,"Paulo é campeão!!""
."
4078715,Ele é o pai da criação desse planeta.
4079471,"""ela é estranha""."
4079681,Ela tá apaixonada e quer fazer neném.
4079707,"Princesa perfeita faz parte do meu mundo,."
4080074,Ela era linda.
4080655,mulher da minha vida.
4080862,Lindas mulheres e homens malditos.
4081623,Ela é muito linda de olhar.
4083798,"Essa menina é decente (fale sério reggaeman)
."
4083799,"Essa menina é decente (fale sério reggaeman)

."
4084080,E que sofre pela mão desses homens maus.
4084111,"Seja ele branco, preto, amarelado."
4085968,Um beijo pr'aquela menina linda.
4086217,"A vida, ela é curta e você desacredita."
4086606,de um rapaz sonhador.
4086616,Se um homem cansado luta você pode lutar livre-se dessa disputa não faz bem pra ninguém.
4086651,"Trazendo e levando um sorriso pra moça bonita
."
4087293,Princesa mais bela.
4087435,"Rei poeta e sonhador,."
4087721,Mulheres quase nuas se vendendo.
4088047,Malandro é dono do pedaço.
4088050,"Malandro é dono do pedaço
."
4088100,"Malandro é dono do pedaço


."
4088123,Sou filho da rua a minha mãe é lavadeira.
4088667,Rei poeta e sonhador.
4089006,"Na praia mulherada, sol rachando, mas que mina sensual.."
4089066,Menina linda do sorriso que me traz luz.
4089076,Menina menina menina mulher.
4089078,"Menina linda do sorriso que me traz luz
."
4089090,"Seu olhar, seu olhar menina mulher."
4089173,Pra ver ela feliz me viro do avesso.
4089396,"encoleirado, agora a mina chifra o cara todo dia."
4090477,"Ela requebra legal
."
4090505,Com a malícia de mulher menina.
4090735,Janaína que é moça bonita.
4090736,"Que é moça bonita
."
4090807,"E como o gambé não sabia, ele ficou indignado.."
4090861,Tem muita mulher bonita e uns brother sangue bom..
4091683,"Menina menina...
."
4091685,Menina menina.
4091865,"E segue com sua diva, mulher linda e responsa,."
4091964,"A musa inspiradora,."
4092407,"que me fez um menino eternamente apaixonado por você.
."
4092681,"De um menino tão bom que te trata na mão,o que custa dar uma chance apenas?!
."
4093434,Pescador é um homem consciente ..
4093841,ele é o poder e a glória.
4093898,minha rocha eterna é o senhor leão de judá.
4094342,Aquilo que o homem comum não pode fazer.
4094591,Eu fico olhando para as cobras eles cheio de.
4094613,"Faça uma oração para o senhor soldado que você precisa para voar
."
4094767,A justiça do homem é tão injusta.
4094770,"A justiça do homem é tão injusta, Justiça
."
4094927,Ele é justo.
4095466,Para o homem explorador.
4095788,"Mulher mulher mulher...
."
4096549,Minha filha completa 13.
4096673,Ele é o mago.
4098932,"Entregue sua vida em oração, Deus está contigo."
4098939,"Cristo, ele é teu escudo."
4099312,"Se minha deusa, princesa pernambucana."
4100054,"Esse homem perfeito um dia chega,."
4100071,E esse homem perfeito um dia chega e me faz prisioneira.
4100078,Homem perfeito?.
4100086,O quanto é dificil segura um homem gostoso em casa.
4102890,"Se é vermelha, se ela é amarela."
4103708,"Tô feito menina louca de paixão
."
4105062,Não gosto de mulher feia.
4105073,Não gosto de mulher magra.
4105075,Minha mulher é gordinha.
4105211,"Olho pra cima só enxergo o céu como abrigo e a mulher braba comigo por faltar o pão do café
."
4106188,Ela é a parceira que até muito se assemelha.
4106867,Que eu vou meteotoro é nois está bem gordo e roliço.
4106901,O meu pai é o verso xucro e minha mãe é rima guapa.
4107409,Faz parte do mundo do homem campeiro.
4107429,"Sô missioneiro, homem xucro e retovado."
4107485,"Mas quando está desinchado ele é bem pequenininho""
."
4107488,E uma mulher lindaça que nem potranca.
4107669,"Era só caco de vidro e a mulher véia endiabrada
."
4107816,E ela está desesperada com excesso de gordura.
4107824,"Ela é raçuda, mulher guapa e de coragem."
4108598,Era louco por luz negra e essas menina cheirosa.
4108601,"E elas não quiseram mais prosa
."
4108658,Homem honesto e de valor.
4108846,Homem honesto e de respeito.
4109196,E o padre com sua batina por ser um homem sagrado.
4109215,"Logo ele atora serrote ou quebra cabo de reio
."
4109217,É que o padre é um homem sério que não se mete em folia.
4109327,"Seja pobre, seja rica, seja mãe branca ou pretinha."
4109333,Mãe é uma jóia sagrada das mais belas formosuras.
4109338,Uma mãe pobre padece pra poder ganhar o pão.
4109352,Mãe é palavra sagrada que a gente coloca o tio.
4109367,Um homem honesto e honrado.
4110229,Respeitando o homem serio sofredando o bagaceira.
4111204,Tropeiro velho sou um moço novo.
4111260,Ali fiquei moço faceiro e pachola.
4111519,"(Terra boa, lugar de homem valente e terra de moça bonita)
."
4111630,ELE DIZIA CHORANDO.
4111712,Minha querida estou de volta para ti/ sofreste muito com minha ausência lá na cidade/ eu fui rapaz muito boêmio me diverti/ minha adorada primeiro amor me deu saudade.
4111875,Alegre dancei como uma moça loira.
4112203,de tanta moça bonita parece um jardim de flor.
4112248,"NA ADMITEM QUE EU VENCE ELES CANTANDO
."
4112285,"A minha filha mais velha tem 14 anos a sua idade
."
4112428,"Ele só roncava satisfeito!
."
4112451,Comigo ficam dez mulher querida.
4112661,Zebu de minas gerais.
4112672,Homem valente é um aceio.
4112714,Com mulheres faladeiras.
4112732,Esquecer moças solteiras.
4112735,A alguma mulher casada.
4112739,E essas moças solteironas.
4112757,"Dessas meninas barbeiras
."
4112867,Lá vai ele sorridente.
4112882,Está no meu lar de volta aquela mãe diferente.
4112900,Com a volta da mãe diferente nosso ninho já tem mais calor.
4112901,Ela hoje é mãe igual às outras e me ama com todo fervor.
4113133,Moças bonitas que tinham na festa.
4113141,"[Ai, ai, ai,ai moça bonita eu já me casei."
4113187,Faremos à luta de homem perfeito.
4113271,Ela foi maior artista.
4113389,"Neste dia eu era um homem feliz muito apaixonado
."
4113591,Nossa mãe é a criatura.
4113604,"Amor de mãe é tão puro, claro como a luz do dia,."
4113612,"Mãe não serás esquecida
."
4113632,Uma mulher tão bonita.
4113847,(Alô senhoras e senhores muito boa noite.
4114180,E tomei conta do baile com trinta moças solteiras.
4114195,Gildo ta morto.
4114356,Teixeirinha são pescadores que diplomas têm.
4114758,Dezoito mulheres casadas.
4114777,Teixeirinha é bom.
4114871,Mulher é a flor perfumada.
4115627,Papai na roça é um homem diferente.
4115662,"Ele disse arrogante
."
4115851,Talvés foi melhor assim.
4116016,"Lugar de homem valente, terra de moça bonita."
4116205,Tem essa mulher tirana.
4116240,Mulher ruim sem coração.
4116450,Eu e a moça sobramos.
4116500,ELA ERA FILHA ÚNICA.
4116522,Pra ser bem homem fui predestinado.
4116530,E nem a fibra da mulher gaúcha.
4116724,Ele: casei com uma moça gorda com cem quilos de gordura.
4116730,Ele: ele de lá diz assim quanto osso prá adubo/ quero uma moça bem alta para ser o meu amorzinho.
4116731,Ela: prá ti dar um beijo nela tem que subir num banquinho/ se eu resolver me casar moço baixinho é meu fraco.
4116815,Faça tudo o que te mando/e não banque o homem mau.
4116826,Cara de sapo rajado/essa menina é medonha.
4117015,É uma cantora de linha e ele é o compositor.
4117035,Ele nunca vem sozinho/hoje eu te atiro no barro.
4117043,Tua cara é de baléia/se fosse a mulher divina.
4117046,Se fosse a mulher divina/sou moreninha elegante.
4117154,Ele: é o seu flávio cavalcanti criticador é um abuso/ ele não pode cruzar nos lugares aonde eu cruzo/ qualquer dia ele solta/e eu faço ele dar mais volta/ do que porca em parafuso.
4117238,Ele: galo sem crista é galinha tu não vai perder cantando/ tu bem sabe que eu sou homem machismo aqui tá sobrando/ vai pra roda do fogão a cozinha esta te esperando.
4117239,Ela: a cozinha esta te esperando eu não nasci pra fogão/ costumo em homem pequeno dar um chute no garrão/ e guardar ele de molho na panela do feijão.
4117240,Ele: na panela do feijão diz que eu sou homem pequeno/ mas vive me convidando pra ir passear no sereno/ sabe que cobra muída são as que têm mais veneno.
4117242,Ele: da cara do zeca diabo não sou zeca diabo não/ sou mais valente que ele sou pior que o lampião/ muitas marias bonitas diz que eu sou bicho papão.
4117432,Flamengo ele é freguês.
4117727,Quando ela está doente.
4117788,Quantas moças bonitas tem aí.
4117807,"Eu sou homem fanático ainda
."
4118146,Prá enterrar o teixeirinha/só assim a moça linda.
4118463,"De muita moça solteira
."
4118575,A mulher querida preciso esquecer.
4118621,ENTROU UMA MOÇA CORRENDO.
4118676,A minha enfermeira linda curou o meu coração/a mais profunda amargura de uma recente paixão/ aquela ingrata que me abandonou está morendo está chegando ao fim/ só de ciúme enfermeira que está cuidando de mim/ já me pediu para voltar prá trás ainda diz que quem espera alcança/ já esqueceu que só me fez sofrer/ mulher ingrata feperca a esperança.
4118749,Mulher linda.
4118773,E os rapazes são bons companheiros.
4118914,De tudo ela é culpada.
4118998,Mulher amada pelo amor de.
4119163,"Terra de homem valente, lugar de moça bonita
."
4119164,"Terra de moça bonita, ô meu."
4119207,ele é valentão e eu sou repentista.
4119292,"Ela é boa, ela é minha, ela é sincera."
4119455,Ta certo que ela é nova.
4119737,Moça mais linda que eu vi.
4119747,Ser um moço brasileiro.
4119756,Prefiro ver ela morta.
4119772,"É este o moço valente
."
4119869,A moça linda que chamamos.
4120004,Atenção agora vai entrando em campo a equipe do rei leão.
4120033,O elefante que é o juiz joga a moeda para cima que veio favorecer o rei leão.
4120560,"Até chorando ela é bonita”.
."
4120812,Era um bando de moças bonitas.
4120920,Homens fortes do.
4121357,Já tive um lar e uma mulher bonita.
4121369,"Mas perdi tudo por uma mulher querida
."
4121377,De uma mulher bonita que a gente ama..
4121387,Um homem honesto.
4121508,Quando a miseria te rondar mulher ingrata.
4121592,"Sei que é homem inteligente,."
4121735,O senhor é moço rico.
4121760,Me chamas de moço rico.
4121770,Moço rico apaixonado.
4121801,Fui ver uma moça bonita imagem.
4121814,Ela é delicada cinturinha fina.
4121820,Ela é professora é grande na escrita.
4121827,Quantas moças lindas têm um namorado.
4121839,"Ó minas gerais, ó minas gerais."
4121840,Ó minas gerais quanta saudades você me traz..
4121842,Ó linda minas gerais.
4121869,"Minas gerais votarei
."
4121872,Ai eu vou eu vou lá prá minas gerais.
4121892,"Eu chego em minas gerais
."
4121904,Minas gerais é riquíssima.
4122262,Como pode uma mãe ser ruim.
4122265,E um marido honrado a trabalhar.
4122355,Um homem direito o grande cantor regionalista..
4122380,Sou homem igual a outro.
4122385,Detesto homem covarde.
4122406,Tua mulher viúva.
4122409,Deixa a mulher viúva.
4122416,Ver um homem covarde na guerra.
4122427,Mulher de homem covarde.
4122441,Eu descobri ele anda apaixonado.
4122909,(Na maneira que toda menina moça.
4122944,Lhe amo menina bonita.
4122950,Na volta menina tão bela.
4122956,Aonde passava a menina tão pura e divina.
4123067,ELA RELEMBRA O PASSADO.
4123310,Mulher igual a você.
4123354,"A moça mundial mais bonita
."
4123375,Ela era merecedora.
4123407,Essa mulher é uma falsa.
4123430,Sou aquele moço triste.
4123504,Ela é mocinha só tem quinze anos.
4123597,Ele é humano é nosso irmão nossa gente.
4123647,mulher grande é uma parada.
4123667,ele é metido é valente.
4123672,Diz que mulher ciumenta.
4123711,É um homem irracional.
4123739,O machista é um homem bobo.
4123812,Bela mulher sedutora.
4123842,"Ela é uma santa, mas não é santa virgem."
4123857,Ela será muito feliz com outro alguém.
4123956,Que é uma mulher divina.
4124108,Mulheres perfumosa.
4124187,"Eu não seria nunca mais um homem triste
."
4124381,A Senhora está feliz.
4125052,"Por uma moça bonita
."
4125056,És um moço muito forte.
4125472,João já foi moço risonho.
4125520,Sou menino pobrezinho que não cansa de esperar.
4125530,O coração do menino é igual de um tico-tico.
4125533,Pobre menino sentadinho na calçada.
4125537,Muito chorei ao ver o menino triste.
4125547,Noel não é só o menino nobre.
4125548,Também o menino pobre.
4125614,Pensei ser um homem fino.
4125619,Sou um cavalheiro fino.
4126002,Zequinha um moço recém casado.
4126127,Já sabe que não é mole veja que moça teimosa.
4126637,Não quer mais arranha-céu minha querida é verdade.
4126923,Sou uma menina pura.
4127096,POR TUDO QUE ELE TEM FEITO.
4127149,De uma mulher sincera.
4127234,Homem igual ao.
4127269,Ele é louco anda doente.
4127344,"No rancho, ela está tristonha."
4127676,"Depois de ser gente a mulher decente, as origens voltou."
4127684,Lhe tornei esposa desse homem honesto que lhe canta agora.
4127692,Robou os meus filhos que eu amava e amo mulher desleal.
4127746,Lá na querência a mulher é simples.
4127748,Cá na cidade a mulher é isnobi.
4127764,"Do homem grosso que lavra e planta.
."
4127833,Rancheira moça bonita.
4127849,Rancheira é uma moça bela.
4127954,Uma moça muito linda.
4128159,Na verdade ela era bela.
4128299,Mulher igual não conheço.
4128637,Todas elas bonitinhas.
4128837,"Era tarde ela estava perdida
."
4128872,Jacaré estou armado.
4128979,Mulher feia nesta terra não poderia nascer.
4129038,"Quantas moças lindas que me dá saudade
."
4129118,Antônio é santo casamenteiro.
4129125,Antônio é mais gostosa.
4129127,O patrulhense é um homem famoso.
4129187,"Deixei a minha terra, meu."
4129311,Lugar de homem valente terra de moça bonita.
4129403,"Ele era meu companheiro ela sua namorada
."
4129445,Sereia não é mulher.
4129454,Eu amo minas gerais.
4129473,Nalva és inteligente.
4129569,Senhora ela é tão bonita.
4129897,Levando a mulher mais bela.
4129990,Se eu encontrar uma mulher mais linda.
4129996,Mulher mais linda que no mundo existe.
4130090,Moço bonito eu te adoro.
4130114,"Não há mulher mais perfeita
."
4130223,Eu vou partir querida não chores.
4130269,Sou a mulher fronteiriça na tradição rio-grandense.
4130329,"No meio de homem valente
."
4130357,"Mulher ingrata jamais te esqueci
."
4130459,Minha mãe virgem santa.
4131124,A minha antiga namorada estava bela.
4131312,Eu sei que com eles estás revoltada.
4131380,Por eu trazer mulher bonita na garupa.
4131443,Pareço menino triste que ainda não teve escola.
4131484,Este menino é virado.
4131521,Por uma moça bonita.
4131906,Você era filha de um homem nobre.
4132279,Representou enfim nossa mulher gaúcha.
4132463,"Que eu sem ela não posso ser feliz
."
4132743,Valente era nobre.
4133313,e da sua neta bonita.
4133536,- aquele bandido pára pára que a tia marica tá toda arrepiada!.
4133537,- afinal tia marica ele dançou e lhe deu algum beijo?.
4133565,- a senhora na cozinha ficava muito engraxada tia marica?.
4134232,"gaiteiro bom, moça bonita, muita animação."
4135527,levando nos sonhos a moça morena.
4136239,estão falando que ela é muito coroa.
4136240,ela é madura já tem mais de trinta anos.
4136258,dona de casa tem que ser mulher madura.
4136898,É a pujança de homens campeiros.
4136955,Que a moça morena da flor no cabelo.
4137017,Se a moça fosse solteira.
4137073,"Que eu dançava, com a namorada primeira."
4137261,"Desde moço foi um lutador, teve a sina de ser um gaiteiro."
4137315,Ele foi o rei da trova e esse era o seu conceito.
4138194,Marques sou tropeiro e domador.
4140628,E a musa campeira que dorme em meus braços.
4142840,Que os homens terrunhos de vozes serenas.
4143793,Desprezando um homem carinhoso tão puro e sincero.
4143847,Falei pra ela vou alevantar um rancho.
4143893,?Mão na cabeça sim senhor tá armado?.
4143951,Ela tá puta da cara que saber onde eu dormi.
4144099,"As moça séria me querem, mas o pai sempre atrapaia."
4144337,"Obrigado pela prenda, minha mulher maravilha."
4144382,"Tem tia loira tia morena, bastante tiazinha."
4144395,"Menina moça donzela, essa valsa vou cantar."
4144509,Ela é tão pequenininha que às vezes fico com dó.
4144547,Que moça bonita que é a.
4144586,Da mulher bonita moça brasileira.
4146158,minha muié é uma senhora séria.
4146161,"Vacê é touro, é valente cousa tal."
4147416,"Eu fui e disse pra ele, tua mina é muito bela, se você."
4148242,"éguas lerdas e mulheres ligeira
."
4148889,São esses menino alegre.
4149267,Que ela embrabece e me responde que eu sou caco.
4149275,"Só porque ela é caprichosa
."
4149306,Só porque ela é caprichosa.
4149467,Ela é tiete de rodeio e de bailão.
4149476,"Ela é loira de farmácia cem por cento siricrone(2x)
."
4149484,"Ela é falsa, mas abusa nos seus dotes de muié (2x)
."
4149505,A mina versátil com lindas tatuagem.
4149534,Menina nova é um perigo louco.
4149547,Mulher casada que me dá confiança.
4149551,"(Ahá, mulher casada é muito perigoso."
4149552,"E ainda mais se o marido é bravo)
."
4149565,"(Ahá, tem uma moça bem novinha aí me falando em casamento."
4149962,O Jayme ainda está vivo.
4150022,Pra deixar ela legal.
4150052,Pra deixá ela legal.
4150853,Diz que o homem é medonho e eu não brinco com azar.
4150928,"Que cada vez que ele come fica tonto, louco, ansiado."
4151380,Se não beber eu sou um homem pacato.
4151986,Lembra da filha mais nova da tia.
4151999,Jesus até sou fiel.
4152210,Pedi pra mãe velha ajeitar os meus pano.
4152706,E a mãe gritava menina volta dançá qui na luz.
4152731,Só pelos pila ela gruda igual morcego.
4153379,Todas elas são bonitas.
4153400,O salão cheio de mulher bonita.
4153871,Pelé foi melhor que o.
4154123,Porque eu sei que ela não é caneca pra um copo só.
4154205,"Acho que não, minha mulher é mulher séria."
4154320,Caprio é tão bonitinho anssim.
4154431,"Pedi ao vento proteção aos filhos da mãe amorosa.
."
4154480,"Ele é ensinado e aprendeu comigo,."
4155185,ali fiquei moço fasçeiro e fachola meu pai me ensinou.
4155292,Braun foi tão gaúcha.
4155301,Cheio de grau o garoto brasileiro.
4155457,Meiga menina doce mulher.
4155512,"e homem grande medroso.
."
4157053,"homem forte, capaz e valente."
4157461,ele é bom não amola ninguém.
4157714,Ela é filha de gaucho.
4157871,ali fiquei moço faceiro e pachola.
4158077,é que homem feio e sem coragem.
4158078,não possui mulher bonita.
4158088,Eu reconheço que sou um homem feioso.
4158099,Porém o homem é feio por natureza.
4158219,Que fim levou as crianças e aquelas moça tão lindas.
4158298,O senhor fique ciente.
4158860,"Armamento e valentia fumo, cachaça e homem brabo."
4158921,"(Mulher falsa em rancho é mais uma pistola engatilhada contra a gente amigo)
."
4158962,Porque eu trabalhei tanto que eles nasceram cansado..
4159032,Ela é preta bico branco tem sete palmo de altura.
4159269,"E gosto, do homem ordeiro."
4159273,Respeito a mulher casada.
4159274,E a menina solteira.
4159588,Brasil precisa de homens fortes.
4159589,E não de um moço julgado incapaz.
4159978,Mulher valente no rancho é um respeito.
4160271,Por criar uma donzela bonita na flor da idade.
4160331,Por minha esposa querida.
4160422,A mulher ciumenta é um perigo.
4160618,Paraíba tem mulher valente.
4160688,Sempre é rapaz direito.
4160767,Minha mãe era uma jóia.
4161000,Todo homem brigador.
4161035,Era a moça mais linda de lá.
4161328,Que eu lhe entregasse a caça que ele estava incomodado.
4161360,Mulher falsa em rancho.
4161430,Sou guapo desde menino contrário nenhum me vence.
4161438,"Senhor eu sou um homem velho, mas sou um velho de brio."
4161577,Namorar mulher casada eu acho um tempo perdido.
4161644,Pra carregar meus bilhetes pra alguma mulher bonita.
4161647,"Pra carregar meus bilhetes pra alguma mulher bonita
."
4161652,Sem esperar que ela mesma me usasse de traição.
4161806,"És homem rico, mas, porém honesto."
4162146,E os maridos são guapo e valente.
4162185,"Pra não dar luto a uma mãe querida que eu tirasse a vida do seu rico filho
."
4162205,Minha mãe casou direito era uma senhora séria.
4162212,Se eu fosse enfraquecido que nem o moço moderno.
4162217,Eu falo porque já fui um menino pobrezinho.
4162282,E um menino malicioso viu.
4162631,Procura um menino novo.
4162640,Quando era um homem mais novo.
4162646,"(Perde essa esperança, não te enche mulher velha).
."
4162768,Vai embora mulher aventureira.
4162799,Minha querida afilhada eu te trouxe um presentinho.
4162853,Eu tenho a cara de homem sincero.
4162854,E uso ela conforme foi feita..
4163001,Eu reconheço que eu sou um homem feioso.
4163057,Hoje o preto e o moço branco.
4163163,Ela é feita da madeira do nosso sagrado pinho.
4163341,"Também se me salvo sou um homem feliz.
."
4163380,Se ela é morta.
4163398,Um homem honesto e correto.
4163411,E o senhor caro mocinho.
4163472,Ela é louquinha por mim.
4163552,"Ela é muito caprichosa, caritativa e estudiosa."
4163594,Fazem o serviço do homem campeiro.
4163599,Esta é a minha esposa sagrada.
4163885,Dizendo ele ser um homem valente.
4164080,Quero que o senhor compreenda preciso ter alegria.
4164569,E Cristo estava sentado e disse vê que fracasso.
4164629,E o senhor surrava forte que já estava sofrendo.
4164749,Era um marido exemplar e caprichoso.
4164796,"Ele é muito feliz sem tua companhia
."
4164804,Deus sempre foi meu amigo por ser um homem correto.
4164977,Minha mulher é alta magricela.
4164987,Sou um marido bastante infeliz.
4165011,"(Para com isso mulher véia)
."
4165035,A mulher véia conhece seu vicio.
4165301,E chamando o moço ansim pro lado.
4165930,"Somente pra ele inscrevê
."
4166411,Era a moça mais bunita.
4166467,Eu num queria que ela fosse ansim.
4166610,"Nunca vimo ele tão contente anssim
."
4166713,Ariano aí é sagaz.
4166726,Ubaldo é talentoso.
4166839,E ele era o escritor que.
4167552,Trinta marido contente.
4168276,Maria tava ajueiada.
4168337,Maria tava inocente?.
4168441,riqueza do menino pobre que sonha o ano inteiro com a.
4168449,"entanto, minha mãe despois deu grande, me contou em."
4168450,pranto que ele foi preso coitado e tranformadu em réu..
4168457,Se o senhor tivé tempo.
4168508,um menino bonito que só vendo.
4168611,Porque a sina das mães é esta sina.
4168616,Mas nesse instante uma mulher bonita.
4168618,A velha mãe aflita ainda se volta.
4168670,"O filho é pobre, mas a mãe é rica."
4168671,"O filho é homem, mas a mãe é santa
."
4168681,"Ora, por mais que o homem seja um mesquinho."
4168688,E o amarguinho que ele tem inofensivo.
4169111,"Arrume tudo, mãe querida, o seu filho vai voltar
."
4169264,"Por que na hora da briga ele ficô sem carção.
."
4169501,Vancê vai viver contente.
4169562,Se ela lá vem vortando quase morta.
4169857,É verdade que ela é preta.
4170105,Dois menino inocente brincando muito contente.
4170230,Porva vai garrá fedê.
4170550,Branca era tão diferente.
4170646,Eu sabia que minha mãe já devia tá desconfiada.
4170877,"E memo ela sendo comprida, sufrida, dilurida."
4170969,"Ela é veínha, eu preciso explicá
."
4171210,"Pitoco fui caçá
."
4171282,Por ela ser carinhosa.
4171517,Rei feliz da madrugada.
4172136,Amor pra moça bonita.
4172156,Cantador serei primeiro.
4176220,Toma cuidado que ele é louco de baldoso.
4176226,Só livra a sanga que no resto ela é bem mansa.
4176282,"Precisa é de homem campeiro.
."
4177112,"Na pátria do homem campeiro
."
4177468,Com olhos negros de noite que ela mesma querenciou.
4178114,e que esses tempos tinha dado um garreio num moço branco.
4178975,"Vem cá, vem cá, moço não seja ruim."
4179845,ela é minha inspiração.
4180572,O Vilãozinho é véio.
4180654,"Essa vaneira vai pra todas as meninas carinhosas...
."
4180655,"Essa vaneira é pra menina carinhosa, que dá beijinho quando a."
4180657,"essa vaneira é pra menina carinhosa, que faz denguinho quando a."
4180671,"Rebola menina carinhosa vai...
."
4182324,E um moço novo que entre prosas e conselhos.
4182330,"Quando esse moço era um piá no seu petiço.
."
4185194,Pois ela é vida que também é minha.
4185820,"Menino gaúcho, guapo."
4186327,Sabe moço fui guerreiro como tantos.
4186422,Hoje só resta o retrato daquela deusa gaúcha.
4188234,Jovens mulheres adolescentes.
4188327,"Que o homem cordial morreu
."
4188494,"Comida boa, mulher gostosa, é o terra nova, é o terra nova
."
4188603,Garrincha é tão matemático na rua da golada.
4188612,Gandhi é provocativo.
4188677,Existe um homem cansado.
4188723,But your heart could feel that beat.
4190045,"minha menina triste
."
4190217,Mas ele está mudado eu sei o que ele tem.
4190338,"Ophelia era a menina rebelde,
."
4190413,mulher ardente.
4190415,Garota louca.
4190492,Mulheres nuas em grandes estilos.
4190497,Garotas belas e tão sinceras.
4190585,"Mil garotos e garotas sub-12, sub-16 e até de 7 anos."
4192254,Ele ficou zangado e decidiu.
4192539,Ela linda do inicio ao fim.
4192987,Essa menina é cheia de manha.
4192988,"Ela é cheia de manha
."
4193003,"essa menina é cheia de manha
."
4193010,Sua mãe diz não estranha.
4193012,Ela é cheia de manha.
4193131,Gregório não foi isolado.
4194453,Eles estão cheios de razão.
4194636,Garota muito loca que eu não paro de pensar.
4194874,Parecia uma garota inocente mas no fundo ela provou.
4195152,"Gravata, sapatinho, êta moço bom!."
4195812,"Você é um rapaz tão pobre não namoro pé rapado
."
4197004,"Eu quero uma mulher descente, linda e que me ame
."
4198458,Na cama ela é puro desejo.
4199103,"Ela é completa com a sua própria companhia
."
4199623,"Ela é completa com sua própria companhia
."
4199658,Com ele é só camarote.
4200275,"Minha flor querida é tão amorosa
."
4201456,"Ela charmosa, dengosa, cheirosa."
4201458,"Ela charmosa, bonita e gostosa."
4201459,"Mulher carinhosa me amarro em você
."
4201487,Mulher carinhosa me amarro em você.
4201720,Sendo-me ela tão necessária.
4201935,Ela é a coisa mais linda que eu vi.
4202036,A musa querida.
4202152,"Uma motocicleta com uma mina tão linda, eu vi, eu vi
."
4202175,Hoje ela é a mãe dos meus filhos.
4202296,"Senhor lá encima no céu
."
4202374,Secou muitas lágrimas de mães aflitas e sofredoras.
4202474,Ela é sabida e não entra mais nesse jogo.
4202934,Se pra mim o rei sol brilhasse.
4203612,Baby não é possível.
4203647,Ficou pele menina muito linda.
4203837,Ele é o filho de.
4203897,Câmara um homem divinal.
4204282,Ele é o rei do terreiro.
4204395,"Ele é querido, ele é meu clube amado."
4204466,Ela é a valsa de um sofredor.
4204718,"Ela é bonita, é querida e é amada."
4205140,"Colo-colo, Colo-colo é campeão."
4205236,Ele é lindo sim senhor.
4205307,Como pode o homem ainda ser ateu.
4205581,Ela já não é mocinha.
4205591,Ela já não é tão jovem.
4205716,"Mulher paz do meu coração
."
4206141,Porque ele é santo e é nosso rei.
4206214,"Ela é santa, Nossa."
4206217,"Ela é santa, imaculada."
4206221,Ela é santa sem pecado.
4206225,Ela é santa generosa.
4206226,"Mãe bondosa, ser de luz."
4206227,Ela é santa poderosa.
4206243,"Mulher ideal
."
4206254,É essa menina mulher.
4206259,Ela é a musa da prosa.
4206275,Ela quer ser artista.
4206291,"Mas sei que ele não vai fazê-la feliz
."
4206314,Ele só ele é o mestre de todos os mestres.
4206369,Ele é o pai.
4206398,"Ele está vivo, por que ressuscitou."
4206737,Lá vai ela linda.
4207127,Só ele é o rei.
4207147,Minha musa querida.
4207187,Da minha mãe celestial.
4207259,"Quem anda com ele é feliz
."
4207387,Deus o homem é cruel ?.
4207521,Ela é mesmo pura sedução.
4207524,Musa provocante vive em alto astral.
4207525,"Bela gata mulher sensual
."
4207527,Ela é a fera que seduz que ama.
4207535,Ela é tão perfeita.
4208013,Garota careta.
4208031,Garota cheia de problema.
4208090,"Menina maluca
."
4208220,Ele é o filho do altíssimo.
4208223,Ele é o mestre rei dos reis.
4208227,Ele é o sol que nos aquece.
4208610,Ela é faceira.
4208699,"Ele é poder, ele é."
4208711,"Ele é aflito por você
."
4209180,Ela é formosa.
4209230,"Ela é linda, tão linda."
4209232,Mulher moça menina.
4209233,"Ela é gostosa demais
."
4209374,Porque ele é santo.
4209399,"Ele é o rei, rei."
4209401,"Ele é o redentor
."
4209413,"Jesus ele é meu salvador
."
4209462,"Rainha virgem santa, mãe de."
4209500,Ela é toda ternura.
4209501,Ela é doce e bondosa.
4209503,Ela é fonte da vida.
4209504,Ela é luz e paixão.
4209508,Ela é cuidadosa.
4209514,Ela é feita de amor.
4209515,Ela é pérola rara.
4209516,"Ela é mãe jóia de grande valor
."
4209548,"Mãe, mãe divina."
4209556,"Mãe fiel, mãe de amor, mãe de mel."
4209568,"Mãe cheia de graça e de amor
."
4209569,Mãe cheia de graça e de fé.
4209583,Mãe cheia de graça e de amor.
4209777,Rainha cheia de luz.
4209796,Nossa rainha sublime.
4209811,João está feliz.
4209815,"Maria é realidade
."
4210038,La vai ela musa sensual.
4210043,"Ela é gostosa, ela é um amor
."
4210051,"Ela é beleza, ela é magia
."
4210055,"Ela é tão bela, ela é um tesão
."
4210094,Ele é o mensageiro da paz.
4210107,"Ele é guarida e é verdade
."
4210110,Ele é conforto pro coração.
4210111,É amoroso ele é perdão.
4210262,Ela é uma dama da noite mas eu gosto dela.
4210310,Minha musa tão doce.
4210345,"Ela é tão meiga, terna e carinhosa."
4210347,"Ela é tão pura, santa e tão singela."
4210351,Ela é ternura e paz.
4210352,Ela é cheia de amor.
4210757,Ele é o remédio das dores que sara a ferida.
4210767,Ele é o sol que irradia de noite e de dia.
4210987,A musa tão querida que eu vivo para amar.
4210997,"Embora ele seja prenúncio do mal
."
4211032,Ela é quente.
4211036,Ela é uma gata descarada.
4211040,"Ela é uma onça, uma pantera."
4211043,"Bicho mulher muito boa
."
4211048,"Ela é uma uva, uma maçã."
4211051,"Pois ela é açucarada
."
4211064,"Ela é bonita, ela é gostosa
."
4211067,Deus que mina boa.
4211072,E deixou a mina muito louca.
4211081,"Ela é bonita, charmosa, gostosa."
4211405,Ela é minha rainha.
4211407,Ela é mãe da minha princesinha.
4211413,Ela é a lua da noite.
4211415,Ela é estrela que brilha.
4211562,"Moça linda, moça linda."
4211654,Menina brejeira.
4211684,Mulher galinha.
4211685,"Mulher galinha
."
4211699,Mulher fêmea mulher maravilhosa.
4211722,"Ele é gostoso demais
."
4211734,"Ela é felina, é fera menina."
4211823,Oxossi é pai com o seu fulgor.
4212447,Ele é maior que a terra.
4212833,Ele foi réu sem ter pecado.
4212919,O lar sem mãe é triste.
4213160,Pois ele é vencedor.
4213165,Ele é o rei dos reis.
4213190,Ele é sempre querido.
4213304,Ele é amor e compreensão.
4213314,Ele é o reino de glória e paz.
4213315,Ele é o rei e.
4213317,"Ele é o balsamo da dor
."
4213609,"Musa tão linda, mulher menina."
4214262,Senhora mãe protetora.
4214282,Senhora mãe dos.
4214943,Essa menina maluca.
4214957,"Ela é tão carinhosa, gostosa e saborosa
."
4216298,"Ele é nosso salvador
."
4216325,Só ele é o santo.
4216327,Só ele é o mestre.
4216331,Só ele é perdão.
4216864,"Senhora rainha, santa minha."
4216891,"Por isso é que se diz como ele é sentimental
."
4217205,"Ele é poder, justiça e amor."
4217206,"Ele é o rei, Deus, Nosso."
4217283,E as moças faceiras.
4217360,Querida vivo sonhando contigo.
4217595,Ela é dona de casa.
4217597,Ela é professora.
4217599,Ela é enfermeira.
4217601,Ela é cozinheira.
4217604,Ela é jóia preciosa.
4217607,Ela é super mulher.
4217616,Ela é arrumadeira.
4217619,Ela é companheira.
4217621,Ela é conselheira.
4217623,Ela é dedicada.
4217625,Ela é santa sagrada.
4217722,Ela é sedução.
4217726,Ela é a serpente.
4217739,Ela é tentação.
4217878,Mas ela é casada.
4218008,Essa garota é uma máquina.
4218015,"Ela é uma gata no cio
."
4218832,"Ele é o ritmo quente que faz delirar
."
4219939,Eu vou dizer que ela é minha vida.
4220813,E ele tá igual meu coração.
4222236,A promessa sempre foi ser um homem fiel.
4222412,"Quando ela fica calada, pensando na vida."
4223306,E ela já estava acordada.
4223669,E que dentro desse homem forte.
4224000,Deus eu queria poder descobrir se ela está feliz.
4224182,Ela é linda como uma flor.
4225110,"Minha menina, mulher sensual e atrevida."
4226509,Aquele homem estranho dizia ser filho de.
4229019,Disfarçando ele ria contente.
4229671,"Ela é minha cara, ela e jóia rara."
4229672,"Ela é linda, ararinha é o meu amor
."
4229676,"Ela gira, ela ginga, é como uma flor
."
4229683,"Ela chega tão meiga e tão bela,."
4229910,Ao ver aquela mulher linda.
4230582,De um homem terrível.
4230687,Ela é feliz mas sempre finge que não é....
4230688,Pra ela é muito importante posar de vítima.
4230689,Ela é feliz e adora me ver confuso.
4230766,"Ela não é feliz
."
4230932,"Sou um homem maduro, sou um homem bom."
4231402,"ela está tão distante
."
4232295,Ela é muito bonita e tem muitos pretendentes.
4232674,"Ela é desquitada, ela tem um sorriso livre."
4232675,"A liberdade na cara, ela é dona de si."
4233789,Mas sua mãe continua firme.
4234375,a musa inspiradora de um poeta.
4234552,"Menina bonitinha quero teu carinho quero teu amor

."
4234555,"Menina bonitinha quero teu carinho quero teu amor
."
4234566,Menina bonitinha quero teu carinho quero teu amor.
4234592,Por você menina linda.
4234716,musa preferida.
4235188,"Mulher linda e carinhosa
."
4235613,Hoje cedo ela amanheceu tão triste.
4236288,Eles são pioneiros.
4236327,O namorado rico que você quer ter.
4236356,"Eu não esqueço da primeira vez que eu te vi, olhei em seus olhos, e uma louca paixão eu senti, você sorriu pra mim e o meu corpo todo arrepio com seu jeito lindo de menina a mulher mais linda que deus me mandou agora sonho de um dia contigo casar e num castelo de amor com você morar e entre flores, passarinhos e muita beleza ser o seu príncipe apaixonado no reino encantado com você princesa, eu quero te dar o meu mundo meu nome nos seus braços ser o mais feliz dos homens um avião de beijos eu vou te levar pra felicidade juntos viajar numa viajem de amor que não vai terminar agora sonho de um dia contigo casar e num castelo de amor com você morar e entre flores, passarinhos e muita beleza ser o seu príncipe apaixonado no reino encantado com você princesa eu quero te dar o meu mundo meu nome no seus braços ser o mais feliz dos homens um avião de beijos eu vou te levar pra felicidade juntos viajar numa viajem de amor que não vai terminar eu quero te dar o meu mundo meu nome no seus braços ser o mais feliz dos homens um avião de beijos eu vou te levar pra felicidade juntos viajar numa viajem de amor que não vai terminar eu quero te dar o meu mundo meu nome no seus braços ser o mais feliz dos homens um avião de beijos eu vou te levar pra felicidade juntos viajar numa viajem de amor que não vai terminar."
4236416,"Ele é bom, deu a vida."
4236868,Todas elas são muito bonitas.
4237274,Eu seria o homem mais feliz da terra.
4237739,Essa mulher linda dizer.
4238551,É mulher guerreira e nobre.
4238667,"Batista me ligase e ouvise eu cantando essa musica, pois se vc ouvise vc iria gostar pq ela é linda,vc pode até não achar sentido mais se vc ouvise eu cantando vc iria gosta."
4238685,Ela é charmosa de joão.
4238926,Me fez o homem mais feliz.
4239198,E um homem triste não pode viver assim tão só.
4239346,E uma mulher magra e cansada.
4239350,Ela é minha mãe querida.
4239689,A moça linda e ele um cara tão perfeito.
4239710,Espera mãe querida.
4239734,Mulher mensageira.
4241063,Sou menino maluquinho.
4241333,Moça bela do interior.
4241952,"Minha mãe morena, Mãe."
4242262,Ele é o cordeiro que deu sua vida pra todos salvar.
4242716,E se casar com rapaz feio.
4243029,Mulher é a força que constrói um novo sonhador.
4243294,És mãe gentil.
4243948,Sou mais um homem escravo.
4244553,Ela ficou zangada foi quebrando tudo.
4245645,"como um homem ciumento, foi por ela.."
4246789,não sou um homem fácil de prender.
4247766,"Torcendo pra que ela mesma descubra no meu jeito de olhar
."
4247769,"Dizer pra ela não é culpa minha, mas é minha solidão."
4248475,"Arrume tudo mãe querida, que seu filho vai voltar
."
4249595,"Minas gerais é terra da alegria, é terra da paz!
."
4250018,Já tão secando o leite de minas gerais.
4250056,"Toda mulher é igual, toda mulher é igual."
4250125,Já vi menina jeitosa mas igual essa é demais.
4250645,O padre é meu amigo ele é meu parceiro.
4250784,"Uma mulher bonita que meu coração gamou
."
4250970,"Ela é linda, ela é top."
4250971,"Ela é dama, mas bebeu fudeu."
4250973,"Ela é santa, mas bebeu fudeu
."
4250987,"Ela é santa, mas bebeu fudeu."
4252215,Os homens tão chapado e a mulherada tudo louca.
4253113,"Ela liga pros homens, só ele não vê."
4253121,Ele tá feito pinto no lixo.
4253485,Aqui só tem mulher bonita é festa de rodeio.
4253497,"Quando o homem é cachorro e galinha aí ela trai
."
4253535,Quando o homem é cachorro e galinha aí ela trai.
4253871,"e a mulher namoradeira eu passo o couro e mando embora
."
4254355,Deus ó senhor poderoso eu lhe faço o pedido.
4254549,Menina foi tão bom sentir o seu calor.
4254700,Ela foi mulher fiel.
4254997,Ela é toda santinha.
4255241,"Mãe, sem a senhora controlando tá legal."
4256388,Ele é o certo.
4256970,"Amor, Deus foi tão bom comigo."
4257008,"Ela apela, ela é braba
."
4257031,"Ela é braba, hein, atropela."
4260570,Tu é a filha pródiga que volta.
4261392,"Do menino inocente que um dia sonhou
."
4261476,Eu sou plebeu ela é nobre.
4261490,"sorrindo, o rouba, e a avelha mãe aflita."
4261546,"o filho é pobre, mas a mãe é rica!."
4261547,"O filho é homem, mas a mãe é santa!."
4261559,Por mais que o homem seja um mesquinho.
4262069,Um mulher diferente.
4262074,Essa mulher fantasia.
4262289,"Amo o sol senhor ardente
."
4262970,"Arrume tudo mãe querida, o seu filho vai voltar
."
4263143,Ele é o furacão.
4263428,Rosinha era moça bonita.
4263815,"Para mim sou grande, mas pra ela pequenino."
4266613,Ele não está aqui comigo neste mundo imundo.
4266654,Eva eram brancos?.
4266659,Por um amor até um homem forte.
4268438,Eu porém menino pobre te amava tanto.
4271151,Ela é casada mas quer separar.
4271158,Você deixou ela sozinha.
4271269,E vem e na balada ela é astral.
4272156,Mulher bandida igual a você.
4272386,"Ela é bandida, eu sei que é."
4273069,Ele não é mais bonito do que eu.
4273645,Aquela menina era a felicidade que eu tanto esperei.
4273769,"E o pobre menino sozinho sofreu mais que ninguém
."
4273797,Ele é filho dessa gente importante.
4273834,Minha mãe agora está mais velha.
4273840,Ela é uma moça tão linda.
4273844,Que ela dá tão gostoso.
4273983,O tempo em que ela tão feliz.
4274453,Ela tá é desesperada.
4274501,"Ah, ela é princesa."
4274506,A mulher mais bela.
4274523,Ele é seu amor.
4274571,Ela bem feitada e eu naquele fossa.
4274687,Contem dos meus sonhos onde ela é presente.
4274961,Ela não bronqueia e nem perdoa.
4275940,Parabéns não foi fácil más valeu.
4276174,E eu já percebi que ela é sozinha.
4276252,Maria é uma simples moça caseira.
4276819,Quando o rapaz caipira.
4276826,Rapaz caipira.
4277063,Diz que ele é o cara.
4277694,Aquela menina era felicidade.
4277793,"Lembro a menina feia,."
4278078,"Ela é muito mais mulher,
."
4278789,"Ele é puro, sujo."
4278896,Não tem raça.
4279368,Ela sempre é notícia.
4279636,Uma menina simples que sorria.
4279685,No coração dos homens maus já se acabou.
4279976,Se ele fosse seu vizinho.
4279984,Se ele fosse delegado.
4280113,"Se de longe ela era linda,."
4280278,"Princesa rainha, a minha mulher
."
4280408,A sorte pra ela foi muito pequena.
4281158,"De calça jeans e botina, jeito de menina roceira."
4283131,"Adão não foi avisado
."
4283188,Fulana tá linda.
4283456,E disse que ele é bem melhor de cama do que eu.
4285772,"Porque o coração, ele é sempre capaz de amar
."
4286502,Ele era rei mas foi humilde o tempo inteiro.
4286503,ele foi filho de carpinteiro.
4286969,"É PENA QUE ELA FIQUE TÃO DISTANTE
."
4288291,Pela moça bela.
4288904,"conheci uma moça bonita,."
4289002,"Pra essas mulheres tão nervosas,."
4289021,Porque a mulher será mulher.
4289171,Senhor segura em minhas mãos.
4290446,quando ele é o homem-aranha.
4290466,Sé sei que ele é o presente mais lindo.
4290932,"Ele é cheio de paz,."
4294325,Moça moça eu te prometo eu me viro do avesso.
4294334,É tao gostosa ela é toda faceira.
4294678,Nos fizemos tão meninos livres tão vadios de tanto querer.
4294945,"Virgem, menina morena."
4295021,Ela é a paz que nasceu pra mim.
4295731,Mas ela chega cheia de chamego.
4296802,"Ela é a lua,é minha loucura."
4296803,"A musa perfeita que alguém procura

."
4296810,"Da menina mais linda,que é minha sina."
4296867,Ele é o rei.
4297045,Minha deusa nua minha bailarina.
4297175,"por onde for, ser escravo, menino cativo."
4297264,Nunca viu moça tão bela e por isso ando assim.
4297961,"Princesa mágica, musa da música que sai da minha cabeça."
4298342,Pelo amor da mulher mais bonita de um harém de.
4298926,Jesus não esperou ser amado por você para também te amar..
4299058,Pois com ele estou liberto do perigo e do mal.
4299091,Quem é este homem importante que a todos escuta?.
4299226,"Ele é o alivio quando a dor aperta
."
4299405,Abra sua bíblia e siga o exemplo desse homem puro.
4300245,Ele é água viva pro homem sedento.
4300249,Ele é alívio.
4300258,Como homem foi levado a cruz pra provar a morte.
4300560,Ele é o pão vivo que desceu do céu.
4300756,"Ele é digno de todo o meu louvor
."
4300883,Jesus é maravilhoso.
4300941,Jesus é vencedor.
4300977,Rever amigos que um dia em cristo foram feito meus irmãos.
4300997,Cumpriu-se a profecia que ele mesmo falou.
4301031,"Ele é amor, ele não vai te abandonar
."
4301040,"Ele é fiel, Ele nunca falhou,."
4301048,"lembre-se que voltará, Ele mesmo avisou.
."
4301055,Nestas boates de mulheres tão formosas.
4301110,Ele é o sol que brilha no teu coração viu.
4301407,"AÍ, VOU VER SE ELE É MAIS DO QUE EU

."
4301421,"AÍ, VOU VER SE ELE É MAIS DO QUE EU


."
4301517,No lugar do velho homem pecador.
4301581,Jesus é tão bom estar aqui.
4301997,E Ele não será derrotado pelo inimigo.
4302053,"Jesus foi ferido,."
4302313,"O Senhor é meu pastor, nada me faltará.."
4302502,Ele nasceu tão pobrezinho.
4302764,ontem a noite ele estava sozinho.
4302870,"Ele disse vinde a mim pecador
."
4302881,"Si, Ele disse vinde a."
4302883,Ele disse vinde a.
4303243,"Ela tá ferida, ela tá ferida
."
4303431,"Ela fica louca, louquinha, perde a razão
."
4304302,"Imagina ela solteira
."
4304353,"Quis ser dono do teu pensamento, ilusão."
4304855,Da namorada bem amada que eu sonhei.
4306144,Ele é seu pai e por sinal já me ensinou.
4306326,"Canta, menina triste, esqueça a tristeza."
4306328,"Você, menina triste, que vive a chorar."
4309086,Se casou com um rei nagô em.
4309106,Ele cresceu e se fez um homem bom.
4309493,Ela louca muito louca.
4309927,Tu és a filha pródiga.
4309933,Voltastes estás bem contente.
4310111,"Minha filha inocente, vem pra mim toda contente."
4310386,"Bárbara é bárbara, é bárbara."
4310455,Ele cega de paixão.
4311947,Se é mulher é minha senhora.
4312460,Ela é veterana da guerra da.
4313228,"Que esse amor me fez um homem sofredor
."
4313402,"Tem mulher bonita e apaixonado eu tô
."
4313583,"E elas fica louca
."
4313887,"""Eta"" mulher bandida."
4314110,"Ela é minha amiga eu não posso falhar
."
4314932,"Agora é tarde, Inês é morta."
4315155,Esta mulher vive assim tão humilhada.
4315316,Um moço pobre poderá ser bom esposo.
4315982,Um moço pobre como eu não deve amar.
4315985,"Um moço pobre como eu não tem valor
."
4316706,Quero ver senhor vigário.
4319712,Esse homem bravo e forte.
4320868,Homem puro que trabalha tanto.
4321536,"É mulher perigosa, é mulher perigosa
."
4321553,Toda mulher é divina.
4321559,Isso é mulher brasileira.
4322557,Não sei se ele falava sério.
4322632,Me fez um homem cheio de ternura.
4325174,"E que ele é melhor do que eu
."
4325594,Talvez ela seja feliz.
4325642,"ela era feliz e cantava , cantigas de amor."
4325644,"nem parece a moça bonita que ontem sorria
."
4325646,seu sorriso de moça bonita alguém carregou.
4326966,De dia ela é santa.
4327965,Se ela é melhor que eu.
4329358,Ele é sol à meia noite.
4329747,Nos barcos os pescadores e um rei escritor.
4330083,Ele era um rapaz.
4330281,Sou uma mulher fiel.
4332495,Ela já não está comigo.
4332883,"fui marido mal-amado,."
4333567,Ela estava sozinha somente um copo como seu par.
4333572,Uma mulher tão linda ai não devia sofrer de amor.
4334432,"para ser minha mulher p'ra vida
."
4334526,"Princesa linda sem fim que me criou
."
4334535,"Mãe querida, mãe querida."
4334634,mulheres bonitas namorei.
4334779,"Meu herói pequeno, sorriso sereno, homem pequenino."
4334785,Eu sempre serei aquele homem certo.
4334851,"Morena bonita, mulher tão perfeita da cabeça aos pés."
4335092,"A mulheres bonitas nunca se diz não
."
4335206,"Sou um homem feliz, obrigado."
4335694,Fazeres-me um homem melhor.
4336863,Sempre fui um homem louco demais.
4338545,César tá mais preparado.
4338701,"Faça ela feliz, faça ela feliz
."
4338752,"Foi por que ela estava ausente
."
4338943,"Um homem carente, sofrendo e doente."
4339617,"A mulher mais gostosa, mas também só minha."
4339743,"Quando está comigo ela é só paixão, amor e ternura."
4340536,Eita mulher difícil.
4342129,Na segunda ele grila.
4346182,"Ela é forte, é traiçoeira, ela é fogo de fogueira."
4346284,"Mas ele era ruim de cama
."
4346303,Mas ele era ruim de cama.
4346830,Minha mulher é uma parada dura.
4347053,Ela é toda faceira.
4347057,Ela é famosa em.
4347072,"Que essa é a mulher perfeita pra você
."
4347079,Ela é famosa na.
4347774,Porque não sou pra você um homem estranho.
4347875,Ela é a estrela mais linda.
4348583,"e ser mais feliz, um homem feliz
."
4348746,Deusa linda.
4348880,"Ela é bem melhor do que você
."
4349837,"Você iria responder ""ela já foi esquecida""."
4349839,"Você iria responder ""ela já foi esquecida""
."
4351544,Cristo também foi traído por.
4352002,Minha mãe foi rainha.
4352015,Minha mãe tão rainha.
4352509,"Pervertido, mal amado, menino malvado, cuidado."
4352511,"menino indecente, viado
."
4354786,"Com essa rosa no cabelo e esse andar de moça prosa morena, morena."
4354882,"Bem, não vá deixar a sua mãe aflita
."
4355972,Enquanto mãe preta cantava (laiá lalaiá lalaiá laiá).
4356340,Uma mulher clara.
4357097,Ela já é gente.
4357263,Ele nunca foi mais curioso.
4357322,"Ele é caboclo, é."
4357341,Ser mulher é fazer doce.
4357349,Ser mulher é ser risonha.
4357355,Ser mulher amigo meu.
4357652,Saber que somos homens calados.
4357698,A moça louca chegou e se acomodou.
4359764,Ela não era assim tão carinhosa como é.
4360028,"Vai, mulher cruel."
4360091,"Bordão cinto prata sobre a mãe solteira, Ai, ai, ai."
4360264,Caxias sou pura energia.
4360586,Menina baiana do juazeiro.
4360992,"Senhora, Mãe poderosa."
4361007,Menino bom de bola.
4361233,"Minha rainha poderosa,."
4361264,"Ela é minha alegria, é minha paixão."
4361347,O homem primitivo não sabia.
4361548,"Oh, pátria mãe gentil."
4362292,Homem branco invade a terra.
4362435,"O ""menino passarinho"" se transformou."
4362471,Cantando a saga do menino sonhador.
4363107,Que ele dá bom palpite.
4363145,"A idéia do rei foi genial,."
4363392,A rainha era deusa.
4363522,"Mães feiticeiras, donas do destino...."
4363531,Rainhas soberanas.
4364215,"E o diário de viagem, ele mesmo escreveu,."
4364540,"A moça branca é amiga,."
4364568,A moça branca.
4364812,Com o rei negro no congá.
4364900,O rei congo aqui chegou.
4365479,"""É mãe é mulher a mão guardiã."
4365507,É mãe é mulher a mão guardiã.
4365525,A bênção mãe baiana rezadeira.
4365547,"Ê mãe preta, mãe baiana."
4365978,Pra defender a nossa pátria mãe gentil.
4366310,Ele foi eleito a deputado.
4367133,Musa inspiradora.
4367418,"E a rainha negra ofertou
."
4367577,Francisco foi navegador.
4367578,"Na serra, ele nasce pequenino."
4367770,"mulher brasileira em primeiro lugar (x2)
."
4367804,Glória a essas divas tão guerreiras.
4367806,Maria não é brincadeira.
4367992,E sou menino sonhador.
4368441,"Menino bom na sua língua natal,menino bom que se tornou imortal
."
4368805,Juca era mestre em valentia.
4369026,"Dessas mulheres gentis
."
4370032,Índio é dono desse chão.
4370033,Índio é filho da.
4370152,Zumbi é rei.
4370171,"Soberana do meu carnaval, na princesa nilopolitana."
4370230,Três princesas africanas.
4370259,"Ele é rei e vem lutar
."
4370353,Gloriosa ela surge deslumbrante !.
4370742,O homem nativo da terra.
4371067,A menina moça e o homem de guerra.
4371077,"Mulher brasileira de tanta coragem
."
4371596,Ele é o brasileiro.
4371729,É diva internacional.
4372118,Óh minha deusa soberana.
4372132,"Meus filhos são filhos dessa mãe gentil
."
4372268,O rei mandô cair dentro da folia.
4372540,É menino sonhador (bis).
4372713,"""Do lixo para as flores"", Joãosinho é genial."
4372950,Mamãe tô forte e tenho sorte.
4373521,"Seu padre, se a moça é solteira?"
4373784,"Menina rendeira, me ensina a bordar."
4373945,"És a pátria mãe gentil da amizade
."
4374009,Quando o homem branco aqui chegou.
4374462,Gandhi hoje são brasileiros.
4374616,"Quantos imigrantes te abraçaram, mãe gentil."
4374908,Exaltando a rainha mestiça.
4375346,O homem busca novos ideais.
4375642,Quero te ver qual menino feliz.
4376126,"Musa divinal
."
4376280,Homem branco se assustava.
4376364,Do homem sonhador.
4376711,Rei feliz.
4376806,Ah mulher guerreira.
4377267,"Ela já não está presente

."
4377322,Mulheres guerreiras em orgia.
4377358,Tia preta na cozinha (bis).
4377367,Bata palma mãe pequena.
4377378,O rei ficou ciente.
4377672,Homens felizes vivendo nas matas.
4378988,"Notícias más, de homens maus,."
4379048,Uma rainha africana.
4379065,"Com o parlamento, a rainha negra governava."
4379158,Espelho da mulher brasileira.
4379194,"Quero te ver, ó bela dama pecadora."
4379882,Projetando a mulher brasileira.
4380147,Que ela fosse tão bela.
4380157,Gabriela moça pobre do sertão.
4380179,Que ela era uma flor.
4380241,Ele é verde e amarelo.
4380366,A lenda diz que a moça índia foi primeira.
4380395,A dama negra a ele apareceu.
4381296,MOÇA BONITA!
4381752,"MULHER BONITA, ROSA MAIS BELA
."
4382770,E o homem confiante consultava.
4384583,O homem orgulhoso como quê.
4385080,Menino pobre.
4385160,Mas o homem é muito forte.
4385810,"Lago, um homem genial."
4386206,A metamorfose dessa pátria mãe gentil.
4386561,Ele é capitão.
4386562,Ele é general.
4386719,Moço valente chorava.
4386951,"Oh, menina moça saia no portão."
4386978,Senhor branco não gostou.
4387131,A deusa negra mais forte.
4387486,Fiz na revista a musa nua.
4387651,"Olha pro índio ele é especial não faz mal

."
4387998,Brown é verde e branco.
4388118,"Oh mãe africa, da nossa mistura nasceu o samba."
4388504,Oxum deusa formosa.
4388505,"Moça dengosa irradiando energia
."
4388883,De onde o homem macaco evoluiu?.
4388887,Mulher serpente trai a.
4388932,Fez o homem primitivo.
4389115,"Portugueses, povoando a pátria mãe gentil."
4389385,"Iara ê, iara ê mãe d'água."
4389714,"Mulher guerreira, bem brasileira."
4389856,Perón é a musa divinal.
4389861,Mulheres ousadas e maravilhosas.
4389882,Homem branco veio invadir.
4390091,Rainha negra.
4390465,"Das grandes mulheres guerreiras, Tupinambás


."
4390594,Homem generoso e de respeito.
4390799,Onde viviam as mulheres guerreiras.
4391034,"E tem mais, o barão cruel, homem dominador."
4391158,"Do menino gigante, fez despertar."
4391821,Senhora tão belo seu ilá.
4392144,Vamos gritar aos quatro cantos desta pátria mãe gentil.
4392312,Pátria amada idolatrada mãe gentil.
4392614,Imperador foi derrotado.
4393091,"Que havia comilança em sua pátria mãe gentil
."
4393898,MENINO ESCRAVO.
4394158,Dizem que uma moça muito linda.
4394182,Ela é a mãe do ouro.
4394278,"Lá vai o menino pobrezinho,."
4394286,"Se hoje ele é mau orientado,."
4394507,REFORMAS SOCIAIS ELE PEDIU.
4394614,Da queimada o homem branco produzia o carvão.
4394743,O rei momo emagreceu.
4395643,Proteja a nossa pátria mãe gentil.
4395680,Mãe negra é luz.
4396338,Quando a atração é o grande rei leão.
4396569,Mulheres guerreiras...
4396749,"A moça nativa, seu povo festeiro."
4396911,"O menino passarinho, deixou seu ninho e ganhou o céu."
4397125,Lindo sonho que é só meu (o rei mandô).
4397307,Mãe protetora.
4397559,"CADA SELVA TEM UM REI, CADA REI TEM SUA LEI."
4397615,"Terra querida é luz e cor
."
4397738,"Yogurte é leite, tem saúde e muito mais
."
4398017,Pedro é coroado imperador.
4398357,Que a mulher brasileira simboliza.
4398475,E a mulher independente.
4399089,"Samba menina bonita...
."
4399142,"Ora yeyeo, mãe menininha do gantois
."
4399535,"A mãe negra temperou, a hora é esta."
4400477,"Oxente festeira, acende a fogueira..."
4400543,Na mãe feiticeira o dom de curar.
4400580,"ele é corintiano
."
4401120,"MOÇA BONITA
."
4401701,"Vem, com dois meninos passarinhos."
4402320,Sou filho dessa pátria mãe gentil.
4402364,"E homens cheios de “Raça”...
."
4402395,"no homem branco colonizador (bis)
."
4402668,"Minha pátria mãe gentil, meu."
4402873,"O homem primitivo, gigantescos animais."
4403440,"Embala meus sonhos, ó musa divina."
4403604,Nossa pátria mãe gentil.
4404002,Odudua foi regente.
4404950,"Ele achou confortável, ficou
."
4405205,"Ele fica novo
."
4405283,"Sem enxergar que ela é brilhante, que ela é rara
."
4405870,E ela tava mais linda.
4406140,É que ele é grande demais.
4406556,"Ela tava linda, nossos braços se cruzando."
4407739,"E se amasse ele não estaria deitada
."
4408224,"Que menino sonhador
."
4408538,Embora o senhor seja conhecido.
4408707,seria um homem muito feliz.
4408989,ser mulher direita conforme ela era.
4409073,"Quero ver esse mineiro voltar de a pé pra minas gerais
."
4409612,"Deixa qualquer homem louco
."
4409644,Onde tem mulher fogosa.
4409660,Paixão por mulher bonita.
4409809,Eu sou um homem tão desvalido.
4409833,Mulher é muito louca.
4409892,"Desde quando ela era mocinha
."
4410132,não posso ver mulher bonita.
4410412,"O marido freguês, seja lá como for."
4410663,Quero a meu lado mulher bonita.
4410686,"Tô de namorada nova, tô."
4410736,Tenho a ela verdadeiro amor.
4410746,Madalena foi pecadora.
4411045,Não pode ver mulher bonita.
4411138,Só ataca mulher bonita.
4411279,Quem gosta de homem é gay.
4411659,Eu não fui o homem certo pra você.
4411831,Que menina tão bonita.
4413504,Se ela é tão difícil de esquecer?.
4413509,"Deus, essa mulher é minha vida."
4414607,O menina tão bonita.
4414642,"Seu marido apaixonado cheio de amor e fé

."
4414664,Você menina é tão bonita.
4414946,Sou homem descrente e só creio em.
4415332,Uma moça muito especial.
4415336,Ser um homem diferente.
4416098,Ele é lindo demais.
4416211,"Coração é meu doutor
."
4416792,"Que nunca tinha visto um homem tão perfeito,."
4416862,As outras sabem que ela é dona do pedaço.
4417178,Eu sei que ela é jovem.
4417362,Perdoa esse homem triste que te ama.
4417520,"O homem tá nervoso, tá bufando."
4417924,Venha pra aqui menino lindo.
4418656,Perdão foi feito pra curar as feridas.
4420403,"Deus, que mulher gostosa."
4421082,"Com certeza, ela mesma vai colher
."
4421101,"Com certeza, ela mesma vai colher."
4421585,Tem mulher verruguenta.
4421591,tem mulher baranga com bafo de onça.
4422235,O povo todo gritava pra menina boiadeira.
4422301,Aos homem grande amizade.
4422667,Titio era cuiabano.
4422669,Ele era criador de gado.
4423472,"Ele já foi canoeiro e pescadô também
."
4423742,"Ele foi bem castigado
."
4424434,Maria tava inocente.
4424661,A mãe preta que foi morta.
4424893,Ele não era moço.
4424938,Eu tenho ela calejada.
4425217,E guiando os três rei mago.
4425220,(E guiando os três rei mago.
4425226,Cristo foi nascido.
4425524,Rei está presente.
4425531,Rei é tão querido.
4425740,Ela é fazendeira de muitas finança.
4425876,Onde ele mesmo veio me falá.
4426226,"Mamãe mamãe mamãe mãe sertaneja já se levanta
."
4426238,mãe carinhosa bendita seja.
4426239,Vai esta prece mãe sertaneja.
4426442,"Rosa menina, menina rosa."
4426443,"A flor divina, menina rosa."
4426445,"Menina rosa, meu bem querê
."
4426462,"Menina rosa, meu bem querê."
4426778,Já sou uma mulher casada.
4426918,"Ele é humano, nosso irmão, é nossa gente."
4427440,"(""Um homem rico milionário."
4427537,Muitas mulheres formosas me querem.
4427974,A minha mãe é paulista.
4428017,"Minha mãe foi boiadeira
."
4428031,A rainha camponesa.
4428208,Ela é minha ilusão.
4428422,Ainda a moça acompanhô.
4428528,A mãe preta tá descrente.
4428533,Maria tá sozinha.
4428662,Ela é muito mais amarga.
4428785,João era negro forte.
4428975,Todo marido é sincero.
4429194,Rei celestial.
4430698,Do menino pobrezinho.
4430758,Rosinha estava tão bela.
4431079,"Ela é minha companheira, coração cheio de amor
."
4431312,Que moça bonita que eu inda não vi.
4431315,"As moça falaro, que violêro bão."
4431474,"Eu sei, a caminhonete é linda, ela tá conservada."
4431554,"Mas ela quis dormir sozinha
."
4431627,Hoje eu vejo que ela tava certa.
4432141,"Se tem mulher, agora tem mulher muamba."
4432164,Se tem mulher agora tem mulher muamba.
4432833,Eu sou um rapaz faceiro.
4433381,"Sou um homem ciumento, amo e quero ser amado."
4433491,mulher casada troca de marido.
4433535,"Ele era bobo mesmo
."
4434566,No sambão ela é bacana.
4434573,Pintou um moço solteiro.
4434888,Se ficar serei um homem forte.
4434993,Sou um homem tão sozinho.
4435056,Frei dá é o homem mais mole do arraiá.
4435231,Por mulher é gostoso sofrer.
4435553,"Menina linda, vai lá em casa passeá."
4435646,"Porque sou casado e ela é solteira
."
4435760,Gosto de mulher direita.
4435762,Eu gosto de mulher grande.
4435764,Gosto de mulher gordinha.
4435774,Mulher bonita igual melancia.
4435776,Gosto de mulher morena.
4435796,"E a mulher brasileira é boa demais"")
."
4435860,Essa mulher é feia.
4435863,Eu fiquei com a mulher feia.
4435890,Esta mulher é feia.
4436129,A mulher nova é mais gostoso.
4436136,Desse garoto quarentão.
4436377,"A mãe é cor de canela
."
4436442,Mulher bonita é o que mais me fascina.
4436536,Ela é casada e seu marido é meu amigo.
4436576,Hoje estou pedindo arrego e ela está ferida.
4436692,Tô feito um menino chato.
4436861,"Que você era a mulher certa, eu queria pra casar."
4437124,Ela ainda tá solteira.
4437193,Só quero mulher mais nova.
4438071,Uma moça muito triste sem o riso da esperança.
4438076,Minha mãe doente já sem esperança.
4438259,Porque ela está fechada.
4438262,Em ser o homem mais feliz.
4438337,O moço era casado.
4438369,O senhor vai ficar velho.
4438837,Ela era uma florzinha em botão.
4438844,Sofro tanto porque ela está distante.
4439209,O homem está perdido.
4439264,Olhar de moça bonita.
4439395,"Se a mulher soltar o rabo o marido tá perdido
."
4439492,Homem valente já fiz virar medroso.
4439501,Casei com uma mulher feia.
4439510,"Que mulher feia, mas tudo bem."
4439528,Ela é surda também.
4439666,Diga se ela está sozinha.
4439868,A filha divina.
4440245,Era uma menina pobre.
4440377,Um homem ereto preso a uma asa de pano.
4440434,"Por uma mulher bonita
."
4440495,A mina chique numa calça saint-tropez.
4440972,"Ela é culpada, auê, uê, uê, boi."
4440996,"Vendo minha mãe paralítica, sem um sinal de melhora."
4440997,Levei ela confiante ao bom.
4441140,"Leu sua sorte, diz que ela era tirana
."
4441541,O rapaz era casado.
4441696,Me lembra a deusa a mulher tão fascinante.
4441785,Tanta mulher gostosa.
4441963,"Eu já me livrei dessa paixão

."
4442165,Sem ela é muito difícil.
4442276,"Com ele foi sepultado seu companheiro, o violão."
4442479,Tenho três filhas solteira.
4442511,Mas eu confesso aos senhores jurados.
4442895,Querida mãe natureza resolveu presentear-me.
4443093,"A maldade é grande, Deus é maior."
4443556,"E a mulher namoradeira eu passo o coro e mando embora
."
4443621,quem casar com mulher feia.
4443625,mas se ela for bonita.
4443629,Que mulher feia não tem pecado.
4444592,Quem é este homem trigueiro.
4445070,Eu já vi moça bonita.
4445308,Não é qualquer moço forte.
4445612,Eu bebo pra esquecê que ela é feia que é um horror.
4446164,"Ela não é doida, ela não é não."
4446192,Ele tem tão nobre sentimento.
4446206,"É Jesus, Ele sempre está comigo."
4446577,Já que o homem é um poço profundo.
4446598,Homem simples verdadeiro.
4447187,"Era mesmo um homem valente
."
4447618,Se elas são ricas elas têm todo o conforto.
4447633,"Porque ela é a razão do meu viver
."
4448329,A minha mulher briguenta.
4448633,Ele era menino.
4448704,Enfrentei homens valentes.
4449079,E os zoínho do menino marejou.
4449614,"E a minha sogra ela mandô chamá
."
4449666,Sou um menino doentio.
4450002,"Mulher nova é sangue quente
."
4450486,"Toureiro, toureiro é homem forte."
4450739,Vendo minha mãe paralítica e sem sinal de melhora.
4451305,"Por tua beleza muito homem ficou louco
."
4451871,Moço muito elegante.
4451877,O rapaz era pacato.
4451951,Teu marido é muito maldoso.
4452036,Sua pobre mãe velhinha.
4452046,Ele também foi chamado.
4452153,Ele era o salvador.
4452462,Mulher matadeira.
4452805,Judas vendido ele foi prisioneiro.
4452810,Pela lei romana ele foi condenado.
4453026,Para que ele fosse livre.
4453351,Homem perverso e tirano.
4453363,"Cristo era judeu
."
4453425,"Eu dou uma rasteira e faço ele pranchá
."
4453599,Mas homem quando é homem.
4453609,"Pra mim ele só deixou triste dor de uma saudade
."
4453749,Lá encontrei uma mulher sozinha.
4453981,Mas o senhor mesmo sozinho.
4453989,Uma letra que ele mesmo rimou.
4454078,Ele é um analfabeto.
4454080,"Ai, ele é um analfabeto."
4454196,Dos filhos desses solo és mãe gentil.
4454894,"Mas tem como chamar ele diferente
."
4454968,Minha mãe fica brava.
4455031,"Ela é cheirosa é misteriosa é menina mulher
."
4455614,Ela estava sozinha eu cantava pra ela.
4455684,Tem damas lindas sobrando.
4455698,Com tantas moças bonitas.
4455985,Ela amanheceu zangado.
4455990,A mulher ficou nervosa.
4456019,É um marido carinhoso.
4456497,"Este menino é um pão
."
4456941,Menina bonita olha pra mim.
4457035,Menina triste.
4457173,Ele então fica mais lindo.
4457257,"Todos eles são valente
."
4457354,Como ela é amorosa formosa.
4457360,ela é minha paz.
4457398,Mulher ciumenta é zebra.
4457654,Ele fica sossegado.
4458134,Nossa mulher altaneira.
4460119,"É a mulher formosa que nega o seu amor
."
4461162,Um homem já milionário.
4461229,"Deus menino foi nascido ai, ai, ai, ai."
4461232,"Senhora dona da casa ai, ai, ai, ai."
4461393,"E a engenharia, homens competentes."
4461495,Porque sei que ele é homem.
4462060,"Homem não é menos homem
."
4462215,"Ela era tão certinha, me apresentou pros pais."
4462344,Levei uma garota carinhosa.
4463454,"De um rapaz caipira
."
4464335,Também já tô sabendo que ela é muito ciumenta e me odeia.
4464572,E a mulher namoradeira eu passo o couro.
4465852,Ela é muito louca.
4465872,Ela é muito louca assim.
4465874,Mas ela é muito louca assim.
4466117,alcançava com a mão quem sabe ele seja este homem.
4466824,"Vejo ela feliz, ela me vê sofrendo
."
4467978,A menina mais querida.
4468329,De opinião sou um homem forte.
4468332,mulher vaidosa.
4468364,Flor menina tão querida.
4468850,"Como chorei, mãe querida."
4469222,"Nosso eterna mãe querida vive a nos abençoar
."
4469245,Moças simples do interior.
4469328,Ela é birrenta.
4469331,"De homem manso
."
4469647,Ele era tão bonzinho.
4469930,Eu pensei comigo mesmo estou com a filha mais casada.
4470257,O homem futuro que hoje é criança.
4470718,"Pois ele é o dono do seu coração
."
4470726,"De um homem covarde e amante da noite
."
4470730,Pois ele é o dono do seu coração.
4471072,você menina bonita.
4471289,Porque sou um homem forte.
4471320,"Beijando os teus lábios, menina querida."
4471472,De minha mãe saudosa.
4471546,Enquanto ela é a deusa do cassino.
4471834,"E hoje no espaço ele vive feliz
."
4472929,Eu nãi sabia que ela era feiticeira.
4473261,"Mulher boa, bonita e carinhosa."
4473265,"Mulher nova, bonitinha e perfumada."
4473268,"Fazer gemer qualquer homem valentão
."
4473275,"Seja ela moreninha, como for."
4473377,Apenas setecentos dias fui um homem feliz.
4473583,"E o desprezo daquela mulher ingrata
."
4473606,A mulher sendo bonita.
4473797,Eu amo a mulher mais bonita.
4473802,Ela é uma estrela que brilha.
4473806,Minas inteira.
4473807,Ela é uma flor morena.
4473911,Eu sou um homem casado.
4474136,"Ela estava louca, louca de ciúmes."
4474331,Ela estava nervosa.
4474427,Com a mulher primeira com quem me casei.
4474430,Com a mulher terceira hoje sou casado.
4474834,Paulinho era um moço pobre.
4474836,Lourdinha era muito rica.
4474848,Era um homem perigoso.
4474849,Paulinha era um moço pobre.
4474859,Lourdinha era apaixonada.
4474881,Encontrou a filha morta.
4474915,Por causa de um moço pobre.
4474926,"Chora mulher ingrata, pode chorar."
4475070,Pois você sabes que eu sou homem casado.
4475138,Da mulher vaidosa vaidade se espera.
4475147,Ela fez um gesto de mulher luxenta.
4475265,De homens pobres e ricaços.
4475421,Sendo ele bom mineiro.
4475687,Ele vai ser condenado.
4475884,Homem valente não chora.
4475921,Conselho de mãe é uma graça divina.
4475924,Pela mãe querida de amor sem igual.
4476687,Ela vem cheia de marra.
4476732,E hoje ela tá virada pela madrugada.
4477237,Tem homem sério nas grades.
4477521,O homem bruto com suas armas de guerra.
4477759,Mas sempre foi homem honrado.
4477812,"O homem era competente, já foi rasgando o filó."
4477861,Sou filho de homem forte.
4478312,É uma pena ela estar tão distante.
4478498,Uma donzela meiga e linda como a flor.
4478570,"que o senhor leva alegria, mas é um homem infeliz."
4478600,Menina: - O senhor é meu paizinho?.
4479030,Roberto era um moço muito rico.
4479031,E ela muito pobre que só tinha um coração.
4479444,Só dá garupa pra moça bonita.
4479644,Se o rapaz quisé muito cafuné.
4479734,O Malaquias foi mordido por um cachorro.
4479773,Uma menina rica e um menino pobre.
4479779,"Foi o menino pobre quem herdou a herança
."
4479782,Enquanto a moça pobrezinha.
4479919,Ele foi operado e ao passar quarenta anos.
4479922,"Que a esposa já não era mais bonita como antes
."
4479932,Julgando que a esposa fosse linda como outrora.
4479935,"Era sua velha esposa destruída pelos anos
."
4480080,Depois se ele cisma querê me beijá.
4480198,Para o moço branco deu seu coração.
4480230,Foi moça linda e querida.
4480394,O amor de mãe é maior que o céu.
4480499,"Que a mãe era preta, por isso fugiu."
4480502,Da filha querida que tanto ela amou.
4480524,Como se ela fosse a alma da mãe.
4480528,Um menino pobrezinho.
4480541,"Trabalhador, homem bão."
4480556,E pra ele nunca esquecê.
4480641,"(""- Compadre, tu conheceu a moça magra?."
4480643,A irmã da moça gorda.
4480650,Que moça magra era a.
4481063,"Para o senhor ficar rico e tão depressa progredir, quantos sonhos, quantos lares foi preciso destruir."
4481125,"(""Ó lá, ó lá, ó lá, por miséria ele pensô."
4481130,"mandava ele plantá feijão, mandava!"
4481377,"Que elas precisam melhor condução
."
4481390,Moça que gosta de homem casado.
4481684,"(""Corre muié, que ele tá brabo, hem!"
4481716,E ela é bonita?.
4481738,"(""E ele veio seco pra me agarrá e eu"")
."
4481901,Namorei uma moça feia.
4482052,Se tiver filha bonita.
4482109,No cartório ele entrô e falou pro escrivão.
4482607,ele tá sujo todo amassado.
4482789,Ela teve tamanha coragem.
4483032,Eu sou um rapaz solteiro.
4483093,E ele foi derrubado.
4483115,Mulher ingrata o seu rosto descorado.
4483139,"Mulher ingrata, é impossível que no limbo."
4483160,Foi onde ele chegô.
4483163,Em um moço muito rico.
4483180,Se o senhor tá desconfiado.
4483193,A pobre mãe ficou louca.
4483325,Pro moço foi ofertado.
4483482,Por ela tá tão nervosa.
4483510,Quando encontraram ela morta.
4483584,Ela ia ficá sozinha.
4483607,No dinheiro ela pensô.
4483612,Ele mesmo se arranjô.
4483959,O menino tava morto.
4484028,Gosto de moça bonita.
4484219,Pra sua mulher guardá.
4484319,Bem embora ele seja meu sogro.
4484485,Era o moço mais vistoso.
4484493,Essa mulher tão leviana.
4484505,Mas essa mulher tirana.
4484588,Domava o rapaz sorteiro.
4484589,Pra eles ganhá um beijo.
4484729,Que as mulheres são iguais.
4484732,Amor de mulher estranha.
4485068,E os boiadeiro homem destemido.
4485473,Pra ver meu fracasso eles vive ansioso.
4485785,Ela é minha companheira.
4485815,"Sai pra lá menina preta""
."
4485836,"A mãe preta acompanhando
."
4485839,Todas as meninas branquinhas.
4486104,"Ele foi cruel, ele me enganou
."
4486209,"Ele é guerreiro, ele é flecheiro."
4486346,Contudo ser homem calmo.
4486376,O moço foi assaltado.
4486382,O rapaz foi socorrido.
4486604,"Ela vai ser a rainha
."
4486698,"""- Eu sou o rei soberano, dono da maior riqueza da terra, tenho tudo que desejo, mas sou um homem infeliz."
4486701,Por que sou um rei infeliz?
4486703,"Majestade, os antigos diziam que para o rei ser completamente feliz ele precisa usar a camisa de um homem feliz."
4486704,"Então reúna toda a cavalaria do reinado e que sigam em busca da camisa do homem feliz""
."
4486720,E um homem feliz.
4487103,"Assim não menina bonita, assim não."
4487157,Confesso que por ela já estou gamado.
4487323,Era a moça mais grã-fina.
4487360,O moço era elegante.
4487422,Minha mãe ficou contente.
4487647,Senhor bendito.
4487766,A mulher é ciumenta.
4487878,Mulher faladeira é a do vizinho.
4488011,Ela é mais arisca do que uma potranca.
4488276,"Da sua filha querida
."
4488448,Ele só anda descalço.
4488718,"Que fiz um papel de um homem covarde
."
4489492,"Quis ser feliz pra me fazer sofrer
."
4490100,"Eu quase já me quebrei por uma mulher bonita
."
4491452,"É hoje que sol levanta com tanta mulher bonita
."
4492462,"Mulher madura é mais mulher
."
4492581,Saiu com o menino doente pediu na fazenda urgente.
4492597,O fazendeiro malvado ali ele foi transformado.
4493997,A primeira namorada é difícil esquecer.
4494130,"Ela é gostosa, apetitosa, saborosa, necessária."
4494131,"ela é bonita, suculenta, nutritiva e vitaminada."
4494259,mulher chorona chega de chorar.
4494551,"Ao ver ela tão linda, só que não vendo sozinha."
4494552,Saber que essa mulher tão linda já foi minha.
4494691,Burrada tava cansada.
4494702,"Pra ela saí vazia
."
4494972,Rapaz fino aperparado.
4495528,O dinheiro ele puxô.
4495530,Ele mesmo que amansô.
4496305,Quando o moço chegô em casa.
4496588,"Ela era linda, um primor de amor."
4497177,"Eita mulher bandida
."
4497975,"Ele não é estilista, mas escolhe o seu look."
4498621,"Ela bem distante, eu distante dela."
4498698,Mulher ingrata que me deixou quase louco.
4498855,"Se ele é inocente ou culpado, eu não sei
."
4498874,"Bem, se é assim, o acusado e a senhorita estão dispensados; Podem ir embora."
4498879,Além de perder a namorada ainda vou ficar preso?.
4499141,"Sou eu, o homem mais valente e mais rápido no gatilho."
4499174,"Cassino, em nome da lei o senhor está preso."
4499227,A menina sorridente.
4499350,"Para não ser um homem triste derrotado

."
4499358,Para não ser um homem triste derrotado.
4499363,A mulher quando é casada.
4499784,"Filha querida, é seu pai que está falando

."
4499792,"Filha querida, é seu pai que está falando."
4499927,Como rei cheio de pose.
4499961,Nessa altura o rei vaidoso.
4500651,Ringo em busca do homem mau.
4500824,Eu sendo um homem casado.
4500829,Viver sem ela não vivo.
4500891,Mulher bonita casada com homem feio.
4500895,Quando eu vejo uma mulher muito bonita.
4500896,Com homem feio entre beijos e abraços.
4500933,"Eu tolero mulher feia mas não me passa pra trás
."
4501196,"Por ela estar ausente
."
4501406,Achei ela bonitinha.
4501444,O mulher eu sou homem honrado.
4501718,É a dama principal.
4501972,você me mata mulher ingrata.
4502119,É a deusa encantadora no paraíso do meu prazer.
4502295,E mulher boa é o que mais me interessa.
4502306,Mulher bonita faz de mim o que quiser.
4502308,Pra mulher boa tenho um monte de carinho.
4502457,"Por uma mulher casada
."
4502931,"Terra de mulheres lindas de amor e paz
."
4503002,Pois é sou o homem mais feliz por ter você comigo.
4503020,Tirar o som do carro e deixar ele natural.
4504069,Comigo ele não tá sozinho.
4504404,"Ele é um cavaleiro solitário
."
4504427,"Só desse jeito ele é feliz
."
4504454,Ele é um cavaleiro solitário.
4504665,A esse homem tão querido me entreguei.
4504823,Meu menino faceiro.
4504934,"Tá faltando esse homem maduro
."
4504948,Tá faltando esse homem maduro.
4506263,"Que mulher bandida!
."
4506403,O que é de obrigação de um rapaz cortês.
4508385,"ela é culpada auê uê uê ê boi de eu viver nas estradas
."
4511302,A princesa mais linda.
4511904,Tem as até moça bonita que cresceu quer namorar.
4512091,"Ela não vai ser melhor não, ah ela não vai

."
4512680,"Nem ela mesma sabe o que quer
."
4512693,"(""Conheci um moço rico de belo porte, educado."
4512694,E por isso pelas moça era sempre cobiçado.
4512974,"Nunca mais te verei, mulher querida."
4513225,Ela é baia e descanelada.
4513274,"Que quando ela esqueceu tava cheio
."
4513749,Ele é seu namorado mas é segunda opção.
4513767,"Ele é seu namorado mas é segunda opção
."
4513840,E quando ela tá solteira.
4513843,"Porque ela é da zueira, ela é baladeira."
4513844,"Ela ama a noite, ela é butequeira."
4515285,Sou apenas um homem sistemático.
4515291,Com esse bicho homem tão antiético.
4515453,Quero uma menina cheirosa.
4515454,Uma moça dengosa.
4515501,Se ela for boa de amasso.
4516651,"É ver ela feliz sem a gente tá junto
."
4516657,É ver ela feliz sem a gente tá junto.
4516768,"A mulher que não gostar, ela é doida ou é doente."
4517388,"Sou o seu homem faz-tudo.
."
4517405,"Sou seu homem faz-tudo...
."
4517586,Garota carioca.
4518983,"Entao tá maneiro, dominou o."
4519037,Elas estao descontroladas.
4519046,"Elas estao descontroladas
."
4519406,E eu como princesa siamesa.
4519980,"fé na ciencia, Deus é pai, já tá clonado..."
4520250,Outra esposa ansiosa.
4520905,Uma menina muito interessante.
4522177,As garotas brancas atravessam a rua com medo.
4522183,"Minha vó era negra, minha mãe mulata."
4522237,"Ela é senhora, ela é menina."
4522557,"Rei poderoso, valente conquistador."
4522917,Mulheres princesas.
4523268,Rapaz solteiro sarado filho de.
4523335,Só o homem lento pode nos levar.
4523402,O canto das minas antigas.
4523499,"Onde jaz, um jovem rapaz bastardo filho do."
4523585,Minha mãe também é preta.
4524125,"Que positividade, ela é tão alto astral."
4524360,Back ela é sensacional....
4524697,"Eu te disse, ela tá cremos-a-a-a."
4524710,"Eu te disse, ela ta cremos-a-a-a."
4524807,"Ele é mulato, bem traiçoeiro."
4524832,"Ela é muito pobre, gosta de churrasquinho."
4525566,Deixou homem feio entrar na sua vida.
4525874,Todo mundo fala que ele é rei (ahn ahn).
4525906,"Mundo fala que ele é rei,."
4525971,"Sou mulher forte e segura, dona de mim."
4526582,Minha garota é voraz.
4526708,Onde estão os homens bons?
4527031,"Ela está noiva de outra pessoa, ouviram?
."
4527140,"Pôr eles juntos é natural!
."
4527409,"Todos eles são maus, menos você
."
4528511,Ela é uma menina muito diferente.
4528512,"Cabelinho curto, ela é tão inteligente."
4528513,"Ele é guitarrista, todo atrapalhado."
4528516,Dizem que o garoto é cheio de frescura.
4528517,"Ela é destemida, desconhece o medo."
4528518,Ele é meio frouxo e isso não é segredo.
4529970,"Por ser uma menina má
."
4530843,Ela é mais difícil que ela te parece.
4532038,No outro lado da moeda ela é fiel.
4533357,"Ela é gata, delícia de fazer pirar."
4533480,"Ela é sempre igual

."
4533524,"Praia, cerveja e mulher bonita."
4534034,"Se ela tá chata, chocolate e flores."
4534234,A corrida querida é bandida vivida e sofrida.
4535165,É musa soberana nesse bar.
4535169,Menina singular capaz de transformar.
4535275,"Como ela é maldosa
."
4538409,"Na terra eles são bravos,."
4538708,Eles estão perdidos!
4538724,Ele é maldoso.
4538725,Ele é desleal (desleal).
4538729,Ele é desleal (Yeah yeh yeh).
4538752,"Eles não eprdem por esperar,."
4539105,Ele é estudioso.
4540078,"Ela é dona da banda, ela sabe que é gostosa."
4540344,"Da mulher carioca!
."
4540962,Ele sempre vai fugiiiiiiiiiiir!.
4541186,Uma garota é a razão.
4542765,Que ele está guardado pra você.
4544061,"Maria querendo ser rica também.
."
4544452,Prá um moço festeiro.
4545085,"Afrodite da quebrada, ela chique como se fosse."
4545613,"Que você é perfeito, um homem direito pra me namorar
."
4546313,Mas ela é muito criticada por toda a sociedade.
4546637,Mas ela é lindia.
4546658,Porque ela é lindia.
4546758,Você tá sem emprego e a sua filha tá gestante.
4547579,Nasceu uma menina valente.
4547593,Ela é feita de pano.
4547928,Aladdin é perseguido.
4547945,"Ele é muito excitante
."
4548080,Ele é um rapaz atraente.
4548081,Ele é diferente dessa gente.
4548088,Ele é surpreendentemente lindo.
4548089,Ele é super descontraído.
4549281,SE TIVER MULHER CASADA POSSO até.
4549458,"Ela está suada, pronta pra se derreter!
."
4551249,Porque ele não está afim de te abandonar.
4551403,Ele é tão mágico.
4551527,Menino bonito ai.
4551528,Ai menino bonito.
4551529,"Menino bonito ai
."
4551665,Que ele não sou nenhum mito.
4553018,"É verdade que a mulher moderna gosta é de carro e de dinheiro?
."
4554491,"Ele é leal, é um bom companheiro."
4554610,Um garoto sonhador.
4556167,De menino tão perfeito.
4556560,Vai o bicho homem fruto da semente (memória).
4556564,"Não tenha medo, meu menino bobo (memória)."
4558771,"E no entretanto, elas não são iguais."
4559287,Mulher presunçosa tu queres que o mundo.
4559374,Ela já está farta de dizer.
4559804,Sou o rei sou coroado.
4560028,Menina segura o vestido.
4560185,"Todos eles são iguais, tristonhos."
4560317,"Marilu é melhor, bem melhor morrer."
4560434,Vovó no seu tempo de moça bonita.
4561853,"Mas o homem criminoso e pecador...
."
4563308,Bô é mãe carinhosa.
4563309,Mãe carinhosa.
4563311,"Mãe carinhosa
."
4563325,"Bô é mãe carinhosa
."
4563370,Mãe velha oih mãe velha.
4566277,"Magia: Por todos os homens cegos pelo ter e contaminados pelo sistema, que em suas fraquezas optaram pela negligência dos valores humanos e literalmente desconhecem os prazeres simples da vida."
4566743,"Mas o sofrimento não existe, ele é uma ilusão, ele é irreal."
4566746,Tais sórdidas condições do homem é um fato porque a maior porcentagem esmagadora da humanidade se esqueceu de quem é.
4566758,Tais sublimes condições de alguns homens é um fato porque a menor porcentagem esmagadora da humanidade sabe sobre quem é.
4566769,"Universal e por consequência não se apegam a nada, pois compreendem que ele mesmo possui maior valor para a."
4566855,"O homem pode ser mau em seus pensamentos e atitudes, mas jamais em sua natureza, pois esta é a boa, forte e perfeita."
4566858,"Sendo assim, mesmo que venha a desejar a culpa e condenação, o homem é incapaz de ser culpado e condenado, pois sua natureza é a."
4566860,"Mesmo que venha a desejar a doença e o sofrimento, o homem é incapaz de adoecer e sofrer, pois sua natureza é a."
4566862,"Mesmo que venha a desejar a morte e encerramento da vida, o homem é incapaz de morrer e encerrar sua vida, pois sua natureza é a."
4567014,O homem cósmico é como a luz na sua solidão mística.
4567285,No colinho da mãe divina.
4567287,Para os homens infelizes.
4567325,Jesus estão contidos.
4567470,"Homem sério, fez tudo correto, houve a passagem em 71
."
4567480,"Me foi entregue esta obra, também pela mãe divina."
4568084,"Daime é centro, trabalho de concentração
."
4568134,"O homem santo, a sua história, contou."
4568138,"O homem santo decepcionado, retrucou."
4568212,O homem é o templo vivo de.
4568316,"Wakan tanka, grabde mistério, senhor divino."
4568350,"Homem branco, ouça os espíritos do céu, da terra e da floresta."
4568366,"Atuação pela não atuação, homem branco, é a maior bem aventurança."
4568474,Salve krisna o menino azul.
4568542,"Precisa amar a vida, ela é tua companheira."
4568592,O homem sensatez.
4568594,O homem insensato.
4568599,O homem espiritual.
4568643,"A mãe divina te conduz
."
4568669,"Que será mãe adotiva, de milhares de vida."
4568681,"Conheci, a mãe divina."
4568682,"Na expressão da madrinha, por ela fui acolhida."
4568696,"Minha esposa querida, você fez a partida."
4568919,"Viu a mulher pálida dizendo estar passando mal
."
4568930,"Deus me deu por ter um marido médico
."
4569283,"Homem velho de igreja, este nunca mentiria?."
4569377,Ser homem pensante ou homem espiritual.
4569390,Todo homem já nasce perfeito e completo.
4569417,"Sem ela é ação de sofrimento e tristeza
."
4569473,ele é um objetivo a se alcançar.
4569564,Ela é forte como um touro e pesada como uma baleia.
4569574,"De corromper, macular e adoecer ela é muito capaz
."
4569595,Assemelha-se a uma princesa cheia de jóias e brilhantes.
4569605,"Assemelha-se a um garoto inocente, inofensivo e jovial."
4569630,Ela é forte como um touro e pesado como uma baleia.
4569664,Que ao sair ela vá sempre melhor.
4569716,"Assemelha-se a um homem forte, ponderado e perfeito."
4569722,Um talentoso homem indisciplinado é um derrotado.
4569738,"Fazer de você um ser agradecido e melhor ela é capaz
."
4569830,Ele é bondoso com os amigos.
4569834,Ele é grande frente aos grandes.
4569856,"Que pertencia a um rei muito esperto
."
4569935,Abraão sempre esteve envolto a riquezas.
4570003,Os conhecimentos do oriente ele concatenou.
4570011,O homem carente e sedento se restabeleceu.
4570027,Trajano foi preso e torturado.
4570063,Primeiro a morrer por sua fé ele foi decapitado.
4570106,Judas era zelote e discípulo amado de.
4570112,Judas foi depositado.
4570126,Judas foi ordenado e cumpriu a encenação!.
4570171,Da parte mais alta de um templo ele foi lançado.
4570183,"E em 24 de agosto ele é homenageado
."
4570197,"Nero ele foi decapitado
."
4570494,Pois o homem espiritual possui a mente de um adulto com a pureza do coração de uma criança.
4571238,"O homem espiritual adota posturas diferentes frente a um amigo e a um inimigo, mas sua forma de agir é sempre a mesma."
4571257,"O homem espiritual busca experiência a verdade enquanto o homem igreja escolhe acreditar sem saber se é verdade
."
4571509,O Mestre afirmava que todo homem é filho de.
4571571,"Jesus na medida do possível visto a ignorância espiritual da humanidade de dois mil anos atrás, ensinou que todo homem é um ser divino e que as coisas que fez todos podem também fazer se crerem no que ele ensina: Em verdade, em verdade vos digo: Aquele que crê em mim, esse também fará as obras que eu faço, e as fará maiores do que estas..."
4571574,Jesus foi realmente polêmico e provocou a discussões mais abrasivas de sua época.
4571613,O Mestre ensinando que todos os homens são iguais e filhos de.
4571649,"Jesus não era judeu, ele era essênio."
4571726,Por isto o homem mente racional.
4572368,Abaixo do céu todo homem é igual.
4572851,"Embora a inteligência do homem seja grande para criar complicações todos os dias, o."
4572890,"Para ser compassivo antes precisa da consciência de cada homem e mulher existente, e por maior que sejam suas diferenças físicas ou ideológicas, nasce na condição de membro efetivo da família humana e todos são iguais."
4573057,O homem mentalmente espiritualizado é falante.
4573086,"O homem atual, na grande maioria, é carente da percepção da."
